split,cell_emb,drug_emb,model,variant,inert_embedding,grouping,metric,value,se,n_seeds_or_folds,n_units,run_dir
loclo_loo,gene_jepa,biomed,lightgbm,full,none,within_drug,MCC,-0.009301482115341519,0.0,3,10.0,results/tahoe/bal15_drugs/loclo_loo__gene_jepa__biomed__lightgbm
loclo_loo,gene_jepa,biomed,lightgbm,full,none,within_drug,AUROC,0.5493294238989722,0.0011996120312761458,3,10.0,results/tahoe/bal15_drugs/loclo_loo__gene_jepa__biomed__lightgbm
loclo_loo,gene_jepa,biomed,lightgbm,full,none,within_cell_line,MCC,0.5602482225664968,0.0,3,38.0,results/tahoe/bal15_drugs/loclo_loo__gene_jepa__biomed__lightgbm
loclo_loo,gene_jepa,biomed,lightgbm,full,none,within_cell_line,AUROC,0.8525125313283208,0.0005482456140351033,3,38.0,results/tahoe/bal15_drugs/loclo_loo__gene_jepa__biomed__lightgbm
loclo_loo,gene_jepa,biomed,lightgbm,full,none,overall,MCC,0.5602482225664966,0.0378656616549904,38,,results/tahoe/bal15_drugs/loclo_loo__gene_jepa__biomed__lightgbm
loclo_loo,gene_jepa,biomed,lightgbm,full,none,overall,AUROC,0.8525125313283209,0.0280601293445269,38,,results/tahoe/bal15_drugs/loclo_loo__gene_jepa__biomed__lightgbm
loclo_loo,gene_jepa,biomed,mlp,full,none,within_drug,MCC,-0.009115867726539483,0.021743672742781866,3,10.0,results/tahoe/bal15_drugs/loclo_loo__gene_jepa__biomed__mlp
loclo_loo,gene_jepa,biomed,mlp,full,none,within_drug,AUROC,0.534263722678848,0.003303371043175721,3,10.0,results/tahoe/bal15_drugs/loclo_loo__gene_jepa__biomed__mlp
loclo_loo,gene_jepa,biomed,mlp,full,none,within_cell_line,MCC,0.5274334104997754,0.010841962745044348,3,38.0,results/tahoe/bal15_drugs/loclo_loo__gene_jepa__biomed__mlp
loclo_loo,gene_jepa,biomed,mlp,full,none,within_cell_line,AUROC,0.8385818713450292,0.000706916640850467,3,38.0,results/tahoe/bal15_drugs/loclo_loo__gene_jepa__biomed__mlp
loclo_loo,gene_jepa,biomed,mlp,full,none,overall,MCC,0.5274334104997753,0.037783235439138,38,,results/tahoe/bal15_drugs/loclo_loo__gene_jepa__biomed__mlp
loclo_loo,gene_jepa,biomed,mlp,full,none,overall,AUROC,0.8385818713450292,0.0262808629614901,38,,results/tahoe/bal15_drugs/loclo_loo__gene_jepa__biomed__mlp
loclo_loo,gene_jepa,biomed,xrfm,full,none,within_drug,MCC,-0.01803186081246124,0.0,3,10.0,results/tahoe/bal15_drugs/loclo_loo__gene_jepa__biomed__xrfm
loclo_loo,gene_jepa,biomed,xrfm,full,none,within_drug,AUROC,0.5140111314497096,0.00383058711733025,3,10.0,results/tahoe/bal15_drugs/loclo_loo__gene_jepa__biomed__xrfm
loclo_loo,gene_jepa,biomed,xrfm,full,none,within_cell_line,MCC,0.5545056465076549,0.0,3,38.0,results/tahoe/bal15_drugs/loclo_loo__gene_jepa__biomed__xrfm
loclo_loo,gene_jepa,biomed,xrfm,full,none,within_cell_line,AUROC,0.8511121553884711,0.00030465885941774137,3,38.0,results/tahoe/bal15_drugs/loclo_loo__gene_jepa__biomed__xrfm
loclo_loo,gene_jepa,biomed,xrfm,full,none,overall,MCC,0.5545056465076548,0.0396604964985973,38,,results/tahoe/bal15_drugs/loclo_loo__gene_jepa__biomed__xrfm
loclo_loo,gene_jepa,biomed,xrfm,full,none,overall,AUROC,0.851112155388471,0.0277832534643145,38,,results/tahoe/bal15_drugs/loclo_loo__gene_jepa__biomed__xrfm
loclo_loo,gene_jepa,chemberta,lightgbm,full,none,within_drug,MCC,-0.009301482115341519,0.0,3,10.0,results/tahoe/bal15_drugs/loclo_loo__gene_jepa__chemberta__lightgbm
loclo_loo,gene_jepa,chemberta,lightgbm,full,none,within_drug,AUROC,0.5484787895099177,0.0006860029752286825,3,10.0,results/tahoe/bal15_drugs/loclo_loo__gene_jepa__chemberta__lightgbm
loclo_loo,gene_jepa,chemberta,lightgbm,full,none,within_cell_line,MCC,0.5602482225664968,0.0,3,38.0,results/tahoe/bal15_drugs/loclo_loo__gene_jepa__chemberta__lightgbm
loclo_loo,gene_jepa,chemberta,lightgbm,full,none,within_cell_line,AUROC,0.8525125313283208,0.0005482456140351033,3,38.0,results/tahoe/bal15_drugs/loclo_loo__gene_jepa__chemberta__lightgbm
loclo_loo,gene_jepa,chemberta,lightgbm,full,none,overall,MCC,0.5602482225664966,0.0378656616549904,38,,results/tahoe/bal15_drugs/loclo_loo__gene_jepa__chemberta__lightgbm
loclo_loo,gene_jepa,chemberta,lightgbm,full,none,overall,AUROC,0.8525125313283207,0.0279879386060676,38,,results/tahoe/bal15_drugs/loclo_loo__gene_jepa__chemberta__lightgbm
loclo_loo,gene_jepa,chemberta,mlp,full,none,within_drug,MCC,-0.017879355081995,0.017555550840472174,3,10.0,results/tahoe/bal15_drugs/loclo_loo__gene_jepa__chemberta__mlp
loclo_loo,gene_jepa,chemberta,mlp,full,none,within_drug,AUROC,0.5327348394888318,0.019911048285081567,3,10.0,results/tahoe/bal15_drugs/loclo_loo__gene_jepa__chemberta__mlp
loclo_loo,gene_jepa,chemberta,mlp,full,none,within_cell_line,MCC,0.5205910789129709,0.016301660168831566,3,38.0,results/tahoe/bal15_drugs/loclo_loo__gene_jepa__chemberta__mlp
loclo_loo,gene_jepa,chemberta,mlp,full,none,within_cell_line,AUROC,0.83869813422445,0.002193788252633177,3,38.0,results/tahoe/bal15_drugs/loclo_loo__gene_jepa__chemberta__mlp
loclo_loo,gene_jepa,chemberta,mlp,full,none,overall,MCC,0.5205910789129709,0.0412033263618545,38,,results/tahoe/bal15_drugs/loclo_loo__gene_jepa__chemberta__mlp
loclo_loo,gene_jepa,chemberta,mlp,full,none,overall,AUROC,0.83869813422445,0.026798265743027,38,,results/tahoe/bal15_drugs/loclo_loo__gene_jepa__chemberta__mlp
loclo_loo,gene_jepa,chemberta,xrfm,full,none,within_drug,MCC,-0.006383823119735096,0.005896161927099314,3,10.0,results/tahoe/bal15_drugs/loclo_loo__gene_jepa__chemberta__xrfm
loclo_loo,gene_jepa,chemberta,xrfm,full,none,within_drug,AUROC,0.5094778649138987,0.0013833884868792038,3,10.0,results/tahoe/bal15_drugs/loclo_loo__gene_jepa__chemberta__xrfm
loclo_loo,gene_jepa,chemberta,xrfm,full,none,within_cell_line,MCC,0.5594972690308978,0.002495811261621461,3,38.0,results/tahoe/bal15_drugs/loclo_loo__gene_jepa__chemberta__xrfm
loclo_loo,gene_jepa,chemberta,xrfm,full,none,within_cell_line,AUROC,0.8448203842940686,0.0007922927582233364,3,38.0,results/tahoe/bal15_drugs/loclo_loo__gene_jepa__chemberta__xrfm
loclo_loo,gene_jepa,chemberta,xrfm,full,none,overall,MCC,0.5594972690308976,0.0389321248565417,38,,results/tahoe/bal15_drugs/loclo_loo__gene_jepa__chemberta__xrfm
loclo_loo,gene_jepa,chemberta,xrfm,full,none,overall,AUROC,0.8448203842940686,0.0278305176545582,38,,results/tahoe/bal15_drugs/loclo_loo__gene_jepa__chemberta__xrfm
loclo_loo,gene_jepa,maccs,lightgbm,full,none,within_drug,MCC,-0.009301482115341519,0.0,3,10.0,results/tahoe/bal15_drugs/loclo_loo__gene_jepa__maccs__lightgbm
loclo_loo,gene_jepa,maccs,lightgbm,full,none,within_drug,AUROC,0.550458454497952,0.002192561460660074,3,10.0,results/tahoe/bal15_drugs/loclo_loo__gene_jepa__maccs__lightgbm
loclo_loo,gene_jepa,maccs,lightgbm,full,none,within_cell_line,MCC,0.5602482225664968,0.0,3,38.0,results/tahoe/bal15_drugs/loclo_loo__gene_jepa__maccs__lightgbm
loclo_loo,gene_jepa,maccs,lightgbm,full,none,within_cell_line,AUROC,0.8523151629072682,0.0010852493887419593,3,38.0,results/tahoe/bal15_drugs/loclo_loo__gene_jepa__maccs__lightgbm
loclo_loo,gene_jepa,maccs,lightgbm,full,none,overall,MCC,0.5602482225664966,0.0378656616549904,38,,results/tahoe/bal15_drugs/loclo_loo__gene_jepa__maccs__lightgbm
loclo_loo,gene_jepa,maccs,lightgbm,full,none,overall,AUROC,0.8523151629072683,0.0277853287829344,38,,results/tahoe/bal15_drugs/loclo_loo__gene_jepa__maccs__lightgbm
loclo_loo,gene_jepa,maccs,mlp,full,none,within_drug,MCC,0.005121622107222057,0.026917133230690605,3,10.0,results/tahoe/bal15_drugs/loclo_loo__gene_jepa__maccs__mlp
loclo_loo,gene_jepa,maccs,mlp,full,none,within_drug,AUROC,0.49367607341942293,0.020052587352839484,3,10.0,results/tahoe/bal15_drugs/loclo_loo__gene_jepa__maccs__mlp
loclo_loo,gene_jepa,maccs,mlp,full,none,within_cell_line,MCC,0.5282222748811213,0.0017721432150219092,3,38.0,results/tahoe/bal15_drugs/loclo_loo__gene_jepa__maccs__mlp
loclo_loo,gene_jepa,maccs,mlp,full,none,within_cell_line,AUROC,0.8435888331940964,0.003395463585240876,3,38.0,results/tahoe/bal15_drugs/loclo_loo__gene_jepa__maccs__mlp
loclo_loo,gene_jepa,maccs,mlp,full,none,overall,MCC,0.5282222748811212,0.0419823675648726,38,,results/tahoe/bal15_drugs/loclo_loo__gene_jepa__maccs__mlp
loclo_loo,gene_jepa,maccs,mlp,full,none,overall,AUROC,0.8435888331940962,0.024582451547872,38,,results/tahoe/bal15_drugs/loclo_loo__gene_jepa__maccs__mlp
loclo_loo,gene_jepa,maccs,xrfm,full,none,within_drug,MCC,-0.01320444265821239,0.0025622805242730205,3,10.0,results/tahoe/bal15_drugs/loclo_loo__gene_jepa__maccs__xrfm
loclo_loo,gene_jepa,maccs,xrfm,full,none,within_drug,AUROC,0.5051079779034945,0.0024141081730998377,3,10.0,results/tahoe/bal15_drugs/loclo_loo__gene_jepa__maccs__xrfm
loclo_loo,gene_jepa,maccs,xrfm,full,none,within_cell_line,MCC,0.5581585777751874,0.0018327750728474575,3,38.0,results/tahoe/bal15_drugs/loclo_loo__gene_jepa__maccs__xrfm
loclo_loo,gene_jepa,maccs,xrfm,full,none,within_cell_line,AUROC,0.8448527568922306,0.0016946144189933952,3,38.0,results/tahoe/bal15_drugs/loclo_loo__gene_jepa__maccs__xrfm
loclo_loo,gene_jepa,maccs,xrfm,full,none,overall,MCC,0.5581585777751874,0.0393106660453479,38,,results/tahoe/bal15_drugs/loclo_loo__gene_jepa__maccs__xrfm
loclo_loo,gene_jepa,maccs,xrfm,full,none,overall,AUROC,0.8448527568922305,0.0282335921826674,38,,results/tahoe/bal15_drugs/loclo_loo__gene_jepa__maccs__xrfm
loclo_loo,gene_jepa,materials,lightgbm,full,none,within_drug,MCC,-0.009301482115341519,0.0,3,10.0,results/tahoe/bal15_drugs/loclo_loo__gene_jepa__materials__lightgbm
loclo_loo,gene_jepa,materials,lightgbm,full,none,within_drug,AUROC,0.5491840837205683,0.00018437007318773972,3,10.0,results/tahoe/bal15_drugs/loclo_loo__gene_jepa__materials__lightgbm
loclo_loo,gene_jepa,materials,lightgbm,full,none,within_cell_line,MCC,0.5602482225664968,0.0,3,38.0,results/tahoe/bal15_drugs/loclo_loo__gene_jepa__materials__lightgbm
loclo_loo,gene_jepa,materials,lightgbm,full,none,within_cell_line,AUROC,0.8530607769423559,0.0,3,38.0,results/tahoe/bal15_drugs/loclo_loo__gene_jepa__materials__lightgbm
loclo_loo,gene_jepa,materials,lightgbm,full,none,overall,MCC,0.5602482225664966,0.0378656616549904,38,,results/tahoe/bal15_drugs/loclo_loo__gene_jepa__materials__lightgbm
loclo_loo,gene_jepa,materials,lightgbm,full,none,overall,AUROC,0.853060776942356,0.0280602684067603,38,,results/tahoe/bal15_drugs/loclo_loo__gene_jepa__materials__lightgbm
loclo_loo,gene_jepa,materials,mlp,full,none,within_drug,MCC,0.001239506081822099,0.017015336448717257,3,10.0,results/tahoe/bal15_drugs/loclo_loo__gene_jepa__materials__mlp
loclo_loo,gene_jepa,materials,mlp,full,none,within_drug,AUROC,0.5178915202622226,0.0008982032417922109,3,10.0,results/tahoe/bal15_drugs/loclo_loo__gene_jepa__materials__mlp
loclo_loo,gene_jepa,materials,mlp,full,none,within_cell_line,MCC,0.5240398083253353,0.00913937849677757,3,38.0,results/tahoe/bal15_drugs/loclo_loo__gene_jepa__materials__mlp
loclo_loo,gene_jepa,materials,mlp,full,none,within_cell_line,AUROC,0.8405886243386244,0.0030554266142826746,3,38.0,results/tahoe/bal15_drugs/loclo_loo__gene_jepa__materials__mlp
loclo_loo,gene_jepa,materials,mlp,full,none,overall,MCC,0.5240398083253351,0.0425440667895579,38,,results/tahoe/bal15_drugs/loclo_loo__gene_jepa__materials__mlp
loclo_loo,gene_jepa,materials,mlp,full,none,overall,AUROC,0.8405886243386245,0.0260526092488667,38,,results/tahoe/bal15_drugs/loclo_loo__gene_jepa__materials__mlp
loclo_loo,gene_jepa,materials,xrfm,full,none,within_drug,MCC,-0.010218406963486318,0.007813453848974923,3,10.0,results/tahoe/bal15_drugs/loclo_loo__gene_jepa__materials__xrfm
loclo_loo,gene_jepa,materials,xrfm,full,none,within_drug,AUROC,0.5102552886890757,0.005838018627450462,3,10.0,results/tahoe/bal15_drugs/loclo_loo__gene_jepa__materials__xrfm
loclo_loo,gene_jepa,materials,xrfm,full,none,within_cell_line,MCC,0.5545056465076549,0.0,3,38.0,results/tahoe/bal15_drugs/loclo_loo__gene_jepa__materials__xrfm
loclo_loo,gene_jepa,materials,xrfm,full,none,within_cell_line,AUROC,0.8487538290169869,0.002471742401902122,3,38.0,results/tahoe/bal15_drugs/loclo_loo__gene_jepa__materials__xrfm
loclo_loo,gene_jepa,materials,xrfm,full,none,overall,MCC,0.5545056465076548,0.0396604964985973,38,,results/tahoe/bal15_drugs/loclo_loo__gene_jepa__materials__xrfm
loclo_loo,gene_jepa,materials,xrfm,full,none,overall,AUROC,0.848753829016987,0.0276066111976069,38,,results/tahoe/bal15_drugs/loclo_loo__gene_jepa__materials__xrfm
loclo_loo,gene_jepa,molformer,lightgbm,full,none,within_drug,MCC,-0.009301482115341519,0.0,3,10.0,results/tahoe/bal15_drugs/loclo_loo__gene_jepa__molformer__lightgbm
loclo_loo,gene_jepa,molformer,lightgbm,full,none,within_drug,AUROC,0.5499000503221437,0.0009581339124799597,3,10.0,results/tahoe/bal15_drugs/loclo_loo__gene_jepa__molformer__lightgbm
loclo_loo,gene_jepa,molformer,lightgbm,full,none,within_cell_line,MCC,0.5602482225664968,0.0,3,38.0,results/tahoe/bal15_drugs/loclo_loo__gene_jepa__molformer__lightgbm
loclo_loo,gene_jepa,molformer,lightgbm,full,none,within_cell_line,AUROC,0.8537625313283209,0.000350877192982435,3,38.0,results/tahoe/bal15_drugs/loclo_loo__gene_jepa__molformer__lightgbm
loclo_loo,gene_jepa,molformer,lightgbm,full,none,overall,MCC,0.5602482225664966,0.0378656616549904,38,,results/tahoe/bal15_drugs/loclo_loo__gene_jepa__molformer__lightgbm
loclo_loo,gene_jepa,molformer,lightgbm,full,none,overall,AUROC,0.8537625313283207,0.0281142367085301,38,,results/tahoe/bal15_drugs/loclo_loo__gene_jepa__molformer__lightgbm
loclo_loo,gene_jepa,molformer,mlp,full,none,within_drug,MCC,0.011076013875983849,0.009415128108504587,3,10.0,results/tahoe/bal15_drugs/loclo_loo__gene_jepa__molformer__mlp
loclo_loo,gene_jepa,molformer,mlp,full,none,within_drug,AUROC,0.518552320396067,0.009569730054010187,3,10.0,results/tahoe/bal15_drugs/loclo_loo__gene_jepa__molformer__mlp
loclo_loo,gene_jepa,molformer,mlp,full,none,within_cell_line,MCC,0.5446211845631913,0.00352159661336697,3,38.0,results/tahoe/bal15_drugs/loclo_loo__gene_jepa__molformer__mlp
loclo_loo,gene_jepa,molformer,mlp,full,none,within_cell_line,AUROC,0.8351183514341409,0.006438145135549968,3,38.0,results/tahoe/bal15_drugs/loclo_loo__gene_jepa__molformer__mlp
loclo_loo,gene_jepa,molformer,mlp,full,none,overall,MCC,0.5446211845631912,0.0412951649362142,38,,results/tahoe/bal15_drugs/loclo_loo__gene_jepa__molformer__mlp
loclo_loo,gene_jepa,molformer,mlp,full,none,overall,AUROC,0.8351183514341409,0.027138514341382,38,,results/tahoe/bal15_drugs/loclo_loo__gene_jepa__molformer__mlp
loclo_loo,gene_jepa,molformer,xrfm,full,none,within_drug,MCC,-0.01803186081246124,0.0,3,10.0,results/tahoe/bal15_drugs/loclo_loo__gene_jepa__molformer__xrfm
loclo_loo,gene_jepa,molformer,xrfm,full,none,within_drug,AUROC,0.5098216049082368,0.0019479986217808619,3,10.0,results/tahoe/bal15_drugs/loclo_loo__gene_jepa__molformer__xrfm
loclo_loo,gene_jepa,molformer,xrfm,full,none,within_cell_line,MCC,0.5545056465076549,0.0,3,38.0,results/tahoe/bal15_drugs/loclo_loo__gene_jepa__molformer__xrfm
loclo_loo,gene_jepa,molformer,xrfm,full,none,within_cell_line,AUROC,0.8475647451963241,0.0017762108061076,3,38.0,results/tahoe/bal15_drugs/loclo_loo__gene_jepa__molformer__xrfm
loclo_loo,gene_jepa,molformer,xrfm,full,none,overall,MCC,0.5545056465076548,0.0396604964985973,38,,results/tahoe/bal15_drugs/loclo_loo__gene_jepa__molformer__xrfm
loclo_loo,gene_jepa,molformer,xrfm,full,none,overall,AUROC,0.8475647451963241,0.0278855368164223,38,,results/tahoe/bal15_drugs/loclo_loo__gene_jepa__molformer__xrfm
loclo_loo,gene_jepa,morgan,lightgbm,full,none,within_drug,MCC,-0.019458972119008922,0.0,3,10.0,results/tahoe/bal15_drugs/loclo_loo__gene_jepa__morgan__lightgbm
loclo_loo,gene_jepa,morgan,lightgbm,full,none,within_drug,AUROC,0.5570410075178683,0.00029253655683576243,3,10.0,results/tahoe/bal15_drugs/loclo_loo__gene_jepa__morgan__lightgbm
loclo_loo,gene_jepa,morgan,lightgbm,full,none,within_cell_line,MCC,0.5563763790130942,0.0,3,38.0,results/tahoe/bal15_drugs/loclo_loo__gene_jepa__morgan__lightgbm
loclo_loo,gene_jepa,morgan,lightgbm,full,none,within_cell_line,AUROC,0.853016917293233,0.0005482456140351034,3,38.0,results/tahoe/bal15_drugs/loclo_loo__gene_jepa__morgan__lightgbm
loclo_loo,gene_jepa,morgan,lightgbm,full,none,overall,MCC,0.556376379013094,0.0373931654132119,38,,results/tahoe/bal15_drugs/loclo_loo__gene_jepa__morgan__lightgbm
loclo_loo,gene_jepa,morgan,lightgbm,full,none,overall,AUROC,0.8530169172932331,0.0280151940189547,38,,results/tahoe/bal15_drugs/loclo_loo__gene_jepa__morgan__lightgbm
loclo_loo,gene_jepa,morgan,mlp,full,none,within_drug,MCC,0.0025758299555770237,0.0055952298173946305,3,10.0,results/tahoe/bal15_drugs/loclo_loo__gene_jepa__morgan__mlp
loclo_loo,gene_jepa,morgan,mlp,full,none,within_drug,AUROC,0.5202942345585643,0.01722041281432631,3,10.0,results/tahoe/bal15_drugs/loclo_loo__gene_jepa__morgan__mlp
loclo_loo,gene_jepa,morgan,mlp,full,none,within_cell_line,MCC,0.5376444343343874,0.0024505672617914183,3,38.0,results/tahoe/bal15_drugs/loclo_loo__gene_jepa__morgan__mlp
loclo_loo,gene_jepa,morgan,mlp,full,none,within_cell_line,AUROC,0.8348604149262044,0.00619118414741773,3,38.0,results/tahoe/bal15_drugs/loclo_loo__gene_jepa__morgan__mlp
loclo_loo,gene_jepa,morgan,mlp,full,none,overall,MCC,0.5376444343343871,0.0403957439021927,38,,results/tahoe/bal15_drugs/loclo_loo__gene_jepa__morgan__mlp
loclo_loo,gene_jepa,morgan,mlp,full,none,overall,AUROC,0.8348604149262046,0.0270176873225943,38,,results/tahoe/bal15_drugs/loclo_loo__gene_jepa__morgan__mlp
loclo_loo,gene_jepa,morgan,xrfm,full,none,within_drug,MCC,-0.009301482115341519,0.0,3,10.0,results/tahoe/bal15_drugs/loclo_loo__gene_jepa__morgan__xrfm
loclo_loo,gene_jepa,morgan,xrfm,full,none,within_drug,AUROC,0.512206844888956,0.003984387163181156,3,10.0,results/tahoe/bal15_drugs/loclo_loo__gene_jepa__morgan__xrfm
loclo_loo,gene_jepa,morgan,xrfm,full,none,within_cell_line,MCC,0.5602482225664968,0.0,3,38.0,results/tahoe/bal15_drugs/loclo_loo__gene_jepa__morgan__xrfm
loclo_loo,gene_jepa,morgan,xrfm,full,none,within_cell_line,AUROC,0.8466391673628516,0.0024045055843256555,3,38.0,results/tahoe/bal15_drugs/loclo_loo__gene_jepa__morgan__xrfm
loclo_loo,gene_jepa,morgan,xrfm,full,none,overall,MCC,0.5602482225664966,0.0378656616549904,38,,results/tahoe/bal15_drugs/loclo_loo__gene_jepa__morgan__xrfm
loclo_loo,gene_jepa,morgan,xrfm,full,none,overall,AUROC,0.8466391673628514,0.028274151593714,38,,results/tahoe/bal15_drugs/loclo_loo__gene_jepa__morgan__xrfm
loclo_loo,gformer_cancer,biomed,lightgbm,full,none,within_drug,MCC,-0.0399298260795792,0.0039971171744994675,3,10.0,results/tahoe/bal15_drugs/loclo_loo__gformer_cancer__biomed__lightgbm
loclo_loo,gformer_cancer,biomed,lightgbm,full,none,within_drug,AUROC,0.4940461916204743,0.0009423100093031581,3,10.0,results/tahoe/bal15_drugs/loclo_loo__gformer_cancer__biomed__lightgbm
loclo_loo,gformer_cancer,biomed,lightgbm,full,none,within_cell_line,MCC,0.5194958281286921,0.006418738515455648,3,38.0,results/tahoe/bal15_drugs/loclo_loo__gformer_cancer__biomed__lightgbm
loclo_loo,gformer_cancer,biomed,lightgbm,full,none,within_cell_line,AUROC,0.8397451963241438,0.0016341286884186518,3,38.0,results/tahoe/bal15_drugs/loclo_loo__gformer_cancer__biomed__lightgbm
loclo_loo,gformer_cancer,biomed,lightgbm,full,none,overall,MCC,0.5194958281286919,0.043951917308844,38,,results/tahoe/bal15_drugs/loclo_loo__gformer_cancer__biomed__lightgbm
loclo_loo,gformer_cancer,biomed,lightgbm,full,none,overall,AUROC,0.8397451963241437,0.0284071213462978,38,,results/tahoe/bal15_drugs/loclo_loo__gformer_cancer__biomed__lightgbm
loclo_loo,gformer_cancer,biomed,mlp,full,none,within_drug,MCC,0.05189529180342121,0.03129079410922898,3,10.0,results/tahoe/bal15_drugs/loclo_loo__gformer_cancer__biomed__mlp
loclo_loo,gformer_cancer,biomed,mlp,full,none,within_drug,AUROC,0.4997502001694003,0.021850423668218582,3,10.0,results/tahoe/bal15_drugs/loclo_loo__gformer_cancer__biomed__mlp
loclo_loo,gformer_cancer,biomed,mlp,full,none,within_cell_line,MCC,0.531427845871138,0.01144583940099011,3,38.0,results/tahoe/bal15_drugs/loclo_loo__gformer_cancer__biomed__mlp
loclo_loo,gformer_cancer,biomed,mlp,full,none,within_cell_line,AUROC,0.8488352826510721,0.001202876725213849,3,38.0,results/tahoe/bal15_drugs/loclo_loo__gformer_cancer__biomed__mlp
loclo_loo,gformer_cancer,biomed,mlp,full,none,overall,MCC,0.5314278458711379,0.045430839270032,38,,results/tahoe/bal15_drugs/loclo_loo__gformer_cancer__biomed__mlp
loclo_loo,gformer_cancer,biomed,mlp,full,none,overall,AUROC,0.848835282651072,0.0239087866227304,38,,results/tahoe/bal15_drugs/loclo_loo__gformer_cancer__biomed__mlp
loclo_loo,gformer_cancer,biomed,xrfm,full,none,within_drug,MCC,-0.041406750445040615,0.0133371349821465,3,10.0,results/tahoe/bal15_drugs/loclo_loo__gformer_cancer__biomed__xrfm
loclo_loo,gformer_cancer,biomed,xrfm,full,none,within_drug,AUROC,0.4999568951837073,0.005538255319857107,3,10.0,results/tahoe/bal15_drugs/loclo_loo__gformer_cancer__biomed__xrfm
loclo_loo,gformer_cancer,biomed,xrfm,full,none,within_cell_line,MCC,0.5236191627196535,0.008561329946100694,3,38.0,results/tahoe/bal15_drugs/loclo_loo__gformer_cancer__biomed__xrfm
loclo_loo,gformer_cancer,biomed,xrfm,full,none,within_cell_line,AUROC,0.8347779170147591,0.001719019716671575,3,38.0,results/tahoe/bal15_drugs/loclo_loo__gformer_cancer__biomed__xrfm
loclo_loo,gformer_cancer,biomed,xrfm,full,none,overall,MCC,0.5236191627196533,0.0445006616450675,38,,results/tahoe/bal15_drugs/loclo_loo__gformer_cancer__biomed__xrfm
loclo_loo,gformer_cancer,biomed,xrfm,full,none,overall,AUROC,0.8347779170147591,0.0291756980005173,38,,results/tahoe/bal15_drugs/loclo_loo__gformer_cancer__biomed__xrfm
loclo_loo,gformer_cancer,chemberta,lightgbm,full,none,within_drug,MCC,-0.034637059044023734,0.003957555245678233,3,10.0,results/tahoe/bal15_drugs/loclo_loo__gformer_cancer__chemberta__lightgbm
loclo_loo,gformer_cancer,chemberta,lightgbm,full,none,within_drug,AUROC,0.49868264497222253,0.00084457056251235,3,10.0,results/tahoe/bal15_drugs/loclo_loo__gformer_cancer__chemberta__lightgbm
loclo_loo,gformer_cancer,chemberta,lightgbm,full,none,within_cell_line,MCC,0.5182263704374127,0.006996460911615068,3,38.0,results/tahoe/bal15_drugs/loclo_loo__gformer_cancer__chemberta__lightgbm
loclo_loo,gformer_cancer,chemberta,lightgbm,full,none,within_cell_line,AUROC,0.8426604706209969,0.00017248639651953318,3,38.0,results/tahoe/bal15_drugs/loclo_loo__gformer_cancer__chemberta__lightgbm
loclo_loo,gformer_cancer,chemberta,lightgbm,full,none,overall,MCC,0.5182263704374126,0.045200113745404,38,,results/tahoe/bal15_drugs/loclo_loo__gformer_cancer__chemberta__lightgbm
loclo_loo,gformer_cancer,chemberta,lightgbm,full,none,overall,AUROC,0.8426604706209969,0.0285989518457567,38,,results/tahoe/bal15_drugs/loclo_loo__gformer_cancer__chemberta__lightgbm
loclo_loo,gformer_cancer,chemberta,mlp,full,none,within_drug,MCC,0.0229672221115217,0.015867659069810035,3,10.0,results/tahoe/bal15_drugs/loclo_loo__gformer_cancer__chemberta__mlp
loclo_loo,gformer_cancer,chemberta,mlp,full,none,within_drug,AUROC,0.48156467502155786,0.012661035376811756,3,10.0,results/tahoe/bal15_drugs/loclo_loo__gformer_cancer__chemberta__mlp
loclo_loo,gformer_cancer,chemberta,mlp,full,none,within_cell_line,MCC,0.5417782143768548,0.008040168094894466,3,38.0,results/tahoe/bal15_drugs/loclo_loo__gformer_cancer__chemberta__mlp
loclo_loo,gformer_cancer,chemberta,mlp,full,none,within_cell_line,AUROC,0.8406171679197995,0.0005524783233471319,3,38.0,results/tahoe/bal15_drugs/loclo_loo__gformer_cancer__chemberta__mlp
loclo_loo,gformer_cancer,chemberta,mlp,full,none,overall,MCC,0.5417782143768547,0.0420779829843017,38,,results/tahoe/bal15_drugs/loclo_loo__gformer_cancer__chemberta__mlp
loclo_loo,gformer_cancer,chemberta,mlp,full,none,overall,AUROC,0.8406171679197995,0.0242233106877357,38,,results/tahoe/bal15_drugs/loclo_loo__gformer_cancer__chemberta__mlp
loclo_loo,gformer_cancer,chemberta,xrfm,full,none,within_drug,MCC,-0.048389371323839366,0.02004429657934651,3,10.0,results/tahoe/bal15_drugs/loclo_loo__gformer_cancer__chemberta__xrfm
loclo_loo,gformer_cancer,chemberta,xrfm,full,none,within_drug,AUROC,0.4901700893104586,0.010743598720677998,3,10.0,results/tahoe/bal15_drugs/loclo_loo__gformer_cancer__chemberta__xrfm
loclo_loo,gformer_cancer,chemberta,xrfm,full,none,within_cell_line,MCC,0.5010665931877784,0.010918520752085513,3,38.0,results/tahoe/bal15_drugs/loclo_loo__gformer_cancer__chemberta__xrfm
loclo_loo,gformer_cancer,chemberta,xrfm,full,none,within_cell_line,AUROC,0.8411546226677805,0.00400099755404444,3,38.0,results/tahoe/bal15_drugs/loclo_loo__gformer_cancer__chemberta__xrfm
loclo_loo,gformer_cancer,chemberta,xrfm,full,none,overall,MCC,0.5010665931877781,0.0476674432259892,38,,results/tahoe/bal15_drugs/loclo_loo__gformer_cancer__chemberta__xrfm
loclo_loo,gformer_cancer,chemberta,xrfm,full,none,overall,AUROC,0.8411546226677805,0.0286514340278923,38,,results/tahoe/bal15_drugs/loclo_loo__gformer_cancer__chemberta__xrfm
loclo_loo,gformer_cancer,maccs,lightgbm,full,none,within_drug,MCC,-0.03974873668925245,0.0015296688337798445,3,10.0,results/tahoe/bal15_drugs/loclo_loo__gformer_cancer__maccs__lightgbm
loclo_loo,gformer_cancer,maccs,lightgbm,full,none,within_drug,AUROC,0.4960931999394811,0.0009881609548906916,3,10.0,results/tahoe/bal15_drugs/loclo_loo__gformer_cancer__maccs__lightgbm
loclo_loo,gformer_cancer,maccs,lightgbm,full,none,within_cell_line,MCC,0.5220851961577098,0.005278405703079284,3,38.0,results/tahoe/bal15_drugs/loclo_loo__gformer_cancer__maccs__lightgbm
loclo_loo,gformer_cancer,maccs,lightgbm,full,none,within_cell_line,AUROC,0.8379413812308548,0.0003617590072749568,3,38.0,results/tahoe/bal15_drugs/loclo_loo__gformer_cancer__maccs__lightgbm
loclo_loo,gformer_cancer,maccs,lightgbm,full,none,overall,MCC,0.5220851961577097,0.0447826627511903,38,,results/tahoe/bal15_drugs/loclo_loo__gformer_cancer__maccs__lightgbm
loclo_loo,gformer_cancer,maccs,lightgbm,full,none,overall,AUROC,0.8379413812308549,0.0288994130012772,38,,results/tahoe/bal15_drugs/loclo_loo__gformer_cancer__maccs__lightgbm
loclo_loo,gformer_cancer,maccs,mlp,full,none,within_drug,MCC,-0.009027304627212247,0.03111511674211767,3,10.0,results/tahoe/bal15_drugs/loclo_loo__gformer_cancer__maccs__mlp
loclo_loo,gformer_cancer,maccs,mlp,full,none,within_drug,AUROC,0.4652586242433692,0.02143744133094457,3,10.0,results/tahoe/bal15_drugs/loclo_loo__gformer_cancer__maccs__mlp
loclo_loo,gformer_cancer,maccs,mlp,full,none,within_cell_line,MCC,0.5228538406721022,0.012536621300945284,3,38.0,results/tahoe/bal15_drugs/loclo_loo__gformer_cancer__maccs__mlp
loclo_loo,gformer_cancer,maccs,mlp,full,none,within_cell_line,AUROC,0.8413683514341409,0.00202041001312583,3,38.0,results/tahoe/bal15_drugs/loclo_loo__gformer_cancer__maccs__mlp
loclo_loo,gformer_cancer,maccs,mlp,full,none,overall,MCC,0.522853840672102,0.043036027132739,38,,results/tahoe/bal15_drugs/loclo_loo__gformer_cancer__maccs__mlp
loclo_loo,gformer_cancer,maccs,mlp,full,none,overall,AUROC,0.8413683514341411,0.0261171943315741,38,,results/tahoe/bal15_drugs/loclo_loo__gformer_cancer__maccs__mlp
loclo_loo,gformer_cancer,maccs,xrfm,full,none,within_drug,MCC,-0.06292406477227912,0.010728905121255633,3,10.0,results/tahoe/bal15_drugs/loclo_loo__gformer_cancer__maccs__xrfm
loclo_loo,gformer_cancer,maccs,xrfm,full,none,within_drug,AUROC,0.4681031280023576,0.00436524992287005,3,10.0,results/tahoe/bal15_drugs/loclo_loo__gformer_cancer__maccs__xrfm
loclo_loo,gformer_cancer,maccs,xrfm,full,none,within_cell_line,MCC,0.49847236959909,0.006592127572184866,3,38.0,results/tahoe/bal15_drugs/loclo_loo__gformer_cancer__maccs__xrfm
loclo_loo,gformer_cancer,maccs,xrfm,full,none,within_cell_line,AUROC,0.8333082706766918,0.002724455990390752,3,38.0,results/tahoe/bal15_drugs/loclo_loo__gformer_cancer__maccs__xrfm
loclo_loo,gformer_cancer,maccs,xrfm,full,none,overall,MCC,0.4984723695990898,0.0490895380359331,38,,results/tahoe/bal15_drugs/loclo_loo__gformer_cancer__maccs__xrfm
loclo_loo,gformer_cancer,maccs,xrfm,full,none,overall,AUROC,0.8333082706766917,0.0308742067391121,38,,results/tahoe/bal15_drugs/loclo_loo__gformer_cancer__maccs__xrfm
loclo_loo,gformer_cancer,materials,lightgbm,full,none,within_drug,MCC,-0.03688393863503782,0.00047825272835014954,3,10.0,results/tahoe/bal15_drugs/loclo_loo__gformer_cancer__materials__lightgbm
loclo_loo,gformer_cancer,materials,lightgbm,full,none,within_drug,AUROC,0.49751648185596825,0.0007616837731697335,3,10.0,results/tahoe/bal15_drugs/loclo_loo__gformer_cancer__materials__lightgbm
loclo_loo,gformer_cancer,materials,lightgbm,full,none,within_cell_line,MCC,0.5105564070636347,0.0008853226908197935,3,38.0,results/tahoe/bal15_drugs/loclo_loo__gformer_cancer__materials__lightgbm
loclo_loo,gformer_cancer,materials,lightgbm,full,none,within_cell_line,AUROC,0.841389933166249,0.0006855114167869438,3,38.0,results/tahoe/bal15_drugs/loclo_loo__gformer_cancer__materials__lightgbm
loclo_loo,gformer_cancer,materials,lightgbm,full,none,overall,MCC,0.5105564070636346,0.0469104787344836,38,,results/tahoe/bal15_drugs/loclo_loo__gformer_cancer__materials__lightgbm
loclo_loo,gformer_cancer,materials,lightgbm,full,none,overall,AUROC,0.841389933166249,0.0286316373987102,38,,results/tahoe/bal15_drugs/loclo_loo__gformer_cancer__materials__lightgbm
loclo_loo,gformer_cancer,materials,mlp,full,none,within_drug,MCC,-0.004680877354359541,0.012870129267280114,3,10.0,results/tahoe/bal15_drugs/loclo_loo__gformer_cancer__materials__mlp
loclo_loo,gformer_cancer,materials,mlp,full,none,within_drug,AUROC,0.46656995866526013,0.019942192891407945,3,10.0,results/tahoe/bal15_drugs/loclo_loo__gformer_cancer__materials__mlp
loclo_loo,gformer_cancer,materials,mlp,full,none,within_cell_line,MCC,0.5201664969488305,0.012871553526809115,3,38.0,results/tahoe/bal15_drugs/loclo_loo__gformer_cancer__materials__mlp
loclo_loo,gformer_cancer,materials,mlp,full,none,within_cell_line,AUROC,0.8370547897521581,0.006436887142950406,3,38.0,results/tahoe/bal15_drugs/loclo_loo__gformer_cancer__materials__mlp
loclo_loo,gformer_cancer,materials,mlp,full,none,overall,MCC,0.5201664969488304,0.0429820543894044,38,,results/tahoe/bal15_drugs/loclo_loo__gformer_cancer__materials__mlp
loclo_loo,gformer_cancer,materials,mlp,full,none,overall,AUROC,0.8370547897521583,0.026064820164626,38,,results/tahoe/bal15_drugs/loclo_loo__gformer_cancer__materials__mlp
loclo_loo,gformer_cancer,materials,xrfm,full,none,within_drug,MCC,-0.0372953421399856,0.008400544159737917,3,10.0,results/tahoe/bal15_drugs/loclo_loo__gformer_cancer__materials__xrfm
loclo_loo,gformer_cancer,materials,xrfm,full,none,within_drug,AUROC,0.5004867827017186,0.005288633924029329,3,10.0,results/tahoe/bal15_drugs/loclo_loo__gformer_cancer__materials__xrfm
loclo_loo,gformer_cancer,materials,xrfm,full,none,within_cell_line,MCC,0.504407904038901,0.007389179327255069,3,38.0,results/tahoe/bal15_drugs/loclo_loo__gformer_cancer__materials__xrfm
loclo_loo,gformer_cancer,materials,xrfm,full,none,within_cell_line,AUROC,0.8441189780005569,0.002145498636867153,3,38.0,results/tahoe/bal15_drugs/loclo_loo__gformer_cancer__materials__xrfm
loclo_loo,gformer_cancer,materials,xrfm,full,none,overall,MCC,0.5044079040389008,0.0489124589589595,38,,results/tahoe/bal15_drugs/loclo_loo__gformer_cancer__materials__xrfm
loclo_loo,gformer_cancer,materials,xrfm,full,none,overall,AUROC,0.844118978000557,0.0290790043374942,38,,results/tahoe/bal15_drugs/loclo_loo__gformer_cancer__materials__xrfm
loclo_loo,gformer_cancer,molformer,lightgbm,full,none,within_drug,MCC,-0.038873675212803264,0.001848842163388334,3,10.0,results/tahoe/bal15_drugs/loclo_loo__gformer_cancer__molformer__lightgbm
loclo_loo,gformer_cancer,molformer,lightgbm,full,none,within_drug,AUROC,0.5006198851063925,0.004052412504772031,3,10.0,results/tahoe/bal15_drugs/loclo_loo__gformer_cancer__molformer__lightgbm
loclo_loo,gformer_cancer,molformer,lightgbm,full,none,within_cell_line,MCC,0.5042253916346743,0.005938060374687002,3,38.0,results/tahoe/bal15_drugs/loclo_loo__gformer_cancer__molformer__lightgbm
loclo_loo,gformer_cancer,molformer,lightgbm,full,none,within_cell_line,AUROC,0.8422340573656363,0.0018169547143803122,3,38.0,results/tahoe/bal15_drugs/loclo_loo__gformer_cancer__molformer__lightgbm
loclo_loo,gformer_cancer,molformer,lightgbm,full,none,overall,MCC,0.5042253916346741,0.0451581070528386,38,,results/tahoe/bal15_drugs/loclo_loo__gformer_cancer__molformer__lightgbm
loclo_loo,gformer_cancer,molformer,lightgbm,full,none,overall,AUROC,0.8422340573656363,0.0285432032468229,38,,results/tahoe/bal15_drugs/loclo_loo__gformer_cancer__molformer__lightgbm
loclo_loo,gformer_cancer,molformer,mlp,full,none,within_drug,MCC,-0.0028444247512657513,0.02283831630753482,3,10.0,results/tahoe/bal15_drugs/loclo_loo__gformer_cancer__molformer__mlp
loclo_loo,gformer_cancer,molformer,mlp,full,none,within_drug,AUROC,0.4662838024020411,0.018488657623592735,3,10.0,results/tahoe/bal15_drugs/loclo_loo__gformer_cancer__molformer__mlp
loclo_loo,gformer_cancer,molformer,mlp,full,none,within_cell_line,MCC,0.5094953889012479,0.006297355765854566,3,38.0,results/tahoe/bal15_drugs/loclo_loo__gformer_cancer__molformer__mlp
loclo_loo,gformer_cancer,molformer,mlp,full,none,within_cell_line,AUROC,0.8345405179615707,0.0045230870457108755,3,38.0,results/tahoe/bal15_drugs/loclo_loo__gformer_cancer__molformer__mlp
loclo_loo,gformer_cancer,molformer,mlp,full,none,overall,MCC,0.5094953889012478,0.0426895101433722,38,,results/tahoe/bal15_drugs/loclo_loo__gformer_cancer__molformer__mlp
loclo_loo,gformer_cancer,molformer,mlp,full,none,overall,AUROC,0.8345405179615707,0.0252598963992863,38,,results/tahoe/bal15_drugs/loclo_loo__gformer_cancer__molformer__mlp
loclo_loo,gformer_cancer,molformer,xrfm,full,none,within_drug,MCC,-0.04556067388569637,0.012084460428404876,3,10.0,results/tahoe/bal15_drugs/loclo_loo__gformer_cancer__molformer__xrfm
loclo_loo,gformer_cancer,molformer,xrfm,full,none,within_drug,AUROC,0.4936782799172022,0.005187474103897588,3,10.0,results/tahoe/bal15_drugs/loclo_loo__gformer_cancer__molformer__xrfm
loclo_loo,gformer_cancer,molformer,xrfm,full,none,within_cell_line,MCC,0.5088139240247905,0.014041709356088236,3,38.0,results/tahoe/bal15_drugs/loclo_loo__gformer_cancer__molformer__xrfm
loclo_loo,gformer_cancer,molformer,xrfm,full,none,within_cell_line,AUROC,0.8426716095795044,0.004216777684400189,3,38.0,results/tahoe/bal15_drugs/loclo_loo__gformer_cancer__molformer__xrfm
loclo_loo,gformer_cancer,molformer,xrfm,full,none,overall,MCC,0.5088139240247904,0.0477737911980491,38,,results/tahoe/bal15_drugs/loclo_loo__gformer_cancer__molformer__xrfm
loclo_loo,gformer_cancer,molformer,xrfm,full,none,overall,AUROC,0.8426716095795044,0.0291073401584021,38,,results/tahoe/bal15_drugs/loclo_loo__gformer_cancer__molformer__xrfm
loclo_loo,gformer_cancer,morgan,lightgbm,full,none,within_drug,MCC,-0.03792821315525285,0.0022081731939084365,3,10.0,results/tahoe/bal15_drugs/loclo_loo__gformer_cancer__morgan__lightgbm
loclo_loo,gformer_cancer,morgan,lightgbm,full,none,within_drug,AUROC,0.4988393820029852,0.00272175946052516,3,10.0,results/tahoe/bal15_drugs/loclo_loo__gformer_cancer__morgan__lightgbm
loclo_loo,gformer_cancer,morgan,lightgbm,full,none,within_cell_line,MCC,0.5094151763626124,0.0,3,38.0,results/tahoe/bal15_drugs/loclo_loo__gformer_cancer__morgan__lightgbm
loclo_loo,gformer_cancer,morgan,lightgbm,full,none,within_cell_line,AUROC,0.841889097744361,0.0018952866923784668,3,38.0,results/tahoe/bal15_drugs/loclo_loo__gformer_cancer__morgan__lightgbm
loclo_loo,gformer_cancer,morgan,lightgbm,full,none,overall,MCC,0.5094151763626122,0.0470365737402354,38,,results/tahoe/bal15_drugs/loclo_loo__gformer_cancer__morgan__lightgbm
loclo_loo,gformer_cancer,morgan,lightgbm,full,none,overall,AUROC,0.8418890977443609,0.0287193118590549,38,,results/tahoe/bal15_drugs/loclo_loo__gformer_cancer__morgan__lightgbm
loclo_loo,gformer_cancer,morgan,mlp,full,none,within_drug,MCC,0.006083616709220046,0.0093898968733146,3,10.0,results/tahoe/bal15_drugs/loclo_loo__gformer_cancer__morgan__mlp
loclo_loo,gformer_cancer,morgan,mlp,full,none,within_drug,AUROC,0.46837892788927743,0.004354091501960861,3,10.0,results/tahoe/bal15_drugs/loclo_loo__gformer_cancer__morgan__mlp
loclo_loo,gformer_cancer,morgan,mlp,full,none,within_cell_line,MCC,0.526190198892205,0.014048707523766291,3,38.0,results/tahoe/bal15_drugs/loclo_loo__gformer_cancer__morgan__mlp
loclo_loo,gformer_cancer,morgan,mlp,full,none,within_cell_line,AUROC,0.8344096351991089,0.0016902402862592769,3,38.0,results/tahoe/bal15_drugs/loclo_loo__gformer_cancer__morgan__mlp
loclo_loo,gformer_cancer,morgan,mlp,full,none,overall,MCC,0.526190198892205,0.0409616866278947,38,,results/tahoe/bal15_drugs/loclo_loo__gformer_cancer__morgan__mlp
loclo_loo,gformer_cancer,morgan,mlp,full,none,overall,AUROC,0.8344096351991088,0.0264850164061378,38,,results/tahoe/bal15_drugs/loclo_loo__gformer_cancer__morgan__mlp
loclo_loo,gformer_cancer,morgan,xrfm,full,none,within_drug,MCC,-0.019315874224163407,0.007302320028572123,3,10.0,results/tahoe/bal15_drugs/loclo_loo__gformer_cancer__morgan__xrfm
loclo_loo,gformer_cancer,morgan,xrfm,full,none,within_drug,AUROC,0.49594015833544125,0.00643921605616034,3,10.0,results/tahoe/bal15_drugs/loclo_loo__gformer_cancer__morgan__xrfm
loclo_loo,gformer_cancer,morgan,xrfm,full,none,within_cell_line,MCC,0.5240099311548062,0.0015517031296061559,3,38.0,results/tahoe/bal15_drugs/loclo_loo__gformer_cancer__morgan__xrfm
loclo_loo,gformer_cancer,morgan,xrfm,full,none,within_cell_line,AUROC,0.8456620718462823,0.0026038253435737156,3,38.0,results/tahoe/bal15_drugs/loclo_loo__gformer_cancer__morgan__xrfm
loclo_loo,gformer_cancer,morgan,xrfm,full,none,overall,MCC,0.5240099311548061,0.0441769712489819,38,,results/tahoe/bal15_drugs/loclo_loo__gformer_cancer__morgan__xrfm
loclo_loo,gformer_cancer,morgan,xrfm,full,none,overall,AUROC,0.8456620718462823,0.0283052217812374,38,,results/tahoe/bal15_drugs/loclo_loo__gformer_cancer__morgan__xrfm
loclo_loo,pca,biomed,lightgbm,full,none,within_drug,MCC,-0.033713356637240344,0.0017335117383554678,3,10.0,results/tahoe/bal15_drugs/loclo_loo__pca__biomed__lightgbm
loclo_loo,pca,biomed,lightgbm,full,none,within_drug,AUROC,0.48391241888798686,0.003335266296875195,3,10.0,results/tahoe/bal15_drugs/loclo_loo__pca__biomed__lightgbm
loclo_loo,pca,biomed,lightgbm,full,none,within_cell_line,MCC,0.5279198839397972,0.0012412692903445454,3,38.0,results/tahoe/bal15_drugs/loclo_loo__pca__biomed__lightgbm
loclo_loo,pca,biomed,lightgbm,full,none,within_cell_line,AUROC,0.8458538707880813,0.002343537812890606,3,38.0,results/tahoe/bal15_drugs/loclo_loo__pca__biomed__lightgbm
loclo_loo,pca,biomed,lightgbm,full,none,overall,MCC,0.527919883939797,0.043627252463004,38,,results/tahoe/bal15_drugs/loclo_loo__pca__biomed__lightgbm
loclo_loo,pca,biomed,lightgbm,full,none,overall,AUROC,0.8458538707880813,0.0279148284160018,38,,results/tahoe/bal15_drugs/loclo_loo__pca__biomed__lightgbm
loclo_loo,pca,biomed,mlp,full,none,within_drug,MCC,-0.028441456128787332,0.017072644176697863,3,10.0,results/tahoe/bal15_drugs/loclo_loo__pca__biomed__mlp
loclo_loo,pca,biomed,mlp,full,none,within_drug,AUROC,0.45676871999772767,0.003081580437616334,3,10.0,results/tahoe/bal15_drugs/loclo_loo__pca__biomed__mlp
loclo_loo,pca,biomed,mlp,full,none,within_cell_line,MCC,0.5161883142635831,0.006548869067615452,3,38.0,results/tahoe/bal15_drugs/loclo_loo__pca__biomed__mlp
loclo_loo,pca,biomed,mlp,full,none,within_cell_line,AUROC,0.835953425229741,0.007323402318768746,3,38.0,results/tahoe/bal15_drugs/loclo_loo__pca__biomed__mlp
loclo_loo,pca,biomed,mlp,full,none,overall,MCC,0.516188314263583,0.0472327133480506,38,,results/tahoe/bal15_drugs/loclo_loo__pca__biomed__mlp
loclo_loo,pca,biomed,mlp,full,none,overall,AUROC,0.8359534252297409,0.026587966841282,38,,results/tahoe/bal15_drugs/loclo_loo__pca__biomed__mlp
loclo_loo,pca,biomed,xrfm,full,none,within_drug,MCC,-0.0044573256971868576,0.018934899936224034,3,10.0,results/tahoe/bal15_drugs/loclo_loo__pca__biomed__xrfm
loclo_loo,pca,biomed,xrfm,full,none,within_drug,AUROC,0.4792704998476949,0.013392216923805215,3,10.0,results/tahoe/bal15_drugs/loclo_loo__pca__biomed__xrfm
loclo_loo,pca,biomed,xrfm,full,none,within_cell_line,MCC,0.522013027208784,0.0034311151410441666,3,38.0,results/tahoe/bal15_drugs/loclo_loo__pca__biomed__xrfm
loclo_loo,pca,biomed,xrfm,full,none,within_cell_line,AUROC,0.8347002923976609,0.007391542421078532,3,38.0,results/tahoe/bal15_drugs/loclo_loo__pca__biomed__xrfm
loclo_loo,pca,biomed,xrfm,full,none,overall,MCC,0.5220130272087838,0.0452629351179608,38,,results/tahoe/bal15_drugs/loclo_loo__pca__biomed__xrfm
loclo_loo,pca,biomed,xrfm,full,none,overall,AUROC,0.834700292397661,0.0286545781419444,38,,results/tahoe/bal15_drugs/loclo_loo__pca__biomed__xrfm
loclo_loo,pca,chemberta,lightgbm,full,none,within_drug,MCC,-0.03590974665911285,0.006205065377072643,3,10.0,results/tahoe/bal15_drugs/loclo_loo__pca__chemberta__lightgbm
loclo_loo,pca,chemberta,lightgbm,full,none,within_drug,AUROC,0.4820287664652039,0.0020266364076423253,3,10.0,results/tahoe/bal15_drugs/loclo_loo__pca__chemberta__lightgbm
loclo_loo,pca,chemberta,lightgbm,full,none,within_cell_line,MCC,0.536460571200381,0.008786813469739965,3,38.0,results/tahoe/bal15_drugs/loclo_loo__pca__chemberta__lightgbm
loclo_loo,pca,chemberta,lightgbm,full,none,within_cell_line,AUROC,0.844983291562239,0.000350877192982435,3,38.0,results/tahoe/bal15_drugs/loclo_loo__pca__chemberta__lightgbm
loclo_loo,pca,chemberta,lightgbm,full,none,overall,MCC,0.5364605712003809,0.0423740915626545,38,,results/tahoe/bal15_drugs/loclo_loo__pca__chemberta__lightgbm
loclo_loo,pca,chemberta,lightgbm,full,none,overall,AUROC,0.8449832915622391,0.0277840530803884,38,,results/tahoe/bal15_drugs/loclo_loo__pca__chemberta__lightgbm
loclo_loo,pca,chemberta,mlp,full,none,within_drug,MCC,-0.015908518168501546,0.004843118791250319,3,10.0,results/tahoe/bal15_drugs/loclo_loo__pca__chemberta__mlp
loclo_loo,pca,chemberta,mlp,full,none,within_drug,AUROC,0.4685554697913286,0.0016912973867316357,3,10.0,results/tahoe/bal15_drugs/loclo_loo__pca__chemberta__mlp
loclo_loo,pca,chemberta,mlp,full,none,within_cell_line,MCC,0.5171801535179396,0.004521288998513896,3,38.0,results/tahoe/bal15_drugs/loclo_loo__pca__chemberta__mlp
loclo_loo,pca,chemberta,mlp,full,none,within_cell_line,AUROC,0.827401141743247,0.0013094680598780017,3,38.0,results/tahoe/bal15_drugs/loclo_loo__pca__chemberta__mlp
loclo_loo,pca,chemberta,mlp,full,none,overall,MCC,0.5171801535179394,0.0471806129778721,38,,results/tahoe/bal15_drugs/loclo_loo__pca__chemberta__mlp
loclo_loo,pca,chemberta,mlp,full,none,overall,AUROC,0.827401141743247,0.0277678072241136,38,,results/tahoe/bal15_drugs/loclo_loo__pca__chemberta__mlp
loclo_loo,pca,chemberta,xrfm,full,none,within_drug,MCC,-0.006457543299500539,0.011181686849829352,3,10.0,results/tahoe/bal15_drugs/loclo_loo__pca__chemberta__xrfm
loclo_loo,pca,chemberta,xrfm,full,none,within_drug,AUROC,0.5083027999510152,0.014363039821402674,3,10.0,results/tahoe/bal15_drugs/loclo_loo__pca__chemberta__xrfm
loclo_loo,pca,chemberta,xrfm,full,none,within_cell_line,MCC,0.5101941506607579,0.005016363946956025,3,38.0,results/tahoe/bal15_drugs/loclo_loo__pca__chemberta__xrfm
loclo_loo,pca,chemberta,xrfm,full,none,within_cell_line,AUROC,0.8260568086883877,0.009785053911528346,3,38.0,results/tahoe/bal15_drugs/loclo_loo__pca__chemberta__xrfm
loclo_loo,pca,chemberta,xrfm,full,none,overall,MCC,0.5101941506607579,0.0432651422512655,38,,results/tahoe/bal15_drugs/loclo_loo__pca__chemberta__xrfm
loclo_loo,pca,chemberta,xrfm,full,none,overall,AUROC,0.8260568086883876,0.0277654319392008,38,,results/tahoe/bal15_drugs/loclo_loo__pca__chemberta__xrfm
loclo_loo,pca,maccs,lightgbm,full,none,within_drug,MCC,-0.02653217624376211,0.00550238173986728,3,10.0,results/tahoe/bal15_drugs/loclo_loo__pca__maccs__lightgbm
loclo_loo,pca,maccs,lightgbm,full,none,within_drug,AUROC,0.47899948280800836,0.0033030044452541903,3,10.0,results/tahoe/bal15_drugs/loclo_loo__pca__maccs__lightgbm
loclo_loo,pca,maccs,lightgbm,full,none,within_cell_line,MCC,0.5393640501866837,0.011088052877599622,3,38.0,results/tahoe/bal15_drugs/loclo_loo__pca__maccs__lightgbm
loclo_loo,pca,maccs,lightgbm,full,none,within_cell_line,AUROC,0.8462016151489836,0.0003941121449676583,3,38.0,results/tahoe/bal15_drugs/loclo_loo__pca__maccs__lightgbm
loclo_loo,pca,maccs,lightgbm,full,none,overall,MCC,0.5393640501866838,0.0420694076567027,38,,results/tahoe/bal15_drugs/loclo_loo__pca__maccs__lightgbm
loclo_loo,pca,maccs,lightgbm,full,none,overall,AUROC,0.8462016151489837,0.0275868545704088,38,,results/tahoe/bal15_drugs/loclo_loo__pca__maccs__lightgbm
loclo_loo,pca,maccs,mlp,full,none,within_drug,MCC,-0.029509260667088855,0.010953066427986232,3,10.0,results/tahoe/bal15_drugs/loclo_loo__pca__maccs__mlp
loclo_loo,pca,maccs,mlp,full,none,within_drug,AUROC,0.4471547329362708,0.014075706768784123,3,10.0,results/tahoe/bal15_drugs/loclo_loo__pca__maccs__mlp
loclo_loo,pca,maccs,mlp,full,none,within_cell_line,MCC,0.5222630058388664,0.008190861496854246,3,38.0,results/tahoe/bal15_drugs/loclo_loo__pca__maccs__mlp
loclo_loo,pca,maccs,mlp,full,none,within_cell_line,AUROC,0.8367822333611806,0.0027683033418049747,3,38.0,results/tahoe/bal15_drugs/loclo_loo__pca__maccs__mlp
loclo_loo,pca,maccs,mlp,full,none,overall,MCC,0.5222630058388662,0.0464454870032765,38,,results/tahoe/bal15_drugs/loclo_loo__pca__maccs__mlp
loclo_loo,pca,maccs,mlp,full,none,overall,AUROC,0.8367822333611807,0.0258928176893895,38,,results/tahoe/bal15_drugs/loclo_loo__pca__maccs__mlp
loclo_loo,pca,maccs,xrfm,full,none,within_drug,MCC,0.02370869099022048,0.006994871125114412,3,10.0,results/tahoe/bal15_drugs/loclo_loo__pca__maccs__xrfm
loclo_loo,pca,maccs,xrfm,full,none,within_drug,AUROC,0.5364093934420199,0.011775543480229536,3,10.0,results/tahoe/bal15_drugs/loclo_loo__pca__maccs__xrfm
loclo_loo,pca,maccs,xrfm,full,none,within_cell_line,MCC,0.5062302579670847,0.007656197820238963,3,38.0,results/tahoe/bal15_drugs/loclo_loo__pca__maccs__xrfm
loclo_loo,pca,maccs,xrfm,full,none,within_cell_line,AUROC,0.8254448621553886,0.002325449526384754,3,38.0,results/tahoe/bal15_drugs/loclo_loo__pca__maccs__xrfm
loclo_loo,pca,maccs,xrfm,full,none,overall,MCC,0.5062302579670848,0.0452354910410454,38,,results/tahoe/bal15_drugs/loclo_loo__pca__maccs__xrfm
loclo_loo,pca,maccs,xrfm,full,none,overall,AUROC,0.8254448621553885,0.0241737197551353,38,,results/tahoe/bal15_drugs/loclo_loo__pca__maccs__xrfm
loclo_loo,pca,materials,lightgbm,full,none,within_drug,MCC,-0.028440723389685663,0.002285160131946036,3,10.0,results/tahoe/bal15_drugs/loclo_loo__pca__materials__lightgbm
loclo_loo,pca,materials,lightgbm,full,none,within_drug,AUROC,0.48340790369914943,0.003880590295902598,3,10.0,results/tahoe/bal15_drugs/loclo_loo__pca__materials__lightgbm
loclo_loo,pca,materials,lightgbm,full,none,within_cell_line,MCC,0.5363097834437988,0.0037291081493351043,3,38.0,results/tahoe/bal15_drugs/loclo_loo__pca__materials__lightgbm
loclo_loo,pca,materials,lightgbm,full,none,within_cell_line,AUROC,0.846488791423002,0.0008897057892329958,3,38.0,results/tahoe/bal15_drugs/loclo_loo__pca__materials__lightgbm
loclo_loo,pca,materials,lightgbm,full,none,overall,MCC,0.5363097834437986,0.0455150439907795,38,,results/tahoe/bal15_drugs/loclo_loo__pca__materials__lightgbm
loclo_loo,pca,materials,lightgbm,full,none,overall,AUROC,0.846488791423002,0.0275905440996551,38,,results/tahoe/bal15_drugs/loclo_loo__pca__materials__lightgbm
loclo_loo,pca,materials,mlp,full,none,within_drug,MCC,-0.020620602085165106,0.01760508574134019,3,10.0,results/tahoe/bal15_drugs/loclo_loo__pca__materials__mlp
loclo_loo,pca,materials,mlp,full,none,within_drug,AUROC,0.4590770278739387,0.009100269864050698,3,10.0,results/tahoe/bal15_drugs/loclo_loo__pca__materials__mlp
loclo_loo,pca,materials,mlp,full,none,within_cell_line,MCC,0.5322790008361603,0.001568894202720123,3,38.0,results/tahoe/bal15_drugs/loclo_loo__pca__materials__mlp
loclo_loo,pca,materials,mlp,full,none,within_cell_line,AUROC,0.8367561264271791,0.006665400276480612,3,38.0,results/tahoe/bal15_drugs/loclo_loo__pca__materials__mlp
loclo_loo,pca,materials,mlp,full,none,overall,MCC,0.5322790008361601,0.0462611296881637,38,,results/tahoe/bal15_drugs/loclo_loo__pca__materials__mlp
loclo_loo,pca,materials,mlp,full,none,overall,AUROC,0.8367561264271792,0.0266647225402992,38,,results/tahoe/bal15_drugs/loclo_loo__pca__materials__mlp
loclo_loo,pca,materials,xrfm,full,none,within_drug,MCC,-0.03460803017050405,0.006984059656881692,3,10.0,results/tahoe/bal15_drugs/loclo_loo__pca__materials__xrfm
loclo_loo,pca,materials,xrfm,full,none,within_drug,AUROC,0.5188616768677731,0.010720217993404573,3,10.0,results/tahoe/bal15_drugs/loclo_loo__pca__materials__xrfm
loclo_loo,pca,materials,xrfm,full,none,within_cell_line,MCC,0.5076442960254104,0.005309521981608365,3,38.0,results/tahoe/bal15_drugs/loclo_loo__pca__materials__xrfm
loclo_loo,pca,materials,xrfm,full,none,within_cell_line,AUROC,0.8417213171818435,0.00346834316047048,3,38.0,results/tahoe/bal15_drugs/loclo_loo__pca__materials__xrfm
loclo_loo,pca,materials,xrfm,full,none,overall,MCC,0.5076442960254103,0.0459112559513938,38,,results/tahoe/bal15_drugs/loclo_loo__pca__materials__xrfm
loclo_loo,pca,materials,xrfm,full,none,overall,AUROC,0.8417213171818435,0.0256999535652788,38,,results/tahoe/bal15_drugs/loclo_loo__pca__materials__xrfm
loclo_loo,pca,molformer,lightgbm,full,none,within_drug,MCC,-0.020701988612817492,0.005301753544381838,3,10.0,results/tahoe/bal15_drugs/loclo_loo__pca__molformer__lightgbm
loclo_loo,pca,molformer,lightgbm,full,none,within_drug,AUROC,0.4861924570550979,0.005380527970072233,3,10.0,results/tahoe/bal15_drugs/loclo_loo__pca__molformer__lightgbm
loclo_loo,pca,molformer,lightgbm,full,none,within_cell_line,MCC,0.5488736729674466,0.005425419170300852,3,38.0,results/tahoe/bal15_drugs/loclo_loo__pca__molformer__lightgbm
loclo_loo,pca,molformer,lightgbm,full,none,within_cell_line,AUROC,0.847593984962406,0.0011811515576985365,3,38.0,results/tahoe/bal15_drugs/loclo_loo__pca__molformer__lightgbm
loclo_loo,pca,molformer,lightgbm,full,none,overall,MCC,0.5488736729674466,0.0409955465989628,38,,results/tahoe/bal15_drugs/loclo_loo__pca__molformer__lightgbm
loclo_loo,pca,molformer,lightgbm,full,none,overall,AUROC,0.8475939849624061,0.0275071283297264,38,,results/tahoe/bal15_drugs/loclo_loo__pca__molformer__lightgbm
loclo_loo,pca,molformer,mlp,full,none,within_drug,MCC,-0.026180682636551933,0.0199436816694702,3,10.0,results/tahoe/bal15_drugs/loclo_loo__pca__molformer__mlp
loclo_loo,pca,molformer,mlp,full,none,within_drug,AUROC,0.4575139737982658,0.00359630020251948,3,10.0,results/tahoe/bal15_drugs/loclo_loo__pca__molformer__mlp
loclo_loo,pca,molformer,mlp,full,none,within_cell_line,MCC,0.5303499012385172,0.008065684199214515,3,38.0,results/tahoe/bal15_drugs/loclo_loo__pca__molformer__mlp
loclo_loo,pca,molformer,mlp,full,none,within_cell_line,AUROC,0.8442898913951545,0.0042943591925876405,3,38.0,results/tahoe/bal15_drugs/loclo_loo__pca__molformer__mlp
loclo_loo,pca,molformer,mlp,full,none,overall,MCC,0.530349901238517,0.0444886727269825,38,,results/tahoe/bal15_drugs/loclo_loo__pca__molformer__mlp
loclo_loo,pca,molformer,mlp,full,none,overall,AUROC,0.8442898913951548,0.0252982949189293,38,,results/tahoe/bal15_drugs/loclo_loo__pca__molformer__mlp
loclo_loo,pca,molformer,xrfm,full,none,within_drug,MCC,-0.009406223045607648,0.0019920473159548775,3,10.0,results/tahoe/bal15_drugs/loclo_loo__pca__molformer__xrfm
loclo_loo,pca,molformer,xrfm,full,none,within_drug,AUROC,0.4966327193189782,0.007150959564675867,3,10.0,results/tahoe/bal15_drugs/loclo_loo__pca__molformer__xrfm
loclo_loo,pca,molformer,xrfm,full,none,within_cell_line,MCC,0.5057140011372951,0.007370418132522131,3,38.0,results/tahoe/bal15_drugs/loclo_loo__pca__molformer__xrfm
loclo_loo,pca,molformer,xrfm,full,none,within_cell_line,AUROC,0.8308082706766918,0.0023406456913416308,3,38.0,results/tahoe/bal15_drugs/loclo_loo__pca__molformer__xrfm
loclo_loo,pca,molformer,xrfm,full,none,overall,MCC,0.5057140011372949,0.0448769640965918,38,,results/tahoe/bal15_drugs/loclo_loo__pca__molformer__xrfm
loclo_loo,pca,molformer,xrfm,full,none,overall,AUROC,0.8308082706766919,0.0286869938652365,38,,results/tahoe/bal15_drugs/loclo_loo__pca__molformer__xrfm
loclo_loo,pca,morgan,lightgbm,full,none,within_drug,MCC,-0.01900220118315876,0.004291911681480418,3,10.0,results/tahoe/bal15_drugs/loclo_loo__pca__morgan__lightgbm
loclo_loo,pca,morgan,lightgbm,full,none,within_drug,AUROC,0.48405977056278365,0.0016813316725972547,3,10.0,results/tahoe/bal15_drugs/loclo_loo__pca__morgan__lightgbm
loclo_loo,pca,morgan,lightgbm,full,none,within_cell_line,MCC,0.5540982452536108,0.004062270030105903,3,38.0,results/tahoe/bal15_drugs/loclo_loo__pca__morgan__lightgbm
loclo_loo,pca,morgan,lightgbm,full,none,within_cell_line,AUROC,0.8454678362573099,0.0010080230368614952,3,38.0,results/tahoe/bal15_drugs/loclo_loo__pca__morgan__lightgbm
loclo_loo,pca,morgan,lightgbm,full,none,overall,MCC,0.5540982452536106,0.0392753797475802,38,,results/tahoe/bal15_drugs/loclo_loo__pca__morgan__lightgbm
loclo_loo,pca,morgan,lightgbm,full,none,overall,AUROC,0.84546783625731,0.0280820154096921,38,,results/tahoe/bal15_drugs/loclo_loo__pca__morgan__lightgbm
loclo_loo,pca,morgan,mlp,full,none,within_drug,MCC,-0.023770560261577672,0.011734108633849237,3,10.0,results/tahoe/bal15_drugs/loclo_loo__pca__morgan__mlp
loclo_loo,pca,morgan,mlp,full,none,within_drug,AUROC,0.46126583613778527,0.004090616956799029,3,10.0,results/tahoe/bal15_drugs/loclo_loo__pca__morgan__mlp
loclo_loo,pca,morgan,mlp,full,none,within_cell_line,MCC,0.5167905633940297,0.001970235208073796,3,38.0,results/tahoe/bal15_drugs/loclo_loo__pca__morgan__mlp
loclo_loo,pca,morgan,mlp,full,none,within_cell_line,AUROC,0.8348304789752158,0.00401483063322583,3,38.0,results/tahoe/bal15_drugs/loclo_loo__pca__morgan__mlp
loclo_loo,pca,morgan,mlp,full,none,overall,MCC,0.5167905633940296,0.0458493272374862,38,,results/tahoe/bal15_drugs/loclo_loo__pca__morgan__mlp
loclo_loo,pca,morgan,mlp,full,none,overall,AUROC,0.8348304789752159,0.0265587581950909,38,,results/tahoe/bal15_drugs/loclo_loo__pca__morgan__mlp
loclo_loo,pca,morgan,xrfm,full,none,within_drug,MCC,-0.0018387856941960133,0.024770238868722563,3,10.0,results/tahoe/bal15_drugs/loclo_loo__pca__morgan__xrfm
loclo_loo,pca,morgan,xrfm,full,none,within_drug,AUROC,0.4957108551061671,0.016340766409007508,3,10.0,results/tahoe/bal15_drugs/loclo_loo__pca__morgan__xrfm
loclo_loo,pca,morgan,xrfm,full,none,within_cell_line,MCC,0.5005468429060626,0.013538774283053893,3,38.0,results/tahoe/bal15_drugs/loclo_loo__pca__morgan__xrfm
loclo_loo,pca,morgan,xrfm,full,none,within_cell_line,AUROC,0.8293915343915343,0.003205722992205963,3,38.0,results/tahoe/bal15_drugs/loclo_loo__pca__morgan__xrfm
loclo_loo,pca,morgan,xrfm,full,none,overall,MCC,0.5005468429060623,0.0454274103720263,38,,results/tahoe/bal15_drugs/loclo_loo__pca__morgan__xrfm
loclo_loo,pca,morgan,xrfm,full,none,overall,AUROC,0.8293915343915345,0.0267158222549379,38,,results/tahoe/bal15_drugs/loclo_loo__pca__morgan__xrfm
loclo_loo,scgpt_pan,biomed,lightgbm,full,none,within_drug,MCC,-0.0393399505781522,0.0024008950380946296,3,10.0,results/tahoe/bal15_drugs/loclo_loo__scgpt_pan__biomed__lightgbm
loclo_loo,scgpt_pan,biomed,lightgbm,full,none,within_drug,AUROC,0.5123536958903582,0.0011616372521973096,3,10.0,results/tahoe/bal15_drugs/loclo_loo__scgpt_pan__biomed__lightgbm
loclo_loo,scgpt_pan,biomed,lightgbm,full,none,within_cell_line,MCC,0.4874591028619066,0.0008498843384228637,3,38.0,results/tahoe/bal15_drugs/loclo_loo__scgpt_pan__biomed__lightgbm
loclo_loo,scgpt_pan,biomed,lightgbm,full,none,within_cell_line,AUROC,0.8492303675856308,0.0013077238171820477,3,38.0,results/tahoe/bal15_drugs/loclo_loo__scgpt_pan__biomed__lightgbm
loclo_loo,scgpt_pan,biomed,lightgbm,full,none,overall,MCC,0.4874591028619064,0.049303316450538,38,,results/tahoe/bal15_drugs/loclo_loo__scgpt_pan__biomed__lightgbm
loclo_loo,scgpt_pan,biomed,lightgbm,full,none,overall,AUROC,0.8492303675856308,0.0294325648304188,38,,results/tahoe/bal15_drugs/loclo_loo__scgpt_pan__biomed__lightgbm
loclo_loo,scgpt_pan,biomed,mlp,full,none,within_drug,MCC,-0.0360794134457486,0.004064475922714919,3,10.0,results/tahoe/bal15_drugs/loclo_loo__scgpt_pan__biomed__mlp
loclo_loo,scgpt_pan,biomed,mlp,full,none,within_drug,AUROC,0.4956022287888447,0.008297371522186832,3,10.0,results/tahoe/bal15_drugs/loclo_loo__scgpt_pan__biomed__mlp
loclo_loo,scgpt_pan,biomed,mlp,full,none,within_cell_line,MCC,0.4633311302844762,0.012293555147936019,3,38.0,results/tahoe/bal15_drugs/loclo_loo__scgpt_pan__biomed__mlp
loclo_loo,scgpt_pan,biomed,mlp,full,none,within_cell_line,AUROC,0.827698760790866,0.0068057287538726636,3,38.0,results/tahoe/bal15_drugs/loclo_loo__scgpt_pan__biomed__mlp
loclo_loo,scgpt_pan,biomed,mlp,full,none,overall,MCC,0.4633311302844762,0.0425503474880385,38,,results/tahoe/bal15_drugs/loclo_loo__scgpt_pan__biomed__mlp
loclo_loo,scgpt_pan,biomed,mlp,full,none,overall,AUROC,0.827698760790866,0.0283986823181146,38,,results/tahoe/bal15_drugs/loclo_loo__scgpt_pan__biomed__mlp
loclo_loo,scgpt_pan,biomed,xrfm,full,none,within_drug,MCC,-0.03324317685361353,0.0036820178560314125,3,10.0,results/tahoe/bal15_drugs/loclo_loo__scgpt_pan__biomed__xrfm
loclo_loo,scgpt_pan,biomed,xrfm,full,none,within_drug,AUROC,0.49807756880282134,0.0008941441498993535,3,10.0,results/tahoe/bal15_drugs/loclo_loo__scgpt_pan__biomed__xrfm
loclo_loo,scgpt_pan,biomed,xrfm,full,none,within_cell_line,MCC,0.5151805411650071,0.0009004717494653974,3,38.0,results/tahoe/bal15_drugs/loclo_loo__scgpt_pan__biomed__xrfm
loclo_loo,scgpt_pan,biomed,xrfm,full,none,within_cell_line,AUROC,0.8360056390977443,0.00045343648528542804,3,38.0,results/tahoe/bal15_drugs/loclo_loo__scgpt_pan__biomed__xrfm
loclo_loo,scgpt_pan,biomed,xrfm,full,none,overall,MCC,0.5151805411650069,0.0446888987601514,38,,results/tahoe/bal15_drugs/loclo_loo__scgpt_pan__biomed__xrfm
loclo_loo,scgpt_pan,biomed,xrfm,full,none,overall,AUROC,0.8360056390977445,0.0297648061037856,38,,results/tahoe/bal15_drugs/loclo_loo__scgpt_pan__biomed__xrfm
loclo_loo,scgpt_pan,chemberta,lightgbm,full,none,within_drug,MCC,-0.042283804414160936,0.005153419144166591,3,10.0,results/tahoe/bal15_drugs/loclo_loo__scgpt_pan__chemberta__lightgbm
loclo_loo,scgpt_pan,chemberta,lightgbm,full,none,within_drug,AUROC,0.5122466882393847,0.0012158688873609206,3,10.0,results/tahoe/bal15_drugs/loclo_loo__scgpt_pan__chemberta__lightgbm
loclo_loo,scgpt_pan,chemberta,lightgbm,full,none,within_cell_line,MCC,0.48369258947509347,0.000885322690819775,3,38.0,results/tahoe/bal15_drugs/loclo_loo__scgpt_pan__chemberta__lightgbm
loclo_loo,scgpt_pan,chemberta,lightgbm,full,none,within_cell_line,AUROC,0.848484753550543,0.0009495892585355636,3,38.0,results/tahoe/bal15_drugs/loclo_loo__scgpt_pan__chemberta__lightgbm
loclo_loo,scgpt_pan,chemberta,lightgbm,full,none,overall,MCC,0.4836925894750934,0.0488700111605163,38,,results/tahoe/bal15_drugs/loclo_loo__scgpt_pan__chemberta__lightgbm
loclo_loo,scgpt_pan,chemberta,lightgbm,full,none,overall,AUROC,0.848484753550543,0.029149944059919,38,,results/tahoe/bal15_drugs/loclo_loo__scgpt_pan__chemberta__lightgbm
loclo_loo,scgpt_pan,chemberta,mlp,full,none,within_drug,MCC,-0.07667825219423131,0.014603020600356289,3,10.0,results/tahoe/bal15_drugs/loclo_loo__scgpt_pan__chemberta__mlp
loclo_loo,scgpt_pan,chemberta,mlp,full,none,within_drug,AUROC,0.48363707235387593,0.0033154612800085615,3,10.0,results/tahoe/bal15_drugs/loclo_loo__scgpt_pan__chemberta__mlp
loclo_loo,scgpt_pan,chemberta,mlp,full,none,within_cell_line,MCC,0.44830020345312116,0.016559306785593468,3,38.0,results/tahoe/bal15_drugs/loclo_loo__scgpt_pan__chemberta__mlp
loclo_loo,scgpt_pan,chemberta,mlp,full,none,within_cell_line,AUROC,0.8091054023948759,0.003212792592189528,3,38.0,results/tahoe/bal15_drugs/loclo_loo__scgpt_pan__chemberta__mlp
loclo_loo,scgpt_pan,chemberta,mlp,full,none,overall,MCC,0.4483002034531211,0.0488638898012012,38,,results/tahoe/bal15_drugs/loclo_loo__scgpt_pan__chemberta__mlp
loclo_loo,scgpt_pan,chemberta,mlp,full,none,overall,AUROC,0.809105402394876,0.0292584454915438,38,,results/tahoe/bal15_drugs/loclo_loo__scgpt_pan__chemberta__mlp
loclo_loo,scgpt_pan,chemberta,xrfm,full,none,within_drug,MCC,-0.049458776348174055,0.008720311189851346,3,10.0,results/tahoe/bal15_drugs/loclo_loo__scgpt_pan__chemberta__xrfm
loclo_loo,scgpt_pan,chemberta,xrfm,full,none,within_drug,AUROC,0.495385115044483,0.005891471936320203,3,10.0,results/tahoe/bal15_drugs/loclo_loo__scgpt_pan__chemberta__xrfm
loclo_loo,scgpt_pan,chemberta,xrfm,full,none,within_cell_line,MCC,0.5045262257323652,0.00859674222519617,3,38.0,results/tahoe/bal15_drugs/loclo_loo__scgpt_pan__chemberta__xrfm
loclo_loo,scgpt_pan,chemberta,xrfm,full,none,within_cell_line,AUROC,0.8362935115566694,0.0008192976139338643,3,38.0,results/tahoe/bal15_drugs/loclo_loo__scgpt_pan__chemberta__xrfm
loclo_loo,scgpt_pan,chemberta,xrfm,full,none,overall,MCC,0.504526225732365,0.0439596670662738,38,,results/tahoe/bal15_drugs/loclo_loo__scgpt_pan__chemberta__xrfm
loclo_loo,scgpt_pan,chemberta,xrfm,full,none,overall,AUROC,0.8362935115566694,0.0298950445644672,38,,results/tahoe/bal15_drugs/loclo_loo__scgpt_pan__chemberta__xrfm
loclo_loo,scgpt_pan,maccs,lightgbm,full,none,within_drug,MCC,-0.061513988172389844,0.0,3,10.0,results/tahoe/bal15_drugs/loclo_loo__scgpt_pan__maccs__lightgbm
loclo_loo,scgpt_pan,maccs,lightgbm,full,none,within_drug,AUROC,0.508414106552242,0.001600561002138712,3,10.0,results/tahoe/bal15_drugs/loclo_loo__scgpt_pan__maccs__lightgbm
loclo_loo,scgpt_pan,maccs,lightgbm,full,none,within_cell_line,MCC,0.48297625048012566,3.925231146709437e-17,3,38.0,results/tahoe/bal15_drugs/loclo_loo__scgpt_pan__maccs__lightgbm
loclo_loo,scgpt_pan,maccs,lightgbm,full,none,within_cell_line,AUROC,0.8457873851294903,7.850462293418875e-17,3,38.0,results/tahoe/bal15_drugs/loclo_loo__scgpt_pan__maccs__lightgbm
loclo_loo,scgpt_pan,maccs,lightgbm,full,none,overall,MCC,0.4829762504801256,0.0490202082107066,38,,results/tahoe/bal15_drugs/loclo_loo__scgpt_pan__maccs__lightgbm
loclo_loo,scgpt_pan,maccs,lightgbm,full,none,overall,AUROC,0.8457873851294903,0.029690106994195,38,,results/tahoe/bal15_drugs/loclo_loo__scgpt_pan__maccs__lightgbm
loclo_loo,scgpt_pan,maccs,mlp,full,none,within_drug,MCC,-0.06571325497993279,0.0029187261449837524,3,10.0,results/tahoe/bal15_drugs/loclo_loo__scgpt_pan__maccs__mlp
loclo_loo,scgpt_pan,maccs,mlp,full,none,within_drug,AUROC,0.48337199203155556,0.016882119537238473,3,10.0,results/tahoe/bal15_drugs/loclo_loo__scgpt_pan__maccs__mlp
loclo_loo,scgpt_pan,maccs,mlp,full,none,within_cell_line,MCC,0.45332311956043153,0.012932169284328703,3,38.0,results/tahoe/bal15_drugs/loclo_loo__scgpt_pan__maccs__mlp
loclo_loo,scgpt_pan,maccs,mlp,full,none,within_cell_line,AUROC,0.8250971177944861,0.009580224993665556,3,38.0,results/tahoe/bal15_drugs/loclo_loo__scgpt_pan__maccs__mlp
loclo_loo,scgpt_pan,maccs,mlp,full,none,overall,MCC,0.4533231195604316,0.0478021753016182,38,,results/tahoe/bal15_drugs/loclo_loo__scgpt_pan__maccs__mlp
loclo_loo,scgpt_pan,maccs,mlp,full,none,overall,AUROC,0.8250971177944862,0.0277058889886443,38,,results/tahoe/bal15_drugs/loclo_loo__scgpt_pan__maccs__mlp
loclo_loo,scgpt_pan,maccs,xrfm,full,none,within_drug,MCC,-0.050575954647619846,0.005054107702881694,3,10.0,results/tahoe/bal15_drugs/loclo_loo__scgpt_pan__maccs__xrfm
loclo_loo,scgpt_pan,maccs,xrfm,full,none,within_drug,AUROC,0.501270099681555,0.003375557033545174,3,10.0,results/tahoe/bal15_drugs/loclo_loo__scgpt_pan__maccs__xrfm
loclo_loo,scgpt_pan,maccs,xrfm,full,none,within_cell_line,MCC,0.5178878080951642,0.0021459740052103154,3,38.0,results/tahoe/bal15_drugs/loclo_loo__scgpt_pan__maccs__xrfm
loclo_loo,scgpt_pan,maccs,xrfm,full,none,within_cell_line,AUROC,0.8314407546644388,0.003765706505297749,3,38.0,results/tahoe/bal15_drugs/loclo_loo__scgpt_pan__maccs__xrfm
loclo_loo,scgpt_pan,maccs,xrfm,full,none,overall,MCC,0.5178878080951641,0.0430753791471574,38,,results/tahoe/bal15_drugs/loclo_loo__scgpt_pan__maccs__xrfm
loclo_loo,scgpt_pan,maccs,xrfm,full,none,overall,AUROC,0.8314407546644389,0.0301300935196662,38,,results/tahoe/bal15_drugs/loclo_loo__scgpt_pan__maccs__xrfm
loclo_loo,scgpt_pan,materials,lightgbm,full,none,within_drug,MCC,-0.042841254063561506,0.0029102424100695876,3,10.0,results/tahoe/bal15_drugs/loclo_loo__scgpt_pan__materials__lightgbm
loclo_loo,scgpt_pan,materials,lightgbm,full,none,within_drug,AUROC,0.5133415743164494,0.0014716423450973485,3,10.0,results/tahoe/bal15_drugs/loclo_loo__scgpt_pan__materials__lightgbm
loclo_loo,scgpt_pan,materials,lightgbm,full,none,within_cell_line,MCC,0.4837929899044123,0.0009857231201385597,3,38.0,results/tahoe/bal15_drugs/loclo_loo__scgpt_pan__materials__lightgbm
loclo_loo,scgpt_pan,materials,lightgbm,full,none,within_cell_line,AUROC,0.8495812447786132,0.0005482456140351033,3,38.0,results/tahoe/bal15_drugs/loclo_loo__scgpt_pan__materials__lightgbm
loclo_loo,scgpt_pan,materials,lightgbm,full,none,overall,MCC,0.4837929899044123,0.0489177877081792,38,,results/tahoe/bal15_drugs/loclo_loo__scgpt_pan__materials__lightgbm
loclo_loo,scgpt_pan,materials,lightgbm,full,none,overall,AUROC,0.8495812447786133,0.0292503000584277,38,,results/tahoe/bal15_drugs/loclo_loo__scgpt_pan__materials__lightgbm
loclo_loo,scgpt_pan,materials,mlp,full,none,within_drug,MCC,-0.06250517305693702,0.01293855806163774,3,10.0,results/tahoe/bal15_drugs/loclo_loo__scgpt_pan__materials__mlp
loclo_loo,scgpt_pan,materials,mlp,full,none,within_drug,AUROC,0.5075301561197255,0.018183911644149287,3,10.0,results/tahoe/bal15_drugs/loclo_loo__scgpt_pan__materials__mlp
loclo_loo,scgpt_pan,materials,mlp,full,none,within_cell_line,MCC,0.4256069480232097,0.011892229542830186,3,38.0,results/tahoe/bal15_drugs/loclo_loo__scgpt_pan__materials__mlp
loclo_loo,scgpt_pan,materials,mlp,full,none,within_cell_line,AUROC,0.8271212754107492,0.008871294244714301,3,38.0,results/tahoe/bal15_drugs/loclo_loo__scgpt_pan__materials__mlp
loclo_loo,scgpt_pan,materials,mlp,full,none,overall,MCC,0.4256069480232097,0.0463467199508161,38,,results/tahoe/bal15_drugs/loclo_loo__scgpt_pan__materials__mlp
loclo_loo,scgpt_pan,materials,mlp,full,none,overall,AUROC,0.827121275410749,0.0261012656677211,38,,results/tahoe/bal15_drugs/loclo_loo__scgpt_pan__materials__mlp
loclo_loo,scgpt_pan,materials,xrfm,full,none,within_drug,MCC,-0.05397431754262307,0.012328490007381825,3,10.0,results/tahoe/bal15_drugs/loclo_loo__scgpt_pan__materials__xrfm
loclo_loo,scgpt_pan,materials,xrfm,full,none,within_drug,AUROC,0.5011917583052258,0.0040874763201493094,3,10.0,results/tahoe/bal15_drugs/loclo_loo__scgpt_pan__materials__xrfm
loclo_loo,scgpt_pan,materials,xrfm,full,none,within_cell_line,MCC,0.4995579965553311,0.009110897937757914,3,38.0,results/tahoe/bal15_drugs/loclo_loo__scgpt_pan__materials__xrfm
loclo_loo,scgpt_pan,materials,xrfm,full,none,within_cell_line,AUROC,0.843173558897243,0.00456524576997401,3,38.0,results/tahoe/bal15_drugs/loclo_loo__scgpt_pan__materials__xrfm
loclo_loo,scgpt_pan,materials,xrfm,full,none,overall,MCC,0.4995579965553309,0.0432346847360301,38,,results/tahoe/bal15_drugs/loclo_loo__scgpt_pan__materials__xrfm
loclo_loo,scgpt_pan,materials,xrfm,full,none,overall,AUROC,0.843173558897243,0.0290088110668279,38,,results/tahoe/bal15_drugs/loclo_loo__scgpt_pan__materials__xrfm
loclo_loo,scgpt_pan,molformer,lightgbm,full,none,within_drug,MCC,-0.03811829343076348,0.0025581917896566105,3,10.0,results/tahoe/bal15_drugs/loclo_loo__scgpt_pan__molformer__lightgbm
loclo_loo,scgpt_pan,molformer,lightgbm,full,none,within_drug,AUROC,0.5127352879682531,0.0014740175897730084,3,10.0,results/tahoe/bal15_drugs/loclo_loo__scgpt_pan__molformer__lightgbm
loclo_loo,scgpt_pan,molformer,lightgbm,full,none,within_cell_line,MCC,0.48480073500028414,0.002192456903592535,3,38.0,results/tahoe/bal15_drugs/loclo_loo__scgpt_pan__molformer__lightgbm
loclo_loo,scgpt_pan,molformer,lightgbm,full,none,within_cell_line,AUROC,0.8495812447786131,0.0010964912280701697,3,38.0,results/tahoe/bal15_drugs/loclo_loo__scgpt_pan__molformer__lightgbm
loclo_loo,scgpt_pan,molformer,lightgbm,full,none,overall,MCC,0.4848007350002841,0.0493528193700918,38,,results/tahoe/bal15_drugs/loclo_loo__scgpt_pan__molformer__lightgbm
loclo_loo,scgpt_pan,molformer,lightgbm,full,none,overall,AUROC,0.8495812447786133,0.0292186220137014,38,,results/tahoe/bal15_drugs/loclo_loo__scgpt_pan__molformer__lightgbm
loclo_loo,scgpt_pan,molformer,mlp,full,none,within_drug,MCC,-0.033376664712266184,0.02710404774277543,3,10.0,results/tahoe/bal15_drugs/loclo_loo__scgpt_pan__molformer__mlp
loclo_loo,scgpt_pan,molformer,mlp,full,none,within_drug,AUROC,0.48079590931592503,0.002223108033171426,3,10.0,results/tahoe/bal15_drugs/loclo_loo__scgpt_pan__molformer__mlp
loclo_loo,scgpt_pan,molformer,mlp,full,none,within_cell_line,MCC,0.4598635057864597,0.017464609987638696,3,38.0,results/tahoe/bal15_drugs/loclo_loo__scgpt_pan__molformer__mlp
loclo_loo,scgpt_pan,molformer,mlp,full,none,within_cell_line,AUROC,0.8385320941241994,0.0076698214625153934,3,38.0,results/tahoe/bal15_drugs/loclo_loo__scgpt_pan__molformer__mlp
loclo_loo,scgpt_pan,molformer,mlp,full,none,overall,MCC,0.4598635057864597,0.0453636913868845,38,,results/tahoe/bal15_drugs/loclo_loo__scgpt_pan__molformer__mlp
loclo_loo,scgpt_pan,molformer,mlp,full,none,overall,AUROC,0.8385320941241994,0.0283212412117973,38,,results/tahoe/bal15_drugs/loclo_loo__scgpt_pan__molformer__mlp
loclo_loo,scgpt_pan,molformer,xrfm,full,none,within_drug,MCC,-0.03274933932782013,0.005085250846284144,3,10.0,results/tahoe/bal15_drugs/loclo_loo__scgpt_pan__molformer__xrfm
loclo_loo,scgpt_pan,molformer,xrfm,full,none,within_drug,AUROC,0.5048746837084771,0.002063670933905401,3,10.0,results/tahoe/bal15_drugs/loclo_loo__scgpt_pan__molformer__xrfm
loclo_loo,scgpt_pan,molformer,xrfm,full,none,within_cell_line,MCC,0.49537463580729596,0.0037764197177873274,3,38.0,results/tahoe/bal15_drugs/loclo_loo__scgpt_pan__molformer__xrfm
loclo_loo,scgpt_pan,molformer,xrfm,full,none,within_cell_line,AUROC,0.8391388192703982,0.000710428555999311,3,38.0,results/tahoe/bal15_drugs/loclo_loo__scgpt_pan__molformer__xrfm
loclo_loo,scgpt_pan,molformer,xrfm,full,none,overall,MCC,0.4953746358072958,0.0472915733596338,38,,results/tahoe/bal15_drugs/loclo_loo__scgpt_pan__molformer__xrfm
loclo_loo,scgpt_pan,molformer,xrfm,full,none,overall,AUROC,0.8391388192703982,0.0297623505376347,38,,results/tahoe/bal15_drugs/loclo_loo__scgpt_pan__molformer__xrfm
loclo_loo,scgpt_pan,morgan,lightgbm,full,none,within_drug,MCC,-0.044054598211462785,0.005131093615793679,3,10.0,results/tahoe/bal15_drugs/loclo_loo__scgpt_pan__morgan__lightgbm
loclo_loo,scgpt_pan,morgan,lightgbm,full,none,within_drug,AUROC,0.5133165251964383,0.0003034332375446578,3,10.0,results/tahoe/bal15_drugs/loclo_loo__scgpt_pan__morgan__lightgbm
loclo_loo,scgpt_pan,morgan,lightgbm,full,none,within_cell_line,MCC,0.48795358763687086,0.0022555832413493062,3,38.0,results/tahoe/bal15_drugs/loclo_loo__scgpt_pan__morgan__lightgbm
loclo_loo,scgpt_pan,morgan,lightgbm,full,none,within_cell_line,AUROC,0.8475856307435254,0.0008991228070175384,3,38.0,results/tahoe/bal15_drugs/loclo_loo__scgpt_pan__morgan__lightgbm
loclo_loo,scgpt_pan,morgan,lightgbm,full,none,overall,MCC,0.4879535876368707,0.0490500450408682,38,,results/tahoe/bal15_drugs/loclo_loo__scgpt_pan__morgan__lightgbm
loclo_loo,scgpt_pan,morgan,lightgbm,full,none,overall,AUROC,0.8475856307435256,0.0294599427731855,38,,results/tahoe/bal15_drugs/loclo_loo__scgpt_pan__morgan__lightgbm
loclo_loo,scgpt_pan,morgan,mlp,full,none,within_drug,MCC,-0.0730382731209057,0.008581168929737074,3,10.0,results/tahoe/bal15_drugs/loclo_loo__scgpt_pan__morgan__mlp
loclo_loo,scgpt_pan,morgan,mlp,full,none,within_drug,AUROC,0.4781149350005031,0.010171649841317668,3,10.0,results/tahoe/bal15_drugs/loclo_loo__scgpt_pan__morgan__mlp
loclo_loo,scgpt_pan,morgan,mlp,full,none,within_cell_line,MCC,0.4376911928078501,0.005569112095924647,3,38.0,results/tahoe/bal15_drugs/loclo_loo__scgpt_pan__morgan__mlp
loclo_loo,scgpt_pan,morgan,mlp,full,none,within_cell_line,AUROC,0.818002297410192,0.008966266990601336,3,38.0,results/tahoe/bal15_drugs/loclo_loo__scgpt_pan__morgan__mlp
loclo_loo,scgpt_pan,morgan,mlp,full,none,overall,MCC,0.43769119280785,0.0459347921947572,38,,results/tahoe/bal15_drugs/loclo_loo__scgpt_pan__morgan__mlp
loclo_loo,scgpt_pan,morgan,mlp,full,none,overall,AUROC,0.8180022974101921,0.02848640706584,38,,results/tahoe/bal15_drugs/loclo_loo__scgpt_pan__morgan__mlp
loclo_loo,scgpt_pan,morgan,xrfm,full,none,within_drug,MCC,-0.04775194919877995,0.007611801902397989,3,10.0,results/tahoe/bal15_drugs/loclo_loo__scgpt_pan__morgan__xrfm
loclo_loo,scgpt_pan,morgan,xrfm,full,none,within_drug,AUROC,0.5014191082745056,0.0023676329908286437,3,10.0,results/tahoe/bal15_drugs/loclo_loo__scgpt_pan__morgan__xrfm
loclo_loo,scgpt_pan,morgan,xrfm,full,none,within_cell_line,MCC,0.5163566704989536,0.0004309610078604513,3,38.0,results/tahoe/bal15_drugs/loclo_loo__scgpt_pan__morgan__xrfm
loclo_loo,scgpt_pan,morgan,xrfm,full,none,within_cell_line,AUROC,0.835620648844333,0.00288164487485902,3,38.0,results/tahoe/bal15_drugs/loclo_loo__scgpt_pan__morgan__xrfm
loclo_loo,scgpt_pan,morgan,xrfm,full,none,overall,MCC,0.5163566704989534,0.0441552298775742,38,,results/tahoe/bal15_drugs/loclo_loo__scgpt_pan__morgan__xrfm
loclo_loo,scgpt_pan,morgan,xrfm,full,none,overall,AUROC,0.8356206488443331,0.0298749181540754,38,,results/tahoe/bal15_drugs/loclo_loo__scgpt_pan__morgan__xrfm
loclo_loo,scvi,biomed,lightgbm,full,none,within_drug,MCC,-0.025769296150807825,0.0050850560019223435,3,10.0,results/tahoe/bal15_drugs/loclo_loo__scvi__biomed__lightgbm
loclo_loo,scvi,biomed,lightgbm,full,none,within_drug,AUROC,0.4687896455957419,0.012450324919735186,3,10.0,results/tahoe/bal15_drugs/loclo_loo__scvi__biomed__lightgbm
loclo_loo,scvi,biomed,lightgbm,full,none,within_cell_line,MCC,0.5342023231798264,0.007274777105557999,3,38.0,results/tahoe/bal15_drugs/loclo_loo__scvi__biomed__lightgbm
loclo_loo,scvi,biomed,lightgbm,full,none,within_cell_line,AUROC,0.8322761765524924,0.002033842365925629,3,38.0,results/tahoe/bal15_drugs/loclo_loo__scvi__biomed__lightgbm
loclo_loo,scvi,biomed,lightgbm,full,none,overall,MCC,0.5342023231798262,0.0407688301951168,38,,results/tahoe/bal15_drugs/loclo_loo__scvi__biomed__lightgbm
loclo_loo,scvi,biomed,lightgbm,full,none,overall,AUROC,0.8322761765524923,0.0283753505923697,38,,results/tahoe/bal15_drugs/loclo_loo__scvi__biomed__lightgbm
loclo_loo,scvi,biomed,mlp,full,none,within_drug,MCC,-0.04967585783075245,0.00927985678980431,3,10.0,results/tahoe/bal15_drugs/loclo_loo__scvi__biomed__mlp
loclo_loo,scvi,biomed,mlp,full,none,within_drug,AUROC,0.4536512459037451,0.004022852861615458,3,10.0,results/tahoe/bal15_drugs/loclo_loo__scvi__biomed__mlp
loclo_loo,scvi,biomed,mlp,full,none,within_cell_line,MCC,0.511385387306104,0.012341843045955241,3,38.0,results/tahoe/bal15_drugs/loclo_loo__scvi__biomed__mlp
loclo_loo,scvi,biomed,mlp,full,none,within_cell_line,AUROC,0.8399731968810916,0.010244634375318376,3,38.0,results/tahoe/bal15_drugs/loclo_loo__scvi__biomed__mlp
loclo_loo,scvi,biomed,mlp,full,none,overall,MCC,0.5113853873061037,0.0438499607431881,38,,results/tahoe/bal15_drugs/loclo_loo__scvi__biomed__mlp
loclo_loo,scvi,biomed,mlp,full,none,overall,AUROC,0.8399731968810916,0.0258379897274181,38,,results/tahoe/bal15_drugs/loclo_loo__scvi__biomed__mlp
loclo_loo,scvi,biomed,xrfm,full,none,within_drug,MCC,-0.03448393926502565,0.015876171776822375,3,10.0,results/tahoe/bal15_drugs/loclo_loo__scvi__biomed__xrfm
loclo_loo,scvi,biomed,xrfm,full,none,within_drug,AUROC,0.4923651917401126,0.017055173342537432,3,10.0,results/tahoe/bal15_drugs/loclo_loo__scvi__biomed__xrfm
loclo_loo,scvi,biomed,xrfm,full,none,within_cell_line,MCC,0.5211066522639675,0.015042571012154005,3,38.0,results/tahoe/bal15_drugs/loclo_loo__scvi__biomed__xrfm
loclo_loo,scvi,biomed,xrfm,full,none,within_cell_line,AUROC,0.842592940685046,0.005553917283827887,3,38.0,results/tahoe/bal15_drugs/loclo_loo__scvi__biomed__xrfm
loclo_loo,scvi,biomed,xrfm,full,none,overall,MCC,0.5211066522639675,0.0441557404047818,38,,results/tahoe/bal15_drugs/loclo_loo__scvi__biomed__xrfm
loclo_loo,scvi,biomed,xrfm,full,none,overall,AUROC,0.842592940685046,0.0276513624127274,38,,results/tahoe/bal15_drugs/loclo_loo__scvi__biomed__xrfm
loclo_loo,scvi,chemberta,lightgbm,full,none,within_drug,MCC,-0.04022890926462392,0.005512093468323611,3,10.0,results/tahoe/bal15_drugs/loclo_loo__scvi__chemberta__lightgbm
loclo_loo,scvi,chemberta,lightgbm,full,none,within_drug,AUROC,0.46762161153564524,0.019403119136234836,3,10.0,results/tahoe/bal15_drugs/loclo_loo__scvi__chemberta__lightgbm
loclo_loo,scvi,chemberta,lightgbm,full,none,within_cell_line,MCC,0.5272717510659448,0.006302309005742842,3,38.0,results/tahoe/bal15_drugs/loclo_loo__scvi__chemberta__lightgbm
loclo_loo,scvi,chemberta,lightgbm,full,none,within_cell_line,AUROC,0.8317018240044556,0.003693282238811452,3,38.0,results/tahoe/bal15_drugs/loclo_loo__scvi__chemberta__lightgbm
loclo_loo,scvi,chemberta,lightgbm,full,none,overall,MCC,0.5272717510659447,0.0403484253204117,38,,results/tahoe/bal15_drugs/loclo_loo__scvi__chemberta__lightgbm
loclo_loo,scvi,chemberta,lightgbm,full,none,overall,AUROC,0.8317018240044556,0.027905122462037,38,,results/tahoe/bal15_drugs/loclo_loo__scvi__chemberta__lightgbm
loclo_loo,scvi,chemberta,mlp,full,none,within_drug,MCC,-0.0640537908779503,0.021285305948512013,3,10.0,results/tahoe/bal15_drugs/loclo_loo__scvi__chemberta__mlp
loclo_loo,scvi,chemberta,mlp,full,none,within_drug,AUROC,0.46768908920065816,0.0038733295320314827,3,10.0,results/tahoe/bal15_drugs/loclo_loo__scvi__chemberta__mlp
loclo_loo,scvi,chemberta,mlp,full,none,within_cell_line,MCC,0.5179267414202714,0.010551977686251029,3,38.0,results/tahoe/bal15_drugs/loclo_loo__scvi__chemberta__mlp
loclo_loo,scvi,chemberta,mlp,full,none,within_cell_line,AUROC,0.8458559593428014,0.0036895869569828206,3,38.0,results/tahoe/bal15_drugs/loclo_loo__scvi__chemberta__mlp
loclo_loo,scvi,chemberta,mlp,full,none,overall,MCC,0.5179267414202711,0.0428984467675623,38,,results/tahoe/bal15_drugs/loclo_loo__scvi__chemberta__mlp
loclo_loo,scvi,chemberta,mlp,full,none,overall,AUROC,0.8458559593428014,0.0239754171098513,38,,results/tahoe/bal15_drugs/loclo_loo__scvi__chemberta__mlp
loclo_loo,scvi,chemberta,xrfm,full,none,within_drug,MCC,-0.02923456015529505,0.0034558498259886243,3,10.0,results/tahoe/bal15_drugs/loclo_loo__scvi__chemberta__xrfm
loclo_loo,scvi,chemberta,xrfm,full,none,within_drug,AUROC,0.46527764436108066,0.012380131427776147,3,10.0,results/tahoe/bal15_drugs/loclo_loo__scvi__chemberta__xrfm
loclo_loo,scvi,chemberta,xrfm,full,none,within_cell_line,MCC,0.5070863787123501,0.01633422587841262,3,38.0,results/tahoe/bal15_drugs/loclo_loo__scvi__chemberta__xrfm
loclo_loo,scvi,chemberta,xrfm,full,none,within_cell_line,AUROC,0.842323865218602,0.010343358979611616,3,38.0,results/tahoe/bal15_drugs/loclo_loo__scvi__chemberta__xrfm
loclo_loo,scvi,chemberta,xrfm,full,none,overall,MCC,0.5070863787123501,0.0455313620700676,38,,results/tahoe/bal15_drugs/loclo_loo__scvi__chemberta__xrfm
loclo_loo,scvi,chemberta,xrfm,full,none,overall,AUROC,0.8423238652186021,0.0263556109749788,38,,results/tahoe/bal15_drugs/loclo_loo__scvi__chemberta__xrfm
loclo_loo,scvi,maccs,lightgbm,full,none,within_drug,MCC,-0.017278431387160058,0.012786245185665866,3,10.0,results/tahoe/bal15_drugs/loclo_loo__scvi__maccs__lightgbm
loclo_loo,scvi,maccs,lightgbm,full,none,within_drug,AUROC,0.47316915404230037,0.013977180584689452,3,10.0,results/tahoe/bal15_drugs/loclo_loo__scvi__maccs__lightgbm
loclo_loo,scvi,maccs,lightgbm,full,none,within_cell_line,MCC,0.532406816367739,0.004047854711448855,3,38.0,results/tahoe/bal15_drugs/loclo_loo__scvi__maccs__lightgbm
loclo_loo,scvi,maccs,lightgbm,full,none,within_cell_line,AUROC,0.8345822890559734,0.0030539791561671062,3,38.0,results/tahoe/bal15_drugs/loclo_loo__scvi__maccs__lightgbm
loclo_loo,scvi,maccs,lightgbm,full,none,overall,MCC,0.5324068163677388,0.0410872196245372,38,,results/tahoe/bal15_drugs/loclo_loo__scvi__maccs__lightgbm
loclo_loo,scvi,maccs,lightgbm,full,none,overall,AUROC,0.8345822890559733,0.0280505134267403,38,,results/tahoe/bal15_drugs/loclo_loo__scvi__maccs__lightgbm
loclo_loo,scvi,maccs,mlp,full,none,within_drug,MCC,-0.06808408691085328,0.00868474792204487,3,10.0,results/tahoe/bal15_drugs/loclo_loo__scvi__maccs__mlp
loclo_loo,scvi,maccs,mlp,full,none,within_drug,AUROC,0.451605623508662,0.005025173347955776,3,10.0,results/tahoe/bal15_drugs/loclo_loo__scvi__maccs__mlp
loclo_loo,scvi,maccs,mlp,full,none,within_cell_line,MCC,0.5106028792421662,0.010766231513979067,3,38.0,results/tahoe/bal15_drugs/loclo_loo__scvi__maccs__mlp
loclo_loo,scvi,maccs,mlp,full,none,within_cell_line,AUROC,0.8518111250348093,0.005405724132832367,3,38.0,results/tahoe/bal15_drugs/loclo_loo__scvi__maccs__mlp
loclo_loo,scvi,maccs,mlp,full,none,overall,MCC,0.5106028792421661,0.0471281104180958,38,,results/tahoe/bal15_drugs/loclo_loo__scvi__maccs__mlp
loclo_loo,scvi,maccs,mlp,full,none,overall,AUROC,0.8518111250348093,0.0231452212145576,38,,results/tahoe/bal15_drugs/loclo_loo__scvi__maccs__mlp
loclo_loo,scvi,maccs,xrfm,full,none,within_drug,MCC,-0.021049111667309883,0.014056162211714785,3,10.0,results/tahoe/bal15_drugs/loclo_loo__scvi__maccs__xrfm
loclo_loo,scvi,maccs,xrfm,full,none,within_drug,AUROC,0.46151332836095005,0.018526850642402178,3,10.0,results/tahoe/bal15_drugs/loclo_loo__scvi__maccs__xrfm
loclo_loo,scvi,maccs,xrfm,full,none,within_cell_line,MCC,0.5352262416792676,0.014035481746332045,3,38.0,results/tahoe/bal15_drugs/loclo_loo__scvi__maccs__xrfm
loclo_loo,scvi,maccs,xrfm,full,none,within_cell_line,AUROC,0.8508552631578947,0.0035200520915167027,3,38.0,results/tahoe/bal15_drugs/loclo_loo__scvi__maccs__xrfm
loclo_loo,scvi,maccs,xrfm,full,none,overall,MCC,0.5352262416792676,0.0433810628888386,38,,results/tahoe/bal15_drugs/loclo_loo__scvi__maccs__xrfm
loclo_loo,scvi,maccs,xrfm,full,none,overall,AUROC,0.8508552631578946,0.0242910790131048,38,,results/tahoe/bal15_drugs/loclo_loo__scvi__maccs__xrfm
loclo_loo,scvi,materials,lightgbm,full,none,within_drug,MCC,-0.027388525209741738,0.011532245627019069,3,10.0,results/tahoe/bal15_drugs/loclo_loo__scvi__materials__lightgbm
loclo_loo,scvi,materials,lightgbm,full,none,within_drug,AUROC,0.4730991669993927,0.0171560099183652,3,10.0,results/tahoe/bal15_drugs/loclo_loo__scvi__materials__lightgbm
loclo_loo,scvi,materials,lightgbm,full,none,within_cell_line,MCC,0.5297579263230197,0.005460789251992664,3,38.0,results/tahoe/bal15_drugs/loclo_loo__scvi__materials__lightgbm
loclo_loo,scvi,materials,lightgbm,full,none,within_cell_line,AUROC,0.8343327067669173,0.0037539530454694563,3,38.0,results/tahoe/bal15_drugs/loclo_loo__scvi__materials__lightgbm
loclo_loo,scvi,materials,lightgbm,full,none,overall,MCC,0.5297579263230195,0.0407134182650514,38,,results/tahoe/bal15_drugs/loclo_loo__scvi__materials__lightgbm
loclo_loo,scvi,materials,lightgbm,full,none,overall,AUROC,0.8343327067669174,0.0280506173627176,38,,results/tahoe/bal15_drugs/loclo_loo__scvi__materials__lightgbm
loclo_loo,scvi,materials,mlp,full,none,within_drug,MCC,-0.0355865187683185,0.012187229387208308,3,10.0,results/tahoe/bal15_drugs/loclo_loo__scvi__materials__mlp
loclo_loo,scvi,materials,mlp,full,none,within_drug,AUROC,0.4529905552979092,0.004916818186861045,3,10.0,results/tahoe/bal15_drugs/loclo_loo__scvi__materials__mlp
loclo_loo,scvi,materials,mlp,full,none,within_cell_line,MCC,0.5315278721930802,0.0006917399676736298,3,38.0,results/tahoe/bal15_drugs/loclo_loo__scvi__materials__mlp
loclo_loo,scvi,materials,mlp,full,none,within_cell_line,AUROC,0.8469879560011139,0.008332100967298512,3,38.0,results/tahoe/bal15_drugs/loclo_loo__scvi__materials__mlp
loclo_loo,scvi,materials,mlp,full,none,overall,MCC,0.5315278721930801,0.040258263213495,38,,results/tahoe/bal15_drugs/loclo_loo__scvi__materials__mlp
loclo_loo,scvi,materials,mlp,full,none,overall,AUROC,0.846987956001114,0.0232236369649388,38,,results/tahoe/bal15_drugs/loclo_loo__scvi__materials__mlp
loclo_loo,scvi,materials,xrfm,full,none,within_drug,MCC,-0.03843836362495392,0.012478676374362216,3,10.0,results/tahoe/bal15_drugs/loclo_loo__scvi__materials__xrfm
loclo_loo,scvi,materials,xrfm,full,none,within_drug,AUROC,0.454772843091335,0.009218425704536667,3,10.0,results/tahoe/bal15_drugs/loclo_loo__scvi__materials__xrfm
loclo_loo,scvi,materials,xrfm,full,none,within_cell_line,MCC,0.5140800602125707,0.016840457608280977,3,38.0,results/tahoe/bal15_drugs/loclo_loo__scvi__materials__xrfm
loclo_loo,scvi,materials,xrfm,full,none,within_cell_line,AUROC,0.837545948203843,0.006508396630571721,3,38.0,results/tahoe/bal15_drugs/loclo_loo__scvi__materials__xrfm
loclo_loo,scvi,materials,xrfm,full,none,overall,MCC,0.5140800602125705,0.0439240066698586,38,,results/tahoe/bal15_drugs/loclo_loo__scvi__materials__xrfm
loclo_loo,scvi,materials,xrfm,full,none,overall,AUROC,0.8375459482038431,0.0283144766040328,38,,results/tahoe/bal15_drugs/loclo_loo__scvi__materials__xrfm
loclo_loo,scvi,molformer,lightgbm,full,none,within_drug,MCC,-0.028056440555922837,0.005781554820012668,3,10.0,results/tahoe/bal15_drugs/loclo_loo__scvi__molformer__lightgbm
loclo_loo,scvi,molformer,lightgbm,full,none,within_drug,AUROC,0.4641765881263638,0.016874633097624336,3,10.0,results/tahoe/bal15_drugs/loclo_loo__scvi__molformer__lightgbm
loclo_loo,scvi,molformer,lightgbm,full,none,within_cell_line,MCC,0.5282268075830506,0.0029331777737765163,3,38.0,results/tahoe/bal15_drugs/loclo_loo__scvi__molformer__lightgbm
loclo_loo,scvi,molformer,lightgbm,full,none,within_cell_line,AUROC,0.8344172932330828,0.004202795442391733,3,38.0,results/tahoe/bal15_drugs/loclo_loo__scvi__molformer__lightgbm
loclo_loo,scvi,molformer,lightgbm,full,none,overall,MCC,0.5282268075830504,0.0408429424381473,38,,results/tahoe/bal15_drugs/loclo_loo__scvi__molformer__lightgbm
loclo_loo,scvi,molformer,lightgbm,full,none,overall,AUROC,0.8344172932330828,0.0276763042272811,38,,results/tahoe/bal15_drugs/loclo_loo__scvi__molformer__lightgbm
loclo_loo,scvi,molformer,mlp,full,none,within_drug,MCC,-0.04359683226799425,0.005294044695682912,3,10.0,results/tahoe/bal15_drugs/loclo_loo__scvi__molformer__mlp
loclo_loo,scvi,molformer,mlp,full,none,within_drug,AUROC,0.4516972390540392,0.0008703069836970444,3,10.0,results/tahoe/bal15_drugs/loclo_loo__scvi__molformer__mlp
loclo_loo,scvi,molformer,mlp,full,none,within_cell_line,MCC,0.5187540383291531,0.013869013516818653,3,38.0,results/tahoe/bal15_drugs/loclo_loo__scvi__molformer__mlp
loclo_loo,scvi,molformer,mlp,full,none,within_cell_line,AUROC,0.8437768031189083,0.008598447066410036,3,38.0,results/tahoe/bal15_drugs/loclo_loo__scvi__molformer__mlp
loclo_loo,scvi,molformer,mlp,full,none,overall,MCC,0.518754038329153,0.0413210700320458,38,,results/tahoe/bal15_drugs/loclo_loo__scvi__molformer__mlp
loclo_loo,scvi,molformer,mlp,full,none,overall,AUROC,0.8437768031189085,0.023239403937836,38,,results/tahoe/bal15_drugs/loclo_loo__scvi__molformer__mlp
loclo_loo,scvi,molformer,xrfm,full,none,within_drug,MCC,-0.03632930266639151,0.010164078834722314,3,10.0,results/tahoe/bal15_drugs/loclo_loo__scvi__molformer__xrfm
loclo_loo,scvi,molformer,xrfm,full,none,within_drug,AUROC,0.47385632041904113,0.010793841682878547,3,10.0,results/tahoe/bal15_drugs/loclo_loo__scvi__molformer__xrfm
loclo_loo,scvi,molformer,xrfm,full,none,within_cell_line,MCC,0.519138667223063,0.006290814251466472,3,38.0,results/tahoe/bal15_drugs/loclo_loo__scvi__molformer__xrfm
loclo_loo,scvi,molformer,xrfm,full,none,within_cell_line,AUROC,0.8428393901420218,0.003381197385037915,3,38.0,results/tahoe/bal15_drugs/loclo_loo__scvi__molformer__xrfm
loclo_loo,scvi,molformer,xrfm,full,none,overall,MCC,0.5191386672230629,0.044182923132089,38,,results/tahoe/bal15_drugs/loclo_loo__scvi__molformer__xrfm
loclo_loo,scvi,molformer,xrfm,full,none,overall,AUROC,0.8428393901420217,0.0271755620833928,38,,results/tahoe/bal15_drugs/loclo_loo__scvi__molformer__xrfm
loclo_loo,scvi,morgan,lightgbm,full,none,within_drug,MCC,-0.025915666971392626,0.00794140108713421,3,10.0,results/tahoe/bal15_drugs/loclo_loo__scvi__morgan__lightgbm
loclo_loo,scvi,morgan,lightgbm,full,none,within_drug,AUROC,0.4635792569684554,0.014586492035189169,3,10.0,results/tahoe/bal15_drugs/loclo_loo__scvi__morgan__lightgbm
loclo_loo,scvi,morgan,lightgbm,full,none,within_cell_line,MCC,0.5335655320284435,0.007358288645818964,3,38.0,results/tahoe/bal15_drugs/loclo_loo__scvi__morgan__lightgbm
loclo_loo,scvi,morgan,lightgbm,full,none,within_cell_line,AUROC,0.8386894319131161,0.002971707761088856,3,38.0,results/tahoe/bal15_drugs/loclo_loo__scvi__morgan__lightgbm
loclo_loo,scvi,morgan,lightgbm,full,none,overall,MCC,0.5335655320284434,0.0413122893567258,38,,results/tahoe/bal15_drugs/loclo_loo__scvi__morgan__lightgbm
loclo_loo,scvi,morgan,lightgbm,full,none,overall,AUROC,0.8386894319131162,0.0274816963287239,38,,results/tahoe/bal15_drugs/loclo_loo__scvi__morgan__lightgbm
loclo_loo,scvi,morgan,mlp,full,none,within_drug,MCC,-0.07011457392649206,0.00951021198525857,3,10.0,results/tahoe/bal15_drugs/loclo_loo__scvi__morgan__mlp
loclo_loo,scvi,morgan,mlp,full,none,within_drug,AUROC,0.44686676103611017,0.010645498497690543,3,10.0,results/tahoe/bal15_drugs/loclo_loo__scvi__morgan__mlp
loclo_loo,scvi,morgan,mlp,full,none,within_cell_line,MCC,0.4978620231809325,0.0029824340250689564,3,38.0,results/tahoe/bal15_drugs/loclo_loo__scvi__morgan__mlp
loclo_loo,scvi,morgan,mlp,full,none,within_cell_line,AUROC,0.8325602199944305,0.0036776359113616713,3,38.0,results/tahoe/bal15_drugs/loclo_loo__scvi__morgan__mlp
loclo_loo,scvi,morgan,mlp,full,none,overall,MCC,0.4978620231809323,0.046968067001349,38,,results/tahoe/bal15_drugs/loclo_loo__scvi__morgan__mlp
loclo_loo,scvi,morgan,mlp,full,none,overall,AUROC,0.8325602199944304,0.0270711067720184,38,,results/tahoe/bal15_drugs/loclo_loo__scvi__morgan__mlp
loclo_loo,scvi,morgan,xrfm,full,none,within_drug,MCC,-0.025967022958989634,0.008837246978168772,3,10.0,results/tahoe/bal15_drugs/loclo_loo__scvi__morgan__xrfm
loclo_loo,scvi,morgan,xrfm,full,none,within_drug,AUROC,0.461995370409461,0.008788513683054385,3,10.0,results/tahoe/bal15_drugs/loclo_loo__scvi__morgan__xrfm
loclo_loo,scvi,morgan,xrfm,full,none,within_cell_line,MCC,0.5210598062003845,0.011105070738316083,3,38.0,results/tahoe/bal15_drugs/loclo_loo__scvi__morgan__xrfm
loclo_loo,scvi,morgan,xrfm,full,none,within_cell_line,AUROC,0.8394402673350041,0.0056533511668851,3,38.0,results/tahoe/bal15_drugs/loclo_loo__scvi__morgan__xrfm
loclo_loo,scvi,morgan,xrfm,full,none,overall,MCC,0.5210598062003845,0.0445761958899013,38,,results/tahoe/bal15_drugs/loclo_loo__scvi__morgan__xrfm
loclo_loo,scvi,morgan,xrfm,full,none,overall,AUROC,0.8394402673350042,0.0264670572384212,38,,results/tahoe/bal15_drugs/loclo_loo__scvi__morgan__xrfm
lodo_loo,gene_jepa,biomed,lightgbm,full,none,within_drug,MCC,0.3672818876452875,0.003491430896437642,3,10.0,results/tahoe/bal15_drugs/lodo_loo__gene_jepa__biomed__lightgbm
lodo_loo,gene_jepa,biomed,lightgbm,full,none,within_drug,AUROC,0.855774196327373,0.0011109664759822058,3,10.0,results/tahoe/bal15_drugs/lodo_loo__gene_jepa__biomed__lightgbm
lodo_loo,gene_jepa,biomed,lightgbm,full,none,within_cell_line,MCC,-0.1719853332954252,0.004503389864208596,3,38.0,results/tahoe/bal15_drugs/lodo_loo__gene_jepa__biomed__lightgbm
lodo_loo,gene_jepa,biomed,lightgbm,full,none,within_cell_line,AUROC,0.25865740740740745,0.009177243961355499,3,38.0,results/tahoe/bal15_drugs/lodo_loo__gene_jepa__biomed__lightgbm
lodo_loo,gene_jepa,biomed,lightgbm,full,none,overall,MCC,0.3672818876452876,0.0414763979158096,10,,results/tahoe/bal15_drugs/lodo_loo__gene_jepa__biomed__lightgbm
lodo_loo,gene_jepa,biomed,lightgbm,full,none,overall,AUROC,0.855774196327373,0.0105916366756395,10,,results/tahoe/bal15_drugs/lodo_loo__gene_jepa__biomed__lightgbm
lodo_loo,gene_jepa,biomed,mlp,full,none,within_drug,MCC,0.359352686103339,0.0013798770825750122,3,10.0,results/tahoe/bal15_drugs/lodo_loo__gene_jepa__biomed__mlp
lodo_loo,gene_jepa,biomed,mlp,full,none,within_drug,AUROC,0.8228373221552329,0.0026926517953324365,3,10.0,results/tahoe/bal15_drugs/lodo_loo__gene_jepa__biomed__mlp
lodo_loo,gene_jepa,biomed,mlp,full,none,within_cell_line,MCC,0.31357506801547036,0.019899710936340746,3,38.0,results/tahoe/bal15_drugs/lodo_loo__gene_jepa__biomed__mlp
lodo_loo,gene_jepa,biomed,mlp,full,none,within_cell_line,AUROC,0.7467174881648565,0.015610855677140477,3,38.0,results/tahoe/bal15_drugs/lodo_loo__gene_jepa__biomed__mlp
lodo_loo,gene_jepa,biomed,mlp,full,none,overall,MCC,0.359352686103339,0.0401374860162048,10,,results/tahoe/bal15_drugs/lodo_loo__gene_jepa__biomed__mlp
lodo_loo,gene_jepa,biomed,mlp,full,none,overall,AUROC,0.8228373221552328,0.0147364337034896,10,,results/tahoe/bal15_drugs/lodo_loo__gene_jepa__biomed__mlp
lodo_loo,gene_jepa,biomed,xrfm,full,none,within_drug,MCC,0.2026224426052717,0.01074430018929158,3,10.0,results/tahoe/bal15_drugs/lodo_loo__gene_jepa__biomed__xrfm
lodo_loo,gene_jepa,biomed,xrfm,full,none,within_drug,AUROC,0.8106803276768094,0.008492592122361869,3,10.0,results/tahoe/bal15_drugs/lodo_loo__gene_jepa__biomed__xrfm
lodo_loo,gene_jepa,biomed,xrfm,full,none,within_cell_line,MCC,0.33176766359699883,0.00573277234617478,3,38.0,results/tahoe/bal15_drugs/lodo_loo__gene_jepa__biomed__xrfm
lodo_loo,gene_jepa,biomed,xrfm,full,none,within_cell_line,AUROC,0.7866844193817878,0.00684513446326786,3,38.0,results/tahoe/bal15_drugs/lodo_loo__gene_jepa__biomed__xrfm
lodo_loo,gene_jepa,biomed,xrfm,full,none,overall,MCC,0.2026224426052717,0.0642956348128851,10,,results/tahoe/bal15_drugs/lodo_loo__gene_jepa__biomed__xrfm
lodo_loo,gene_jepa,biomed,xrfm,full,none,overall,AUROC,0.8106803276768094,0.025381684880016,10,,results/tahoe/bal15_drugs/lodo_loo__gene_jepa__biomed__xrfm
lodo_loo,gene_jepa,chemberta,lightgbm,full,none,within_drug,MCC,0.428158799701984,0.0014500877496646319,3,10.0,results/tahoe/bal15_drugs/lodo_loo__gene_jepa__chemberta__lightgbm
lodo_loo,gene_jepa,chemberta,lightgbm,full,none,within_drug,AUROC,0.8516964383070809,0.0003138404918237033,3,10.0,results/tahoe/bal15_drugs/lodo_loo__gene_jepa__chemberta__lightgbm
lodo_loo,gene_jepa,chemberta,lightgbm,full,none,within_cell_line,MCC,0.3675350916453941,0.020899101010394848,3,38.0,results/tahoe/bal15_drugs/lodo_loo__gene_jepa__chemberta__lightgbm
lodo_loo,gene_jepa,chemberta,lightgbm,full,none,within_cell_line,AUROC,0.7104546087440825,0.0030546642763685434,3,38.0,results/tahoe/bal15_drugs/lodo_loo__gene_jepa__chemberta__lightgbm
lodo_loo,gene_jepa,chemberta,lightgbm,full,none,overall,MCC,0.4281587997019839,0.0332562736519228,10,,results/tahoe/bal15_drugs/lodo_loo__gene_jepa__chemberta__lightgbm
lodo_loo,gene_jepa,chemberta,lightgbm,full,none,overall,AUROC,0.8516964383070809,0.012885809525742,10,,results/tahoe/bal15_drugs/lodo_loo__gene_jepa__chemberta__lightgbm
lodo_loo,gene_jepa,chemberta,mlp,full,none,within_drug,MCC,0.3699416419603068,0.010701551913013594,3,10.0,results/tahoe/bal15_drugs/lodo_loo__gene_jepa__chemberta__mlp
lodo_loo,gene_jepa,chemberta,mlp,full,none,within_drug,AUROC,0.8019948100095794,0.003038448220695867,3,10.0,results/tahoe/bal15_drugs/lodo_loo__gene_jepa__chemberta__mlp
lodo_loo,gene_jepa,chemberta,mlp,full,none,within_cell_line,MCC,0.2273200062468844,0.03800456515960911,3,38.0,results/tahoe/bal15_drugs/lodo_loo__gene_jepa__chemberta__mlp
lodo_loo,gene_jepa,chemberta,mlp,full,none,within_cell_line,AUROC,0.736570941241994,0.008512432613871168,3,38.0,results/tahoe/bal15_drugs/lodo_loo__gene_jepa__chemberta__mlp
lodo_loo,gene_jepa,chemberta,mlp,full,none,overall,MCC,0.3699416419603069,0.0536982065781796,10,,results/tahoe/bal15_drugs/lodo_loo__gene_jepa__chemberta__mlp
lodo_loo,gene_jepa,chemberta,mlp,full,none,overall,AUROC,0.8019948100095793,0.0202759504387506,10,,results/tahoe/bal15_drugs/lodo_loo__gene_jepa__chemberta__mlp
lodo_loo,gene_jepa,chemberta,xrfm,full,none,within_drug,MCC,0.404143817532766,0.014001882844550183,3,10.0,results/tahoe/bal15_drugs/lodo_loo__gene_jepa__chemberta__xrfm
lodo_loo,gene_jepa,chemberta,xrfm,full,none,within_drug,AUROC,0.841673496512108,0.0012523681628046756,3,10.0,results/tahoe/bal15_drugs/lodo_loo__gene_jepa__chemberta__xrfm
lodo_loo,gene_jepa,chemberta,xrfm,full,none,within_cell_line,MCC,0.26864736667215994,0.009412946760460674,3,38.0,results/tahoe/bal15_drugs/lodo_loo__gene_jepa__chemberta__xrfm
lodo_loo,gene_jepa,chemberta,xrfm,full,none,within_cell_line,AUROC,0.7516736285157338,0.004612716145831521,3,38.0,results/tahoe/bal15_drugs/lodo_loo__gene_jepa__chemberta__xrfm
lodo_loo,gene_jepa,chemberta,xrfm,full,none,overall,MCC,0.404143817532766,0.039253594165494,10,,results/tahoe/bal15_drugs/lodo_loo__gene_jepa__chemberta__xrfm
lodo_loo,gene_jepa,chemberta,xrfm,full,none,overall,AUROC,0.841673496512108,0.0140679862498555,10,,results/tahoe/bal15_drugs/lodo_loo__gene_jepa__chemberta__xrfm
lodo_loo,gene_jepa,maccs,lightgbm,full,none,within_drug,MCC,0.3442097283652806,0.015372470478392852,3,10.0,results/tahoe/bal15_drugs/lodo_loo__gene_jepa__maccs__lightgbm
lodo_loo,gene_jepa,maccs,lightgbm,full,none,within_drug,AUROC,0.8606085875145042,0.0008762580113202674,3,10.0,results/tahoe/bal15_drugs/lodo_loo__gene_jepa__maccs__lightgbm
lodo_loo,gene_jepa,maccs,lightgbm,full,none,within_cell_line,MCC,-0.13935703361838955,0.008097864877136578,3,38.0,results/tahoe/bal15_drugs/lodo_loo__gene_jepa__maccs__lightgbm
lodo_loo,gene_jepa,maccs,lightgbm,full,none,within_cell_line,AUROC,0.5173694653299917,0.008022645804168112,3,38.0,results/tahoe/bal15_drugs/lodo_loo__gene_jepa__maccs__lightgbm
lodo_loo,gene_jepa,maccs,lightgbm,full,none,overall,MCC,0.3442097283652806,0.0512629678457057,10,,results/tahoe/bal15_drugs/lodo_loo__gene_jepa__maccs__lightgbm
lodo_loo,gene_jepa,maccs,lightgbm,full,none,overall,AUROC,0.8606085875145041,0.0143943891568251,10,,results/tahoe/bal15_drugs/lodo_loo__gene_jepa__maccs__lightgbm
lodo_loo,gene_jepa,maccs,mlp,full,none,within_drug,MCC,0.4637069900222457,0.00666746125230762,3,10.0,results/tahoe/bal15_drugs/lodo_loo__gene_jepa__maccs__mlp
lodo_loo,gene_jepa,maccs,mlp,full,none,within_drug,AUROC,0.8399972116539368,0.004197458438537964,3,10.0,results/tahoe/bal15_drugs/lodo_loo__gene_jepa__maccs__mlp
lodo_loo,gene_jepa,maccs,mlp,full,none,within_cell_line,MCC,0.3789616114659795,0.014616284789613547,3,38.0,results/tahoe/bal15_drugs/lodo_loo__gene_jepa__maccs__mlp
lodo_loo,gene_jepa,maccs,mlp,full,none,within_cell_line,AUROC,0.7836330409356725,0.0030507165578932027,3,38.0,results/tahoe/bal15_drugs/lodo_loo__gene_jepa__maccs__mlp
lodo_loo,gene_jepa,maccs,mlp,full,none,overall,MCC,0.4637069900222457,0.051403541619381,10,,results/tahoe/bal15_drugs/lodo_loo__gene_jepa__maccs__mlp
lodo_loo,gene_jepa,maccs,mlp,full,none,overall,AUROC,0.8399972116539367,0.01774585177809,10,,results/tahoe/bal15_drugs/lodo_loo__gene_jepa__maccs__mlp
lodo_loo,gene_jepa,maccs,xrfm,full,none,within_drug,MCC,0.5274414516156352,0.0025009942478318448,3,10.0,results/tahoe/bal15_drugs/lodo_loo__gene_jepa__maccs__xrfm
lodo_loo,gene_jepa,maccs,xrfm,full,none,within_drug,AUROC,0.8685108135970214,0.0008548107941012997,3,10.0,results/tahoe/bal15_drugs/lodo_loo__gene_jepa__maccs__xrfm
lodo_loo,gene_jepa,maccs,xrfm,full,none,within_cell_line,MCC,0.3542445027810139,0.009535907562101941,3,38.0,results/tahoe/bal15_drugs/lodo_loo__gene_jepa__maccs__xrfm
lodo_loo,gene_jepa,maccs,xrfm,full,none,within_cell_line,AUROC,0.7827300891116681,0.0033667539517829924,3,38.0,results/tahoe/bal15_drugs/lodo_loo__gene_jepa__maccs__xrfm
lodo_loo,gene_jepa,maccs,xrfm,full,none,overall,MCC,0.5274414516156352,0.0492731400469248,10,,results/tahoe/bal15_drugs/lodo_loo__gene_jepa__maccs__xrfm
lodo_loo,gene_jepa,maccs,xrfm,full,none,overall,AUROC,0.8685108135970214,0.0156681772918915,10,,results/tahoe/bal15_drugs/lodo_loo__gene_jepa__maccs__xrfm
lodo_loo,gene_jepa,materials,lightgbm,full,none,within_drug,MCC,0.3895093135491783,0.019582360878750135,3,10.0,results/tahoe/bal15_drugs/lodo_loo__gene_jepa__materials__lightgbm
lodo_loo,gene_jepa,materials,lightgbm,full,none,within_drug,AUROC,0.8621324383071839,0.001206845219828801,3,10.0,results/tahoe/bal15_drugs/lodo_loo__gene_jepa__materials__lightgbm
lodo_loo,gene_jepa,materials,lightgbm,full,none,within_cell_line,MCC,0.27645863039999696,0.005005018612787887,3,38.0,results/tahoe/bal15_drugs/lodo_loo__gene_jepa__materials__lightgbm
lodo_loo,gene_jepa,materials,lightgbm,full,none,within_cell_line,AUROC,0.7635359231411863,0.005789422826323486,3,38.0,results/tahoe/bal15_drugs/lodo_loo__gene_jepa__materials__lightgbm
lodo_loo,gene_jepa,materials,lightgbm,full,none,overall,MCC,0.3895093135491783,0.0413301956887707,10,,results/tahoe/bal15_drugs/lodo_loo__gene_jepa__materials__lightgbm
lodo_loo,gene_jepa,materials,lightgbm,full,none,overall,AUROC,0.8621324383071837,0.0159032819373821,10,,results/tahoe/bal15_drugs/lodo_loo__gene_jepa__materials__lightgbm
lodo_loo,gene_jepa,materials,mlp,full,none,within_drug,MCC,0.40228402898970533,0.009353794530683945,3,10.0,results/tahoe/bal15_drugs/lodo_loo__gene_jepa__materials__mlp
lodo_loo,gene_jepa,materials,mlp,full,none,within_drug,AUROC,0.8051809049027407,0.004619251753617882,3,10.0,results/tahoe/bal15_drugs/lodo_loo__gene_jepa__materials__mlp
lodo_loo,gene_jepa,materials,mlp,full,none,within_cell_line,MCC,0.19623054975425935,0.03246118281192145,3,38.0,results/tahoe/bal15_drugs/lodo_loo__gene_jepa__materials__mlp
lodo_loo,gene_jepa,materials,mlp,full,none,within_cell_line,AUROC,0.7104657477025897,0.01070253119700411,3,38.0,results/tahoe/bal15_drugs/lodo_loo__gene_jepa__materials__mlp
lodo_loo,gene_jepa,materials,mlp,full,none,overall,MCC,0.4022840289897053,0.0402833962014002,10,,results/tahoe/bal15_drugs/lodo_loo__gene_jepa__materials__mlp
lodo_loo,gene_jepa,materials,mlp,full,none,overall,AUROC,0.8051809049027409,0.0194489953738196,10,,results/tahoe/bal15_drugs/lodo_loo__gene_jepa__materials__mlp
lodo_loo,gene_jepa,materials,xrfm,full,none,within_drug,MCC,0.3439508013091513,0.003251352662839858,3,10.0,results/tahoe/bal15_drugs/lodo_loo__gene_jepa__materials__xrfm
lodo_loo,gene_jepa,materials,xrfm,full,none,within_drug,AUROC,0.8308657513909076,0.0032480451399220056,3,10.0,results/tahoe/bal15_drugs/lodo_loo__gene_jepa__materials__xrfm
lodo_loo,gene_jepa,materials,xrfm,full,none,within_cell_line,MCC,0.19457009250237847,0.011711355826709402,3,38.0,results/tahoe/bal15_drugs/lodo_loo__gene_jepa__materials__xrfm
lodo_loo,gene_jepa,materials,xrfm,full,none,within_cell_line,AUROC,0.6974394319131161,0.0073524992172330165,3,38.0,results/tahoe/bal15_drugs/lodo_loo__gene_jepa__materials__xrfm
lodo_loo,gene_jepa,materials,xrfm,full,none,overall,MCC,0.3439508013091513,0.0605029852483881,10,,results/tahoe/bal15_drugs/lodo_loo__gene_jepa__materials__xrfm
lodo_loo,gene_jepa,materials,xrfm,full,none,overall,AUROC,0.8308657513909076,0.0190464609186447,10,,results/tahoe/bal15_drugs/lodo_loo__gene_jepa__materials__xrfm
lodo_loo,gene_jepa,molformer,lightgbm,full,none,within_drug,MCC,0.39997976080621367,0.02112577091344442,3,10.0,results/tahoe/bal15_drugs/lodo_loo__gene_jepa__molformer__lightgbm
lodo_loo,gene_jepa,molformer,lightgbm,full,none,within_drug,AUROC,0.867073488545229,0.0009031325209193022,3,10.0,results/tahoe/bal15_drugs/lodo_loo__gene_jepa__molformer__lightgbm
lodo_loo,gene_jepa,molformer,lightgbm,full,none,within_cell_line,MCC,0.08551088249320732,0.017776514948049993,3,38.0,results/tahoe/bal15_drugs/lodo_loo__gene_jepa__molformer__lightgbm
lodo_loo,gene_jepa,molformer,lightgbm,full,none,within_cell_line,AUROC,0.6634576023391813,0.027679737451347365,3,38.0,results/tahoe/bal15_drugs/lodo_loo__gene_jepa__molformer__lightgbm
lodo_loo,gene_jepa,molformer,lightgbm,full,none,overall,MCC,0.3999797608062136,0.0465342058158593,10,,results/tahoe/bal15_drugs/lodo_loo__gene_jepa__molformer__lightgbm
lodo_loo,gene_jepa,molformer,lightgbm,full,none,overall,AUROC,0.8670734885452289,0.0129455717954867,10,,results/tahoe/bal15_drugs/lodo_loo__gene_jepa__molformer__lightgbm
lodo_loo,gene_jepa,molformer,mlp,full,none,within_drug,MCC,0.4261336616754017,0.016460731094196275,3,10.0,results/tahoe/bal15_drugs/lodo_loo__gene_jepa__molformer__mlp
lodo_loo,gene_jepa,molformer,mlp,full,none,within_drug,AUROC,0.8161886587008294,0.0019159697653889042,3,10.0,results/tahoe/bal15_drugs/lodo_loo__gene_jepa__molformer__mlp
lodo_loo,gene_jepa,molformer,mlp,full,none,within_cell_line,MCC,0.254545155785028,0.007146360863343937,3,38.0,results/tahoe/bal15_drugs/lodo_loo__gene_jepa__molformer__mlp
lodo_loo,gene_jepa,molformer,mlp,full,none,within_cell_line,AUROC,0.67948029796714,0.006488383301129753,3,38.0,results/tahoe/bal15_drugs/lodo_loo__gene_jepa__molformer__mlp
lodo_loo,gene_jepa,molformer,mlp,full,none,overall,MCC,0.4261336616754017,0.0531055188398459,10,,results/tahoe/bal15_drugs/lodo_loo__gene_jepa__molformer__mlp
lodo_loo,gene_jepa,molformer,mlp,full,none,overall,AUROC,0.8161886587008294,0.0221102233088566,10,,results/tahoe/bal15_drugs/lodo_loo__gene_jepa__molformer__mlp
lodo_loo,gene_jepa,molformer,xrfm,full,none,within_drug,MCC,0.3845907863343907,0.016503565651602818,3,10.0,results/tahoe/bal15_drugs/lodo_loo__gene_jepa__molformer__xrfm
lodo_loo,gene_jepa,molformer,xrfm,full,none,within_drug,AUROC,0.8356774940513588,0.004337469900577122,3,10.0,results/tahoe/bal15_drugs/lodo_loo__gene_jepa__molformer__xrfm
lodo_loo,gene_jepa,molformer,xrfm,full,none,within_cell_line,MCC,0.22109337313530494,0.006666205912336064,3,38.0,results/tahoe/bal15_drugs/lodo_loo__gene_jepa__molformer__xrfm
lodo_loo,gene_jepa,molformer,xrfm,full,none,within_cell_line,AUROC,0.7021491228070175,0.0027260332606995814,3,38.0,results/tahoe/bal15_drugs/lodo_loo__gene_jepa__molformer__xrfm
lodo_loo,gene_jepa,molformer,xrfm,full,none,overall,MCC,0.3845907863343907,0.0637755173486849,10,,results/tahoe/bal15_drugs/lodo_loo__gene_jepa__molformer__xrfm
lodo_loo,gene_jepa,molformer,xrfm,full,none,overall,AUROC,0.8356774940513588,0.0192731376593485,10,,results/tahoe/bal15_drugs/lodo_loo__gene_jepa__molformer__xrfm
lodo_loo,gene_jepa,morgan,lightgbm,full,none,within_drug,MCC,0.41397359310194637,0.003945834976576503,3,10.0,results/tahoe/bal15_drugs/lodo_loo__gene_jepa__morgan__lightgbm
lodo_loo,gene_jepa,morgan,lightgbm,full,none,within_drug,AUROC,0.8607559989784743,0.0015610878791834269,3,10.0,results/tahoe/bal15_drugs/lodo_loo__gene_jepa__morgan__lightgbm
lodo_loo,gene_jepa,morgan,lightgbm,full,none,within_cell_line,MCC,0.04339790229636282,0.00509204688646254,3,38.0,results/tahoe/bal15_drugs/lodo_loo__gene_jepa__morgan__lightgbm
lodo_loo,gene_jepa,morgan,lightgbm,full,none,within_cell_line,AUROC,0.5596254525201894,0.00111385358933684,3,38.0,results/tahoe/bal15_drugs/lodo_loo__gene_jepa__morgan__lightgbm
lodo_loo,gene_jepa,morgan,lightgbm,full,none,overall,MCC,0.4139735931019464,0.0481313403212047,10,,results/tahoe/bal15_drugs/lodo_loo__gene_jepa__morgan__lightgbm
lodo_loo,gene_jepa,morgan,lightgbm,full,none,overall,AUROC,0.8607559989784743,0.0150446515257638,10,,results/tahoe/bal15_drugs/lodo_loo__gene_jepa__morgan__lightgbm
lodo_loo,gene_jepa,morgan,mlp,full,none,within_drug,MCC,0.45689353594981386,0.013517350205234667,3,10.0,results/tahoe/bal15_drugs/lodo_loo__gene_jepa__morgan__mlp
lodo_loo,gene_jepa,morgan,mlp,full,none,within_drug,AUROC,0.8438636600252875,0.001214026941701266,3,10.0,results/tahoe/bal15_drugs/lodo_loo__gene_jepa__morgan__mlp
lodo_loo,gene_jepa,morgan,mlp,full,none,within_cell_line,MCC,0.12515221962805367,0.0011922244717888033,3,38.0,results/tahoe/bal15_drugs/lodo_loo__gene_jepa__morgan__mlp
lodo_loo,gene_jepa,morgan,mlp,full,none,within_cell_line,AUROC,0.62296783625731,0.002734167087189231,3,38.0,results/tahoe/bal15_drugs/lodo_loo__gene_jepa__morgan__mlp
lodo_loo,gene_jepa,morgan,mlp,full,none,overall,MCC,0.4568935359498138,0.037162072086212,10,,results/tahoe/bal15_drugs/lodo_loo__gene_jepa__morgan__mlp
lodo_loo,gene_jepa,morgan,mlp,full,none,overall,AUROC,0.8438636600252873,0.0170618253626621,10,,results/tahoe/bal15_drugs/lodo_loo__gene_jepa__morgan__mlp
lodo_loo,gene_jepa,morgan,xrfm,full,none,within_drug,MCC,0.4444055080141956,0.009882378111198901,3,10.0,results/tahoe/bal15_drugs/lodo_loo__gene_jepa__morgan__xrfm
lodo_loo,gene_jepa,morgan,xrfm,full,none,within_drug,AUROC,0.8556420796001158,0.0012686753218107672,3,10.0,results/tahoe/bal15_drugs/lodo_loo__gene_jepa__morgan__xrfm
lodo_loo,gene_jepa,morgan,xrfm,full,none,within_cell_line,MCC,0.028644312972493757,0.0042865786855506,3,38.0,results/tahoe/bal15_drugs/lodo_loo__gene_jepa__morgan__xrfm
lodo_loo,gene_jepa,morgan,xrfm,full,none,within_cell_line,AUROC,0.5825334168755222,0.012424485305114334,3,38.0,results/tahoe/bal15_drugs/lodo_loo__gene_jepa__morgan__xrfm
lodo_loo,gene_jepa,morgan,xrfm,full,none,overall,MCC,0.4444055080141956,0.0366546855371585,10,,results/tahoe/bal15_drugs/lodo_loo__gene_jepa__morgan__xrfm
lodo_loo,gene_jepa,morgan,xrfm,full,none,overall,AUROC,0.855642079600116,0.0183494650949124,10,,results/tahoe/bal15_drugs/lodo_loo__gene_jepa__morgan__xrfm
lodo_loo,gformer_cancer,biomed,lightgbm,full,none,within_drug,MCC,0.41307497905359686,0.0034635589821880924,3,10.0,results/tahoe/bal15_drugs/lodo_loo__gformer_cancer__biomed__lightgbm
lodo_loo,gformer_cancer,biomed,lightgbm,full,none,within_drug,AUROC,0.8483051994720064,0.000329367278718869,3,10.0,results/tahoe/bal15_drugs/lodo_loo__gformer_cancer__biomed__lightgbm
lodo_loo,gformer_cancer,biomed,lightgbm,full,none,within_cell_line,MCC,-0.14633880143560637,0.01027181204103059,3,38.0,results/tahoe/bal15_drugs/lodo_loo__gformer_cancer__biomed__lightgbm
lodo_loo,gformer_cancer,biomed,lightgbm,full,none,within_cell_line,AUROC,0.36013854079643554,0.0017011918525396547,3,38.0,results/tahoe/bal15_drugs/lodo_loo__gformer_cancer__biomed__lightgbm
lodo_loo,gformer_cancer,biomed,lightgbm,full,none,overall,MCC,0.4130749790535969,0.0422372115135736,10,,results/tahoe/bal15_drugs/lodo_loo__gformer_cancer__biomed__lightgbm
lodo_loo,gformer_cancer,biomed,lightgbm,full,none,overall,AUROC,0.8483051994720064,0.0149423030338239,10,,results/tahoe/bal15_drugs/lodo_loo__gformer_cancer__biomed__lightgbm
lodo_loo,gformer_cancer,biomed,mlp,full,none,within_drug,MCC,0.38369510719006383,0.004350586312223413,3,10.0,results/tahoe/bal15_drugs/lodo_loo__gformer_cancer__biomed__mlp
lodo_loo,gformer_cancer,biomed,mlp,full,none,within_drug,AUROC,0.796950095301189,0.0009586595838306303,3,10.0,results/tahoe/bal15_drugs/lodo_loo__gformer_cancer__biomed__mlp
lodo_loo,gformer_cancer,biomed,mlp,full,none,within_cell_line,MCC,0.23518851149190553,0.017901787080417876,3,38.0,results/tahoe/bal15_drugs/lodo_loo__gformer_cancer__biomed__mlp
lodo_loo,gformer_cancer,biomed,mlp,full,none,within_cell_line,AUROC,0.7298527568922305,0.007817548409557222,3,38.0,results/tahoe/bal15_drugs/lodo_loo__gformer_cancer__biomed__mlp
lodo_loo,gformer_cancer,biomed,mlp,full,none,overall,MCC,0.3836951071900639,0.0475587809802767,10,,results/tahoe/bal15_drugs/lodo_loo__gformer_cancer__biomed__mlp
lodo_loo,gformer_cancer,biomed,mlp,full,none,overall,AUROC,0.7969500953011888,0.0239334422432705,10,,results/tahoe/bal15_drugs/lodo_loo__gformer_cancer__biomed__mlp
lodo_loo,gformer_cancer,biomed,xrfm,full,none,within_drug,MCC,0.37801253780496163,0.0169810136166154,3,10.0,results/tahoe/bal15_drugs/lodo_loo__gformer_cancer__biomed__xrfm
lodo_loo,gformer_cancer,biomed,xrfm,full,none,within_drug,AUROC,0.7449004009588208,0.013184438517249151,3,10.0,results/tahoe/bal15_drugs/lodo_loo__gformer_cancer__biomed__xrfm
lodo_loo,gformer_cancer,biomed,xrfm,full,none,within_cell_line,MCC,0.31114428866732474,0.01923701206143612,3,38.0,results/tahoe/bal15_drugs/lodo_loo__gformer_cancer__biomed__xrfm
lodo_loo,gformer_cancer,biomed,xrfm,full,none,within_cell_line,AUROC,0.7404772347535505,0.00918905437231892,3,38.0,results/tahoe/bal15_drugs/lodo_loo__gformer_cancer__biomed__xrfm
lodo_loo,gformer_cancer,biomed,xrfm,full,none,overall,MCC,0.3780125378049616,0.0733158127405817,10,,results/tahoe/bal15_drugs/lodo_loo__gformer_cancer__biomed__xrfm
lodo_loo,gformer_cancer,biomed,xrfm,full,none,overall,AUROC,0.7449004009588209,0.055997395798417,10,,results/tahoe/bal15_drugs/lodo_loo__gformer_cancer__biomed__xrfm
lodo_loo,gformer_cancer,chemberta,lightgbm,full,none,within_drug,MCC,0.49906314315733996,0.001257232381912122,3,10.0,results/tahoe/bal15_drugs/lodo_loo__gformer_cancer__chemberta__lightgbm
lodo_loo,gformer_cancer,chemberta,lightgbm,full,none,within_drug,AUROC,0.843623474304872,0.00039579405059366536,3,10.0,results/tahoe/bal15_drugs/lodo_loo__gformer_cancer__chemberta__lightgbm
lodo_loo,gformer_cancer,chemberta,lightgbm,full,none,within_cell_line,MCC,0.2598586662284828,0.008287646170236763,3,38.0,results/tahoe/bal15_drugs/lodo_loo__gformer_cancer__chemberta__lightgbm
lodo_loo,gformer_cancer,chemberta,lightgbm,full,none,within_cell_line,AUROC,0.7168361876914507,0.0021983006893331204,3,38.0,results/tahoe/bal15_drugs/lodo_loo__gformer_cancer__chemberta__lightgbm
lodo_loo,gformer_cancer,chemberta,lightgbm,full,none,overall,MCC,0.4990631431573399,0.0440842983145943,10,,results/tahoe/bal15_drugs/lodo_loo__gformer_cancer__chemberta__lightgbm
lodo_loo,gformer_cancer,chemberta,lightgbm,full,none,overall,AUROC,0.8436234743048721,0.014749454414423,10,,results/tahoe/bal15_drugs/lodo_loo__gformer_cancer__chemberta__lightgbm
lodo_loo,gformer_cancer,chemberta,mlp,full,none,within_drug,MCC,0.4538793177843569,0.008411340281289597,3,10.0,results/tahoe/bal15_drugs/lodo_loo__gformer_cancer__chemberta__mlp
lodo_loo,gformer_cancer,chemberta,mlp,full,none,within_drug,AUROC,0.8101101932900644,0.00618295416359636,3,10.0,results/tahoe/bal15_drugs/lodo_loo__gformer_cancer__chemberta__mlp
lodo_loo,gformer_cancer,chemberta,mlp,full,none,within_cell_line,MCC,0.1905196172943727,0.008511326542569628,3,38.0,results/tahoe/bal15_drugs/lodo_loo__gformer_cancer__chemberta__mlp
lodo_loo,gformer_cancer,chemberta,mlp,full,none,within_cell_line,AUROC,0.7214042049568365,0.0008127372896068291,3,38.0,results/tahoe/bal15_drugs/lodo_loo__gformer_cancer__chemberta__mlp
lodo_loo,gformer_cancer,chemberta,mlp,full,none,overall,MCC,0.4538793177843569,0.0485888812289248,10,,results/tahoe/bal15_drugs/lodo_loo__gformer_cancer__chemberta__mlp
lodo_loo,gformer_cancer,chemberta,mlp,full,none,overall,AUROC,0.8101101932900645,0.021464425911231,10,,results/tahoe/bal15_drugs/lodo_loo__gformer_cancer__chemberta__mlp
lodo_loo,gformer_cancer,chemberta,xrfm,full,none,within_drug,MCC,0.49088701530553863,0.008952424115322604,3,10.0,results/tahoe/bal15_drugs/lodo_loo__gformer_cancer__chemberta__xrfm
lodo_loo,gformer_cancer,chemberta,xrfm,full,none,within_drug,AUROC,0.8442666061748878,0.002067434885256089,3,10.0,results/tahoe/bal15_drugs/lodo_loo__gformer_cancer__chemberta__xrfm
lodo_loo,gformer_cancer,chemberta,xrfm,full,none,within_cell_line,MCC,0.28110387939538595,0.017108799144862248,3,38.0,results/tahoe/bal15_drugs/lodo_loo__gformer_cancer__chemberta__xrfm
lodo_loo,gformer_cancer,chemberta,xrfm,full,none,within_cell_line,AUROC,0.7311890838206628,0.015069771095939235,3,38.0,results/tahoe/bal15_drugs/lodo_loo__gformer_cancer__chemberta__xrfm
lodo_loo,gformer_cancer,chemberta,xrfm,full,none,overall,MCC,0.4908870153055386,0.0541174748080656,10,,results/tahoe/bal15_drugs/lodo_loo__gformer_cancer__chemberta__xrfm
lodo_loo,gformer_cancer,chemberta,xrfm,full,none,overall,AUROC,0.8442666061748877,0.0133954028954166,10,,results/tahoe/bal15_drugs/lodo_loo__gformer_cancer__chemberta__xrfm
lodo_loo,gformer_cancer,maccs,lightgbm,full,none,within_drug,MCC,0.4530564107934851,0.0018323619455523968,3,10.0,results/tahoe/bal15_drugs/lodo_loo__gformer_cancer__maccs__lightgbm
lodo_loo,gformer_cancer,maccs,lightgbm,full,none,within_drug,AUROC,0.8528216249648235,0.0006167385256331109,3,10.0,results/tahoe/bal15_drugs/lodo_loo__gformer_cancer__maccs__lightgbm
lodo_loo,gformer_cancer,maccs,lightgbm,full,none,within_cell_line,MCC,-0.06611646750998036,0.0013229554556961245,3,38.0,results/tahoe/bal15_drugs/lodo_loo__gformer_cancer__maccs__lightgbm
lodo_loo,gformer_cancer,maccs,lightgbm,full,none,within_cell_line,AUROC,0.46321150097465885,0.0045592823186065,3,38.0,results/tahoe/bal15_drugs/lodo_loo__gformer_cancer__maccs__lightgbm
lodo_loo,gformer_cancer,maccs,lightgbm,full,none,overall,MCC,0.453056410793485,0.0478342116969591,10,,results/tahoe/bal15_drugs/lodo_loo__gformer_cancer__maccs__lightgbm
lodo_loo,gformer_cancer,maccs,lightgbm,full,none,overall,AUROC,0.8528216249648235,0.0192182315593116,10,,results/tahoe/bal15_drugs/lodo_loo__gformer_cancer__maccs__lightgbm
lodo_loo,gformer_cancer,maccs,mlp,full,none,within_drug,MCC,0.4924141470030347,0.01812524798420134,3,10.0,results/tahoe/bal15_drugs/lodo_loo__gformer_cancer__maccs__mlp
lodo_loo,gformer_cancer,maccs,mlp,full,none,within_drug,AUROC,0.8231826597378499,0.0026202334693799802,3,10.0,results/tahoe/bal15_drugs/lodo_loo__gformer_cancer__maccs__mlp
lodo_loo,gformer_cancer,maccs,mlp,full,none,within_cell_line,MCC,0.26713839153583846,0.027233722178640767,3,38.0,results/tahoe/bal15_drugs/lodo_loo__gformer_cancer__maccs__mlp
lodo_loo,gformer_cancer,maccs,mlp,full,none,within_cell_line,AUROC,0.725041074909496,0.011049820965923817,3,38.0,results/tahoe/bal15_drugs/lodo_loo__gformer_cancer__maccs__mlp
lodo_loo,gformer_cancer,maccs,mlp,full,none,overall,MCC,0.4924141470030346,0.0440780462584868,10,,results/tahoe/bal15_drugs/lodo_loo__gformer_cancer__maccs__mlp
lodo_loo,gformer_cancer,maccs,mlp,full,none,overall,AUROC,0.8231826597378499,0.02381985913008,10,,results/tahoe/bal15_drugs/lodo_loo__gformer_cancer__maccs__mlp
lodo_loo,gformer_cancer,maccs,xrfm,full,none,within_drug,MCC,0.5583877052640692,0.008162888239855856,3,10.0,results/tahoe/bal15_drugs/lodo_loo__gformer_cancer__maccs__xrfm
lodo_loo,gformer_cancer,maccs,xrfm,full,none,within_drug,AUROC,0.8557215685427503,0.0015674426455295329,3,10.0,results/tahoe/bal15_drugs/lodo_loo__gformer_cancer__maccs__xrfm
lodo_loo,gformer_cancer,maccs,xrfm,full,none,within_cell_line,MCC,0.3162111326865546,0.011536131919453465,3,38.0,results/tahoe/bal15_drugs/lodo_loo__gformer_cancer__maccs__xrfm
lodo_loo,gformer_cancer,maccs,xrfm,full,none,within_cell_line,AUROC,0.7287879420774158,0.00366116758629683,3,38.0,results/tahoe/bal15_drugs/lodo_loo__gformer_cancer__maccs__xrfm
lodo_loo,gformer_cancer,maccs,xrfm,full,none,overall,MCC,0.5583877052640692,0.0400486426753005,10,,results/tahoe/bal15_drugs/lodo_loo__gformer_cancer__maccs__xrfm
lodo_loo,gformer_cancer,maccs,xrfm,full,none,overall,AUROC,0.8557215685427503,0.0193166413977956,10,,results/tahoe/bal15_drugs/lodo_loo__gformer_cancer__maccs__xrfm
lodo_loo,gformer_cancer,materials,lightgbm,full,none,within_drug,MCC,0.47318256053887486,0.008893691973320345,3,10.0,results/tahoe/bal15_drugs/lodo_loo__gformer_cancer__materials__lightgbm
lodo_loo,gformer_cancer,materials,lightgbm,full,none,within_drug,AUROC,0.8581784652455428,0.0005544491393129119,3,10.0,results/tahoe/bal15_drugs/lodo_loo__gformer_cancer__materials__lightgbm
lodo_loo,gformer_cancer,materials,lightgbm,full,none,within_cell_line,MCC,0.16243683039579898,0.016868730292158213,3,38.0,results/tahoe/bal15_drugs/lodo_loo__gformer_cancer__materials__lightgbm
lodo_loo,gformer_cancer,materials,lightgbm,full,none,within_cell_line,AUROC,0.6901270537454748,0.0030673916470197573,3,38.0,results/tahoe/bal15_drugs/lodo_loo__gformer_cancer__materials__lightgbm
lodo_loo,gformer_cancer,materials,lightgbm,full,none,overall,MCC,0.473182560538875,0.0316319963847819,10,,results/tahoe/bal15_drugs/lodo_loo__gformer_cancer__materials__lightgbm
lodo_loo,gformer_cancer,materials,lightgbm,full,none,overall,AUROC,0.8581784652455428,0.0191578348580965,10,,results/tahoe/bal15_drugs/lodo_loo__gformer_cancer__materials__lightgbm
lodo_loo,gformer_cancer,materials,mlp,full,none,within_drug,MCC,0.42477953056207224,0.013037460400616962,3,10.0,results/tahoe/bal15_drugs/lodo_loo__gformer_cancer__materials__mlp
lodo_loo,gformer_cancer,materials,mlp,full,none,within_drug,AUROC,0.7885785383223292,0.0037293437147004694,3,10.0,results/tahoe/bal15_drugs/lodo_loo__gformer_cancer__materials__mlp
lodo_loo,gformer_cancer,materials,mlp,full,none,within_cell_line,MCC,0.11192202069189157,0.03736127740563511,3,38.0,results/tahoe/bal15_drugs/lodo_loo__gformer_cancer__materials__mlp
lodo_loo,gformer_cancer,materials,mlp,full,none,within_cell_line,AUROC,0.628004037872459,0.03836911469341788,3,38.0,results/tahoe/bal15_drugs/lodo_loo__gformer_cancer__materials__mlp
lodo_loo,gformer_cancer,materials,mlp,full,none,overall,MCC,0.4247795305620722,0.0530451167583461,10,,results/tahoe/bal15_drugs/lodo_loo__gformer_cancer__materials__mlp
lodo_loo,gformer_cancer,materials,mlp,full,none,overall,AUROC,0.7885785383223293,0.023563359082749,10,,results/tahoe/bal15_drugs/lodo_loo__gformer_cancer__materials__mlp
lodo_loo,gformer_cancer,materials,xrfm,full,none,within_drug,MCC,0.40764677895542006,0.010922409200906326,3,10.0,results/tahoe/bal15_drugs/lodo_loo__gformer_cancer__materials__xrfm
lodo_loo,gformer_cancer,materials,xrfm,full,none,within_drug,AUROC,0.8374438279864694,0.0043804877982601105,3,10.0,results/tahoe/bal15_drugs/lodo_loo__gformer_cancer__materials__xrfm
lodo_loo,gformer_cancer,materials,xrfm,full,none,within_cell_line,MCC,0.20292716001951536,0.014131315766264536,3,38.0,results/tahoe/bal15_drugs/lodo_loo__gformer_cancer__materials__xrfm
lodo_loo,gformer_cancer,materials,xrfm,full,none,within_cell_line,AUROC,0.670904344193818,0.004823259309281718,3,38.0,results/tahoe/bal15_drugs/lodo_loo__gformer_cancer__materials__xrfm
lodo_loo,gformer_cancer,materials,xrfm,full,none,overall,MCC,0.40764677895542,0.0740496694855412,10,,results/tahoe/bal15_drugs/lodo_loo__gformer_cancer__materials__xrfm
lodo_loo,gformer_cancer,materials,xrfm,full,none,overall,AUROC,0.8374438279864694,0.0242926324942138,10,,results/tahoe/bal15_drugs/lodo_loo__gformer_cancer__materials__xrfm
lodo_loo,gformer_cancer,molformer,lightgbm,full,none,within_drug,MCC,0.488646109598655,0.0038496014618706843,3,10.0,results/tahoe/bal15_drugs/lodo_loo__gformer_cancer__molformer__lightgbm
lodo_loo,gformer_cancer,molformer,lightgbm,full,none,within_drug,AUROC,0.8647305028521087,0.0007820293889973264,3,10.0,results/tahoe/bal15_drugs/lodo_loo__gformer_cancer__molformer__lightgbm
lodo_loo,gformer_cancer,molformer,lightgbm,full,none,within_cell_line,MCC,0.06227234094556016,0.01157789276884072,3,38.0,results/tahoe/bal15_drugs/lodo_loo__gformer_cancer__molformer__lightgbm
lodo_loo,gformer_cancer,molformer,lightgbm,full,none,within_cell_line,AUROC,0.625297619047619,0.0152681007764652,3,38.0,results/tahoe/bal15_drugs/lodo_loo__gformer_cancer__molformer__lightgbm
lodo_loo,gformer_cancer,molformer,lightgbm,full,none,overall,MCC,0.488646109598655,0.0388771186876823,10,,results/tahoe/bal15_drugs/lodo_loo__gformer_cancer__molformer__lightgbm
lodo_loo,gformer_cancer,molformer,lightgbm,full,none,overall,AUROC,0.8647305028521087,0.016387181825841,10,,results/tahoe/bal15_drugs/lodo_loo__gformer_cancer__molformer__lightgbm
lodo_loo,gformer_cancer,molformer,mlp,full,none,within_drug,MCC,0.46482956690596944,0.013125321604548755,3,10.0,results/tahoe/bal15_drugs/lodo_loo__gformer_cancer__molformer__mlp
lodo_loo,gformer_cancer,molformer,mlp,full,none,within_drug,AUROC,0.8131031306046319,0.0036556952134678663,3,10.0,results/tahoe/bal15_drugs/lodo_loo__gformer_cancer__molformer__mlp
lodo_loo,gformer_cancer,molformer,mlp,full,none,within_cell_line,MCC,0.23127595411610805,0.008051549171239533,3,38.0,results/tahoe/bal15_drugs/lodo_loo__gformer_cancer__molformer__mlp
lodo_loo,gformer_cancer,molformer,mlp,full,none,within_cell_line,AUROC,0.67479149262044,0.023592409433501625,3,38.0,results/tahoe/bal15_drugs/lodo_loo__gformer_cancer__molformer__mlp
lodo_loo,gformer_cancer,molformer,mlp,full,none,overall,MCC,0.4648295669059695,0.0484450510454746,10,,results/tahoe/bal15_drugs/lodo_loo__gformer_cancer__molformer__mlp
lodo_loo,gformer_cancer,molformer,mlp,full,none,overall,AUROC,0.8131031306046321,0.0211802492049558,10,,results/tahoe/bal15_drugs/lodo_loo__gformer_cancer__molformer__mlp
lodo_loo,gformer_cancer,molformer,xrfm,full,none,within_drug,MCC,0.4515920380856411,0.009248673120394875,3,10.0,results/tahoe/bal15_drugs/lodo_loo__gformer_cancer__molformer__xrfm
lodo_loo,gformer_cancer,molformer,xrfm,full,none,within_drug,AUROC,0.849302119227815,0.0019352983474834736,3,10.0,results/tahoe/bal15_drugs/lodo_loo__gformer_cancer__molformer__xrfm
lodo_loo,gformer_cancer,molformer,xrfm,full,none,within_cell_line,MCC,0.2257377231632689,0.015213938874484266,3,38.0,results/tahoe/bal15_drugs/lodo_loo__gformer_cancer__molformer__xrfm
lodo_loo,gformer_cancer,molformer,xrfm,full,none,within_cell_line,AUROC,0.6961445279866333,0.0061915334134098315,3,38.0,results/tahoe/bal15_drugs/lodo_loo__gformer_cancer__molformer__xrfm
lodo_loo,gformer_cancer,molformer,xrfm,full,none,overall,MCC,0.4515920380856411,0.0521510019566802,10,,results/tahoe/bal15_drugs/lodo_loo__gformer_cancer__molformer__xrfm
lodo_loo,gformer_cancer,molformer,xrfm,full,none,overall,AUROC,0.8493021192278147,0.019110096661471,10,,results/tahoe/bal15_drugs/lodo_loo__gformer_cancer__molformer__xrfm
lodo_loo,gformer_cancer,morgan,lightgbm,full,none,within_drug,MCC,0.40523451273771344,0.002740517207223642,3,10.0,results/tahoe/bal15_drugs/lodo_loo__gformer_cancer__morgan__lightgbm
lodo_loo,gformer_cancer,morgan,lightgbm,full,none,within_drug,AUROC,0.8599659336659817,0.0005917702155458488,3,10.0,results/tahoe/bal15_drugs/lodo_loo__gformer_cancer__morgan__lightgbm
lodo_loo,gformer_cancer,morgan,lightgbm,full,none,within_cell_line,MCC,-0.0216744196447094,0.0071166566921510785,3,38.0,results/tahoe/bal15_drugs/lodo_loo__gformer_cancer__morgan__lightgbm
lodo_loo,gformer_cancer,morgan,lightgbm,full,none,within_cell_line,AUROC,0.5383190615427458,0.001011883447453692,3,38.0,results/tahoe/bal15_drugs/lodo_loo__gformer_cancer__morgan__lightgbm
lodo_loo,gformer_cancer,morgan,lightgbm,full,none,overall,MCC,0.4052345127377134,0.0401341876684598,10,,results/tahoe/bal15_drugs/lodo_loo__gformer_cancer__morgan__lightgbm
lodo_loo,gformer_cancer,morgan,lightgbm,full,none,overall,AUROC,0.8599659336659817,0.019103799815342,10,,results/tahoe/bal15_drugs/lodo_loo__gformer_cancer__morgan__lightgbm
lodo_loo,gformer_cancer,morgan,mlp,full,none,within_drug,MCC,0.4500054937037254,0.005373711443290678,3,10.0,results/tahoe/bal15_drugs/lodo_loo__gformer_cancer__morgan__mlp
lodo_loo,gformer_cancer,morgan,mlp,full,none,within_drug,AUROC,0.8444293853089472,0.0017276599953111866,3,10.0,results/tahoe/bal15_drugs/lodo_loo__gformer_cancer__morgan__mlp
lodo_loo,gformer_cancer,morgan,mlp,full,none,within_cell_line,MCC,0.08019747110284448,0.028796234058412862,3,38.0,results/tahoe/bal15_drugs/lodo_loo__gformer_cancer__morgan__mlp
lodo_loo,gformer_cancer,morgan,mlp,full,none,within_cell_line,AUROC,0.5757435254803677,0.015929020906776812,3,38.0,results/tahoe/bal15_drugs/lodo_loo__gformer_cancer__morgan__mlp
lodo_loo,gformer_cancer,morgan,mlp,full,none,overall,MCC,0.4500054937037254,0.0352210626432816,10,,results/tahoe/bal15_drugs/lodo_loo__gformer_cancer__morgan__mlp
lodo_loo,gformer_cancer,morgan,mlp,full,none,overall,AUROC,0.8444293853089471,0.018888065388029,10,,results/tahoe/bal15_drugs/lodo_loo__gformer_cancer__morgan__mlp
lodo_loo,gformer_cancer,morgan,xrfm,full,none,within_drug,MCC,0.4480259643314009,0.005110358084369177,3,10.0,results/tahoe/bal15_drugs/lodo_loo__gformer_cancer__morgan__xrfm
lodo_loo,gformer_cancer,morgan,xrfm,full,none,within_drug,AUROC,0.8567777104399208,0.0013212668703704179,3,10.0,results/tahoe/bal15_drugs/lodo_loo__gformer_cancer__morgan__xrfm
lodo_loo,gformer_cancer,morgan,xrfm,full,none,within_cell_line,MCC,0.035145811785068364,0.008645824728922516,3,38.0,results/tahoe/bal15_drugs/lodo_loo__gformer_cancer__morgan__xrfm
lodo_loo,gformer_cancer,morgan,xrfm,full,none,within_cell_line,AUROC,0.5152736006683375,0.012577352824984487,3,38.0,results/tahoe/bal15_drugs/lodo_loo__gformer_cancer__morgan__xrfm
lodo_loo,gformer_cancer,morgan,xrfm,full,none,overall,MCC,0.4480259643314009,0.0339203737799392,10,,results/tahoe/bal15_drugs/lodo_loo__gformer_cancer__morgan__xrfm
lodo_loo,gformer_cancer,morgan,xrfm,full,none,overall,AUROC,0.8567777104399209,0.0187478632998531,10,,results/tahoe/bal15_drugs/lodo_loo__gformer_cancer__morgan__xrfm
lodo_loo,pca,biomed,lightgbm,full,none,within_drug,MCC,0.448539090092084,0.00980126586673701,3,10.0,results/tahoe/bal15_drugs/lodo_loo__pca__biomed__lightgbm
lodo_loo,pca,biomed,lightgbm,full,none,within_drug,AUROC,0.8319564807577393,0.0027618043886173853,3,10.0,results/tahoe/bal15_drugs/lodo_loo__pca__biomed__lightgbm
lodo_loo,pca,biomed,lightgbm,full,none,within_cell_line,MCC,-0.11334282621145132,0.010660692248759795,3,38.0,results/tahoe/bal15_drugs/lodo_loo__pca__biomed__lightgbm
lodo_loo,pca,biomed,lightgbm,full,none,within_cell_line,AUROC,0.38066520467836257,0.016669939864698686,3,38.0,results/tahoe/bal15_drugs/lodo_loo__pca__biomed__lightgbm
lodo_loo,pca,biomed,lightgbm,full,none,overall,MCC,0.448539090092084,0.041982570631257,10,,results/tahoe/bal15_drugs/lodo_loo__pca__biomed__lightgbm
lodo_loo,pca,biomed,lightgbm,full,none,overall,AUROC,0.8319564807577395,0.0202488150148377,10,,results/tahoe/bal15_drugs/lodo_loo__pca__biomed__lightgbm
lodo_loo,pca,biomed,mlp,full,none,within_drug,MCC,0.38941070915311404,0.021797880274327983,3,10.0,results/tahoe/bal15_drugs/lodo_loo__pca__biomed__mlp
lodo_loo,pca,biomed,mlp,full,none,within_drug,AUROC,0.7915972143621962,0.003955476465289463,3,10.0,results/tahoe/bal15_drugs/lodo_loo__pca__biomed__mlp
lodo_loo,pca,biomed,mlp,full,none,within_cell_line,MCC,0.2361240727470875,0.006874507175391412,3,38.0,results/tahoe/bal15_drugs/lodo_loo__pca__biomed__mlp
lodo_loo,pca,biomed,mlp,full,none,within_cell_line,AUROC,0.7275995544416597,0.00320421241777994,3,38.0,results/tahoe/bal15_drugs/lodo_loo__pca__biomed__mlp
lodo_loo,pca,biomed,mlp,full,none,overall,MCC,0.3894107091531141,0.0557883333738404,10,,results/tahoe/bal15_drugs/lodo_loo__pca__biomed__mlp
lodo_loo,pca,biomed,mlp,full,none,overall,AUROC,0.7915972143621961,0.0286057113920307,10,,results/tahoe/bal15_drugs/lodo_loo__pca__biomed__mlp
lodo_loo,pca,biomed,xrfm,full,none,within_drug,MCC,0.28630226996509184,0.03407398431429848,3,10.0,results/tahoe/bal15_drugs/lodo_loo__pca__biomed__xrfm
lodo_loo,pca,biomed,xrfm,full,none,within_drug,AUROC,0.716054767558004,0.027011235957414316,3,10.0,results/tahoe/bal15_drugs/lodo_loo__pca__biomed__xrfm
lodo_loo,pca,biomed,xrfm,full,none,within_cell_line,MCC,0.15504232298428364,0.01806803919533098,3,38.0,results/tahoe/bal15_drugs/lodo_loo__pca__biomed__xrfm
lodo_loo,pca,biomed,xrfm,full,none,within_cell_line,AUROC,0.6246825396825396,0.025307183840267082,3,38.0,results/tahoe/bal15_drugs/lodo_loo__pca__biomed__xrfm
lodo_loo,pca,biomed,xrfm,full,none,overall,MCC,0.2863022699650918,0.0705982457435622,10,,results/tahoe/bal15_drugs/lodo_loo__pca__biomed__xrfm
lodo_loo,pca,biomed,xrfm,full,none,overall,AUROC,0.716054767558004,0.0445080223084749,10,,results/tahoe/bal15_drugs/lodo_loo__pca__biomed__xrfm
lodo_loo,pca,chemberta,lightgbm,full,none,within_drug,MCC,0.4696880462800934,0.004709247628492314,3,10.0,results/tahoe/bal15_drugs/lodo_loo__pca__chemberta__lightgbm
lodo_loo,pca,chemberta,lightgbm,full,none,within_drug,AUROC,0.8388514172741263,0.0023640952664373332,3,10.0,results/tahoe/bal15_drugs/lodo_loo__pca__chemberta__lightgbm
lodo_loo,pca,chemberta,lightgbm,full,none,within_cell_line,MCC,0.1923710955083724,0.011460106342311949,3,38.0,results/tahoe/bal15_drugs/lodo_loo__pca__chemberta__lightgbm
lodo_loo,pca,chemberta,lightgbm,full,none,within_cell_line,AUROC,0.6702986633249791,0.001560344796993355,3,38.0,results/tahoe/bal15_drugs/lodo_loo__pca__chemberta__lightgbm
lodo_loo,pca,chemberta,lightgbm,full,none,overall,MCC,0.4696880462800933,0.0409783240861848,10,,results/tahoe/bal15_drugs/lodo_loo__pca__chemberta__lightgbm
lodo_loo,pca,chemberta,lightgbm,full,none,overall,AUROC,0.8388514172741264,0.0162247555876934,10,,results/tahoe/bal15_drugs/lodo_loo__pca__chemberta__lightgbm
lodo_loo,pca,chemberta,mlp,full,none,within_drug,MCC,0.4393953355089703,0.0020338015036102577,3,10.0,results/tahoe/bal15_drugs/lodo_loo__pca__chemberta__mlp
lodo_loo,pca,chemberta,mlp,full,none,within_drug,AUROC,0.7873729441052699,0.00036851095768655306,3,10.0,results/tahoe/bal15_drugs/lodo_loo__pca__chemberta__mlp
lodo_loo,pca,chemberta,mlp,full,none,within_cell_line,MCC,0.13569126468120876,0.015463731813222182,3,38.0,results/tahoe/bal15_drugs/lodo_loo__pca__chemberta__mlp
lodo_loo,pca,chemberta,mlp,full,none,within_cell_line,AUROC,0.6967655249234196,0.003930834595929431,3,38.0,results/tahoe/bal15_drugs/lodo_loo__pca__chemberta__mlp
lodo_loo,pca,chemberta,mlp,full,none,overall,MCC,0.4393953355089703,0.046517270095861,10,,results/tahoe/bal15_drugs/lodo_loo__pca__chemberta__mlp
lodo_loo,pca,chemberta,mlp,full,none,overall,AUROC,0.7873729441052698,0.0207438089012874,10,,results/tahoe/bal15_drugs/lodo_loo__pca__chemberta__mlp
lodo_loo,pca,chemberta,xrfm,full,none,within_drug,MCC,0.3605685847658988,0.01891293337034778,3,10.0,results/tahoe/bal15_drugs/lodo_loo__pca__chemberta__xrfm
lodo_loo,pca,chemberta,xrfm,full,none,within_drug,AUROC,0.7782555779629412,0.014945267257506951,3,10.0,results/tahoe/bal15_drugs/lodo_loo__pca__chemberta__xrfm
lodo_loo,pca,chemberta,xrfm,full,none,within_cell_line,MCC,0.10058062237142919,0.035905608823728695,3,38.0,results/tahoe/bal15_drugs/lodo_loo__pca__chemberta__xrfm
lodo_loo,pca,chemberta,xrfm,full,none,within_cell_line,AUROC,0.5887726260094682,0.02379679079609821,3,38.0,results/tahoe/bal15_drugs/lodo_loo__pca__chemberta__xrfm
lodo_loo,pca,chemberta,xrfm,full,none,overall,MCC,0.3605685847658988,0.053293155241444,10,,results/tahoe/bal15_drugs/lodo_loo__pca__chemberta__xrfm
lodo_loo,pca,chemberta,xrfm,full,none,overall,AUROC,0.7782555779629411,0.029696385000929,10,,results/tahoe/bal15_drugs/lodo_loo__pca__chemberta__xrfm
lodo_loo,pca,maccs,lightgbm,full,none,within_drug,MCC,0.45743733229671885,0.0020038391868036974,3,10.0,results/tahoe/bal15_drugs/lodo_loo__pca__maccs__lightgbm
lodo_loo,pca,maccs,lightgbm,full,none,within_drug,AUROC,0.8330320426986559,0.00252551584619631,3,10.0,results/tahoe/bal15_drugs/lodo_loo__pca__maccs__lightgbm
lodo_loo,pca,maccs,lightgbm,full,none,within_cell_line,MCC,-0.06617501651679202,0.007101301538512613,3,38.0,results/tahoe/bal15_drugs/lodo_loo__pca__maccs__lightgbm
lodo_loo,pca,maccs,lightgbm,full,none,within_cell_line,AUROC,0.47510164299637986,0.006222414091130085,3,38.0,results/tahoe/bal15_drugs/lodo_loo__pca__maccs__lightgbm
lodo_loo,pca,maccs,lightgbm,full,none,overall,MCC,0.4574373322967189,0.046569436365677,10,,results/tahoe/bal15_drugs/lodo_loo__pca__maccs__lightgbm
lodo_loo,pca,maccs,lightgbm,full,none,overall,AUROC,0.833032042698656,0.0196609257563502,10,,results/tahoe/bal15_drugs/lodo_loo__pca__maccs__lightgbm
lodo_loo,pca,maccs,mlp,full,none,within_drug,MCC,0.5068070899973723,0.00023027072879887084,3,10.0,results/tahoe/bal15_drugs/lodo_loo__pca__maccs__mlp
lodo_loo,pca,maccs,mlp,full,none,within_drug,AUROC,0.817181950135816,0.0016453980745267246,3,10.0,results/tahoe/bal15_drugs/lodo_loo__pca__maccs__mlp
lodo_loo,pca,maccs,mlp,full,none,within_cell_line,MCC,0.23464886360545964,0.009633659179580971,3,38.0,results/tahoe/bal15_drugs/lodo_loo__pca__maccs__mlp
lodo_loo,pca,maccs,mlp,full,none,within_cell_line,AUROC,0.7302471456418825,0.003312049262874618,3,38.0,results/tahoe/bal15_drugs/lodo_loo__pca__maccs__mlp
lodo_loo,pca,maccs,mlp,full,none,overall,MCC,0.5068070899973725,0.037202917413806,10,,results/tahoe/bal15_drugs/lodo_loo__pca__maccs__mlp
lodo_loo,pca,maccs,mlp,full,none,overall,AUROC,0.8171819501358157,0.0256639391933007,10,,results/tahoe/bal15_drugs/lodo_loo__pca__maccs__mlp
lodo_loo,pca,maccs,xrfm,full,none,within_drug,MCC,0.4790668527923256,0.00790805024972898,3,10.0,results/tahoe/bal15_drugs/lodo_loo__pca__maccs__xrfm
lodo_loo,pca,maccs,xrfm,full,none,within_drug,AUROC,0.8296526147132294,0.0027911898291767974,3,10.0,results/tahoe/bal15_drugs/lodo_loo__pca__maccs__xrfm
lodo_loo,pca,maccs,xrfm,full,none,within_cell_line,MCC,0.2517576648124464,0.012511677500203024,3,38.0,results/tahoe/bal15_drugs/lodo_loo__pca__maccs__xrfm
lodo_loo,pca,maccs,xrfm,full,none,within_cell_line,AUROC,0.6861560150375939,0.015781963541618486,3,38.0,results/tahoe/bal15_drugs/lodo_loo__pca__maccs__xrfm
lodo_loo,pca,maccs,xrfm,full,none,overall,MCC,0.4790668527923255,0.0436497559038451,10,,results/tahoe/bal15_drugs/lodo_loo__pca__maccs__xrfm
lodo_loo,pca,maccs,xrfm,full,none,overall,AUROC,0.8296526147132293,0.0228481942332089,10,,results/tahoe/bal15_drugs/lodo_loo__pca__maccs__xrfm
lodo_loo,pca,materials,lightgbm,full,none,within_drug,MCC,0.4527945112308827,0.014854839811967486,3,10.0,results/tahoe/bal15_drugs/lodo_loo__pca__materials__lightgbm
lodo_loo,pca,materials,lightgbm,full,none,within_drug,AUROC,0.8527553665767048,0.0010411046859375552,3,10.0,results/tahoe/bal15_drugs/lodo_loo__pca__materials__lightgbm
lodo_loo,pca,materials,lightgbm,full,none,within_cell_line,MCC,0.06867150540225715,0.010830624475333115,3,38.0,results/tahoe/bal15_drugs/lodo_loo__pca__materials__lightgbm
lodo_loo,pca,materials,lightgbm,full,none,within_cell_line,AUROC,0.5986500974658869,0.006604795617426356,3,38.0,results/tahoe/bal15_drugs/lodo_loo__pca__materials__lightgbm
lodo_loo,pca,materials,lightgbm,full,none,overall,MCC,0.4527945112308827,0.0352232166118185,10,,results/tahoe/bal15_drugs/lodo_loo__pca__materials__lightgbm
lodo_loo,pca,materials,lightgbm,full,none,overall,AUROC,0.8527553665767048,0.0191118378649419,10,,results/tahoe/bal15_drugs/lodo_loo__pca__materials__lightgbm
lodo_loo,pca,materials,mlp,full,none,within_drug,MCC,0.41100465221078614,0.013528795552063561,3,10.0,results/tahoe/bal15_drugs/lodo_loo__pca__materials__mlp
lodo_loo,pca,materials,mlp,full,none,within_drug,AUROC,0.774766738093315,0.0028198371749499824,3,10.0,results/tahoe/bal15_drugs/lodo_loo__pca__materials__mlp
lodo_loo,pca,materials,mlp,full,none,within_cell_line,MCC,0.08082152072899534,0.03262703762013337,3,38.0,results/tahoe/bal15_drugs/lodo_loo__pca__materials__mlp
lodo_loo,pca,materials,mlp,full,none,within_cell_line,AUROC,0.6288718323586745,0.015025230282658095,3,38.0,results/tahoe/bal15_drugs/lodo_loo__pca__materials__mlp
lodo_loo,pca,materials,mlp,full,none,overall,MCC,0.4110046522107861,0.0534096979088317,10,,results/tahoe/bal15_drugs/lodo_loo__pca__materials__mlp
lodo_loo,pca,materials,mlp,full,none,overall,AUROC,0.774766738093315,0.0233147357362682,10,,results/tahoe/bal15_drugs/lodo_loo__pca__materials__mlp
lodo_loo,pca,materials,xrfm,full,none,within_drug,MCC,0.3932325262770224,0.0085076315023714,3,10.0,results/tahoe/bal15_drugs/lodo_loo__pca__materials__xrfm
lodo_loo,pca,materials,xrfm,full,none,within_drug,AUROC,0.785262568823776,0.008902673243053851,3,10.0,results/tahoe/bal15_drugs/lodo_loo__pca__materials__xrfm
lodo_loo,pca,materials,xrfm,full,none,within_cell_line,MCC,0.14646368911879545,0.042048256005220025,3,38.0,results/tahoe/bal15_drugs/lodo_loo__pca__materials__xrfm
lodo_loo,pca,materials,xrfm,full,none,within_cell_line,AUROC,0.5984513366750209,0.03890370202377624,3,38.0,results/tahoe/bal15_drugs/lodo_loo__pca__materials__xrfm
lodo_loo,pca,materials,xrfm,full,none,overall,MCC,0.3932325262770223,0.0541828501912406,10,,results/tahoe/bal15_drugs/lodo_loo__pca__materials__xrfm
lodo_loo,pca,materials,xrfm,full,none,overall,AUROC,0.7852625688237759,0.0336690464939018,10,,results/tahoe/bal15_drugs/lodo_loo__pca__materials__xrfm
lodo_loo,pca,molformer,lightgbm,full,none,within_drug,MCC,0.48298483036068207,0.012538560872933192,3,10.0,results/tahoe/bal15_drugs/lodo_loo__pca__molformer__lightgbm
lodo_loo,pca,molformer,lightgbm,full,none,within_drug,AUROC,0.8531074817373664,0.001422020212285284,3,10.0,results/tahoe/bal15_drugs/lodo_loo__pca__molformer__lightgbm
lodo_loo,pca,molformer,lightgbm,full,none,within_cell_line,MCC,0.05418663867516432,0.004573016548581873,3,38.0,results/tahoe/bal15_drugs/lodo_loo__pca__molformer__lightgbm
lodo_loo,pca,molformer,lightgbm,full,none,within_cell_line,AUROC,0.5830896686159844,0.012209337055316122,3,38.0,results/tahoe/bal15_drugs/lodo_loo__pca__molformer__lightgbm
lodo_loo,pca,molformer,lightgbm,full,none,overall,MCC,0.482984830360682,0.0365253698237651,10,,results/tahoe/bal15_drugs/lodo_loo__pca__molformer__lightgbm
lodo_loo,pca,molformer,lightgbm,full,none,overall,AUROC,0.8531074817373663,0.0190725043526329,10,,results/tahoe/bal15_drugs/lodo_loo__pca__molformer__lightgbm
lodo_loo,pca,molformer,mlp,full,none,within_drug,MCC,0.4565036119095473,0.01616238881662385,3,10.0,results/tahoe/bal15_drugs/lodo_loo__pca__molformer__mlp
lodo_loo,pca,molformer,mlp,full,none,within_drug,AUROC,0.7947338851540181,0.002680281347069803,3,10.0,results/tahoe/bal15_drugs/lodo_loo__pca__molformer__mlp
lodo_loo,pca,molformer,mlp,full,none,within_cell_line,MCC,0.16434884437447736,0.013703528080525365,3,38.0,results/tahoe/bal15_drugs/lodo_loo__pca__molformer__mlp
lodo_loo,pca,molformer,mlp,full,none,within_cell_line,AUROC,0.673572820941242,0.0008780421518460631,3,38.0,results/tahoe/bal15_drugs/lodo_loo__pca__molformer__mlp
lodo_loo,pca,molformer,mlp,full,none,overall,MCC,0.4565036119095474,0.0428527851598401,10,,results/tahoe/bal15_drugs/lodo_loo__pca__molformer__mlp
lodo_loo,pca,molformer,mlp,full,none,overall,AUROC,0.7947338851540179,0.0223596061094957,10,,results/tahoe/bal15_drugs/lodo_loo__pca__molformer__mlp
lodo_loo,pca,molformer,xrfm,full,none,within_drug,MCC,0.3989464649199803,0.038963675638205644,3,10.0,results/tahoe/bal15_drugs/lodo_loo__pca__molformer__xrfm
lodo_loo,pca,molformer,xrfm,full,none,within_drug,AUROC,0.7959419680820927,0.010393698715373068,3,10.0,results/tahoe/bal15_drugs/lodo_loo__pca__molformer__xrfm
lodo_loo,pca,molformer,xrfm,full,none,within_cell_line,MCC,0.11700108276735603,0.01776601174249174,3,38.0,results/tahoe/bal15_drugs/lodo_loo__pca__molformer__xrfm
lodo_loo,pca,molformer,xrfm,full,none,within_cell_line,AUROC,0.6449112364243944,0.01567272146076885,3,38.0,results/tahoe/bal15_drugs/lodo_loo__pca__molformer__xrfm
lodo_loo,pca,molformer,xrfm,full,none,overall,MCC,0.3989464649199802,0.0487265330708379,10,,results/tahoe/bal15_drugs/lodo_loo__pca__molformer__xrfm
lodo_loo,pca,molformer,xrfm,full,none,overall,AUROC,0.7959419680820927,0.031331509428504,10,,results/tahoe/bal15_drugs/lodo_loo__pca__molformer__xrfm
lodo_loo,pca,morgan,lightgbm,full,none,within_drug,MCC,0.3987780799179485,0.0027060120188800896,3,10.0,results/tahoe/bal15_drugs/lodo_loo__pca__morgan__lightgbm
lodo_loo,pca,morgan,lightgbm,full,none,within_drug,AUROC,0.8504913973792531,0.0005860074447553821,3,10.0,results/tahoe/bal15_drugs/lodo_loo__pca__morgan__lightgbm
lodo_loo,pca,morgan,lightgbm,full,none,within_cell_line,MCC,-0.03212181807151321,0.005275112677610326,3,38.0,results/tahoe/bal15_drugs/lodo_loo__pca__morgan__lightgbm
lodo_loo,pca,morgan,lightgbm,full,none,within_cell_line,AUROC,0.49431390977443607,0.006664633090910142,3,38.0,results/tahoe/bal15_drugs/lodo_loo__pca__morgan__lightgbm
lodo_loo,pca,morgan,lightgbm,full,none,overall,MCC,0.3987780799179484,0.0317865512521671,10,,results/tahoe/bal15_drugs/lodo_loo__pca__morgan__lightgbm
lodo_loo,pca,morgan,lightgbm,full,none,overall,AUROC,0.8504913973792532,0.0174442863363436,10,,results/tahoe/bal15_drugs/lodo_loo__pca__morgan__lightgbm
lodo_loo,pca,morgan,mlp,full,none,within_drug,MCC,0.44736083879890787,0.003938614229941578,3,10.0,results/tahoe/bal15_drugs/lodo_loo__pca__morgan__mlp
lodo_loo,pca,morgan,mlp,full,none,within_drug,AUROC,0.8324634673278327,0.0023435506592574032,3,10.0,results/tahoe/bal15_drugs/lodo_loo__pca__morgan__mlp
lodo_loo,pca,morgan,mlp,full,none,within_cell_line,MCC,0.06916892583548123,0.0037848158069401557,3,38.0,results/tahoe/bal15_drugs/lodo_loo__pca__morgan__mlp
lodo_loo,pca,morgan,mlp,full,none,within_cell_line,AUROC,0.5925295878585352,0.012073332062922262,3,38.0,results/tahoe/bal15_drugs/lodo_loo__pca__morgan__mlp
lodo_loo,pca,morgan,mlp,full,none,overall,MCC,0.447360838798908,0.0366902617995072,10,,results/tahoe/bal15_drugs/lodo_loo__pca__morgan__mlp
lodo_loo,pca,morgan,mlp,full,none,overall,AUROC,0.8324634673278328,0.0208918780726228,10,,results/tahoe/bal15_drugs/lodo_loo__pca__morgan__mlp
lodo_loo,pca,morgan,xrfm,full,none,within_drug,MCC,0.412497120011809,0.014949295179428399,3,10.0,results/tahoe/bal15_drugs/lodo_loo__pca__morgan__xrfm
lodo_loo,pca,morgan,xrfm,full,none,within_drug,AUROC,0.8295901409266359,0.003245468313718052,3,10.0,results/tahoe/bal15_drugs/lodo_loo__pca__morgan__xrfm
lodo_loo,pca,morgan,xrfm,full,none,within_cell_line,MCC,-0.03110801149834053,0.044082184285972235,3,38.0,results/tahoe/bal15_drugs/lodo_loo__pca__morgan__xrfm
lodo_loo,pca,morgan,xrfm,full,none,within_cell_line,AUROC,0.4324982595377332,0.018276001876788312,3,38.0,results/tahoe/bal15_drugs/lodo_loo__pca__morgan__xrfm
lodo_loo,pca,morgan,xrfm,full,none,overall,MCC,0.4124971200118089,0.031977136452589,10,,results/tahoe/bal15_drugs/lodo_loo__pca__morgan__xrfm
lodo_loo,pca,morgan,xrfm,full,none,overall,AUROC,0.829590140926636,0.0229722997407428,10,,results/tahoe/bal15_drugs/lodo_loo__pca__morgan__xrfm
lodo_loo,scgpt_pan,biomed,lightgbm,full,none,within_drug,MCC,0.40534420896772105,0.001523775745056087,3,10.0,results/tahoe/bal15_drugs/lodo_loo__scgpt_pan__biomed__lightgbm
lodo_loo,scgpt_pan,biomed,lightgbm,full,none,within_drug,AUROC,0.8485922866013178,0.0009293476790933217,3,10.0,results/tahoe/bal15_drugs/lodo_loo__scgpt_pan__biomed__lightgbm
lodo_loo,scgpt_pan,biomed,lightgbm,full,none,within_cell_line,MCC,-0.12354787651418457,0.001257244265437324,3,38.0,results/tahoe/bal15_drugs/lodo_loo__scgpt_pan__biomed__lightgbm
lodo_loo,scgpt_pan,biomed,lightgbm,full,none,within_cell_line,AUROC,0.35535470620996934,0.007129476876554397,3,38.0,results/tahoe/bal15_drugs/lodo_loo__scgpt_pan__biomed__lightgbm
lodo_loo,scgpt_pan,biomed,lightgbm,full,none,overall,MCC,0.4053442089677211,0.0344236977567267,10,,results/tahoe/bal15_drugs/lodo_loo__scgpt_pan__biomed__lightgbm
lodo_loo,scgpt_pan,biomed,lightgbm,full,none,overall,AUROC,0.8485922866013176,0.011770953335156,10,,results/tahoe/bal15_drugs/lodo_loo__scgpt_pan__biomed__lightgbm
lodo_loo,scgpt_pan,biomed,mlp,full,none,within_drug,MCC,0.36059442857472046,0.00433704335457232,3,10.0,results/tahoe/bal15_drugs/lodo_loo__scgpt_pan__biomed__mlp
lodo_loo,scgpt_pan,biomed,mlp,full,none,within_drug,AUROC,0.7879544158375621,0.004661570119183753,3,10.0,results/tahoe/bal15_drugs/lodo_loo__scgpt_pan__biomed__mlp
lodo_loo,scgpt_pan,biomed,mlp,full,none,within_cell_line,MCC,0.3108082517128303,0.0268638250926788,3,38.0,results/tahoe/bal15_drugs/lodo_loo__scgpt_pan__biomed__mlp
lodo_loo,scgpt_pan,biomed,mlp,full,none,within_cell_line,AUROC,0.7629375522138679,0.014590382290377171,3,38.0,results/tahoe/bal15_drugs/lodo_loo__scgpt_pan__biomed__mlp
lodo_loo,scgpt_pan,biomed,mlp,full,none,overall,MCC,0.3605944285747205,0.0449820765656782,10,,results/tahoe/bal15_drugs/lodo_loo__scgpt_pan__biomed__mlp
lodo_loo,scgpt_pan,biomed,mlp,full,none,overall,AUROC,0.787954415837562,0.0245133497311505,10,,results/tahoe/bal15_drugs/lodo_loo__scgpt_pan__biomed__mlp
lodo_loo,scgpt_pan,biomed,xrfm,full,none,within_drug,MCC,0.37823924068131953,0.005180275488459411,3,10.0,results/tahoe/bal15_drugs/lodo_loo__scgpt_pan__biomed__xrfm
lodo_loo,scgpt_pan,biomed,xrfm,full,none,within_drug,AUROC,0.773058263983239,0.016057100585377994,3,10.0,results/tahoe/bal15_drugs/lodo_loo__scgpt_pan__biomed__xrfm
lodo_loo,scgpt_pan,biomed,xrfm,full,none,within_cell_line,MCC,0.3352830048154731,0.006628175052365496,3,38.0,results/tahoe/bal15_drugs/lodo_loo__scgpt_pan__biomed__xrfm
lodo_loo,scgpt_pan,biomed,xrfm,full,none,within_cell_line,AUROC,0.7046832358674465,0.00413242056252718,3,38.0,results/tahoe/bal15_drugs/lodo_loo__scgpt_pan__biomed__xrfm
lodo_loo,scgpt_pan,biomed,xrfm,full,none,overall,MCC,0.3782392406813195,0.0595340342834347,10,,results/tahoe/bal15_drugs/lodo_loo__scgpt_pan__biomed__xrfm
lodo_loo,scgpt_pan,biomed,xrfm,full,none,overall,AUROC,0.7730582639832388,0.0368958075925352,10,,results/tahoe/bal15_drugs/lodo_loo__scgpt_pan__biomed__xrfm
lodo_loo,scgpt_pan,chemberta,lightgbm,full,none,within_drug,MCC,0.47049169928831697,0.005200158622485435,3,10.0,results/tahoe/bal15_drugs/lodo_loo__scgpt_pan__chemberta__lightgbm
lodo_loo,scgpt_pan,chemberta,lightgbm,full,none,within_drug,AUROC,0.8424431853849912,0.0004585764733359143,3,10.0,results/tahoe/bal15_drugs/lodo_loo__scgpt_pan__chemberta__lightgbm
lodo_loo,scgpt_pan,chemberta,lightgbm,full,none,within_cell_line,MCC,0.2898622688934071,0.01095637948603749,3,38.0,results/tahoe/bal15_drugs/lodo_loo__scgpt_pan__chemberta__lightgbm
lodo_loo,scgpt_pan,chemberta,lightgbm,full,none,within_cell_line,AUROC,0.7228661932609302,0.0007347999185304237,3,38.0,results/tahoe/bal15_drugs/lodo_loo__scgpt_pan__chemberta__lightgbm
lodo_loo,scgpt_pan,chemberta,lightgbm,full,none,overall,MCC,0.4704916992883169,0.0269699390217637,10,,results/tahoe/bal15_drugs/lodo_loo__scgpt_pan__chemberta__lightgbm
lodo_loo,scgpt_pan,chemberta,lightgbm,full,none,overall,AUROC,0.8424431853849914,0.0149070159054692,10,,results/tahoe/bal15_drugs/lodo_loo__scgpt_pan__chemberta__lightgbm
lodo_loo,scgpt_pan,chemberta,mlp,full,none,within_drug,MCC,0.3123691905488256,0.020238491861812043,3,10.0,results/tahoe/bal15_drugs/lodo_loo__scgpt_pan__chemberta__mlp
lodo_loo,scgpt_pan,chemberta,mlp,full,none,within_drug,AUROC,0.7875848922231751,0.004002564093419763,3,10.0,results/tahoe/bal15_drugs/lodo_loo__scgpt_pan__chemberta__mlp
lodo_loo,scgpt_pan,chemberta,mlp,full,none,within_cell_line,MCC,0.22135423848054558,0.0321268327882284,3,38.0,results/tahoe/bal15_drugs/lodo_loo__scgpt_pan__chemberta__mlp
lodo_loo,scgpt_pan,chemberta,mlp,full,none,within_cell_line,AUROC,0.7117366332497911,0.030713479352242883,3,38.0,results/tahoe/bal15_drugs/lodo_loo__scgpt_pan__chemberta__mlp
lodo_loo,scgpt_pan,chemberta,mlp,full,none,overall,MCC,0.3123691905488256,0.0601201110425663,10,,results/tahoe/bal15_drugs/lodo_loo__scgpt_pan__chemberta__mlp
lodo_loo,scgpt_pan,chemberta,mlp,full,none,overall,AUROC,0.787584892223175,0.0207993631134363,10,,results/tahoe/bal15_drugs/lodo_loo__scgpt_pan__chemberta__mlp
lodo_loo,scgpt_pan,chemberta,xrfm,full,none,within_drug,MCC,0.47685931774312856,0.013243990521896393,3,10.0,results/tahoe/bal15_drugs/lodo_loo__scgpt_pan__chemberta__xrfm
lodo_loo,scgpt_pan,chemberta,xrfm,full,none,within_drug,AUROC,0.8288857802046848,0.0035448537744688494,3,10.0,results/tahoe/bal15_drugs/lodo_loo__scgpt_pan__chemberta__xrfm
lodo_loo,scgpt_pan,chemberta,xrfm,full,none,within_cell_line,MCC,0.2549124892589489,0.022308304532602047,3,38.0,results/tahoe/bal15_drugs/lodo_loo__scgpt_pan__chemberta__xrfm
lodo_loo,scgpt_pan,chemberta,xrfm,full,none,within_cell_line,AUROC,0.7332487468671678,0.010932760924659092,3,38.0,results/tahoe/bal15_drugs/lodo_loo__scgpt_pan__chemberta__xrfm
lodo_loo,scgpt_pan,chemberta,xrfm,full,none,overall,MCC,0.4768593177431285,0.0436541581489243,10,,results/tahoe/bal15_drugs/lodo_loo__scgpt_pan__chemberta__xrfm
lodo_loo,scgpt_pan,chemberta,xrfm,full,none,overall,AUROC,0.8288857802046848,0.0187510827574644,10,,results/tahoe/bal15_drugs/lodo_loo__scgpt_pan__chemberta__xrfm
lodo_loo,scgpt_pan,maccs,lightgbm,full,none,within_drug,MCC,0.4271152146797355,0.0024454685332588703,3,10.0,results/tahoe/bal15_drugs/lodo_loo__scgpt_pan__maccs__lightgbm
lodo_loo,scgpt_pan,maccs,lightgbm,full,none,within_drug,AUROC,0.8418853705078613,0.0002899003430470473,3,10.0,results/tahoe/bal15_drugs/lodo_loo__scgpt_pan__maccs__lightgbm
lodo_loo,scgpt_pan,maccs,lightgbm,full,none,within_cell_line,MCC,-0.0862794549238155,0.0024261369883078793,3,38.0,results/tahoe/bal15_drugs/lodo_loo__scgpt_pan__maccs__lightgbm
lodo_loo,scgpt_pan,maccs,lightgbm,full,none,within_cell_line,AUROC,0.47369987468671676,0.002524356943814,3,38.0,results/tahoe/bal15_drugs/lodo_loo__scgpt_pan__maccs__lightgbm
lodo_loo,scgpt_pan,maccs,lightgbm,full,none,overall,MCC,0.4271152146797355,0.0458067690215132,10,,results/tahoe/bal15_drugs/lodo_loo__scgpt_pan__maccs__lightgbm
lodo_loo,scgpt_pan,maccs,lightgbm,full,none,overall,AUROC,0.8418853705078613,0.0189129289187555,10,,results/tahoe/bal15_drugs/lodo_loo__scgpt_pan__maccs__lightgbm
lodo_loo,scgpt_pan,maccs,mlp,full,none,within_drug,MCC,0.2134137647582237,0.024478721133522133,3,10.0,results/tahoe/bal15_drugs/lodo_loo__scgpt_pan__maccs__mlp
lodo_loo,scgpt_pan,maccs,mlp,full,none,within_drug,AUROC,0.7983484306986629,0.01440030941472102,3,10.0,results/tahoe/bal15_drugs/lodo_loo__scgpt_pan__maccs__mlp
lodo_loo,scgpt_pan,maccs,mlp,full,none,within_cell_line,MCC,0.22027331592923635,0.07284904129195549,3,38.0,results/tahoe/bal15_drugs/lodo_loo__scgpt_pan__maccs__mlp
lodo_loo,scgpt_pan,maccs,mlp,full,none,within_cell_line,AUROC,0.6025539543302701,0.10714334163545298,3,38.0,results/tahoe/bal15_drugs/lodo_loo__scgpt_pan__maccs__mlp
lodo_loo,scgpt_pan,maccs,mlp,full,none,overall,MCC,0.2134137647582237,0.0555547565581887,10,,results/tahoe/bal15_drugs/lodo_loo__scgpt_pan__maccs__mlp
lodo_loo,scgpt_pan,maccs,mlp,full,none,overall,AUROC,0.7983484306986629,0.0259754175436319,10,,results/tahoe/bal15_drugs/lodo_loo__scgpt_pan__maccs__mlp
lodo_loo,scgpt_pan,maccs,xrfm,full,none,within_drug,MCC,0.5108868037870461,0.002844023703105716,3,10.0,results/tahoe/bal15_drugs/lodo_loo__scgpt_pan__maccs__xrfm
lodo_loo,scgpt_pan,maccs,xrfm,full,none,within_drug,AUROC,0.8565758879397865,0.0009757584494322982,3,10.0,results/tahoe/bal15_drugs/lodo_loo__scgpt_pan__maccs__xrfm
lodo_loo,scgpt_pan,maccs,xrfm,full,none,within_cell_line,MCC,0.2921145835310697,0.003035640138948865,3,38.0,results/tahoe/bal15_drugs/lodo_loo__scgpt_pan__maccs__xrfm
lodo_loo,scgpt_pan,maccs,xrfm,full,none,within_cell_line,AUROC,0.7531718184349764,0.002065794278675373,3,38.0,results/tahoe/bal15_drugs/lodo_loo__scgpt_pan__maccs__xrfm
lodo_loo,scgpt_pan,maccs,xrfm,full,none,overall,MCC,0.5108868037870461,0.0537742058922272,10,,results/tahoe/bal15_drugs/lodo_loo__scgpt_pan__maccs__xrfm
lodo_loo,scgpt_pan,maccs,xrfm,full,none,overall,AUROC,0.8565758879397863,0.0198632714775131,10,,results/tahoe/bal15_drugs/lodo_loo__scgpt_pan__maccs__xrfm
lodo_loo,scgpt_pan,materials,lightgbm,full,none,within_drug,MCC,0.4869468728524294,0.0051553886888605835,3,10.0,results/tahoe/bal15_drugs/lodo_loo__scgpt_pan__materials__lightgbm
lodo_loo,scgpt_pan,materials,lightgbm,full,none,within_drug,AUROC,0.8532064276504249,0.0014193666753108292,3,10.0,results/tahoe/bal15_drugs/lodo_loo__scgpt_pan__materials__lightgbm
lodo_loo,scgpt_pan,materials,lightgbm,full,none,within_cell_line,MCC,0.19333333186429713,0.004136894784524006,3,38.0,results/tahoe/bal15_drugs/lodo_loo__scgpt_pan__materials__lightgbm
lodo_loo,scgpt_pan,materials,lightgbm,full,none,within_cell_line,AUROC,0.695650932887775,0.0055807790441390805,3,38.0,results/tahoe/bal15_drugs/lodo_loo__scgpt_pan__materials__lightgbm
lodo_loo,scgpt_pan,materials,lightgbm,full,none,overall,MCC,0.4869468728524294,0.0298765971877066,10,,results/tahoe/bal15_drugs/lodo_loo__scgpt_pan__materials__lightgbm
lodo_loo,scgpt_pan,materials,lightgbm,full,none,overall,AUROC,0.8532064276504248,0.0186278646921479,10,,results/tahoe/bal15_drugs/lodo_loo__scgpt_pan__materials__lightgbm
lodo_loo,scgpt_pan,materials,mlp,full,none,within_drug,MCC,0.40475292317596107,0.04536431996409969,3,10.0,results/tahoe/bal15_drugs/lodo_loo__scgpt_pan__materials__mlp
lodo_loo,scgpt_pan,materials,mlp,full,none,within_drug,AUROC,0.794881576166376,0.0022988891910847727,3,10.0,results/tahoe/bal15_drugs/lodo_loo__scgpt_pan__materials__mlp
lodo_loo,scgpt_pan,materials,mlp,full,none,within_cell_line,MCC,0.18032548895105358,0.09397564457562482,3,38.0,results/tahoe/bal15_drugs/lodo_loo__scgpt_pan__materials__mlp
lodo_loo,scgpt_pan,materials,mlp,full,none,within_cell_line,AUROC,0.6898071567808409,0.028295068170045717,3,38.0,results/tahoe/bal15_drugs/lodo_loo__scgpt_pan__materials__mlp
lodo_loo,scgpt_pan,materials,mlp,full,none,overall,MCC,0.4047529231759611,0.038935506374583,10,,results/tahoe/bal15_drugs/lodo_loo__scgpt_pan__materials__mlp
lodo_loo,scgpt_pan,materials,mlp,full,none,overall,AUROC,0.794881576166376,0.0201438783153545,10,,results/tahoe/bal15_drugs/lodo_loo__scgpt_pan__materials__mlp
lodo_loo,scgpt_pan,materials,xrfm,full,none,within_drug,MCC,0.35317347808301824,0.00302483638058746,3,10.0,results/tahoe/bal15_drugs/lodo_loo__scgpt_pan__materials__xrfm
lodo_loo,scgpt_pan,materials,xrfm,full,none,within_drug,AUROC,0.8264893213485495,0.0022139274855123487,3,10.0,results/tahoe/bal15_drugs/lodo_loo__scgpt_pan__materials__xrfm
lodo_loo,scgpt_pan,materials,xrfm,full,none,within_cell_line,MCC,0.17664854131785157,0.0070478471060651665,3,38.0,results/tahoe/bal15_drugs/lodo_loo__scgpt_pan__materials__xrfm
lodo_loo,scgpt_pan,materials,xrfm,full,none,within_cell_line,AUROC,0.677079156223893,0.0072829322849208835,3,38.0,results/tahoe/bal15_drugs/lodo_loo__scgpt_pan__materials__xrfm
lodo_loo,scgpt_pan,materials,xrfm,full,none,overall,MCC,0.3531734780830183,0.06566759575336,10,,results/tahoe/bal15_drugs/lodo_loo__scgpt_pan__materials__xrfm
lodo_loo,scgpt_pan,materials,xrfm,full,none,overall,AUROC,0.8264893213485494,0.0226917409717974,10,,results/tahoe/bal15_drugs/lodo_loo__scgpt_pan__materials__xrfm
lodo_loo,scgpt_pan,molformer,lightgbm,full,none,within_drug,MCC,0.4822124370751759,0.0034340048816727015,3,10.0,results/tahoe/bal15_drugs/lodo_loo__scgpt_pan__molformer__lightgbm
lodo_loo,scgpt_pan,molformer,lightgbm,full,none,within_drug,AUROC,0.8572022473864259,0.0011734266220012788,3,10.0,results/tahoe/bal15_drugs/lodo_loo__scgpt_pan__molformer__lightgbm
lodo_loo,scgpt_pan,molformer,lightgbm,full,none,within_cell_line,MCC,0.110164874690923,0.0247176707073815,3,38.0,results/tahoe/bal15_drugs/lodo_loo__scgpt_pan__molformer__lightgbm
lodo_loo,scgpt_pan,molformer,lightgbm,full,none,within_cell_line,AUROC,0.6522100389863548,0.007836158140384145,3,38.0,results/tahoe/bal15_drugs/lodo_loo__scgpt_pan__molformer__lightgbm
lodo_loo,scgpt_pan,molformer,lightgbm,full,none,overall,MCC,0.4822124370751758,0.0374842035091251,10,,results/tahoe/bal15_drugs/lodo_loo__scgpt_pan__molformer__lightgbm
lodo_loo,scgpt_pan,molformer,lightgbm,full,none,overall,AUROC,0.8572022473864258,0.0147018331740593,10,,results/tahoe/bal15_drugs/lodo_loo__scgpt_pan__molformer__lightgbm
lodo_loo,scgpt_pan,molformer,mlp,full,none,within_drug,MCC,0.33651493211432193,0.04364797545138356,3,10.0,results/tahoe/bal15_drugs/lodo_loo__scgpt_pan__molformer__mlp
lodo_loo,scgpt_pan,molformer,mlp,full,none,within_drug,AUROC,0.794756904109168,0.0058315308746366215,3,10.0,results/tahoe/bal15_drugs/lodo_loo__scgpt_pan__molformer__mlp
lodo_loo,scgpt_pan,molformer,mlp,full,none,within_cell_line,MCC,0.07771222770570542,0.08770750092163139,3,38.0,results/tahoe/bal15_drugs/lodo_loo__scgpt_pan__molformer__mlp
lodo_loo,scgpt_pan,molformer,mlp,full,none,within_cell_line,AUROC,0.6072796574770258,0.044215984163287925,3,38.0,results/tahoe/bal15_drugs/lodo_loo__scgpt_pan__molformer__mlp
lodo_loo,scgpt_pan,molformer,mlp,full,none,overall,MCC,0.3365149321143219,0.0445448108648543,10,,results/tahoe/bal15_drugs/lodo_loo__scgpt_pan__molformer__mlp
lodo_loo,scgpt_pan,molformer,mlp,full,none,overall,AUROC,0.794756904109168,0.0284422156065464,10,,results/tahoe/bal15_drugs/lodo_loo__scgpt_pan__molformer__mlp
lodo_loo,scgpt_pan,molformer,xrfm,full,none,within_drug,MCC,0.44852819863157417,0.016820946293175824,3,10.0,results/tahoe/bal15_drugs/lodo_loo__scgpt_pan__molformer__xrfm
lodo_loo,scgpt_pan,molformer,xrfm,full,none,within_drug,AUROC,0.8388455927604989,0.0008146907470877702,3,10.0,results/tahoe/bal15_drugs/lodo_loo__scgpt_pan__molformer__xrfm
lodo_loo,scgpt_pan,molformer,xrfm,full,none,within_cell_line,MCC,0.24208147784101716,0.010040322183074478,3,38.0,results/tahoe/bal15_drugs/lodo_loo__scgpt_pan__molformer__xrfm
lodo_loo,scgpt_pan,molformer,xrfm,full,none,within_cell_line,AUROC,0.6924314257866889,0.005360662467266293,3,38.0,results/tahoe/bal15_drugs/lodo_loo__scgpt_pan__molformer__xrfm
lodo_loo,scgpt_pan,molformer,xrfm,full,none,overall,MCC,0.4485281986315742,0.0541335722063552,10,,results/tahoe/bal15_drugs/lodo_loo__scgpt_pan__molformer__xrfm
lodo_loo,scgpt_pan,molformer,xrfm,full,none,overall,AUROC,0.8388455927604987,0.020386264661399,10,,results/tahoe/bal15_drugs/lodo_loo__scgpt_pan__molformer__xrfm
lodo_loo,scgpt_pan,morgan,lightgbm,full,none,within_drug,MCC,0.4178648817925816,0.004162063515590242,3,10.0,results/tahoe/bal15_drugs/lodo_loo__scgpt_pan__morgan__lightgbm
lodo_loo,scgpt_pan,morgan,lightgbm,full,none,within_drug,AUROC,0.8492870479129393,0.0006897856890630919,3,10.0,results/tahoe/bal15_drugs/lodo_loo__scgpt_pan__morgan__lightgbm
lodo_loo,scgpt_pan,morgan,lightgbm,full,none,within_cell_line,MCC,0.005005969738436374,0.008220166444648127,3,38.0,results/tahoe/bal15_drugs/lodo_loo__scgpt_pan__morgan__lightgbm
lodo_loo,scgpt_pan,morgan,lightgbm,full,none,within_cell_line,AUROC,0.5503299916457811,0.01029984610782921,3,38.0,results/tahoe/bal15_drugs/lodo_loo__scgpt_pan__morgan__lightgbm
lodo_loo,scgpt_pan,morgan,lightgbm,full,none,overall,MCC,0.4178648817925816,0.038278533116678,10,,results/tahoe/bal15_drugs/lodo_loo__scgpt_pan__morgan__lightgbm
lodo_loo,scgpt_pan,morgan,lightgbm,full,none,overall,AUROC,0.8492870479129394,0.0180017824315369,10,,results/tahoe/bal15_drugs/lodo_loo__scgpt_pan__morgan__lightgbm
lodo_loo,scgpt_pan,morgan,mlp,full,none,within_drug,MCC,0.3489330723070188,0.027651866058182848,3,10.0,results/tahoe/bal15_drugs/lodo_loo__scgpt_pan__morgan__mlp
lodo_loo,scgpt_pan,morgan,mlp,full,none,within_drug,AUROC,0.807024946957111,0.01191985193397605,3,10.0,results/tahoe/bal15_drugs/lodo_loo__scgpt_pan__morgan__mlp
lodo_loo,scgpt_pan,morgan,mlp,full,none,within_cell_line,MCC,0.1270999428376017,0.07682703944824555,3,38.0,results/tahoe/bal15_drugs/lodo_loo__scgpt_pan__morgan__mlp
lodo_loo,scgpt_pan,morgan,mlp,full,none,within_cell_line,AUROC,0.5990598022834864,0.06288541222372719,3,38.0,results/tahoe/bal15_drugs/lodo_loo__scgpt_pan__morgan__mlp
lodo_loo,scgpt_pan,morgan,mlp,full,none,overall,MCC,0.3489330723070188,0.0464373502675881,10,,results/tahoe/bal15_drugs/lodo_loo__scgpt_pan__morgan__mlp
lodo_loo,scgpt_pan,morgan,mlp,full,none,overall,AUROC,0.8070249469571109,0.0206977667768383,10,,results/tahoe/bal15_drugs/lodo_loo__scgpt_pan__morgan__mlp
lodo_loo,scgpt_pan,morgan,xrfm,full,none,within_drug,MCC,0.4395533948557511,0.005525646490330923,3,10.0,results/tahoe/bal15_drugs/lodo_loo__scgpt_pan__morgan__xrfm
lodo_loo,scgpt_pan,morgan,xrfm,full,none,within_drug,AUROC,0.8474739874436205,0.001994589358516083,3,10.0,results/tahoe/bal15_drugs/lodo_loo__scgpt_pan__morgan__xrfm
lodo_loo,scgpt_pan,morgan,xrfm,full,none,within_cell_line,MCC,0.0485201630239992,0.004213232241836561,3,38.0,results/tahoe/bal15_drugs/lodo_loo__scgpt_pan__morgan__xrfm
lodo_loo,scgpt_pan,morgan,xrfm,full,none,within_cell_line,AUROC,0.576469298245614,0.006571509345551437,3,38.0,results/tahoe/bal15_drugs/lodo_loo__scgpt_pan__morgan__xrfm
lodo_loo,scgpt_pan,morgan,xrfm,full,none,overall,MCC,0.4395533948557511,0.0369216765000117,10,,results/tahoe/bal15_drugs/lodo_loo__scgpt_pan__morgan__xrfm
lodo_loo,scgpt_pan,morgan,xrfm,full,none,overall,AUROC,0.8474739874436205,0.0207932068400058,10,,results/tahoe/bal15_drugs/lodo_loo__scgpt_pan__morgan__xrfm
lodo_loo,scvi,biomed,lightgbm,full,none,within_drug,MCC,0.4586284969620877,0.007786504418560074,3,10.0,results/tahoe/bal15_drugs/lodo_loo__scvi__biomed__lightgbm
lodo_loo,scvi,biomed,lightgbm,full,none,within_drug,AUROC,0.846553392739897,0.00186899362398164,3,10.0,results/tahoe/bal15_drugs/lodo_loo__scvi__biomed__lightgbm
lodo_loo,scvi,biomed,lightgbm,full,none,within_cell_line,MCC,-0.10050756675223937,0.008499732468192281,3,38.0,results/tahoe/bal15_drugs/lodo_loo__scvi__biomed__lightgbm
lodo_loo,scvi,biomed,lightgbm,full,none,within_cell_line,AUROC,0.3838742690058479,0.007243059916590423,3,38.0,results/tahoe/bal15_drugs/lodo_loo__scvi__biomed__lightgbm
lodo_loo,scvi,biomed,lightgbm,full,none,overall,MCC,0.4586284969620877,0.0417749773307672,10,,results/tahoe/bal15_drugs/lodo_loo__scvi__biomed__lightgbm
lodo_loo,scvi,biomed,lightgbm,full,none,overall,AUROC,0.846553392739897,0.02048616542938,10,,results/tahoe/bal15_drugs/lodo_loo__scvi__biomed__lightgbm
lodo_loo,scvi,biomed,mlp,full,none,within_drug,MCC,0.432153236187028,0.008437592193375188,3,10.0,results/tahoe/bal15_drugs/lodo_loo__scvi__biomed__mlp
lodo_loo,scvi,biomed,mlp,full,none,within_drug,AUROC,0.7964039627296738,0.005080700762519273,3,10.0,results/tahoe/bal15_drugs/lodo_loo__scvi__biomed__mlp
lodo_loo,scvi,biomed,mlp,full,none,within_cell_line,MCC,0.2639384478362028,0.012887618669392703,3,38.0,results/tahoe/bal15_drugs/lodo_loo__scvi__biomed__mlp
lodo_loo,scvi,biomed,mlp,full,none,within_cell_line,AUROC,0.720907477025898,0.002380916273720184,3,38.0,results/tahoe/bal15_drugs/lodo_loo__scvi__biomed__mlp
lodo_loo,scvi,biomed,mlp,full,none,overall,MCC,0.432153236187028,0.04706262660821,10,,results/tahoe/bal15_drugs/lodo_loo__scvi__biomed__mlp
lodo_loo,scvi,biomed,mlp,full,none,overall,AUROC,0.7964039627296737,0.0226902172250738,10,,results/tahoe/bal15_drugs/lodo_loo__scvi__biomed__mlp
lodo_loo,scvi,biomed,xrfm,full,none,within_drug,MCC,0.2617527223593226,0.01497987730924997,3,10.0,results/tahoe/bal15_drugs/lodo_loo__scvi__biomed__xrfm
lodo_loo,scvi,biomed,xrfm,full,none,within_drug,AUROC,0.6869150506839556,0.012531807698425412,3,10.0,results/tahoe/bal15_drugs/lodo_loo__scvi__biomed__xrfm
lodo_loo,scvi,biomed,xrfm,full,none,within_cell_line,MCC,0.08741986967488356,0.0066001183633198094,3,38.0,results/tahoe/bal15_drugs/lodo_loo__scvi__biomed__xrfm
lodo_loo,scvi,biomed,xrfm,full,none,within_cell_line,AUROC,0.5827896129211919,0.01861638195104333,3,38.0,results/tahoe/bal15_drugs/lodo_loo__scvi__biomed__xrfm
lodo_loo,scvi,biomed,xrfm,full,none,overall,MCC,0.2617527223593227,0.0869452166646652,10,,results/tahoe/bal15_drugs/lodo_loo__scvi__biomed__xrfm
lodo_loo,scvi,biomed,xrfm,full,none,overall,AUROC,0.6869150506839558,0.0588236033640483,10,,results/tahoe/bal15_drugs/lodo_loo__scvi__biomed__xrfm
lodo_loo,scvi,chemberta,lightgbm,full,none,within_drug,MCC,0.4707151889679168,0.0032896120750730063,3,10.0,results/tahoe/bal15_drugs/lodo_loo__scvi__chemberta__lightgbm
lodo_loo,scvi,chemberta,lightgbm,full,none,within_drug,AUROC,0.8468925794206216,0.0022237312345044207,3,10.0,results/tahoe/bal15_drugs/lodo_loo__scvi__chemberta__lightgbm
lodo_loo,scvi,chemberta,lightgbm,full,none,within_cell_line,MCC,0.1708612755422033,0.013610526448182416,3,38.0,results/tahoe/bal15_drugs/lodo_loo__scvi__chemberta__lightgbm
lodo_loo,scvi,chemberta,lightgbm,full,none,within_cell_line,AUROC,0.6735063352826511,0.00577377764620077,3,38.0,results/tahoe/bal15_drugs/lodo_loo__scvi__chemberta__lightgbm
lodo_loo,scvi,chemberta,lightgbm,full,none,overall,MCC,0.4707151889679168,0.0392824830488797,10,,results/tahoe/bal15_drugs/lodo_loo__scvi__chemberta__lightgbm
lodo_loo,scvi,chemberta,lightgbm,full,none,overall,AUROC,0.8468925794206215,0.0154524855610475,10,,results/tahoe/bal15_drugs/lodo_loo__scvi__chemberta__lightgbm
lodo_loo,scvi,chemberta,mlp,full,none,within_drug,MCC,0.434689650339962,0.009281825303532021,3,10.0,results/tahoe/bal15_drugs/lodo_loo__scvi__chemberta__mlp
lodo_loo,scvi,chemberta,mlp,full,none,within_drug,AUROC,0.7861882853091396,0.004883771981857015,3,10.0,results/tahoe/bal15_drugs/lodo_loo__scvi__chemberta__mlp
lodo_loo,scvi,chemberta,mlp,full,none,within_cell_line,MCC,0.16056827429788334,0.0015232485624191855,3,38.0,results/tahoe/bal15_drugs/lodo_loo__scvi__chemberta__mlp
lodo_loo,scvi,chemberta,mlp,full,none,within_cell_line,AUROC,0.7195506126427179,0.009196053723244732,3,38.0,results/tahoe/bal15_drugs/lodo_loo__scvi__chemberta__mlp
lodo_loo,scvi,chemberta,mlp,full,none,overall,MCC,0.4346896503399621,0.0420998996316993,10,,results/tahoe/bal15_drugs/lodo_loo__scvi__chemberta__mlp
lodo_loo,scvi,chemberta,mlp,full,none,overall,AUROC,0.7861882853091396,0.0228496620759409,10,,results/tahoe/bal15_drugs/lodo_loo__scvi__chemberta__mlp
lodo_loo,scvi,chemberta,xrfm,full,none,within_drug,MCC,0.42714522214363665,0.0146843646209398,3,10.0,results/tahoe/bal15_drugs/lodo_loo__scvi__chemberta__xrfm
lodo_loo,scvi,chemberta,xrfm,full,none,within_drug,AUROC,0.7967661214754092,0.004011424131179609,3,10.0,results/tahoe/bal15_drugs/lodo_loo__scvi__chemberta__xrfm
lodo_loo,scvi,chemberta,xrfm,full,none,within_cell_line,MCC,0.1736326790024325,0.020184033110352377,3,38.0,results/tahoe/bal15_drugs/lodo_loo__scvi__chemberta__xrfm
lodo_loo,scvi,chemberta,xrfm,full,none,within_cell_line,AUROC,0.6738049986076301,0.026538220998827418,3,38.0,results/tahoe/bal15_drugs/lodo_loo__scvi__chemberta__xrfm
lodo_loo,scvi,chemberta,xrfm,full,none,overall,MCC,0.4271452221436366,0.0380826693754087,10,,results/tahoe/bal15_drugs/lodo_loo__scvi__chemberta__xrfm
lodo_loo,scvi,chemberta,xrfm,full,none,overall,AUROC,0.7967661214754093,0.0232046249404674,10,,results/tahoe/bal15_drugs/lodo_loo__scvi__chemberta__xrfm
lodo_loo,scvi,maccs,lightgbm,full,none,within_drug,MCC,0.4585485979927301,0.01059492090093531,3,10.0,results/tahoe/bal15_drugs/lodo_loo__scvi__maccs__lightgbm
lodo_loo,scvi,maccs,lightgbm,full,none,within_drug,AUROC,0.8408445222206877,0.005586267270479816,3,10.0,results/tahoe/bal15_drugs/lodo_loo__scvi__maccs__lightgbm
lodo_loo,scvi,maccs,lightgbm,full,none,within_cell_line,MCC,-0.06414207810788963,0.013908102902935628,3,38.0,results/tahoe/bal15_drugs/lodo_loo__scvi__maccs__lightgbm
lodo_loo,scvi,maccs,lightgbm,full,none,within_cell_line,AUROC,0.45281049846839316,0.003879340908343316,3,38.0,results/tahoe/bal15_drugs/lodo_loo__scvi__maccs__lightgbm
lodo_loo,scvi,maccs,lightgbm,full,none,overall,MCC,0.4585485979927302,0.0467783479708363,10,,results/tahoe/bal15_drugs/lodo_loo__scvi__maccs__lightgbm
lodo_loo,scvi,maccs,lightgbm,full,none,overall,AUROC,0.8408445222206877,0.0190945844054262,10,,results/tahoe/bal15_drugs/lodo_loo__scvi__maccs__lightgbm
lodo_loo,scvi,maccs,mlp,full,none,within_drug,MCC,0.49786175208185907,0.003699497911781892,3,10.0,results/tahoe/bal15_drugs/lodo_loo__scvi__maccs__mlp
lodo_loo,scvi,maccs,mlp,full,none,within_drug,AUROC,0.8183733158716935,0.002096154547108122,3,10.0,results/tahoe/bal15_drugs/lodo_loo__scvi__maccs__mlp
lodo_loo,scvi,maccs,mlp,full,none,within_cell_line,MCC,0.26280772729849383,0.023524598097818292,3,38.0,results/tahoe/bal15_drugs/lodo_loo__scvi__maccs__mlp
lodo_loo,scvi,maccs,mlp,full,none,within_cell_line,AUROC,0.742848440545809,0.013142880932214052,3,38.0,results/tahoe/bal15_drugs/lodo_loo__scvi__maccs__mlp
lodo_loo,scvi,maccs,mlp,full,none,overall,MCC,0.497861752081859,0.0417980500535042,10,,results/tahoe/bal15_drugs/lodo_loo__scvi__maccs__mlp
lodo_loo,scvi,maccs,mlp,full,none,overall,AUROC,0.8183733158716933,0.0244609093845097,10,,results/tahoe/bal15_drugs/lodo_loo__scvi__maccs__mlp
lodo_loo,scvi,maccs,xrfm,full,none,within_drug,MCC,0.5086162622361575,0.02010077688449475,3,10.0,results/tahoe/bal15_drugs/lodo_loo__scvi__maccs__xrfm
lodo_loo,scvi,maccs,xrfm,full,none,within_drug,AUROC,0.8415820995049103,0.002168831826269071,3,10.0,results/tahoe/bal15_drugs/lodo_loo__scvi__maccs__xrfm
lodo_loo,scvi,maccs,xrfm,full,none,within_cell_line,MCC,0.29006252024902895,0.028658867425033225,3,38.0,results/tahoe/bal15_drugs/lodo_loo__scvi__maccs__xrfm
lodo_loo,scvi,maccs,xrfm,full,none,within_cell_line,AUROC,0.7235119047619047,0.013100627936059782,3,38.0,results/tahoe/bal15_drugs/lodo_loo__scvi__maccs__xrfm
lodo_loo,scvi,maccs,xrfm,full,none,overall,MCC,0.5086162622361575,0.0502078261805733,10,,results/tahoe/bal15_drugs/lodo_loo__scvi__maccs__xrfm
lodo_loo,scvi,maccs,xrfm,full,none,overall,AUROC,0.8415820995049101,0.0214003023217093,10,,results/tahoe/bal15_drugs/lodo_loo__scvi__maccs__xrfm
lodo_loo,scvi,materials,lightgbm,full,none,within_drug,MCC,0.4811828264081243,0.009010288477031605,3,10.0,results/tahoe/bal15_drugs/lodo_loo__scvi__materials__lightgbm
lodo_loo,scvi,materials,lightgbm,full,none,within_drug,AUROC,0.8624587907814948,0.0016594678776869324,3,10.0,results/tahoe/bal15_drugs/lodo_loo__scvi__materials__lightgbm
lodo_loo,scvi,materials,lightgbm,full,none,within_cell_line,MCC,0.13024599921851593,0.007933892631395413,3,38.0,results/tahoe/bal15_drugs/lodo_loo__scvi__materials__lightgbm
lodo_loo,scvi,materials,lightgbm,full,none,within_cell_line,AUROC,0.6343358395989975,0.00654983472256035,3,38.0,results/tahoe/bal15_drugs/lodo_loo__scvi__materials__lightgbm
lodo_loo,scvi,materials,lightgbm,full,none,overall,MCC,0.4811828264081244,0.0295749293274772,10,,results/tahoe/bal15_drugs/lodo_loo__scvi__materials__lightgbm
lodo_loo,scvi,materials,lightgbm,full,none,overall,AUROC,0.8624587907814949,0.0186202838504773,10,,results/tahoe/bal15_drugs/lodo_loo__scvi__materials__lightgbm
lodo_loo,scvi,materials,mlp,full,none,within_drug,MCC,0.41697043696551567,0.005193814677854818,3,10.0,results/tahoe/bal15_drugs/lodo_loo__scvi__materials__mlp
lodo_loo,scvi,materials,mlp,full,none,within_drug,AUROC,0.7694567736134109,0.00459537435956781,3,10.0,results/tahoe/bal15_drugs/lodo_loo__scvi__materials__mlp
lodo_loo,scvi,materials,mlp,full,none,within_cell_line,MCC,0.10708593475228283,0.010049894869834267,3,38.0,results/tahoe/bal15_drugs/lodo_loo__scvi__materials__mlp
lodo_loo,scvi,materials,mlp,full,none,within_cell_line,AUROC,0.6344705513784461,0.01093493756344314,3,38.0,results/tahoe/bal15_drugs/lodo_loo__scvi__materials__mlp
lodo_loo,scvi,materials,mlp,full,none,overall,MCC,0.4169704369655157,0.0500236981627263,10,,results/tahoe/bal15_drugs/lodo_loo__scvi__materials__mlp
lodo_loo,scvi,materials,mlp,full,none,overall,AUROC,0.7694567736134108,0.0247476697244835,10,,results/tahoe/bal15_drugs/lodo_loo__scvi__materials__mlp
lodo_loo,scvi,materials,xrfm,full,none,within_drug,MCC,0.38943278792443786,0.0029608499861742596,3,10.0,results/tahoe/bal15_drugs/lodo_loo__scvi__materials__xrfm
lodo_loo,scvi,materials,xrfm,full,none,within_drug,AUROC,0.7985689757834974,0.004003558370784784,3,10.0,results/tahoe/bal15_drugs/lodo_loo__scvi__materials__xrfm
lodo_loo,scvi,materials,xrfm,full,none,within_cell_line,MCC,0.1274276444137451,0.019378477711117156,3,38.0,results/tahoe/bal15_drugs/lodo_loo__scvi__materials__xrfm
lodo_loo,scvi,materials,xrfm,full,none,within_cell_line,AUROC,0.5836984823169034,0.012460304337314512,3,38.0,results/tahoe/bal15_drugs/lodo_loo__scvi__materials__xrfm
lodo_loo,scvi,materials,xrfm,full,none,overall,MCC,0.3894327879244378,0.0495956064304219,10,,results/tahoe/bal15_drugs/lodo_loo__scvi__materials__xrfm
lodo_loo,scvi,materials,xrfm,full,none,overall,AUROC,0.7985689757834974,0.0310751688013902,10,,results/tahoe/bal15_drugs/lodo_loo__scvi__materials__xrfm
lodo_loo,scvi,molformer,lightgbm,full,none,within_drug,MCC,0.4794470861733708,0.0069198617315953705,3,10.0,results/tahoe/bal15_drugs/lodo_loo__scvi__molformer__lightgbm
lodo_loo,scvi,molformer,lightgbm,full,none,within_drug,AUROC,0.8649677881486575,0.002134987314893251,3,10.0,results/tahoe/bal15_drugs/lodo_loo__scvi__molformer__lightgbm
lodo_loo,scvi,molformer,lightgbm,full,none,within_cell_line,MCC,0.04158401629797364,0.012512029411424002,3,38.0,results/tahoe/bal15_drugs/lodo_loo__scvi__molformer__lightgbm
lodo_loo,scvi,molformer,lightgbm,full,none,within_cell_line,AUROC,0.5910519353940407,0.0015034502332201033,3,38.0,results/tahoe/bal15_drugs/lodo_loo__scvi__molformer__lightgbm
lodo_loo,scvi,molformer,lightgbm,full,none,overall,MCC,0.4794470861733708,0.0332031298822997,10,,results/tahoe/bal15_drugs/lodo_loo__scvi__molformer__lightgbm
lodo_loo,scvi,molformer,lightgbm,full,none,overall,AUROC,0.8649677881486577,0.0161104381497727,10,,results/tahoe/bal15_drugs/lodo_loo__scvi__molformer__lightgbm
lodo_loo,scvi,molformer,mlp,full,none,within_drug,MCC,0.4526933156698374,0.0051378607104994945,3,10.0,results/tahoe/bal15_drugs/lodo_loo__scvi__molformer__mlp
lodo_loo,scvi,molformer,mlp,full,none,within_drug,AUROC,0.8035695834334184,0.0030155902987875362,3,10.0,results/tahoe/bal15_drugs/lodo_loo__scvi__molformer__mlp
lodo_loo,scvi,molformer,mlp,full,none,within_cell_line,MCC,0.158013990046756,0.02170851425513941,3,38.0,results/tahoe/bal15_drugs/lodo_loo__scvi__molformer__mlp
lodo_loo,scvi,molformer,mlp,full,none,within_cell_line,AUROC,0.636672932330827,0.016682968308900866,3,38.0,results/tahoe/bal15_drugs/lodo_loo__scvi__molformer__mlp
lodo_loo,scvi,molformer,mlp,full,none,overall,MCC,0.4526933156698374,0.0344936625552588,10,,results/tahoe/bal15_drugs/lodo_loo__scvi__molformer__mlp
lodo_loo,scvi,molformer,mlp,full,none,overall,AUROC,0.8035695834334184,0.0220200604285935,10,,results/tahoe/bal15_drugs/lodo_loo__scvi__molformer__mlp
lodo_loo,scvi,molformer,xrfm,full,none,within_drug,MCC,0.41094291767583463,0.006804818041437165,3,10.0,results/tahoe/bal15_drugs/lodo_loo__scvi__molformer__xrfm
lodo_loo,scvi,molformer,xrfm,full,none,within_drug,AUROC,0.7954827765617614,0.01168161519191549,3,10.0,results/tahoe/bal15_drugs/lodo_loo__scvi__molformer__xrfm
lodo_loo,scvi,molformer,xrfm,full,none,within_cell_line,MCC,0.21081618722347406,0.004915680597759537,3,38.0,results/tahoe/bal15_drugs/lodo_loo__scvi__molformer__xrfm
lodo_loo,scvi,molformer,xrfm,full,none,within_cell_line,AUROC,0.6495551378446115,0.01036499803563935,3,38.0,results/tahoe/bal15_drugs/lodo_loo__scvi__molformer__xrfm
lodo_loo,scvi,molformer,xrfm,full,none,overall,MCC,0.4109429176758347,0.0604848364095505,10,,results/tahoe/bal15_drugs/lodo_loo__scvi__molformer__xrfm
lodo_loo,scvi,molformer,xrfm,full,none,overall,AUROC,0.7954827765617614,0.0239736376837823,10,,results/tahoe/bal15_drugs/lodo_loo__scvi__molformer__xrfm
lodo_loo,scvi,morgan,lightgbm,full,none,within_drug,MCC,0.4094406047081767,0.005150816346117398,3,10.0,results/tahoe/bal15_drugs/lodo_loo__scvi__morgan__lightgbm
lodo_loo,scvi,morgan,lightgbm,full,none,within_drug,AUROC,0.8548853528043944,0.0019267812913394565,3,10.0,results/tahoe/bal15_drugs/lodo_loo__scvi__morgan__lightgbm
lodo_loo,scvi,morgan,lightgbm,full,none,within_cell_line,MCC,-0.03186366919332531,0.007880222006323217,3,38.0,results/tahoe/bal15_drugs/lodo_loo__scvi__morgan__lightgbm
lodo_loo,scvi,morgan,lightgbm,full,none,within_cell_line,AUROC,0.49132692843219156,0.007325193970786258,3,38.0,results/tahoe/bal15_drugs/lodo_loo__scvi__morgan__lightgbm
lodo_loo,scvi,morgan,lightgbm,full,none,overall,MCC,0.4094406047081767,0.0314864945228959,10,,results/tahoe/bal15_drugs/lodo_loo__scvi__morgan__lightgbm
lodo_loo,scvi,morgan,lightgbm,full,none,overall,AUROC,0.8548853528043944,0.017268273673555,10,,results/tahoe/bal15_drugs/lodo_loo__scvi__morgan__lightgbm
lodo_loo,scvi,morgan,mlp,full,none,within_drug,MCC,0.43764077751576336,0.007786001078095632,3,10.0,results/tahoe/bal15_drugs/lodo_loo__scvi__morgan__mlp
lodo_loo,scvi,morgan,mlp,full,none,within_drug,AUROC,0.8327813993407777,0.003414772258938326,3,10.0,results/tahoe/bal15_drugs/lodo_loo__scvi__morgan__mlp
lodo_loo,scvi,morgan,mlp,full,none,within_cell_line,MCC,0.029284954166639458,0.0049275645140748085,3,38.0,results/tahoe/bal15_drugs/lodo_loo__scvi__morgan__mlp
lodo_loo,scvi,morgan,mlp,full,none,within_cell_line,AUROC,0.586786410470621,0.01998015908796032,3,38.0,results/tahoe/bal15_drugs/lodo_loo__scvi__morgan__mlp
lodo_loo,scvi,morgan,mlp,full,none,overall,MCC,0.4376407775157633,0.0407797776652277,10,,results/tahoe/bal15_drugs/lodo_loo__scvi__morgan__mlp
lodo_loo,scvi,morgan,mlp,full,none,overall,AUROC,0.8327813993407774,0.0196937062186118,10,,results/tahoe/bal15_drugs/lodo_loo__scvi__morgan__mlp
lodo_loo,scvi,morgan,xrfm,full,none,within_drug,MCC,0.43144552732187375,0.0014819044588640334,3,10.0,results/tahoe/bal15_drugs/lodo_loo__scvi__morgan__xrfm
lodo_loo,scvi,morgan,xrfm,full,none,within_drug,AUROC,0.8506046167764655,0.003075873095264787,3,10.0,results/tahoe/bal15_drugs/lodo_loo__scvi__morgan__xrfm
lodo_loo,scvi,morgan,xrfm,full,none,within_cell_line,MCC,-0.022385522644518402,0.028466928508192872,3,38.0,results/tahoe/bal15_drugs/lodo_loo__scvi__morgan__xrfm
lodo_loo,scvi,morgan,xrfm,full,none,within_cell_line,AUROC,0.46465469228627115,0.021669630319327716,3,38.0,results/tahoe/bal15_drugs/lodo_loo__scvi__morgan__xrfm
lodo_loo,scvi,morgan,xrfm,full,none,overall,MCC,0.4314455273218737,0.0423597376872583,10,,results/tahoe/bal15_drugs/lodo_loo__scvi__morgan__xrfm
lodo_loo,scvi,morgan,xrfm,full,none,overall,AUROC,0.8506046167764657,0.020896441586465,10,,results/tahoe/bal15_drugs/lodo_loo__scvi__morgan__xrfm
pairzs_withleak,gene_jepa,biomed,lightgbm,full,none,within_drug,MCC,0.15462069069821935,0.024711920868062297,3,10.0,results/tahoe/bal15_drugs/pairzs_withleak__gene_jepa__biomed__lightgbm
pairzs_withleak,gene_jepa,biomed,lightgbm,full,none,within_drug,AUROC,0.7559482003465963,0.004712407419409532,3,10.0,results/tahoe/bal15_drugs/pairzs_withleak__gene_jepa__biomed__lightgbm
pairzs_withleak,gene_jepa,biomed,lightgbm,full,none,within_cell_line,MCC,0.4961390873608417,0.005669957046423548,3,38.0,results/tahoe/bal15_drugs/pairzs_withleak__gene_jepa__biomed__lightgbm
pairzs_withleak,gene_jepa,biomed,lightgbm,full,none,within_cell_line,AUROC,0.8073673767752716,0.003547681523782858,3,38.0,results/tahoe/bal15_drugs/pairzs_withleak__gene_jepa__biomed__lightgbm
pairzs_withleak,gene_jepa,biomed,lightgbm,full,none,overall,MCC,0.4994851060435351,0.0268846334979899,10,,results/tahoe/bal15_drugs/pairzs_withleak__gene_jepa__biomed__lightgbm
pairzs_withleak,gene_jepa,biomed,lightgbm,full,none,overall,AUROC,0.8483535332486571,0.014781271408028,10,,results/tahoe/bal15_drugs/pairzs_withleak__gene_jepa__biomed__lightgbm
pairzs_withleak,gene_jepa,biomed,mlp,full,none,within_drug,MCC,0.21949543433572716,0.04158784784218856,3,10.0,results/tahoe/bal15_drugs/pairzs_withleak__gene_jepa__biomed__mlp
pairzs_withleak,gene_jepa,biomed,mlp,full,none,within_drug,AUROC,0.6959967244565809,0.015385042871822966,3,10.0,results/tahoe/bal15_drugs/pairzs_withleak__gene_jepa__biomed__mlp
pairzs_withleak,gene_jepa,biomed,mlp,full,none,within_cell_line,MCC,0.4883192324329824,0.01778702073942164,3,38.0,results/tahoe/bal15_drugs/pairzs_withleak__gene_jepa__biomed__mlp
pairzs_withleak,gene_jepa,biomed,mlp,full,none,within_cell_line,AUROC,0.8107045391255917,0.007930891042043642,3,38.0,results/tahoe/bal15_drugs/pairzs_withleak__gene_jepa__biomed__mlp
pairzs_withleak,gene_jepa,biomed,mlp,full,none,overall,MCC,0.5052357857453955,0.0203649636039883,10,,results/tahoe/bal15_drugs/pairzs_withleak__gene_jepa__biomed__mlp
pairzs_withleak,gene_jepa,biomed,mlp,full,none,overall,AUROC,0.825100844116324,0.0172660726339901,10,,results/tahoe/bal15_drugs/pairzs_withleak__gene_jepa__biomed__mlp
pairzs_withleak,gene_jepa,biomed,xrfm,full,none,within_drug,MCC,0.12248253408940436,0.005078298278044928,3,10.0,results/tahoe/bal15_drugs/pairzs_withleak__gene_jepa__biomed__xrfm
pairzs_withleak,gene_jepa,biomed,xrfm,full,none,within_drug,AUROC,0.6938523821191233,0.006446747391630668,3,10.0,results/tahoe/bal15_drugs/pairzs_withleak__gene_jepa__biomed__xrfm
pairzs_withleak,gene_jepa,biomed,xrfm,full,none,within_cell_line,MCC,0.5514313712903406,0.009999422576067937,3,38.0,results/tahoe/bal15_drugs/pairzs_withleak__gene_jepa__biomed__xrfm
pairzs_withleak,gene_jepa,biomed,xrfm,full,none,within_cell_line,AUROC,0.8147277917014759,0.001876920705974942,3,38.0,results/tahoe/bal15_drugs/pairzs_withleak__gene_jepa__biomed__xrfm
pairzs_withleak,gene_jepa,biomed,xrfm,full,none,overall,MCC,0.4904787862227171,0.0300599093138052,10,,results/tahoe/bal15_drugs/pairzs_withleak__gene_jepa__biomed__xrfm
pairzs_withleak,gene_jepa,biomed,xrfm,full,none,overall,AUROC,0.8266460599084438,0.016884010767249,10,,results/tahoe/bal15_drugs/pairzs_withleak__gene_jepa__biomed__xrfm
pairzs_withleak,gene_jepa,chemberta,lightgbm,full,none,within_drug,MCC,0.13905183764037102,0.024109838969375092,3,10.0,results/tahoe/bal15_drugs/pairzs_withleak__gene_jepa__chemberta__lightgbm
pairzs_withleak,gene_jepa,chemberta,lightgbm,full,none,within_drug,AUROC,0.7535149656423231,0.003803954338035217,3,10.0,results/tahoe/bal15_drugs/pairzs_withleak__gene_jepa__chemberta__lightgbm
pairzs_withleak,gene_jepa,chemberta,lightgbm,full,none,within_cell_line,MCC,0.49488862093161545,0.00876514184112778,3,38.0,results/tahoe/bal15_drugs/pairzs_withleak__gene_jepa__chemberta__lightgbm
pairzs_withleak,gene_jepa,chemberta,lightgbm,full,none,within_cell_line,AUROC,0.810219298245614,0.0019836268588051837,3,38.0,results/tahoe/bal15_drugs/pairzs_withleak__gene_jepa__chemberta__lightgbm
pairzs_withleak,gene_jepa,chemberta,lightgbm,full,none,overall,MCC,0.4936520181336362,0.0249654020733146,10,,results/tahoe/bal15_drugs/pairzs_withleak__gene_jepa__chemberta__lightgbm
pairzs_withleak,gene_jepa,chemberta,lightgbm,full,none,overall,AUROC,0.8473861633722315,0.0145826602610321,10,,results/tahoe/bal15_drugs/pairzs_withleak__gene_jepa__chemberta__lightgbm
pairzs_withleak,gene_jepa,chemberta,mlp,full,none,within_drug,MCC,0.16740625764568987,0.01270519964126294,3,10.0,results/tahoe/bal15_drugs/pairzs_withleak__gene_jepa__chemberta__mlp
pairzs_withleak,gene_jepa,chemberta,mlp,full,none,within_drug,AUROC,0.6923394138924067,0.006213664314712453,3,10.0,results/tahoe/bal15_drugs/pairzs_withleak__gene_jepa__chemberta__mlp
pairzs_withleak,gene_jepa,chemberta,mlp,full,none,within_cell_line,MCC,0.47985604609334304,0.02382573814290839,3,38.0,results/tahoe/bal15_drugs/pairzs_withleak__gene_jepa__chemberta__mlp
pairzs_withleak,gene_jepa,chemberta,mlp,full,none,within_cell_line,AUROC,0.8159248816485659,0.003263026845753129,3,38.0,results/tahoe/bal15_drugs/pairzs_withleak__gene_jepa__chemberta__mlp
pairzs_withleak,gene_jepa,chemberta,mlp,full,none,overall,MCC,0.4799417669044002,0.0272993186542889,10,,results/tahoe/bal15_drugs/pairzs_withleak__gene_jepa__chemberta__mlp
pairzs_withleak,gene_jepa,chemberta,mlp,full,none,overall,AUROC,0.8252746421105555,0.0162931871110263,10,,results/tahoe/bal15_drugs/pairzs_withleak__gene_jepa__chemberta__mlp
pairzs_withleak,gene_jepa,chemberta,xrfm,full,none,within_drug,MCC,0.11561505998757408,0.011181917561740981,3,10.0,results/tahoe/bal15_drugs/pairzs_withleak__gene_jepa__chemberta__xrfm
pairzs_withleak,gene_jepa,chemberta,xrfm,full,none,within_drug,AUROC,0.6971757677961014,0.009545264880759055,3,10.0,results/tahoe/bal15_drugs/pairzs_withleak__gene_jepa__chemberta__xrfm
pairzs_withleak,gene_jepa,chemberta,xrfm,full,none,within_cell_line,MCC,0.5418463208132227,0.008211682873770968,3,38.0,results/tahoe/bal15_drugs/pairzs_withleak__gene_jepa__chemberta__xrfm
pairzs_withleak,gene_jepa,chemberta,xrfm,full,none,within_cell_line,AUROC,0.8109388053467,0.006003033135093447,3,38.0,results/tahoe/bal15_drugs/pairzs_withleak__gene_jepa__chemberta__xrfm
pairzs_withleak,gene_jepa,chemberta,xrfm,full,none,overall,MCC,0.4802752760116269,0.028913086875554,10,,results/tahoe/bal15_drugs/pairzs_withleak__gene_jepa__chemberta__xrfm
pairzs_withleak,gene_jepa,chemberta,xrfm,full,none,overall,AUROC,0.8276169094493397,0.0162799540369188,10,,results/tahoe/bal15_drugs/pairzs_withleak__gene_jepa__chemberta__xrfm
pairzs_withleak,gene_jepa,maccs,lightgbm,full,none,within_drug,MCC,0.20353226988720488,0.03280543426689034,3,10.0,results/tahoe/bal15_drugs/pairzs_withleak__gene_jepa__maccs__lightgbm
pairzs_withleak,gene_jepa,maccs,lightgbm,full,none,within_drug,AUROC,0.766886271779241,0.004929820053646309,3,10.0,results/tahoe/bal15_drugs/pairzs_withleak__gene_jepa__maccs__lightgbm
pairzs_withleak,gene_jepa,maccs,lightgbm,full,none,within_cell_line,MCC,0.5175736161998551,0.015667603374298407,3,38.0,results/tahoe/bal15_drugs/pairzs_withleak__gene_jepa__maccs__lightgbm
pairzs_withleak,gene_jepa,maccs,lightgbm,full,none,within_cell_line,AUROC,0.8092383737120579,0.003911440923751782,3,38.0,results/tahoe/bal15_drugs/pairzs_withleak__gene_jepa__maccs__lightgbm
pairzs_withleak,gene_jepa,maccs,lightgbm,full,none,overall,MCC,0.5264669892807736,0.0211275372602318,10,,results/tahoe/bal15_drugs/pairzs_withleak__gene_jepa__maccs__lightgbm
pairzs_withleak,gene_jepa,maccs,lightgbm,full,none,overall,AUROC,0.8538296552089122,0.0145258110833428,10,,results/tahoe/bal15_drugs/pairzs_withleak__gene_jepa__maccs__lightgbm
pairzs_withleak,gene_jepa,maccs,mlp,full,none,within_drug,MCC,0.2161613116122412,0.02895909998945214,3,10.0,results/tahoe/bal15_drugs/pairzs_withleak__gene_jepa__maccs__mlp
pairzs_withleak,gene_jepa,maccs,mlp,full,none,within_drug,AUROC,0.6944268521655829,0.009828346163321046,3,10.0,results/tahoe/bal15_drugs/pairzs_withleak__gene_jepa__maccs__mlp
pairzs_withleak,gene_jepa,maccs,mlp,full,none,within_cell_line,MCC,0.49281721549201324,0.009097231707022703,3,38.0,results/tahoe/bal15_drugs/pairzs_withleak__gene_jepa__maccs__mlp
pairzs_withleak,gene_jepa,maccs,mlp,full,none,within_cell_line,AUROC,0.8105447646895015,0.0038088517225150615,3,38.0,results/tahoe/bal15_drugs/pairzs_withleak__gene_jepa__maccs__mlp
pairzs_withleak,gene_jepa,maccs,mlp,full,none,overall,MCC,0.5040139536696567,0.0201766131758241,10,,results/tahoe/bal15_drugs/pairzs_withleak__gene_jepa__maccs__mlp
pairzs_withleak,gene_jepa,maccs,mlp,full,none,overall,AUROC,0.8246515208647562,0.0157305606001219,10,,results/tahoe/bal15_drugs/pairzs_withleak__gene_jepa__maccs__mlp
pairzs_withleak,gene_jepa,maccs,xrfm,full,none,within_drug,MCC,0.177302045463991,0.03504906685238306,3,10.0,results/tahoe/bal15_drugs/pairzs_withleak__gene_jepa__maccs__xrfm
pairzs_withleak,gene_jepa,maccs,xrfm,full,none,within_drug,AUROC,0.7391090071006582,0.003841195578736012,3,10.0,results/tahoe/bal15_drugs/pairzs_withleak__gene_jepa__maccs__xrfm
pairzs_withleak,gene_jepa,maccs,xrfm,full,none,within_cell_line,MCC,0.5223923438592498,0.007721290682783882,3,38.0,results/tahoe/bal15_drugs/pairzs_withleak__gene_jepa__maccs__xrfm
pairzs_withleak,gene_jepa,maccs,xrfm,full,none,within_cell_line,AUROC,0.8040587580061264,0.005740998068419398,3,38.0,results/tahoe/bal15_drugs/pairzs_withleak__gene_jepa__maccs__xrfm
pairzs_withleak,gene_jepa,maccs,xrfm,full,none,overall,MCC,0.5062309519414356,0.0233580492400118,10,,results/tahoe/bal15_drugs/pairzs_withleak__gene_jepa__maccs__xrfm
pairzs_withleak,gene_jepa,maccs,xrfm,full,none,overall,AUROC,0.8429572550342674,0.0148899424133936,10,,results/tahoe/bal15_drugs/pairzs_withleak__gene_jepa__maccs__xrfm
pairzs_withleak,gene_jepa,materials,lightgbm,full,none,within_drug,MCC,0.14652819449138452,0.024128653827980934,3,10.0,results/tahoe/bal15_drugs/pairzs_withleak__gene_jepa__materials__lightgbm
pairzs_withleak,gene_jepa,materials,lightgbm,full,none,within_drug,AUROC,0.7552710255506069,0.005668878676087432,3,10.0,results/tahoe/bal15_drugs/pairzs_withleak__gene_jepa__materials__lightgbm
pairzs_withleak,gene_jepa,materials,lightgbm,full,none,within_cell_line,MCC,0.5051225370046498,0.01163758689574023,3,38.0,results/tahoe/bal15_drugs/pairzs_withleak__gene_jepa__materials__lightgbm
pairzs_withleak,gene_jepa,materials,lightgbm,full,none,within_cell_line,AUROC,0.8093779587858535,0.0037362672889210136,3,38.0,results/tahoe/bal15_drugs/pairzs_withleak__gene_jepa__materials__lightgbm
pairzs_withleak,gene_jepa,materials,lightgbm,full,none,overall,MCC,0.4989095070846668,0.0250495547905131,10,,results/tahoe/bal15_drugs/pairzs_withleak__gene_jepa__materials__lightgbm
pairzs_withleak,gene_jepa,materials,lightgbm,full,none,overall,AUROC,0.8468502321981424,0.0145467549561551,10,,results/tahoe/bal15_drugs/pairzs_withleak__gene_jepa__materials__lightgbm
pairzs_withleak,gene_jepa,materials,mlp,full,none,within_drug,MCC,0.22275208645343988,0.014735519610819535,3,10.0,results/tahoe/bal15_drugs/pairzs_withleak__gene_jepa__materials__mlp
pairzs_withleak,gene_jepa,materials,mlp,full,none,within_drug,AUROC,0.6977857820013131,0.00849417761330972,3,10.0,results/tahoe/bal15_drugs/pairzs_withleak__gene_jepa__materials__mlp
pairzs_withleak,gene_jepa,materials,mlp,full,none,within_cell_line,MCC,0.43882801927323795,0.017328404991186895,3,38.0,results/tahoe/bal15_drugs/pairzs_withleak__gene_jepa__materials__mlp
pairzs_withleak,gene_jepa,materials,mlp,full,none,within_cell_line,AUROC,0.7947257031467557,0.006864189255339404,3,38.0,results/tahoe/bal15_drugs/pairzs_withleak__gene_jepa__materials__mlp
pairzs_withleak,gene_jepa,materials,mlp,full,none,overall,MCC,0.4904090557257275,0.0267238122896784,10,,results/tahoe/bal15_drugs/pairzs_withleak__gene_jepa__materials__mlp
pairzs_withleak,gene_jepa,materials,mlp,full,none,overall,AUROC,0.82598286298325,0.0162621470087627,10,,results/tahoe/bal15_drugs/pairzs_withleak__gene_jepa__materials__mlp
pairzs_withleak,gene_jepa,materials,xrfm,full,none,within_drug,MCC,0.11926562149866639,0.013703576945246236,3,10.0,results/tahoe/bal15_drugs/pairzs_withleak__gene_jepa__materials__xrfm
pairzs_withleak,gene_jepa,materials,xrfm,full,none,within_drug,AUROC,0.6831135515936806,0.009700335451266862,3,10.0,results/tahoe/bal15_drugs/pairzs_withleak__gene_jepa__materials__xrfm
pairzs_withleak,gene_jepa,materials,xrfm,full,none,within_cell_line,MCC,0.5519104137106883,0.007054872857986908,3,38.0,results/tahoe/bal15_drugs/pairzs_withleak__gene_jepa__materials__xrfm
pairzs_withleak,gene_jepa,materials,xrfm,full,none,within_cell_line,AUROC,0.8175522138680034,0.005309926729530101,3,38.0,results/tahoe/bal15_drugs/pairzs_withleak__gene_jepa__materials__xrfm
pairzs_withleak,gene_jepa,materials,xrfm,full,none,overall,MCC,0.4811792563652135,0.0307059078825986,10,,results/tahoe/bal15_drugs/pairzs_withleak__gene_jepa__materials__xrfm
pairzs_withleak,gene_jepa,materials,xrfm,full,none,overall,AUROC,0.8231435990050541,0.0170256112779472,10,,results/tahoe/bal15_drugs/pairzs_withleak__gene_jepa__materials__xrfm
pairzs_withleak,gene_jepa,molformer,lightgbm,full,none,within_drug,MCC,0.1455989170218553,0.025571216752572377,3,10.0,results/tahoe/bal15_drugs/pairzs_withleak__gene_jepa__molformer__lightgbm
pairzs_withleak,gene_jepa,molformer,lightgbm,full,none,within_drug,AUROC,0.7568078676061883,0.006665304901414459,3,10.0,results/tahoe/bal15_drugs/pairzs_withleak__gene_jepa__molformer__lightgbm
pairzs_withleak,gene_jepa,molformer,lightgbm,full,none,within_cell_line,MCC,0.5021665818284332,0.01472195985744753,3,38.0,results/tahoe/bal15_drugs/pairzs_withleak__gene_jepa__molformer__lightgbm
pairzs_withleak,gene_jepa,molformer,lightgbm,full,none,within_cell_line,AUROC,0.8117098301308828,0.003288741853529699,3,38.0,results/tahoe/bal15_drugs/pairzs_withleak__gene_jepa__molformer__lightgbm
pairzs_withleak,gene_jepa,molformer,lightgbm,full,none,overall,MCC,0.4970277576511435,0.0258914805123216,10,,results/tahoe/bal15_drugs/pairzs_withleak__gene_jepa__molformer__lightgbm
pairzs_withleak,gene_jepa,molformer,lightgbm,full,none,overall,AUROC,0.8485493206054352,0.0143604311702037,10,,results/tahoe/bal15_drugs/pairzs_withleak__gene_jepa__molformer__lightgbm
pairzs_withleak,gene_jepa,molformer,mlp,full,none,within_drug,MCC,0.17781076525034537,0.013430725651689339,3,10.0,results/tahoe/bal15_drugs/pairzs_withleak__gene_jepa__molformer__mlp
pairzs_withleak,gene_jepa,molformer,mlp,full,none,within_drug,AUROC,0.6846050848817377,0.011166908232557124,3,10.0,results/tahoe/bal15_drugs/pairzs_withleak__gene_jepa__molformer__mlp
pairzs_withleak,gene_jepa,molformer,mlp,full,none,within_cell_line,MCC,0.4970228733783115,0.016415723288617814,3,38.0,results/tahoe/bal15_drugs/pairzs_withleak__gene_jepa__molformer__mlp
pairzs_withleak,gene_jepa,molformer,mlp,full,none,within_cell_line,AUROC,0.8146324143692566,0.0029100453944106855,3,38.0,results/tahoe/bal15_drugs/pairzs_withleak__gene_jepa__molformer__mlp
pairzs_withleak,gene_jepa,molformer,mlp,full,none,overall,MCC,0.4857297099036087,0.0316379269310458,10,,results/tahoe/bal15_drugs/pairzs_withleak__gene_jepa__molformer__mlp
pairzs_withleak,gene_jepa,molformer,mlp,full,none,overall,AUROC,0.8215165515598952,0.0166327579893523,10,,results/tahoe/bal15_drugs/pairzs_withleak__gene_jepa__molformer__mlp
pairzs_withleak,gene_jepa,molformer,xrfm,full,none,within_drug,MCC,0.07663981721668826,0.018186821334892852,3,10.0,results/tahoe/bal15_drugs/pairzs_withleak__gene_jepa__molformer__xrfm
pairzs_withleak,gene_jepa,molformer,xrfm,full,none,within_drug,AUROC,0.6822636356430992,0.008892478338101332,3,10.0,results/tahoe/bal15_drugs/pairzs_withleak__gene_jepa__molformer__xrfm
pairzs_withleak,gene_jepa,molformer,xrfm,full,none,within_cell_line,MCC,0.5422060717520792,0.004967165562387137,3,38.0,results/tahoe/bal15_drugs/pairzs_withleak__gene_jepa__molformer__xrfm
pairzs_withleak,gene_jepa,molformer,xrfm,full,none,within_cell_line,AUROC,0.8194294764689501,0.002884473045319185,3,38.0,results/tahoe/bal15_drugs/pairzs_withleak__gene_jepa__molformer__xrfm
pairzs_withleak,gene_jepa,molformer,xrfm,full,none,overall,MCC,0.4682741552294108,0.0310914928182884,10,,results/tahoe/bal15_drugs/pairzs_withleak__gene_jepa__molformer__xrfm
pairzs_withleak,gene_jepa,molformer,xrfm,full,none,overall,AUROC,0.8244649552803576,0.016556397605158,10,,results/tahoe/bal15_drugs/pairzs_withleak__gene_jepa__molformer__xrfm
pairzs_withleak,gene_jepa,morgan,lightgbm,full,none,within_drug,MCC,0.1814332402574259,0.04211978974922162,3,10.0,results/tahoe/bal15_drugs/pairzs_withleak__gene_jepa__morgan__lightgbm
pairzs_withleak,gene_jepa,morgan,lightgbm,full,none,within_drug,AUROC,0.7584127283298282,0.00436490131468289,3,10.0,results/tahoe/bal15_drugs/pairzs_withleak__gene_jepa__morgan__lightgbm
pairzs_withleak,gene_jepa,morgan,lightgbm,full,none,within_cell_line,MCC,0.506996686056069,0.01556369776549977,3,38.0,results/tahoe/bal15_drugs/pairzs_withleak__gene_jepa__morgan__lightgbm
pairzs_withleak,gene_jepa,morgan,lightgbm,full,none,within_cell_line,AUROC,0.8107616262879421,0.002097823031417514,3,38.0,results/tahoe/bal15_drugs/pairzs_withleak__gene_jepa__morgan__lightgbm
pairzs_withleak,gene_jepa,morgan,lightgbm,full,none,overall,MCC,0.512844678285311,0.0243115422015154,10,,results/tahoe/bal15_drugs/pairzs_withleak__gene_jepa__morgan__lightgbm
pairzs_withleak,gene_jepa,morgan,lightgbm,full,none,overall,AUROC,0.8506422494773889,0.0150674557065667,10,,results/tahoe/bal15_drugs/pairzs_withleak__gene_jepa__morgan__lightgbm
pairzs_withleak,gene_jepa,morgan,mlp,full,none,within_drug,MCC,0.13793094414881682,0.0636557425284075,3,10.0,results/tahoe/bal15_drugs/pairzs_withleak__gene_jepa__morgan__mlp
pairzs_withleak,gene_jepa,morgan,mlp,full,none,within_drug,AUROC,0.689358254983628,0.009191610252559197,3,10.0,results/tahoe/bal15_drugs/pairzs_withleak__gene_jepa__morgan__mlp
pairzs_withleak,gene_jepa,morgan,mlp,full,none,within_cell_line,MCC,0.4562085047244849,0.024911802822951006,3,38.0,results/tahoe/bal15_drugs/pairzs_withleak__gene_jepa__morgan__mlp
pairzs_withleak,gene_jepa,morgan,mlp,full,none,within_cell_line,AUROC,0.818264411027569,0.006509838450264467,3,38.0,results/tahoe/bal15_drugs/pairzs_withleak__gene_jepa__morgan__mlp
pairzs_withleak,gene_jepa,morgan,mlp,full,none,overall,MCC,0.4695652514002429,0.0208473192501312,10,,results/tahoe/bal15_drugs/pairzs_withleak__gene_jepa__morgan__mlp
pairzs_withleak,gene_jepa,morgan,mlp,full,none,overall,AUROC,0.8188016525098568,0.0157724718718842,10,,results/tahoe/bal15_drugs/pairzs_withleak__gene_jepa__morgan__mlp
pairzs_withleak,gene_jepa,morgan,xrfm,full,none,within_drug,MCC,0.1306139935547782,0.008114909263574145,3,10.0,results/tahoe/bal15_drugs/pairzs_withleak__gene_jepa__morgan__xrfm
pairzs_withleak,gene_jepa,morgan,xrfm,full,none,within_drug,AUROC,0.7056824296849293,0.00884432424951322,3,10.0,results/tahoe/bal15_drugs/pairzs_withleak__gene_jepa__morgan__xrfm
pairzs_withleak,gene_jepa,morgan,xrfm,full,none,within_cell_line,MCC,0.5441050542069711,0.005817837206900149,3,38.0,results/tahoe/bal15_drugs/pairzs_withleak__gene_jepa__morgan__xrfm
pairzs_withleak,gene_jepa,morgan,xrfm,full,none,within_cell_line,AUROC,0.8126622110832638,0.008812253377506568,3,38.0,results/tahoe/bal15_drugs/pairzs_withleak__gene_jepa__morgan__xrfm
pairzs_withleak,gene_jepa,morgan,xrfm,full,none,overall,MCC,0.4897799946513779,0.0307531104653174,10,,results/tahoe/bal15_drugs/pairzs_withleak__gene_jepa__morgan__xrfm
pairzs_withleak,gene_jepa,morgan,xrfm,full,none,overall,AUROC,0.8273447712418301,0.0159955191227754,10,,results/tahoe/bal15_drugs/pairzs_withleak__gene_jepa__morgan__xrfm
pairzs_withleak,gformer_cancer,biomed,lightgbm,full,none,within_drug,MCC,0.2757558860427372,0.020211440985975836,3,10.0,results/tahoe/bal15_drugs/pairzs_withleak__gformer_cancer__biomed__lightgbm
pairzs_withleak,gformer_cancer,biomed,lightgbm,full,none,within_drug,AUROC,0.7664101199976946,0.006264067277950834,3,10.0,results/tahoe/bal15_drugs/pairzs_withleak__gformer_cancer__biomed__lightgbm
pairzs_withleak,gformer_cancer,biomed,lightgbm,full,none,within_cell_line,MCC,0.40803868856538195,0.002975209459078999,3,38.0,results/tahoe/bal15_drugs/pairzs_withleak__gformer_cancer__biomed__lightgbm
pairzs_withleak,gformer_cancer,biomed,lightgbm,full,none,within_cell_line,AUROC,0.7753909078251184,0.005795459623723976,3,38.0,results/tahoe/bal15_drugs/pairzs_withleak__gformer_cancer__biomed__lightgbm
pairzs_withleak,gformer_cancer,biomed,lightgbm,full,none,overall,MCC,0.5258939541615824,0.0285712576504783,10,,results/tahoe/bal15_drugs/pairzs_withleak__gformer_cancer__biomed__lightgbm
pairzs_withleak,gformer_cancer,biomed,lightgbm,full,none,overall,AUROC,0.8495796221322538,0.0158245407165895,10,,results/tahoe/bal15_drugs/pairzs_withleak__gformer_cancer__biomed__lightgbm
pairzs_withleak,gformer_cancer,biomed,mlp,full,none,within_drug,MCC,0.2971034326536588,0.02450500894962309,3,10.0,results/tahoe/bal15_drugs/pairzs_withleak__gformer_cancer__biomed__mlp
pairzs_withleak,gformer_cancer,biomed,mlp,full,none,within_drug,AUROC,0.7533971727631998,0.005667407578634169,3,10.0,results/tahoe/bal15_drugs/pairzs_withleak__gformer_cancer__biomed__mlp
pairzs_withleak,gformer_cancer,biomed,mlp,full,none,within_cell_line,MCC,0.307809601169934,0.0048143730280511545,3,38.0,results/tahoe/bal15_drugs/pairzs_withleak__gformer_cancer__biomed__mlp
pairzs_withleak,gformer_cancer,biomed,mlp,full,none,within_cell_line,AUROC,0.7619681147312726,0.005928116056137931,3,38.0,results/tahoe/bal15_drugs/pairzs_withleak__gformer_cancer__biomed__mlp
pairzs_withleak,gformer_cancer,biomed,mlp,full,none,overall,MCC,0.5131001027076547,0.0269803600874625,10,,results/tahoe/bal15_drugs/pairzs_withleak__gformer_cancer__biomed__mlp
pairzs_withleak,gformer_cancer,biomed,mlp,full,none,overall,AUROC,0.8375747697864571,0.0138232558337764,10,,results/tahoe/bal15_drugs/pairzs_withleak__gformer_cancer__biomed__mlp
pairzs_withleak,gformer_cancer,biomed,xrfm,full,none,within_drug,MCC,0.24869664490780816,0.031210970924478613,3,10.0,results/tahoe/bal15_drugs/pairzs_withleak__gformer_cancer__biomed__xrfm
pairzs_withleak,gformer_cancer,biomed,xrfm,full,none,within_drug,AUROC,0.7464260014017509,0.009855807014490441,3,10.0,results/tahoe/bal15_drugs/pairzs_withleak__gformer_cancer__biomed__xrfm
pairzs_withleak,gformer_cancer,biomed,xrfm,full,none,within_cell_line,MCC,0.42748739260709456,0.003310600816926063,3,38.0,results/tahoe/bal15_drugs/pairzs_withleak__gformer_cancer__biomed__xrfm
pairzs_withleak,gformer_cancer,biomed,xrfm,full,none,within_cell_line,AUROC,0.7761076301865776,0.0046713370709249935,3,38.0,results/tahoe/bal15_drugs/pairzs_withleak__gformer_cancer__biomed__xrfm
pairzs_withleak,gformer_cancer,biomed,xrfm,full,none,overall,MCC,0.5089162882432375,0.0282565472502436,10,,results/tahoe/bal15_drugs/pairzs_withleak__gformer_cancer__biomed__xrfm
pairzs_withleak,gformer_cancer,biomed,xrfm,full,none,overall,AUROC,0.840137162287317,0.0142890875285114,10,,results/tahoe/bal15_drugs/pairzs_withleak__gformer_cancer__biomed__xrfm
pairzs_withleak,gformer_cancer,chemberta,lightgbm,full,none,within_drug,MCC,0.2825308917840734,0.010880459359013389,3,10.0,results/tahoe/bal15_drugs/pairzs_withleak__gformer_cancer__chemberta__lightgbm
pairzs_withleak,gformer_cancer,chemberta,lightgbm,full,none,within_drug,AUROC,0.7657821116715035,0.0073784297033039755,3,10.0,results/tahoe/bal15_drugs/pairzs_withleak__gformer_cancer__chemberta__lightgbm
pairzs_withleak,gformer_cancer,chemberta,lightgbm,full,none,within_cell_line,MCC,0.4154498623663126,0.0034353223689127963,3,38.0,results/tahoe/bal15_drugs/pairzs_withleak__gformer_cancer__chemberta__lightgbm
pairzs_withleak,gformer_cancer,chemberta,lightgbm,full,none,within_cell_line,AUROC,0.7766993873572821,0.005000981997327854,3,38.0,results/tahoe/bal15_drugs/pairzs_withleak__gformer_cancer__chemberta__lightgbm
pairzs_withleak,gformer_cancer,chemberta,lightgbm,full,none,overall,MCC,0.5289593644618323,0.0277100219643102,10,,results/tahoe/bal15_drugs/pairzs_withleak__gformer_cancer__chemberta__lightgbm
pairzs_withleak,gformer_cancer,chemberta,lightgbm,full,none,overall,AUROC,0.8498842680797015,0.015790489326384,10,,results/tahoe/bal15_drugs/pairzs_withleak__gformer_cancer__chemberta__lightgbm
pairzs_withleak,gformer_cancer,chemberta,mlp,full,none,within_drug,MCC,0.2593465775534828,0.034425688204906636,3,10.0,results/tahoe/bal15_drugs/pairzs_withleak__gformer_cancer__chemberta__mlp
pairzs_withleak,gformer_cancer,chemberta,mlp,full,none,within_drug,AUROC,0.7495573293666015,0.00857917545434389,3,10.0,results/tahoe/bal15_drugs/pairzs_withleak__gformer_cancer__chemberta__mlp
pairzs_withleak,gformer_cancer,chemberta,mlp,full,none,within_cell_line,MCC,0.28980627998961733,0.018094083240394035,3,38.0,results/tahoe/bal15_drugs/pairzs_withleak__gformer_cancer__chemberta__mlp
pairzs_withleak,gformer_cancer,chemberta,mlp,full,none,within_cell_line,AUROC,0.7636480089111668,0.009524452563468053,3,38.0,results/tahoe/bal15_drugs/pairzs_withleak__gformer_cancer__chemberta__mlp
pairzs_withleak,gformer_cancer,chemberta,mlp,full,none,overall,MCC,0.4842289015599593,0.0289241100652064,10,,results/tahoe/bal15_drugs/pairzs_withleak__gformer_cancer__chemberta__mlp
pairzs_withleak,gformer_cancer,chemberta,mlp,full,none,overall,AUROC,0.8382990328385066,0.0164263778895658,10,,results/tahoe/bal15_drugs/pairzs_withleak__gformer_cancer__chemberta__mlp
pairzs_withleak,gformer_cancer,chemberta,xrfm,full,none,within_drug,MCC,0.21707674008637498,0.018552212691392785,3,10.0,results/tahoe/bal15_drugs/pairzs_withleak__gformer_cancer__chemberta__xrfm
pairzs_withleak,gformer_cancer,chemberta,xrfm,full,none,within_drug,AUROC,0.7531388359611789,0.01242751762651328,3,10.0,results/tahoe/bal15_drugs/pairzs_withleak__gformer_cancer__chemberta__xrfm
pairzs_withleak,gformer_cancer,chemberta,xrfm,full,none,within_cell_line,MCC,0.3903116310875503,0.012301739330260452,3,38.0,results/tahoe/bal15_drugs/pairzs_withleak__gformer_cancer__chemberta__xrfm
pairzs_withleak,gformer_cancer,chemberta,xrfm,full,none,within_cell_line,AUROC,0.7800149679754943,0.0055311546468766876,3,38.0,results/tahoe/bal15_drugs/pairzs_withleak__gformer_cancer__chemberta__xrfm
pairzs_withleak,gformer_cancer,chemberta,xrfm,full,none,overall,MCC,0.4948442032276533,0.0239932770608232,10,,results/tahoe/bal15_drugs/pairzs_withleak__gformer_cancer__chemberta__xrfm
pairzs_withleak,gformer_cancer,chemberta,xrfm,full,none,overall,AUROC,0.8421690349554126,0.0133804104960965,10,,results/tahoe/bal15_drugs/pairzs_withleak__gformer_cancer__chemberta__xrfm
pairzs_withleak,gformer_cancer,maccs,lightgbm,full,none,within_drug,MCC,0.29072428698268615,0.0036292120506047454,3,10.0,results/tahoe/bal15_drugs/pairzs_withleak__gformer_cancer__maccs__lightgbm
pairzs_withleak,gformer_cancer,maccs,lightgbm,full,none,within_drug,AUROC,0.7732058273968914,0.006179091878345976,3,10.0,results/tahoe/bal15_drugs/pairzs_withleak__gformer_cancer__maccs__lightgbm
pairzs_withleak,gformer_cancer,maccs,lightgbm,full,none,within_cell_line,MCC,0.40892616017172156,0.006445677055478628,3,38.0,results/tahoe/bal15_drugs/pairzs_withleak__gformer_cancer__maccs__lightgbm
pairzs_withleak,gformer_cancer,maccs,lightgbm,full,none,within_cell_line,AUROC,0.7773200362016152,0.002080359717168264,3,38.0,results/tahoe/bal15_drugs/pairzs_withleak__gformer_cancer__maccs__lightgbm
pairzs_withleak,gformer_cancer,maccs,lightgbm,full,none,overall,MCC,0.5363373079766693,0.0277523864199316,10,,results/tahoe/bal15_drugs/pairzs_withleak__gformer_cancer__maccs__lightgbm
pairzs_withleak,gformer_cancer,maccs,lightgbm,full,none,overall,AUROC,0.8556152754624117,0.0148798481394015,10,,results/tahoe/bal15_drugs/pairzs_withleak__gformer_cancer__maccs__lightgbm
pairzs_withleak,gformer_cancer,maccs,mlp,full,none,within_drug,MCC,0.30550254271851146,0.015634670602453434,3,10.0,results/tahoe/bal15_drugs/pairzs_withleak__gformer_cancer__maccs__mlp
pairzs_withleak,gformer_cancer,maccs,mlp,full,none,within_drug,AUROC,0.7616557067387886,0.008235796793217332,3,10.0,results/tahoe/bal15_drugs/pairzs_withleak__gformer_cancer__maccs__mlp
pairzs_withleak,gformer_cancer,maccs,mlp,full,none,within_cell_line,MCC,0.28636778213214664,0.009483555955522227,3,38.0,results/tahoe/bal15_drugs/pairzs_withleak__gformer_cancer__maccs__mlp
pairzs_withleak,gformer_cancer,maccs,mlp,full,none,within_cell_line,AUROC,0.7674209830130883,0.002089812028725862,3,38.0,results/tahoe/bal15_drugs/pairzs_withleak__gformer_cancer__maccs__mlp
pairzs_withleak,gformer_cancer,maccs,mlp,full,none,overall,MCC,0.5062104741619871,0.025455353641236,10,,results/tahoe/bal15_drugs/pairzs_withleak__gformer_cancer__maccs__mlp
pairzs_withleak,gformer_cancer,maccs,mlp,full,none,overall,AUROC,0.8425182450848085,0.0162757420315681,10,,results/tahoe/bal15_drugs/pairzs_withleak__gformer_cancer__maccs__mlp
pairzs_withleak,gformer_cancer,maccs,xrfm,full,none,within_drug,MCC,0.2658296416445896,0.014219159325956651,3,10.0,results/tahoe/bal15_drugs/pairzs_withleak__gformer_cancer__maccs__xrfm
pairzs_withleak,gformer_cancer,maccs,xrfm,full,none,within_drug,AUROC,0.777424937121887,0.008150382981336714,3,10.0,results/tahoe/bal15_drugs/pairzs_withleak__gformer_cancer__maccs__xrfm
pairzs_withleak,gformer_cancer,maccs,xrfm,full,none,within_cell_line,MCC,0.4122704956627728,0.006917341303352503,3,38.0,results/tahoe/bal15_drugs/pairzs_withleak__gformer_cancer__maccs__xrfm
pairzs_withleak,gformer_cancer,maccs,xrfm,full,none,within_cell_line,AUROC,0.7760575048732944,0.00416784100059516,3,38.0,results/tahoe/bal15_drugs/pairzs_withleak__gformer_cancer__maccs__xrfm
pairzs_withleak,gformer_cancer,maccs,xrfm,full,none,overall,MCC,0.5181688187024188,0.0162196844718207,10,,results/tahoe/bal15_drugs/pairzs_withleak__gformer_cancer__maccs__xrfm
pairzs_withleak,gformer_cancer,maccs,xrfm,full,none,overall,AUROC,0.8522601710724775,0.0132121589588398,10,,results/tahoe/bal15_drugs/pairzs_withleak__gformer_cancer__maccs__xrfm
pairzs_withleak,gformer_cancer,materials,lightgbm,full,none,within_drug,MCC,0.28041752950166204,0.01477963831522514,3,10.0,results/tahoe/bal15_drugs/pairzs_withleak__gformer_cancer__materials__lightgbm
pairzs_withleak,gformer_cancer,materials,lightgbm,full,none,within_drug,AUROC,0.7638986456722089,0.0075991558729609,3,10.0,results/tahoe/bal15_drugs/pairzs_withleak__gformer_cancer__materials__lightgbm
pairzs_withleak,gformer_cancer,materials,lightgbm,full,none,within_cell_line,MCC,0.4162799440106974,0.0036012374165942857,3,38.0,results/tahoe/bal15_drugs/pairzs_withleak__gformer_cancer__materials__lightgbm
pairzs_withleak,gformer_cancer,materials,lightgbm,full,none,within_cell_line,AUROC,0.7753188526872737,0.004603120522703768,3,38.0,results/tahoe/bal15_drugs/pairzs_withleak__gformer_cancer__materials__lightgbm
pairzs_withleak,gformer_cancer,materials,lightgbm,full,none,overall,MCC,0.5289850575057569,0.0290926194765491,10,,results/tahoe/bal15_drugs/pairzs_withleak__gformer_cancer__materials__lightgbm
pairzs_withleak,gformer_cancer,materials,lightgbm,full,none,overall,AUROC,0.8491147627742055,0.0159166391287568,10,,results/tahoe/bal15_drugs/pairzs_withleak__gformer_cancer__materials__lightgbm
pairzs_withleak,gformer_cancer,materials,mlp,full,none,within_drug,MCC,0.2960951830709995,0.029189140438751055,3,10.0,results/tahoe/bal15_drugs/pairzs_withleak__gformer_cancer__materials__mlp
pairzs_withleak,gformer_cancer,materials,mlp,full,none,within_drug,AUROC,0.7477468293952839,0.0012898564429075859,3,10.0,results/tahoe/bal15_drugs/pairzs_withleak__gformer_cancer__materials__mlp
pairzs_withleak,gformer_cancer,materials,mlp,full,none,within_cell_line,MCC,0.2833848167054261,0.014739573555285924,3,38.0,results/tahoe/bal15_drugs/pairzs_withleak__gformer_cancer__materials__mlp
pairzs_withleak,gformer_cancer,materials,mlp,full,none,within_cell_line,AUROC,0.7668873572820941,0.004622284142120658,3,38.0,results/tahoe/bal15_drugs/pairzs_withleak__gformer_cancer__materials__mlp
pairzs_withleak,gformer_cancer,materials,mlp,full,none,overall,MCC,0.5056031681793705,0.0274525048415292,10,,results/tahoe/bal15_drugs/pairzs_withleak__gformer_cancer__materials__mlp
pairzs_withleak,gformer_cancer,materials,mlp,full,none,overall,AUROC,0.8423309782752508,0.0136785512487711,10,,results/tahoe/bal15_drugs/pairzs_withleak__gformer_cancer__materials__mlp
pairzs_withleak,gformer_cancer,materials,xrfm,full,none,within_drug,MCC,0.22335185219136244,0.003967144567287406,3,10.0,results/tahoe/bal15_drugs/pairzs_withleak__gformer_cancer__materials__xrfm
pairzs_withleak,gformer_cancer,materials,xrfm,full,none,within_drug,AUROC,0.7441119097147402,0.010516157487789439,3,10.0,results/tahoe/bal15_drugs/pairzs_withleak__gformer_cancer__materials__xrfm
pairzs_withleak,gformer_cancer,materials,xrfm,full,none,within_cell_line,MCC,0.4003727278352763,0.007707619988799543,3,38.0,results/tahoe/bal15_drugs/pairzs_withleak__gformer_cancer__materials__xrfm
pairzs_withleak,gformer_cancer,materials,xrfm,full,none,within_cell_line,AUROC,0.772406015037594,0.002816705715048222,3,38.0,results/tahoe/bal15_drugs/pairzs_withleak__gformer_cancer__materials__xrfm
pairzs_withleak,gformer_cancer,materials,xrfm,full,none,overall,MCC,0.4887201416262353,0.0262578113056976,10,,results/tahoe/bal15_drugs/pairzs_withleak__gformer_cancer__materials__xrfm
pairzs_withleak,gformer_cancer,materials,xrfm,full,none,overall,AUROC,0.8416046247783863,0.0144657326727137,10,,results/tahoe/bal15_drugs/pairzs_withleak__gformer_cancer__materials__xrfm
pairzs_withleak,gformer_cancer,molformer,lightgbm,full,none,within_drug,MCC,0.2747344725248177,0.021165208667659287,3,10.0,results/tahoe/bal15_drugs/pairzs_withleak__gformer_cancer__molformer__lightgbm
pairzs_withleak,gformer_cancer,molformer,lightgbm,full,none,within_drug,AUROC,0.7659262611284493,0.007585695910157467,3,10.0,results/tahoe/bal15_drugs/pairzs_withleak__gformer_cancer__molformer__lightgbm
pairzs_withleak,gformer_cancer,molformer,lightgbm,full,none,within_cell_line,MCC,0.40899949978327044,0.0072420505475537,3,38.0,results/tahoe/bal15_drugs/pairzs_withleak__gformer_cancer__molformer__lightgbm
pairzs_withleak,gformer_cancer,molformer,lightgbm,full,none,within_cell_line,AUROC,0.776371484266221,0.004233512324161966,3,38.0,results/tahoe/bal15_drugs/pairzs_withleak__gformer_cancer__molformer__lightgbm
pairzs_withleak,gformer_cancer,molformer,lightgbm,full,none,overall,MCC,0.5242382956161625,0.0286441442441762,10,,results/tahoe/bal15_drugs/pairzs_withleak__gformer_cancer__molformer__lightgbm
pairzs_withleak,gformer_cancer,molformer,lightgbm,full,none,overall,AUROC,0.850981443994602,0.0156065499877278,10,,results/tahoe/bal15_drugs/pairzs_withleak__gformer_cancer__molformer__lightgbm
pairzs_withleak,gformer_cancer,molformer,mlp,full,none,within_drug,MCC,0.29591115516636185,0.013048890087414902,3,10.0,results/tahoe/bal15_drugs/pairzs_withleak__gformer_cancer__molformer__mlp
pairzs_withleak,gformer_cancer,molformer,mlp,full,none,within_drug,AUROC,0.7394201817869713,0.006236114374219699,3,10.0,results/tahoe/bal15_drugs/pairzs_withleak__gformer_cancer__molformer__mlp
pairzs_withleak,gformer_cancer,molformer,mlp,full,none,within_cell_line,MCC,0.3292000841650842,0.006925837033822298,3,38.0,results/tahoe/bal15_drugs/pairzs_withleak__gformer_cancer__molformer__mlp
pairzs_withleak,gformer_cancer,molformer,mlp,full,none,within_cell_line,AUROC,0.7753957811194653,0.010329927952970473,3,38.0,results/tahoe/bal15_drugs/pairzs_withleak__gformer_cancer__molformer__mlp
pairzs_withleak,gformer_cancer,molformer,mlp,full,none,overall,MCC,0.5103419692771445,0.0235423977368757,10,,results/tahoe/bal15_drugs/pairzs_withleak__gformer_cancer__molformer__mlp
pairzs_withleak,gformer_cancer,molformer,mlp,full,none,overall,AUROC,0.8365953864676774,0.0162775831401283,10,,results/tahoe/bal15_drugs/pairzs_withleak__gformer_cancer__molformer__mlp
pairzs_withleak,gformer_cancer,molformer,xrfm,full,none,within_drug,MCC,0.20088336956961386,0.015379257966417086,3,10.0,results/tahoe/bal15_drugs/pairzs_withleak__gformer_cancer__molformer__xrfm
pairzs_withleak,gformer_cancer,molformer,xrfm,full,none,within_drug,AUROC,0.7420378764391629,0.013418883187799095,3,10.0,results/tahoe/bal15_drugs/pairzs_withleak__gformer_cancer__molformer__xrfm
pairzs_withleak,gformer_cancer,molformer,xrfm,full,none,within_cell_line,MCC,0.409638311988147,0.008662463578187686,3,38.0,results/tahoe/bal15_drugs/pairzs_withleak__gformer_cancer__molformer__xrfm
pairzs_withleak,gformer_cancer,molformer,xrfm,full,none,within_cell_line,AUROC,0.7818166945140629,0.008664656182217081,3,38.0,results/tahoe/bal15_drugs/pairzs_withleak__gformer_cancer__molformer__xrfm
pairzs_withleak,gformer_cancer,molformer,xrfm,full,none,overall,MCC,0.4910114089571234,0.0228833585510753,10,,results/tahoe/bal15_drugs/pairzs_withleak__gformer_cancer__molformer__xrfm
pairzs_withleak,gformer_cancer,molformer,xrfm,full,none,overall,AUROC,0.8408100308274458,0.0141583570707994,10,,results/tahoe/bal15_drugs/pairzs_withleak__gformer_cancer__molformer__xrfm
pairzs_withleak,gformer_cancer,morgan,lightgbm,full,none,within_drug,MCC,0.2716512505777193,0.01561360758225602,3,10.0,results/tahoe/bal15_drugs/pairzs_withleak__gformer_cancer__morgan__lightgbm
pairzs_withleak,gformer_cancer,morgan,lightgbm,full,none,within_drug,AUROC,0.7648881148391639,0.006714897594481749,3,10.0,results/tahoe/bal15_drugs/pairzs_withleak__gformer_cancer__morgan__lightgbm
pairzs_withleak,gformer_cancer,morgan,lightgbm,full,none,within_cell_line,MCC,0.3913790425197405,0.004336074773501173,3,38.0,results/tahoe/bal15_drugs/pairzs_withleak__gformer_cancer__morgan__lightgbm
pairzs_withleak,gformer_cancer,morgan,lightgbm,full,none,within_cell_line,AUROC,0.775426761347814,0.0015844818621616225,3,38.0,results/tahoe/bal15_drugs/pairzs_withleak__gformer_cancer__morgan__lightgbm
pairzs_withleak,gformer_cancer,morgan,lightgbm,full,none,overall,MCC,0.5187888606204152,0.0266162549666176,10,,results/tahoe/bal15_drugs/pairzs_withleak__gformer_cancer__morgan__lightgbm
pairzs_withleak,gformer_cancer,morgan,lightgbm,full,none,overall,AUROC,0.8521963595829695,0.0155177143154894,10,,results/tahoe/bal15_drugs/pairzs_withleak__gformer_cancer__morgan__lightgbm
pairzs_withleak,gformer_cancer,morgan,mlp,full,none,within_drug,MCC,0.30020258911733394,0.028156571784666976,3,10.0,results/tahoe/bal15_drugs/pairzs_withleak__gformer_cancer__morgan__mlp
pairzs_withleak,gformer_cancer,morgan,mlp,full,none,within_drug,AUROC,0.7380353038233288,0.009212037106695398,3,10.0,results/tahoe/bal15_drugs/pairzs_withleak__gformer_cancer__morgan__mlp
pairzs_withleak,gformer_cancer,morgan,mlp,full,none,within_cell_line,MCC,0.32115737447848075,0.013822962728199164,3,38.0,results/tahoe/bal15_drugs/pairzs_withleak__gformer_cancer__morgan__mlp
pairzs_withleak,gformer_cancer,morgan,mlp,full,none,within_cell_line,AUROC,0.7658469089390142,0.005364676611275588,3,38.0,results/tahoe/bal15_drugs/pairzs_withleak__gformer_cancer__morgan__mlp
pairzs_withleak,gformer_cancer,morgan,mlp,full,none,overall,MCC,0.5084675588628287,0.0261825174103324,10,,results/tahoe/bal15_drugs/pairzs_withleak__gformer_cancer__morgan__mlp
pairzs_withleak,gformer_cancer,morgan,mlp,full,none,overall,AUROC,0.8354738925934747,0.0169764019272962,10,,results/tahoe/bal15_drugs/pairzs_withleak__gformer_cancer__morgan__mlp
pairzs_withleak,gformer_cancer,morgan,xrfm,full,none,within_drug,MCC,0.24493450982730405,0.04062958570527591,3,10.0,results/tahoe/bal15_drugs/pairzs_withleak__gformer_cancer__morgan__xrfm
pairzs_withleak,gformer_cancer,morgan,xrfm,full,none,within_drug,AUROC,0.7495654913340867,0.011633687291060025,3,10.0,results/tahoe/bal15_drugs/pairzs_withleak__gformer_cancer__morgan__xrfm
pairzs_withleak,gformer_cancer,morgan,xrfm,full,none,within_cell_line,MCC,0.41730138366956676,0.0058527507676356385,3,38.0,results/tahoe/bal15_drugs/pairzs_withleak__gformer_cancer__morgan__xrfm
pairzs_withleak,gformer_cancer,morgan,xrfm,full,none,within_cell_line,AUROC,0.7766729323308271,0.007861727119708208,3,38.0,results/tahoe/bal15_drugs/pairzs_withleak__gformer_cancer__morgan__xrfm
pairzs_withleak,gformer_cancer,morgan,xrfm,full,none,overall,MCC,0.5086198774637254,0.0182300793859299,10,,results/tahoe/bal15_drugs/pairzs_withleak__gformer_cancer__morgan__xrfm
pairzs_withleak,gformer_cancer,morgan,xrfm,full,none,overall,AUROC,0.8419043819957134,0.0128260192719213,10,,results/tahoe/bal15_drugs/pairzs_withleak__gformer_cancer__morgan__xrfm
pairzs_withleak,pca,biomed,lightgbm,full,none,within_drug,MCC,0.3694785172524356,0.011411139230586306,3,10.0,results/tahoe/bal15_drugs/pairzs_withleak__pca__biomed__lightgbm
pairzs_withleak,pca,biomed,lightgbm,full,none,within_drug,AUROC,0.8065347882891681,0.003646094699358478,3,10.0,results/tahoe/bal15_drugs/pairzs_withleak__pca__biomed__lightgbm
pairzs_withleak,pca,biomed,lightgbm,full,none,within_cell_line,MCC,0.33262532519119903,0.004221559451678478,3,38.0,results/tahoe/bal15_drugs/pairzs_withleak__pca__biomed__lightgbm
pairzs_withleak,pca,biomed,lightgbm,full,none,within_cell_line,AUROC,0.7679295460874408,0.0020568661127081697,3,38.0,results/tahoe/bal15_drugs/pairzs_withleak__pca__biomed__lightgbm
pairzs_withleak,pca,biomed,lightgbm,full,none,overall,MCC,0.5609988074054532,0.0200530185798423,10,,results/tahoe/bal15_drugs/pairzs_withleak__pca__biomed__lightgbm
pairzs_withleak,pca,biomed,lightgbm,full,none,overall,AUROC,0.8706700371781642,0.0142178950140834,10,,results/tahoe/bal15_drugs/pairzs_withleak__pca__biomed__lightgbm
pairzs_withleak,pca,biomed,mlp,full,none,within_drug,MCC,0.3362288291828768,0.02645606336016923,3,10.0,results/tahoe/bal15_drugs/pairzs_withleak__pca__biomed__mlp
pairzs_withleak,pca,biomed,mlp,full,none,within_drug,AUROC,0.7611619551382159,0.009289031451517946,3,10.0,results/tahoe/bal15_drugs/pairzs_withleak__pca__biomed__mlp
pairzs_withleak,pca,biomed,mlp,full,none,within_cell_line,MCC,0.3217680387217658,0.0034181497855622794,3,38.0,results/tahoe/bal15_drugs/pairzs_withleak__pca__biomed__mlp
pairzs_withleak,pca,biomed,mlp,full,none,within_cell_line,AUROC,0.7836170286828182,0.004704186362780205,3,38.0,results/tahoe/bal15_drugs/pairzs_withleak__pca__biomed__mlp
pairzs_withleak,pca,biomed,mlp,full,none,overall,MCC,0.5326047328683725,0.0237491909354829,10,,results/tahoe/bal15_drugs/pairzs_withleak__pca__biomed__mlp
pairzs_withleak,pca,biomed,mlp,full,none,overall,AUROC,0.8438373289936758,0.0139564569362956,10,,results/tahoe/bal15_drugs/pairzs_withleak__pca__biomed__mlp
pairzs_withleak,pca,biomed,xrfm,full,none,within_drug,MCC,0.05690002149507176,0.006703966555398402,3,10.0,results/tahoe/bal15_drugs/pairzs_withleak__pca__biomed__xrfm
pairzs_withleak,pca,biomed,xrfm,full,none,within_drug,AUROC,0.6552986568504398,0.0022974964220798194,3,10.0,results/tahoe/bal15_drugs/pairzs_withleak__pca__biomed__xrfm
pairzs_withleak,pca,biomed,xrfm,full,none,within_cell_line,MCC,0.4947754567210074,0.00623143844324763,3,38.0,results/tahoe/bal15_drugs/pairzs_withleak__pca__biomed__xrfm
pairzs_withleak,pca,biomed,xrfm,full,none,within_cell_line,AUROC,0.8009349763297132,0.004796907512933647,3,38.0,results/tahoe/bal15_drugs/pairzs_withleak__pca__biomed__xrfm
pairzs_withleak,pca,biomed,xrfm,full,none,overall,MCC,0.437015146759453,0.0305578699361516,10,,results/tahoe/bal15_drugs/pairzs_withleak__pca__biomed__xrfm
pairzs_withleak,pca,biomed,xrfm,full,none,overall,AUROC,0.8060878119128894,0.0147390746241355,10,,results/tahoe/bal15_drugs/pairzs_withleak__pca__biomed__xrfm
pairzs_withleak,pca,chemberta,lightgbm,full,none,within_drug,MCC,0.32301216615408485,0.006234282574312597,3,10.0,results/tahoe/bal15_drugs/pairzs_withleak__pca__chemberta__lightgbm
pairzs_withleak,pca,chemberta,lightgbm,full,none,within_drug,AUROC,0.7992666850517568,0.005595351712145919,3,10.0,results/tahoe/bal15_drugs/pairzs_withleak__pca__chemberta__lightgbm
pairzs_withleak,pca,chemberta,lightgbm,full,none,within_cell_line,MCC,0.3230039018512359,0.007720147346845999,3,38.0,results/tahoe/bal15_drugs/pairzs_withleak__pca__chemberta__lightgbm
pairzs_withleak,pca,chemberta,lightgbm,full,none,within_cell_line,AUROC,0.7631690336953495,0.0017279360925179196,3,38.0,results/tahoe/bal15_drugs/pairzs_withleak__pca__chemberta__lightgbm
pairzs_withleak,pca,chemberta,lightgbm,full,none,overall,MCC,0.539536073585315,0.0188097193766881,10,,results/tahoe/bal15_drugs/pairzs_withleak__pca__chemberta__lightgbm
pairzs_withleak,pca,chemberta,lightgbm,full,none,overall,AUROC,0.8656481106612686,0.013266789754102,10,,results/tahoe/bal15_drugs/pairzs_withleak__pca__chemberta__lightgbm
pairzs_withleak,pca,chemberta,mlp,full,none,within_drug,MCC,0.3005227026832667,0.02716093129708934,3,10.0,results/tahoe/bal15_drugs/pairzs_withleak__pca__chemberta__mlp
pairzs_withleak,pca,chemberta,mlp,full,none,within_drug,AUROC,0.7441127845542429,0.00887063336521564,3,10.0,results/tahoe/bal15_drugs/pairzs_withleak__pca__chemberta__mlp
pairzs_withleak,pca,chemberta,mlp,full,none,within_cell_line,MCC,0.32128249669721676,0.01968921324541222,3,38.0,results/tahoe/bal15_drugs/pairzs_withleak__pca__chemberta__mlp
pairzs_withleak,pca,chemberta,mlp,full,none,within_cell_line,AUROC,0.7688004734057365,0.007462178877926397,3,38.0,results/tahoe/bal15_drugs/pairzs_withleak__pca__chemberta__mlp
pairzs_withleak,pca,chemberta,mlp,full,none,overall,MCC,0.5187582276142126,0.0243460563782996,10,,results/tahoe/bal15_drugs/pairzs_withleak__pca__chemberta__mlp
pairzs_withleak,pca,chemberta,mlp,full,none,overall,AUROC,0.8415654190151095,0.0135972028484758,10,,results/tahoe/bal15_drugs/pairzs_withleak__pca__chemberta__mlp
pairzs_withleak,pca,chemberta,xrfm,full,none,within_drug,MCC,0.12139224445095202,0.02741902632458585,3,10.0,results/tahoe/bal15_drugs/pairzs_withleak__pca__chemberta__xrfm
pairzs_withleak,pca,chemberta,xrfm,full,none,within_drug,AUROC,0.6466004812581029,0.013630542630866969,3,10.0,results/tahoe/bal15_drugs/pairzs_withleak__pca__chemberta__xrfm
pairzs_withleak,pca,chemberta,xrfm,full,none,within_cell_line,MCC,0.5030348837477717,0.013130744074529799,3,38.0,results/tahoe/bal15_drugs/pairzs_withleak__pca__chemberta__xrfm
pairzs_withleak,pca,chemberta,xrfm,full,none,within_cell_line,AUROC,0.812088902812587,0.005210548216397506,3,38.0,results/tahoe/bal15_drugs/pairzs_withleak__pca__chemberta__xrfm
pairzs_withleak,pca,chemberta,xrfm,full,none,overall,MCC,0.4591148518282336,0.0258044738910695,10,,results/tahoe/bal15_drugs/pairzs_withleak__pca__chemberta__xrfm
pairzs_withleak,pca,chemberta,xrfm,full,none,overall,AUROC,0.809896982747215,0.0172765576913112,10,,results/tahoe/bal15_drugs/pairzs_withleak__pca__chemberta__xrfm
pairzs_withleak,pca,maccs,lightgbm,full,none,within_drug,MCC,0.37001424719417236,0.023404554456460287,3,10.0,results/tahoe/bal15_drugs/pairzs_withleak__pca__maccs__lightgbm
pairzs_withleak,pca,maccs,lightgbm,full,none,within_drug,AUROC,0.7992110860401374,0.001562863974901576,3,10.0,results/tahoe/bal15_drugs/pairzs_withleak__pca__maccs__lightgbm
pairzs_withleak,pca,maccs,lightgbm,full,none,within_cell_line,MCC,0.3465013447956169,0.022853732807365842,3,38.0,results/tahoe/bal15_drugs/pairzs_withleak__pca__maccs__lightgbm
pairzs_withleak,pca,maccs,lightgbm,full,none,within_cell_line,AUROC,0.7777123363965469,0.010968567012573394,3,38.0,results/tahoe/bal15_drugs/pairzs_withleak__pca__maccs__lightgbm
pairzs_withleak,pca,maccs,lightgbm,full,none,overall,MCC,0.5626060434641909,0.0248727093153081,10,,results/tahoe/bal15_drugs/pairzs_withleak__pca__maccs__lightgbm
pairzs_withleak,pca,maccs,lightgbm,full,none,overall,AUROC,0.8711729380011114,0.0127576597136469,10,,results/tahoe/bal15_drugs/pairzs_withleak__pca__maccs__lightgbm
pairzs_withleak,pca,maccs,mlp,full,none,within_drug,MCC,0.32321352815286813,0.02815983329896788,3,10.0,results/tahoe/bal15_drugs/pairzs_withleak__pca__maccs__mlp
pairzs_withleak,pca,maccs,mlp,full,none,within_drug,AUROC,0.7616250483552173,0.008907476941385724,3,10.0,results/tahoe/bal15_drugs/pairzs_withleak__pca__maccs__mlp
pairzs_withleak,pca,maccs,mlp,full,none,within_cell_line,MCC,0.3117189571211612,0.003351570135322055,3,38.0,results/tahoe/bal15_drugs/pairzs_withleak__pca__maccs__mlp
pairzs_withleak,pca,maccs,mlp,full,none,within_cell_line,AUROC,0.7865232525758841,0.004568851544769556,3,38.0,results/tahoe/bal15_drugs/pairzs_withleak__pca__maccs__mlp
pairzs_withleak,pca,maccs,mlp,full,none,overall,MCC,0.5290894498165374,0.0282097691400487,10,,results/tahoe/bal15_drugs/pairzs_withleak__pca__maccs__mlp
pairzs_withleak,pca,maccs,mlp,full,none,overall,AUROC,0.8459997519250614,0.0130193115127103,10,,results/tahoe/bal15_drugs/pairzs_withleak__pca__maccs__mlp
pairzs_withleak,pca,maccs,xrfm,full,none,within_drug,MCC,0.13150547619881583,0.007161045105048751,3,10.0,results/tahoe/bal15_drugs/pairzs_withleak__pca__maccs__xrfm
pairzs_withleak,pca,maccs,xrfm,full,none,within_drug,AUROC,0.6685817789932887,0.014390660688970153,3,10.0,results/tahoe/bal15_drugs/pairzs_withleak__pca__maccs__xrfm
pairzs_withleak,pca,maccs,xrfm,full,none,within_cell_line,MCC,0.5045564415487266,0.01801807058286212,3,38.0,results/tahoe/bal15_drugs/pairzs_withleak__pca__maccs__xrfm
pairzs_withleak,pca,maccs,xrfm,full,none,within_cell_line,AUROC,0.8106474519632414,0.008913396623377248,3,38.0,results/tahoe/bal15_drugs/pairzs_withleak__pca__maccs__xrfm
pairzs_withleak,pca,maccs,xrfm,full,none,overall,MCC,0.4643880662139666,0.0257742831854824,10,,results/tahoe/bal15_drugs/pairzs_withleak__pca__maccs__xrfm
pairzs_withleak,pca,maccs,xrfm,full,none,overall,AUROC,0.8151528637770898,0.0177146618107613,10,,results/tahoe/bal15_drugs/pairzs_withleak__pca__maccs__xrfm
pairzs_withleak,pca,materials,lightgbm,full,none,within_drug,MCC,0.33035369138324266,0.0021754226552843452,3,10.0,results/tahoe/bal15_drugs/pairzs_withleak__pca__materials__lightgbm
pairzs_withleak,pca,materials,lightgbm,full,none,within_drug,AUROC,0.8023683550874282,0.00479137539046124,3,10.0,results/tahoe/bal15_drugs/pairzs_withleak__pca__materials__lightgbm
pairzs_withleak,pca,materials,lightgbm,full,none,within_cell_line,MCC,0.33441134181070153,0.006787735920107449,3,38.0,results/tahoe/bal15_drugs/pairzs_withleak__pca__materials__lightgbm
pairzs_withleak,pca,materials,lightgbm,full,none,within_cell_line,AUROC,0.7613185742133112,0.0037404947195465296,3,38.0,results/tahoe/bal15_drugs/pairzs_withleak__pca__materials__lightgbm
pairzs_withleak,pca,materials,lightgbm,full,none,overall,MCC,0.54604471797564,0.0189533677167824,10,,results/tahoe/bal15_drugs/pairzs_withleak__pca__materials__lightgbm
pairzs_withleak,pca,materials,lightgbm,full,none,overall,AUROC,0.864905079913207,0.0136794025593423,10,,results/tahoe/bal15_drugs/pairzs_withleak__pca__materials__lightgbm
pairzs_withleak,pca,materials,mlp,full,none,within_drug,MCC,0.3322733727755388,0.017592979808088053,3,10.0,results/tahoe/bal15_drugs/pairzs_withleak__pca__materials__mlp
pairzs_withleak,pca,materials,mlp,full,none,within_drug,AUROC,0.7613957934332776,0.005184219449322,3,10.0,results/tahoe/bal15_drugs/pairzs_withleak__pca__materials__mlp
pairzs_withleak,pca,materials,mlp,full,none,within_cell_line,MCC,0.32131847266719493,0.01680879080789502,3,38.0,results/tahoe/bal15_drugs/pairzs_withleak__pca__materials__mlp
pairzs_withleak,pca,materials,mlp,full,none,within_cell_line,AUROC,0.7822518100807575,0.00367336944000372,3,38.0,results/tahoe/bal15_drugs/pairzs_withleak__pca__materials__mlp
pairzs_withleak,pca,materials,mlp,full,none,overall,MCC,0.5299490098855115,0.0247700794457688,10,,results/tahoe/bal15_drugs/pairzs_withleak__pca__materials__mlp
pairzs_withleak,pca,materials,mlp,full,none,overall,AUROC,0.846976512264825,0.0137213800984212,10,,results/tahoe/bal15_drugs/pairzs_withleak__pca__materials__mlp
pairzs_withleak,pca,materials,xrfm,full,none,within_drug,MCC,0.15254447580695227,0.023117063132150586,3,10.0,results/tahoe/bal15_drugs/pairzs_withleak__pca__materials__xrfm
pairzs_withleak,pca,materials,xrfm,full,none,within_drug,AUROC,0.6533148969991163,0.011928216154448352,3,10.0,results/tahoe/bal15_drugs/pairzs_withleak__pca__materials__xrfm
pairzs_withleak,pca,materials,xrfm,full,none,within_cell_line,MCC,0.4889488388704948,0.013160882619520257,3,38.0,results/tahoe/bal15_drugs/pairzs_withleak__pca__materials__xrfm
pairzs_withleak,pca,materials,xrfm,full,none,within_cell_line,AUROC,0.8139661654135338,0.007186914456408947,3,38.0,results/tahoe/bal15_drugs/pairzs_withleak__pca__materials__xrfm
pairzs_withleak,pca,materials,xrfm,full,none,overall,MCC,0.4707282414820241,0.0271775235273152,10,,results/tahoe/bal15_drugs/pairzs_withleak__pca__materials__xrfm
pairzs_withleak,pca,materials,xrfm,full,none,overall,AUROC,0.8167566219470246,0.0158433993348095,10,,results/tahoe/bal15_drugs/pairzs_withleak__pca__materials__xrfm
pairzs_withleak,pca,molformer,lightgbm,full,none,within_drug,MCC,0.34894675280212234,0.023583715580520543,3,10.0,results/tahoe/bal15_drugs/pairzs_withleak__pca__molformer__lightgbm
pairzs_withleak,pca,molformer,lightgbm,full,none,within_drug,AUROC,0.8036205990165913,0.005511782048239121,3,10.0,results/tahoe/bal15_drugs/pairzs_withleak__pca__molformer__lightgbm
pairzs_withleak,pca,molformer,lightgbm,full,none,within_cell_line,MCC,0.3303491306787927,0.004602779478892274,3,38.0,results/tahoe/bal15_drugs/pairzs_withleak__pca__molformer__lightgbm
pairzs_withleak,pca,molformer,lightgbm,full,none,within_cell_line,AUROC,0.7604946393762183,0.0010356529717084218,3,38.0,results/tahoe/bal15_drugs/pairzs_withleak__pca__molformer__lightgbm
pairzs_withleak,pca,molformer,lightgbm,full,none,overall,MCC,0.5516435732209681,0.0186342558888732,10,,results/tahoe/bal15_drugs/pairzs_withleak__pca__molformer__lightgbm
pairzs_withleak,pca,molformer,lightgbm,full,none,overall,AUROC,0.867614944695827,0.013080406640791,10,,results/tahoe/bal15_drugs/pairzs_withleak__pca__molformer__lightgbm
pairzs_withleak,pca,molformer,mlp,full,none,within_drug,MCC,0.31869569642681683,0.019032057564393242,3,10.0,results/tahoe/bal15_drugs/pairzs_withleak__pca__molformer__mlp
pairzs_withleak,pca,molformer,mlp,full,none,within_drug,AUROC,0.7577087516159633,0.0065360067236120605,3,10.0,results/tahoe/bal15_drugs/pairzs_withleak__pca__molformer__mlp
pairzs_withleak,pca,molformer,mlp,full,none,within_cell_line,MCC,0.32033577303496835,0.01409483168848062,3,38.0,results/tahoe/bal15_drugs/pairzs_withleak__pca__molformer__mlp
pairzs_withleak,pca,molformer,mlp,full,none,within_cell_line,AUROC,0.7769726399331662,0.004730540594359965,3,38.0,results/tahoe/bal15_drugs/pairzs_withleak__pca__molformer__mlp
pairzs_withleak,pca,molformer,mlp,full,none,overall,MCC,0.5229587669510445,0.0264057272073151,10,,results/tahoe/bal15_drugs/pairzs_withleak__pca__molformer__mlp
pairzs_withleak,pca,molformer,mlp,full,none,overall,AUROC,0.8452179057182928,0.0148530216617138,10,,results/tahoe/bal15_drugs/pairzs_withleak__pca__molformer__mlp
pairzs_withleak,pca,molformer,xrfm,full,none,within_drug,MCC,0.172439346756596,0.053909992956587674,3,10.0,results/tahoe/bal15_drugs/pairzs_withleak__pca__molformer__xrfm
pairzs_withleak,pca,molformer,xrfm,full,none,within_drug,AUROC,0.6690795142625988,0.008868502348469344,3,10.0,results/tahoe/bal15_drugs/pairzs_withleak__pca__molformer__xrfm
pairzs_withleak,pca,molformer,xrfm,full,none,within_cell_line,MCC,0.4952458270873396,0.014934503587583175,3,38.0,results/tahoe/bal15_drugs/pairzs_withleak__pca__molformer__xrfm
pairzs_withleak,pca,molformer,xrfm,full,none,within_cell_line,AUROC,0.8261490531885268,0.00203934306366673,3,38.0,results/tahoe/bal15_drugs/pairzs_withleak__pca__molformer__xrfm
pairzs_withleak,pca,molformer,xrfm,full,none,overall,MCC,0.4806795728206999,0.0277929429903221,10,,results/tahoe/bal15_drugs/pairzs_withleak__pca__molformer__xrfm
pairzs_withleak,pca,molformer,xrfm,full,none,overall,AUROC,0.8208171390013496,0.0178617714553765,10,,results/tahoe/bal15_drugs/pairzs_withleak__pca__molformer__xrfm
pairzs_withleak,pca,morgan,lightgbm,full,none,within_drug,MCC,0.365345192687093,0.008397162976798723,3,10.0,results/tahoe/bal15_drugs/pairzs_withleak__pca__morgan__lightgbm
pairzs_withleak,pca,morgan,lightgbm,full,none,within_drug,AUROC,0.792892043981543,0.0021081177515006756,3,10.0,results/tahoe/bal15_drugs/pairzs_withleak__pca__morgan__lightgbm
pairzs_withleak,pca,morgan,lightgbm,full,none,within_cell_line,MCC,0.2870030006399343,0.006672613776167233,3,38.0,results/tahoe/bal15_drugs/pairzs_withleak__pca__morgan__lightgbm
pairzs_withleak,pca,morgan,lightgbm,full,none,within_cell_line,AUROC,0.7674881648565859,0.002585922397435918,3,38.0,results/tahoe/bal15_drugs/pairzs_withleak__pca__morgan__lightgbm
pairzs_withleak,pca,morgan,lightgbm,full,none,overall,MCC,0.5417677884951517,0.0271251184315007,10,,results/tahoe/bal15_drugs/pairzs_withleak__pca__morgan__lightgbm
pairzs_withleak,pca,morgan,lightgbm,full,none,overall,AUROC,0.8620125856685453,0.0135279639614352,10,,results/tahoe/bal15_drugs/pairzs_withleak__pca__morgan__lightgbm
pairzs_withleak,pca,morgan,mlp,full,none,within_drug,MCC,0.3192391204678265,0.036170335147052174,3,10.0,results/tahoe/bal15_drugs/pairzs_withleak__pca__morgan__mlp
pairzs_withleak,pca,morgan,mlp,full,none,within_drug,AUROC,0.7518645462270429,0.012216036782378852,3,10.0,results/tahoe/bal15_drugs/pairzs_withleak__pca__morgan__mlp
pairzs_withleak,pca,morgan,mlp,full,none,within_cell_line,MCC,0.32330824008198616,0.01898123970242661,3,38.0,results/tahoe/bal15_drugs/pairzs_withleak__pca__morgan__mlp
pairzs_withleak,pca,morgan,mlp,full,none,within_cell_line,AUROC,0.7731947925368977,0.006767657226785032,3,38.0,results/tahoe/bal15_drugs/pairzs_withleak__pca__morgan__mlp
pairzs_withleak,pca,morgan,mlp,full,none,overall,MCC,0.5245698203228901,0.0194662883809134,10,,results/tahoe/bal15_drugs/pairzs_withleak__pca__morgan__mlp
pairzs_withleak,pca,morgan,mlp,full,none,overall,AUROC,0.8407736729644624,0.0138827832733917,10,,results/tahoe/bal15_drugs/pairzs_withleak__pca__morgan__mlp
pairzs_withleak,pca,morgan,xrfm,full,none,within_drug,MCC,0.13124513437102417,0.006910340428346472,3,10.0,results/tahoe/bal15_drugs/pairzs_withleak__pca__morgan__xrfm
pairzs_withleak,pca,morgan,xrfm,full,none,within_drug,AUROC,0.6635780040461161,0.010092180437358595,3,10.0,results/tahoe/bal15_drugs/pairzs_withleak__pca__morgan__xrfm
pairzs_withleak,pca,morgan,xrfm,full,none,within_cell_line,MCC,0.49740130071790706,0.006900502315246738,3,38.0,results/tahoe/bal15_drugs/pairzs_withleak__pca__morgan__xrfm
pairzs_withleak,pca,morgan,xrfm,full,none,within_cell_line,AUROC,0.8129448621553884,0.001219198327418615,3,38.0,results/tahoe/bal15_drugs/pairzs_withleak__pca__morgan__xrfm
pairzs_withleak,pca,morgan,xrfm,full,none,overall,MCC,0.4533237954364432,0.0245178343030508,10,,results/tahoe/bal15_drugs/pairzs_withleak__pca__morgan__xrfm
pairzs_withleak,pca,morgan,xrfm,full,none,overall,AUROC,0.8110081467809795,0.0145816221955328,10,,results/tahoe/bal15_drugs/pairzs_withleak__pca__morgan__xrfm
pairzs_withleak,scgpt_pan,biomed,lightgbm,full,none,within_drug,MCC,0.25208475449158524,0.015380745668738935,3,10.0,results/tahoe/bal15_drugs/pairzs_withleak__scgpt_pan__biomed__lightgbm
pairzs_withleak,scgpt_pan,biomed,lightgbm,full,none,within_drug,AUROC,0.7451571260305689,0.006066530553786333,3,10.0,results/tahoe/bal15_drugs/pairzs_withleak__scgpt_pan__biomed__lightgbm
pairzs_withleak,scgpt_pan,biomed,lightgbm,full,none,within_cell_line,MCC,0.4111300344877021,0.00654928927075419,3,38.0,results/tahoe/bal15_drugs/pairzs_withleak__scgpt_pan__biomed__lightgbm
pairzs_withleak,scgpt_pan,biomed,lightgbm,full,none,within_cell_line,AUROC,0.779260999721526,0.006418430222289311,3,38.0,results/tahoe/bal15_drugs/pairzs_withleak__scgpt_pan__biomed__lightgbm
pairzs_withleak,scgpt_pan,biomed,lightgbm,full,none,overall,MCC,0.5132349900926324,0.0335064739420422,10,,results/tahoe/bal15_drugs/pairzs_withleak__scgpt_pan__biomed__lightgbm
pairzs_withleak,scgpt_pan,biomed,lightgbm,full,none,overall,AUROC,0.8404415998518167,0.0156831442726682,10,,results/tahoe/bal15_drugs/pairzs_withleak__scgpt_pan__biomed__lightgbm
pairzs_withleak,scgpt_pan,biomed,mlp,full,none,within_drug,MCC,0.21148336009107208,0.019121923053979657,3,10.0,results/tahoe/bal15_drugs/pairzs_withleak__scgpt_pan__biomed__mlp
pairzs_withleak,scgpt_pan,biomed,mlp,full,none,within_drug,AUROC,0.7016398217370616,0.014326740822045084,3,10.0,results/tahoe/bal15_drugs/pairzs_withleak__scgpt_pan__biomed__mlp
pairzs_withleak,scgpt_pan,biomed,mlp,full,none,within_cell_line,MCC,0.3472691512912726,0.02327979648567794,3,38.0,results/tahoe/bal15_drugs/pairzs_withleak__scgpt_pan__biomed__mlp
pairzs_withleak,scgpt_pan,biomed,mlp,full,none,within_cell_line,AUROC,0.7443810916179338,0.016901607751960684,3,38.0,results/tahoe/bal15_drugs/pairzs_withleak__scgpt_pan__biomed__mlp
pairzs_withleak,scgpt_pan,biomed,mlp,full,none,overall,MCC,0.4700764049113076,0.0265083603724788,10,,results/tahoe/bal15_drugs/pairzs_withleak__scgpt_pan__biomed__mlp
pairzs_withleak,scgpt_pan,biomed,mlp,full,none,overall,AUROC,0.8087089485591807,0.0164542822688002,10,,results/tahoe/bal15_drugs/pairzs_withleak__scgpt_pan__biomed__mlp
pairzs_withleak,scgpt_pan,biomed,xrfm,full,none,within_drug,MCC,0.18059532945664714,0.016500182042408554,3,10.0,results/tahoe/bal15_drugs/pairzs_withleak__scgpt_pan__biomed__xrfm
pairzs_withleak,scgpt_pan,biomed,xrfm,full,none,within_drug,AUROC,0.6991231783960821,0.0016279751536650568,3,10.0,results/tahoe/bal15_drugs/pairzs_withleak__scgpt_pan__biomed__xrfm
pairzs_withleak,scgpt_pan,biomed,xrfm,full,none,within_cell_line,MCC,0.4413314481344272,0.012727742601250947,3,38.0,results/tahoe/bal15_drugs/pairzs_withleak__scgpt_pan__biomed__xrfm
pairzs_withleak,scgpt_pan,biomed,xrfm,full,none,within_cell_line,AUROC,0.7829184071289333,0.00726241903185749,3,38.0,results/tahoe/bal15_drugs/pairzs_withleak__scgpt_pan__biomed__xrfm
pairzs_withleak,scgpt_pan,biomed,xrfm,full,none,overall,MCC,0.4790859940819755,0.025876809626419,10,,results/tahoe/bal15_drugs/pairzs_withleak__scgpt_pan__biomed__xrfm
pairzs_withleak,scgpt_pan,biomed,xrfm,full,none,overall,AUROC,0.8222257845783387,0.0165722468857582,10,,results/tahoe/bal15_drugs/pairzs_withleak__scgpt_pan__biomed__xrfm
pairzs_withleak,scgpt_pan,chemberta,lightgbm,full,none,within_drug,MCC,0.26273582383540545,0.015932848100833168,3,10.0,results/tahoe/bal15_drugs/pairzs_withleak__scgpt_pan__chemberta__lightgbm
pairzs_withleak,scgpt_pan,chemberta,lightgbm,full,none,within_drug,AUROC,0.7388997925234068,0.004432701448379318,3,10.0,results/tahoe/bal15_drugs/pairzs_withleak__scgpt_pan__chemberta__lightgbm
pairzs_withleak,scgpt_pan,chemberta,lightgbm,full,none,within_cell_line,MCC,0.4174360274837876,0.008860986583795725,3,38.0,results/tahoe/bal15_drugs/pairzs_withleak__scgpt_pan__chemberta__lightgbm
pairzs_withleak,scgpt_pan,chemberta,lightgbm,full,none,within_cell_line,AUROC,0.7844159008632694,0.009622914454117698,3,38.0,results/tahoe/bal15_drugs/pairzs_withleak__scgpt_pan__chemberta__lightgbm
pairzs_withleak,scgpt_pan,chemberta,lightgbm,full,none,overall,MCC,0.5194559410453717,0.0353648625751872,10,,results/tahoe/bal15_drugs/pairzs_withleak__scgpt_pan__chemberta__lightgbm
pairzs_withleak,scgpt_pan,chemberta,lightgbm,full,none,overall,AUROC,0.8381401458019105,0.0152889036975928,10,,results/tahoe/bal15_drugs/pairzs_withleak__scgpt_pan__chemberta__lightgbm
pairzs_withleak,scgpt_pan,chemberta,mlp,full,none,within_drug,MCC,0.23653685178271178,0.0005236659076697496,3,10.0,results/tahoe/bal15_drugs/pairzs_withleak__scgpt_pan__chemberta__mlp
pairzs_withleak,scgpt_pan,chemberta,mlp,full,none,within_drug,AUROC,0.7039334810856094,0.0033703374022190555,3,10.0,results/tahoe/bal15_drugs/pairzs_withleak__scgpt_pan__chemberta__mlp
pairzs_withleak,scgpt_pan,chemberta,mlp,full,none,within_cell_line,MCC,0.3755980980441494,0.004045744745854699,3,38.0,results/tahoe/bal15_drugs/pairzs_withleak__scgpt_pan__chemberta__mlp
pairzs_withleak,scgpt_pan,chemberta,mlp,full,none,within_cell_line,AUROC,0.7684252297410192,0.0036404067952299163,3,38.0,results/tahoe/bal15_drugs/pairzs_withleak__scgpt_pan__chemberta__mlp
pairzs_withleak,scgpt_pan,chemberta,mlp,full,none,overall,MCC,0.4765691982253527,0.0341687016358151,10,,results/tahoe/bal15_drugs/pairzs_withleak__scgpt_pan__chemberta__mlp
pairzs_withleak,scgpt_pan,chemberta,mlp,full,none,overall,AUROC,0.8117343315868858,0.0185973295896921,10,,results/tahoe/bal15_drugs/pairzs_withleak__scgpt_pan__chemberta__mlp
pairzs_withleak,scgpt_pan,chemberta,xrfm,full,none,within_drug,MCC,0.18263782306611284,0.017511788131046525,3,10.0,results/tahoe/bal15_drugs/pairzs_withleak__scgpt_pan__chemberta__xrfm
pairzs_withleak,scgpt_pan,chemberta,xrfm,full,none,within_drug,AUROC,0.7161622282186343,0.004949164647387413,3,10.0,results/tahoe/bal15_drugs/pairzs_withleak__scgpt_pan__chemberta__xrfm
pairzs_withleak,scgpt_pan,chemberta,xrfm,full,none,within_cell_line,MCC,0.4397043541279353,0.020447510280419173,3,38.0,results/tahoe/bal15_drugs/pairzs_withleak__scgpt_pan__chemberta__xrfm
pairzs_withleak,scgpt_pan,chemberta,xrfm,full,none,within_cell_line,AUROC,0.7840065441381232,0.00929520504170515,3,38.0,results/tahoe/bal15_drugs/pairzs_withleak__scgpt_pan__chemberta__xrfm
pairzs_withleak,scgpt_pan,chemberta,xrfm,full,none,overall,MCC,0.4895759673063601,0.0263215377612602,10,,results/tahoe/bal15_drugs/pairzs_withleak__scgpt_pan__chemberta__xrfm
pairzs_withleak,scgpt_pan,chemberta,xrfm,full,none,overall,AUROC,0.8302589604667776,0.0144900490102672,10,,results/tahoe/bal15_drugs/pairzs_withleak__scgpt_pan__chemberta__xrfm
pairzs_withleak,scgpt_pan,maccs,lightgbm,full,none,within_drug,MCC,0.26464247960439696,0.00591566659389432,3,10.0,results/tahoe/bal15_drugs/pairzs_withleak__scgpt_pan__maccs__lightgbm
pairzs_withleak,scgpt_pan,maccs,lightgbm,full,none,within_drug,AUROC,0.7570166882247188,0.003659141487113143,3,10.0,results/tahoe/bal15_drugs/pairzs_withleak__scgpt_pan__maccs__lightgbm
pairzs_withleak,scgpt_pan,maccs,lightgbm,full,none,within_cell_line,MCC,0.4099089198058641,0.00762859684480462,3,38.0,results/tahoe/bal15_drugs/pairzs_withleak__scgpt_pan__maccs__lightgbm
pairzs_withleak,scgpt_pan,maccs,lightgbm,full,none,within_cell_line,AUROC,0.7766266360345307,0.0008737368123539409,3,38.0,results/tahoe/bal15_drugs/pairzs_withleak__scgpt_pan__maccs__lightgbm
pairzs_withleak,scgpt_pan,maccs,lightgbm,full,none,overall,MCC,0.5197575952463136,0.0352939753980943,10,,results/tahoe/bal15_drugs/pairzs_withleak__scgpt_pan__maccs__lightgbm
pairzs_withleak,scgpt_pan,maccs,lightgbm,full,none,overall,AUROC,0.8468945582281495,0.0152828070829842,10,,results/tahoe/bal15_drugs/pairzs_withleak__scgpt_pan__maccs__lightgbm
pairzs_withleak,scgpt_pan,maccs,mlp,full,none,within_drug,MCC,0.1879756328650084,0.018240515406529958,3,10.0,results/tahoe/bal15_drugs/pairzs_withleak__scgpt_pan__maccs__mlp
pairzs_withleak,scgpt_pan,maccs,mlp,full,none,within_drug,AUROC,0.7013756884662762,0.007094448608186801,3,10.0,results/tahoe/bal15_drugs/pairzs_withleak__scgpt_pan__maccs__mlp
pairzs_withleak,scgpt_pan,maccs,mlp,full,none,within_cell_line,MCC,0.38138654481335416,0.00797322640393726,3,38.0,results/tahoe/bal15_drugs/pairzs_withleak__scgpt_pan__maccs__mlp
pairzs_withleak,scgpt_pan,maccs,mlp,full,none,within_cell_line,AUROC,0.7714049011417433,0.008878938195419307,3,38.0,results/tahoe/bal15_drugs/pairzs_withleak__scgpt_pan__maccs__mlp
pairzs_withleak,scgpt_pan,maccs,mlp,full,none,overall,MCC,0.4598575814973014,0.0264951108806836,10,,results/tahoe/bal15_drugs/pairzs_withleak__scgpt_pan__maccs__mlp
pairzs_withleak,scgpt_pan,maccs,mlp,full,none,overall,AUROC,0.8106653634463232,0.0154064191076164,10,,results/tahoe/bal15_drugs/pairzs_withleak__scgpt_pan__maccs__mlp
pairzs_withleak,scgpt_pan,maccs,xrfm,full,none,within_drug,MCC,0.19815802040231978,0.015913349829060987,3,10.0,results/tahoe/bal15_drugs/pairzs_withleak__scgpt_pan__maccs__xrfm
pairzs_withleak,scgpt_pan,maccs,xrfm,full,none,within_drug,AUROC,0.7312586773497838,0.006597663582599316,3,10.0,results/tahoe/bal15_drugs/pairzs_withleak__scgpt_pan__maccs__xrfm
pairzs_withleak,scgpt_pan,maccs,xrfm,full,none,within_cell_line,MCC,0.42532039693021306,0.0031066460026927417,3,38.0,results/tahoe/bal15_drugs/pairzs_withleak__scgpt_pan__maccs__xrfm
pairzs_withleak,scgpt_pan,maccs,xrfm,full,none,within_cell_line,AUROC,0.77187552213868,0.011146278178221733,3,38.0,results/tahoe/bal15_drugs/pairzs_withleak__scgpt_pan__maccs__xrfm
pairzs_withleak,scgpt_pan,maccs,xrfm,full,none,overall,MCC,0.4934457236652896,0.0213344800479165,10,,results/tahoe/bal15_drugs/pairzs_withleak__scgpt_pan__maccs__xrfm
pairzs_withleak,scgpt_pan,maccs,xrfm,full,none,overall,AUROC,0.8348108709745707,0.013964638218488,10,,results/tahoe/bal15_drugs/pairzs_withleak__scgpt_pan__maccs__xrfm
pairzs_withleak,scgpt_pan,materials,lightgbm,full,none,within_drug,MCC,0.25080106545833347,0.01786878325507999,3,10.0,results/tahoe/bal15_drugs/pairzs_withleak__scgpt_pan__materials__lightgbm
pairzs_withleak,scgpt_pan,materials,lightgbm,full,none,within_drug,AUROC,0.7386662978500415,0.004626624494889633,3,10.0,results/tahoe/bal15_drugs/pairzs_withleak__scgpt_pan__materials__lightgbm
pairzs_withleak,scgpt_pan,materials,lightgbm,full,none,within_cell_line,MCC,0.40944916558418104,0.0072868732138632285,3,38.0,results/tahoe/bal15_drugs/pairzs_withleak__scgpt_pan__materials__lightgbm
pairzs_withleak,scgpt_pan,materials,lightgbm,full,none,within_cell_line,AUROC,0.7836006683375105,0.008273642351631619,3,38.0,results/tahoe/bal15_drugs/pairzs_withleak__scgpt_pan__materials__lightgbm
pairzs_withleak,scgpt_pan,materials,lightgbm,full,none,overall,MCC,0.5106070854157012,0.0345214880057439,10,,results/tahoe/bal15_drugs/pairzs_withleak__scgpt_pan__materials__lightgbm
pairzs_withleak,scgpt_pan,materials,lightgbm,full,none,overall,AUROC,0.8363725159429494,0.015612461555614,10,,results/tahoe/bal15_drugs/pairzs_withleak__scgpt_pan__materials__lightgbm
pairzs_withleak,scgpt_pan,materials,mlp,full,none,within_drug,MCC,0.19951859372021138,0.028666408089337677,3,10.0,results/tahoe/bal15_drugs/pairzs_withleak__scgpt_pan__materials__mlp
pairzs_withleak,scgpt_pan,materials,mlp,full,none,within_drug,AUROC,0.6696969354887289,0.008800568796864375,3,10.0,results/tahoe/bal15_drugs/pairzs_withleak__scgpt_pan__materials__mlp
pairzs_withleak,scgpt_pan,materials,mlp,full,none,within_cell_line,MCC,0.36771306625987754,0.01744706975205627,3,38.0,results/tahoe/bal15_drugs/pairzs_withleak__scgpt_pan__materials__mlp
pairzs_withleak,scgpt_pan,materials,mlp,full,none,within_cell_line,AUROC,0.7702843915343914,0.006919793075584328,3,38.0,results/tahoe/bal15_drugs/pairzs_withleak__scgpt_pan__materials__mlp
pairzs_withleak,scgpt_pan,materials,mlp,full,none,overall,MCC,0.4646297731497933,0.0328008327375764,10,,results/tahoe/bal15_drugs/pairzs_withleak__scgpt_pan__materials__mlp
pairzs_withleak,scgpt_pan,materials,mlp,full,none,overall,AUROC,0.8027035041411976,0.0188516377574491,10,,results/tahoe/bal15_drugs/pairzs_withleak__scgpt_pan__materials__mlp
pairzs_withleak,scgpt_pan,materials,xrfm,full,none,within_drug,MCC,0.17218850747630857,0.011586629677892153,3,10.0,results/tahoe/bal15_drugs/pairzs_withleak__scgpt_pan__materials__xrfm
pairzs_withleak,scgpt_pan,materials,xrfm,full,none,within_drug,AUROC,0.6993763904321226,0.002675540770664502,3,10.0,results/tahoe/bal15_drugs/pairzs_withleak__scgpt_pan__materials__xrfm
pairzs_withleak,scgpt_pan,materials,xrfm,full,none,within_cell_line,MCC,0.4466897300520605,0.013078893778693354,3,38.0,results/tahoe/bal15_drugs/pairzs_withleak__scgpt_pan__materials__xrfm
pairzs_withleak,scgpt_pan,materials,xrfm,full,none,within_cell_line,AUROC,0.7882236842105264,0.010605040926318907,3,38.0,results/tahoe/bal15_drugs/pairzs_withleak__scgpt_pan__materials__xrfm
pairzs_withleak,scgpt_pan,materials,xrfm,full,none,overall,MCC,0.4818423084846911,0.025436056316661,10,,results/tahoe/bal15_drugs/pairzs_withleak__scgpt_pan__materials__xrfm
pairzs_withleak,scgpt_pan,materials,xrfm,full,none,overall,AUROC,0.8245096087692838,0.0140098732970899,10,,results/tahoe/bal15_drugs/pairzs_withleak__scgpt_pan__materials__xrfm
pairzs_withleak,scgpt_pan,molformer,lightgbm,full,none,within_drug,MCC,0.23820227139269876,0.017601532759102343,3,10.0,results/tahoe/bal15_drugs/pairzs_withleak__scgpt_pan__molformer__lightgbm
pairzs_withleak,scgpt_pan,molformer,lightgbm,full,none,within_drug,AUROC,0.7372339750954756,0.004377837524422275,3,10.0,results/tahoe/bal15_drugs/pairzs_withleak__scgpt_pan__molformer__lightgbm
pairzs_withleak,scgpt_pan,molformer,lightgbm,full,none,within_cell_line,MCC,0.40892458680695204,0.006940646362427123,3,38.0,results/tahoe/bal15_drugs/pairzs_withleak__scgpt_pan__molformer__lightgbm
pairzs_withleak,scgpt_pan,molformer,lightgbm,full,none,within_cell_line,AUROC,0.7807839042049568,0.006651129366509693,3,38.0,results/tahoe/bal15_drugs/pairzs_withleak__scgpt_pan__molformer__lightgbm
pairzs_withleak,scgpt_pan,molformer,lightgbm,full,none,overall,MCC,0.5053953212967869,0.036043660491924,10,,results/tahoe/bal15_drugs/pairzs_withleak__scgpt_pan__molformer__lightgbm
pairzs_withleak,scgpt_pan,molformer,lightgbm,full,none,overall,AUROC,0.8363066537006165,0.0159397624279217,10,,results/tahoe/bal15_drugs/pairzs_withleak__scgpt_pan__molformer__lightgbm
pairzs_withleak,scgpt_pan,molformer,mlp,full,none,within_drug,MCC,0.1607794433412763,0.023970585939628926,3,10.0,results/tahoe/bal15_drugs/pairzs_withleak__scgpt_pan__molformer__mlp
pairzs_withleak,scgpt_pan,molformer,mlp,full,none,within_drug,AUROC,0.6675056322096218,0.005524468944757854,3,10.0,results/tahoe/bal15_drugs/pairzs_withleak__scgpt_pan__molformer__mlp
pairzs_withleak,scgpt_pan,molformer,mlp,full,none,within_cell_line,MCC,0.3949524159026269,0.037999667321556664,3,38.0,results/tahoe/bal15_drugs/pairzs_withleak__scgpt_pan__molformer__mlp
pairzs_withleak,scgpt_pan,molformer,mlp,full,none,within_cell_line,AUROC,0.7694165970481759,0.006178191344274014,3,38.0,results/tahoe/bal15_drugs/pairzs_withleak__scgpt_pan__molformer__mlp
pairzs_withleak,scgpt_pan,molformer,mlp,full,none,overall,MCC,0.447216957082245,0.0245101272422862,10,,results/tahoe/bal15_drugs/pairzs_withleak__scgpt_pan__molformer__mlp
pairzs_withleak,scgpt_pan,molformer,mlp,full,none,overall,AUROC,0.7972943425683364,0.0178059706344373,10,,results/tahoe/bal15_drugs/pairzs_withleak__scgpt_pan__molformer__mlp
pairzs_withleak,scgpt_pan,molformer,xrfm,full,none,within_drug,MCC,0.17128283575732506,0.013940573058834919,3,10.0,results/tahoe/bal15_drugs/pairzs_withleak__scgpt_pan__molformer__xrfm
pairzs_withleak,scgpt_pan,molformer,xrfm,full,none,within_drug,AUROC,0.6983139933242103,0.005396979398820666,3,10.0,results/tahoe/bal15_drugs/pairzs_withleak__scgpt_pan__molformer__xrfm
pairzs_withleak,scgpt_pan,molformer,xrfm,full,none,within_cell_line,MCC,0.4335486346849821,0.02189636644379415,3,38.0,results/tahoe/bal15_drugs/pairzs_withleak__scgpt_pan__molformer__xrfm
pairzs_withleak,scgpt_pan,molformer,xrfm,full,none,within_cell_line,AUROC,0.7830983709273184,0.010128513318191257,3,38.0,results/tahoe/bal15_drugs/pairzs_withleak__scgpt_pan__molformer__xrfm
pairzs_withleak,scgpt_pan,molformer,xrfm,full,none,overall,MCC,0.4701137681248736,0.0293436244452934,10,,results/tahoe/bal15_drugs/pairzs_withleak__scgpt_pan__molformer__xrfm
pairzs_withleak,scgpt_pan,molformer,xrfm,full,none,overall,AUROC,0.82384391124871,0.0152357421572977,10,,results/tahoe/bal15_drugs/pairzs_withleak__scgpt_pan__molformer__xrfm
pairzs_withleak,scgpt_pan,morgan,lightgbm,full,none,within_drug,MCC,0.26882232442166637,0.013138667808173821,3,10.0,results/tahoe/bal15_drugs/pairzs_withleak__scgpt_pan__morgan__lightgbm
pairzs_withleak,scgpt_pan,morgan,lightgbm,full,none,within_drug,AUROC,0.7508991516970475,0.0056062484784787795,3,10.0,results/tahoe/bal15_drugs/pairzs_withleak__scgpt_pan__morgan__lightgbm
pairzs_withleak,scgpt_pan,morgan,lightgbm,full,none,within_cell_line,MCC,0.40790492067370515,0.012360819821868064,3,38.0,results/tahoe/bal15_drugs/pairzs_withleak__scgpt_pan__morgan__lightgbm
pairzs_withleak,scgpt_pan,morgan,lightgbm,full,none,within_cell_line,AUROC,0.783978000556948,0.004418861524014806,3,38.0,results/tahoe/bal15_drugs/pairzs_withleak__scgpt_pan__morgan__lightgbm
pairzs_withleak,scgpt_pan,morgan,lightgbm,full,none,overall,MCC,0.5215350878449135,0.0306771607231861,10,,results/tahoe/bal15_drugs/pairzs_withleak__scgpt_pan__morgan__lightgbm
pairzs_withleak,scgpt_pan,morgan,lightgbm,full,none,overall,AUROC,0.8449547379005583,0.0157661771604102,10,,results/tahoe/bal15_drugs/pairzs_withleak__scgpt_pan__morgan__lightgbm
pairzs_withleak,scgpt_pan,morgan,mlp,full,none,within_drug,MCC,0.11772599966609347,0.027785902785133983,3,10.0,results/tahoe/bal15_drugs/pairzs_withleak__scgpt_pan__morgan__mlp
pairzs_withleak,scgpt_pan,morgan,mlp,full,none,within_drug,AUROC,0.6678438738985427,0.007200444217066281,3,10.0,results/tahoe/bal15_drugs/pairzs_withleak__scgpt_pan__morgan__mlp
pairzs_withleak,scgpt_pan,morgan,mlp,full,none,within_cell_line,MCC,0.3501621359015934,0.019282884906079076,3,38.0,results/tahoe/bal15_drugs/pairzs_withleak__scgpt_pan__morgan__mlp
pairzs_withleak,scgpt_pan,morgan,mlp,full,none,within_cell_line,AUROC,0.7641597048175996,0.01785597266157432,3,38.0,results/tahoe/bal15_drugs/pairzs_withleak__scgpt_pan__morgan__mlp
pairzs_withleak,scgpt_pan,morgan,mlp,full,none,overall,MCC,0.4325797274865504,0.0296158229133891,10,,results/tahoe/bal15_drugs/pairzs_withleak__scgpt_pan__morgan__mlp
pairzs_withleak,scgpt_pan,morgan,mlp,full,none,overall,AUROC,0.8002260094996163,0.0141112918421516,10,,results/tahoe/bal15_drugs/pairzs_withleak__scgpt_pan__morgan__mlp
pairzs_withleak,scgpt_pan,morgan,xrfm,full,none,within_drug,MCC,0.19899784186195302,0.008893661311182077,3,10.0,results/tahoe/bal15_drugs/pairzs_withleak__scgpt_pan__morgan__xrfm
pairzs_withleak,scgpt_pan,morgan,xrfm,full,none,within_drug,AUROC,0.7125273797330592,0.006620863193038415,3,10.0,results/tahoe/bal15_drugs/pairzs_withleak__scgpt_pan__morgan__xrfm
pairzs_withleak,scgpt_pan,morgan,xrfm,full,none,within_cell_line,MCC,0.43168518734416333,0.004367266115441094,3,38.0,results/tahoe/bal15_drugs/pairzs_withleak__scgpt_pan__morgan__xrfm
pairzs_withleak,scgpt_pan,morgan,xrfm,full,none,within_cell_line,AUROC,0.7805029935950989,0.008919483306990722,3,38.0,results/tahoe/bal15_drugs/pairzs_withleak__scgpt_pan__morgan__xrfm
pairzs_withleak,scgpt_pan,morgan,xrfm,full,none,overall,MCC,0.4957568299298021,0.0241961254677355,10,,results/tahoe/bal15_drugs/pairzs_withleak__scgpt_pan__morgan__xrfm
pairzs_withleak,scgpt_pan,morgan,xrfm,full,none,overall,AUROC,0.8249724074515097,0.0142470159717605,10,,results/tahoe/bal15_drugs/pairzs_withleak__scgpt_pan__morgan__xrfm
pairzs_withleak,scvi,biomed,lightgbm,full,none,within_drug,MCC,0.3372836266439417,0.034457058923989974,3,10.0,results/tahoe/bal15_drugs/pairzs_withleak__scvi__biomed__lightgbm
pairzs_withleak,scvi,biomed,lightgbm,full,none,within_drug,AUROC,0.78581375301399,0.005147150250719002,3,10.0,results/tahoe/bal15_drugs/pairzs_withleak__scvi__biomed__lightgbm
pairzs_withleak,scvi,biomed,lightgbm,full,none,within_cell_line,MCC,0.3631472918650552,0.007154633471288417,3,38.0,results/tahoe/bal15_drugs/pairzs_withleak__scvi__biomed__lightgbm
pairzs_withleak,scvi,biomed,lightgbm,full,none,within_cell_line,AUROC,0.7615378724589251,0.0016852896398828097,3,38.0,results/tahoe/bal15_drugs/pairzs_withleak__scvi__biomed__lightgbm
pairzs_withleak,scvi,biomed,lightgbm,full,none,overall,MCC,0.5460540428294536,0.0201458271710969,10,,results/tahoe/bal15_drugs/pairzs_withleak__scvi__biomed__lightgbm
pairzs_withleak,scvi,biomed,lightgbm,full,none,overall,AUROC,0.8598356056997698,0.013943429210298,10,,results/tahoe/bal15_drugs/pairzs_withleak__scvi__biomed__lightgbm
pairzs_withleak,scvi,biomed,mlp,full,none,within_drug,MCC,0.301780498145684,0.027712910032226833,3,10.0,results/tahoe/bal15_drugs/pairzs_withleak__scvi__biomed__mlp
pairzs_withleak,scvi,biomed,mlp,full,none,within_drug,AUROC,0.7627078975584416,0.005320293843346193,3,10.0,results/tahoe/bal15_drugs/pairzs_withleak__scvi__biomed__mlp
pairzs_withleak,scvi,biomed,mlp,full,none,within_cell_line,MCC,0.35009456487587043,0.013155829420576151,3,38.0,results/tahoe/bal15_drugs/pairzs_withleak__scvi__biomed__mlp
pairzs_withleak,scvi,biomed,mlp,full,none,within_cell_line,AUROC,0.7713739209133945,0.0026552568321660326,3,38.0,results/tahoe/bal15_drugs/pairzs_withleak__scvi__biomed__mlp
pairzs_withleak,scvi,biomed,mlp,full,none,overall,MCC,0.5241785504051132,0.0244543933578494,10,,results/tahoe/bal15_drugs/pairzs_withleak__scvi__biomed__mlp
pairzs_withleak,scvi,biomed,mlp,full,none,overall,AUROC,0.8429352127490672,0.0144919407613968,10,,results/tahoe/bal15_drugs/pairzs_withleak__scvi__biomed__mlp
pairzs_withleak,scvi,biomed,xrfm,full,none,within_drug,MCC,0.13162153180103942,0.03072856640748656,3,10.0,results/tahoe/bal15_drugs/pairzs_withleak__scvi__biomed__xrfm
pairzs_withleak,scvi,biomed,xrfm,full,none,within_drug,AUROC,0.6948652578108678,0.006759846754573042,3,10.0,results/tahoe/bal15_drugs/pairzs_withleak__scvi__biomed__xrfm
pairzs_withleak,scvi,biomed,xrfm,full,none,within_cell_line,MCC,0.5126766941311535,0.004207817381916191,3,38.0,results/tahoe/bal15_drugs/pairzs_withleak__scvi__biomed__xrfm
pairzs_withleak,scvi,biomed,xrfm,full,none,within_cell_line,AUROC,0.8007588415483152,0.0033710416397822376,3,38.0,results/tahoe/bal15_drugs/pairzs_withleak__scvi__biomed__xrfm
pairzs_withleak,scvi,biomed,xrfm,full,none,overall,MCC,0.4813697723861874,0.0263498637013588,10,,results/tahoe/bal15_drugs/pairzs_withleak__scvi__biomed__xrfm
pairzs_withleak,scvi,biomed,xrfm,full,none,overall,AUROC,0.8217517034479108,0.0176526785712649,10,,results/tahoe/bal15_drugs/pairzs_withleak__scvi__biomed__xrfm
pairzs_withleak,scvi,chemberta,lightgbm,full,none,within_drug,MCC,0.32421278406099013,0.045349633413678134,3,10.0,results/tahoe/bal15_drugs/pairzs_withleak__scvi__chemberta__lightgbm
pairzs_withleak,scvi,chemberta,lightgbm,full,none,within_drug,AUROC,0.7771932409258574,0.003834386436767622,3,10.0,results/tahoe/bal15_drugs/pairzs_withleak__scvi__chemberta__lightgbm
pairzs_withleak,scvi,chemberta,lightgbm,full,none,within_cell_line,MCC,0.3461020820159684,0.014497190259992718,3,38.0,results/tahoe/bal15_drugs/pairzs_withleak__scvi__chemberta__lightgbm
pairzs_withleak,scvi,chemberta,lightgbm,full,none,within_cell_line,AUROC,0.7553331244778612,0.006760476478338162,3,38.0,results/tahoe/bal15_drugs/pairzs_withleak__scvi__chemberta__lightgbm
pairzs_withleak,scvi,chemberta,lightgbm,full,none,overall,MCC,0.5346893885383697,0.0219292888706552,10,,results/tahoe/bal15_drugs/pairzs_withleak__scvi__chemberta__lightgbm
pairzs_withleak,scvi,chemberta,lightgbm,full,none,overall,AUROC,0.8559083379640656,0.0137879955105389,10,,results/tahoe/bal15_drugs/pairzs_withleak__scvi__chemberta__lightgbm
pairzs_withleak,scvi,chemberta,mlp,full,none,within_drug,MCC,0.29683828807969354,0.04637589327417552,3,10.0,results/tahoe/bal15_drugs/pairzs_withleak__scvi__chemberta__mlp
pairzs_withleak,scvi,chemberta,mlp,full,none,within_drug,AUROC,0.746806886019559,0.011087067327622307,3,10.0,results/tahoe/bal15_drugs/pairzs_withleak__scvi__chemberta__mlp
pairzs_withleak,scvi,chemberta,mlp,full,none,within_cell_line,MCC,0.3385028397974719,0.031074387198862973,3,38.0,results/tahoe/bal15_drugs/pairzs_withleak__scvi__chemberta__mlp
pairzs_withleak,scvi,chemberta,mlp,full,none,within_cell_line,AUROC,0.7690448343079922,0.005505264193769615,3,38.0,results/tahoe/bal15_drugs/pairzs_withleak__scvi__chemberta__mlp
pairzs_withleak,scvi,chemberta,mlp,full,none,overall,MCC,0.514605292926952,0.028061380601395,10,,results/tahoe/bal15_drugs/pairzs_withleak__scvi__chemberta__mlp
pairzs_withleak,scvi,chemberta,mlp,full,none,overall,AUROC,0.8405822748802624,0.0134454209681591,10,,results/tahoe/bal15_drugs/pairzs_withleak__scvi__chemberta__mlp
pairzs_withleak,scvi,chemberta,xrfm,full,none,within_drug,MCC,0.13238171683073097,0.011064262280809539,3,10.0,results/tahoe/bal15_drugs/pairzs_withleak__scvi__chemberta__xrfm
pairzs_withleak,scvi,chemberta,xrfm,full,none,within_drug,AUROC,0.6737561448972079,0.015394746810558902,3,10.0,results/tahoe/bal15_drugs/pairzs_withleak__scvi__chemberta__xrfm
pairzs_withleak,scvi,chemberta,xrfm,full,none,within_cell_line,MCC,0.5022632305500171,0.006867321026847501,3,38.0,results/tahoe/bal15_drugs/pairzs_withleak__scvi__chemberta__xrfm
pairzs_withleak,scvi,chemberta,xrfm,full,none,within_cell_line,AUROC,0.8024272486772487,0.006550467465768894,3,38.0,results/tahoe/bal15_drugs/pairzs_withleak__scvi__chemberta__xrfm
pairzs_withleak,scvi,chemberta,xrfm,full,none,overall,MCC,0.4776451573381514,0.0281988274797564,10,,results/tahoe/bal15_drugs/pairzs_withleak__scvi__chemberta__xrfm
pairzs_withleak,scvi,chemberta,xrfm,full,none,overall,AUROC,0.8164000985684423,0.0174713359297117,10,,results/tahoe/bal15_drugs/pairzs_withleak__scvi__chemberta__xrfm
pairzs_withleak,scvi,maccs,lightgbm,full,none,within_drug,MCC,0.32013688019304004,0.03443469119814847,3,10.0,results/tahoe/bal15_drugs/pairzs_withleak__scvi__maccs__lightgbm
pairzs_withleak,scvi,maccs,lightgbm,full,none,within_drug,AUROC,0.7818845399893988,0.003705828935661667,3,10.0,results/tahoe/bal15_drugs/pairzs_withleak__scvi__maccs__lightgbm
pairzs_withleak,scvi,maccs,lightgbm,full,none,within_cell_line,MCC,0.32603604352014304,0.008515643730330117,3,38.0,results/tahoe/bal15_drugs/pairzs_withleak__scvi__maccs__lightgbm
pairzs_withleak,scvi,maccs,lightgbm,full,none,within_cell_line,AUROC,0.7654737538290171,0.008123980859877157,3,38.0,results/tahoe/bal15_drugs/pairzs_withleak__scvi__maccs__lightgbm
pairzs_withleak,scvi,maccs,lightgbm,full,none,overall,MCC,0.5335990818547285,0.0224418426194996,10,,results/tahoe/bal15_drugs/pairzs_withleak__scvi__maccs__lightgbm
pairzs_withleak,scvi,maccs,lightgbm,full,none,overall,AUROC,0.8622357174988755,0.0140534322467926,10,,results/tahoe/bal15_drugs/pairzs_withleak__scvi__maccs__lightgbm
pairzs_withleak,scvi,maccs,mlp,full,none,within_drug,MCC,0.31306112767259714,0.0186480616588251,3,10.0,results/tahoe/bal15_drugs/pairzs_withleak__scvi__maccs__mlp
pairzs_withleak,scvi,maccs,mlp,full,none,within_drug,AUROC,0.7605338806167165,0.008173773715055968,3,10.0,results/tahoe/bal15_drugs/pairzs_withleak__scvi__maccs__mlp
pairzs_withleak,scvi,maccs,mlp,full,none,within_cell_line,MCC,0.3504828569404721,0.013418869802065622,3,38.0,results/tahoe/bal15_drugs/pairzs_withleak__scvi__maccs__mlp
pairzs_withleak,scvi,maccs,mlp,full,none,within_cell_line,AUROC,0.7690218602060708,0.009097478060151458,3,38.0,results/tahoe/bal15_drugs/pairzs_withleak__scvi__maccs__mlp
pairzs_withleak,scvi,maccs,mlp,full,none,overall,MCC,0.5308985790064148,0.0264365511503731,10,,results/tahoe/bal15_drugs/pairzs_withleak__scvi__maccs__mlp
pairzs_withleak,scvi,maccs,mlp,full,none,overall,AUROC,0.8422548358074675,0.0122250614734945,10,,results/tahoe/bal15_drugs/pairzs_withleak__scvi__maccs__mlp
pairzs_withleak,scvi,maccs,xrfm,full,none,within_drug,MCC,0.15203078594360364,0.015959984392026075,3,10.0,results/tahoe/bal15_drugs/pairzs_withleak__scvi__maccs__xrfm
pairzs_withleak,scvi,maccs,xrfm,full,none,within_drug,AUROC,0.7000053519792218,0.01423554567708823,3,10.0,results/tahoe/bal15_drugs/pairzs_withleak__scvi__maccs__xrfm
pairzs_withleak,scvi,maccs,xrfm,full,none,within_cell_line,MCC,0.5147636729085291,0.010781848833048288,3,38.0,results/tahoe/bal15_drugs/pairzs_withleak__scvi__maccs__xrfm
pairzs_withleak,scvi,maccs,xrfm,full,none,within_cell_line,AUROC,0.8041670147591201,0.0035693582631698977,3,38.0,results/tahoe/bal15_drugs/pairzs_withleak__scvi__maccs__xrfm
pairzs_withleak,scvi,maccs,xrfm,full,none,overall,MCC,0.4981128152632063,0.0232572514978525,10,,results/tahoe/bal15_drugs/pairzs_withleak__scvi__maccs__xrfm
pairzs_withleak,scvi,maccs,xrfm,full,none,overall,AUROC,0.8284405877060677,0.0171442609930589,10,,results/tahoe/bal15_drugs/pairzs_withleak__scvi__maccs__xrfm
pairzs_withleak,scvi,materials,lightgbm,full,none,within_drug,MCC,0.3171413891871281,0.034094378671687825,3,10.0,results/tahoe/bal15_drugs/pairzs_withleak__scvi__materials__lightgbm
pairzs_withleak,scvi,materials,lightgbm,full,none,within_drug,AUROC,0.7778395518424738,0.0017794893059059323,3,10.0,results/tahoe/bal15_drugs/pairzs_withleak__scvi__materials__lightgbm
pairzs_withleak,scvi,materials,lightgbm,full,none,within_cell_line,MCC,0.3564177227450005,0.005694511180814919,3,38.0,results/tahoe/bal15_drugs/pairzs_withleak__scvi__materials__lightgbm
pairzs_withleak,scvi,materials,lightgbm,full,none,within_cell_line,AUROC,0.7660282651072124,0.0015609904800385137,3,38.0,results/tahoe/bal15_drugs/pairzs_withleak__scvi__materials__lightgbm
pairzs_withleak,scvi,materials,lightgbm,full,none,overall,MCC,0.5315256483797378,0.023129210191317,10,,results/tahoe/bal15_drugs/pairzs_withleak__scvi__materials__lightgbm
pairzs_withleak,scvi,materials,lightgbm,full,none,overall,AUROC,0.8568311635045381,0.0138091537663255,10,,results/tahoe/bal15_drugs/pairzs_withleak__scvi__materials__lightgbm
pairzs_withleak,scvi,materials,mlp,full,none,within_drug,MCC,0.33023681172533287,0.02525282711928312,3,10.0,results/tahoe/bal15_drugs/pairzs_withleak__scvi__materials__mlp
pairzs_withleak,scvi,materials,mlp,full,none,within_drug,AUROC,0.7454104143390666,0.009830950370402339,3,10.0,results/tahoe/bal15_drugs/pairzs_withleak__scvi__materials__mlp
pairzs_withleak,scvi,materials,mlp,full,none,within_cell_line,MCC,0.36491028110910445,0.029027166838413717,3,38.0,results/tahoe/bal15_drugs/pairzs_withleak__scvi__materials__mlp
pairzs_withleak,scvi,materials,mlp,full,none,within_cell_line,AUROC,0.76666597048176,0.011178593587199047,3,38.0,results/tahoe/bal15_drugs/pairzs_withleak__scvi__materials__mlp
pairzs_withleak,scvi,materials,mlp,full,none,overall,MCC,0.5379329546159699,0.0241086941900428,10,,results/tahoe/bal15_drugs/pairzs_withleak__scvi__materials__mlp
pairzs_withleak,scvi,materials,mlp,full,none,overall,AUROC,0.8404560146595751,0.014927581423674,10,,results/tahoe/bal15_drugs/pairzs_withleak__scvi__materials__mlp
pairzs_withleak,scvi,materials,xrfm,full,none,within_drug,MCC,0.1368567644598659,0.013467703238919146,3,10.0,results/tahoe/bal15_drugs/pairzs_withleak__scvi__materials__xrfm
pairzs_withleak,scvi,materials,xrfm,full,none,within_drug,AUROC,0.6875239613460936,0.01638236534799759,3,10.0,results/tahoe/bal15_drugs/pairzs_withleak__scvi__materials__xrfm
pairzs_withleak,scvi,materials,xrfm,full,none,within_cell_line,MCC,0.4846784938357685,0.000863563341689091,3,38.0,results/tahoe/bal15_drugs/pairzs_withleak__scvi__materials__xrfm
pairzs_withleak,scvi,materials,xrfm,full,none,within_cell_line,AUROC,0.8021532999164579,0.006740614389229332,3,38.0,results/tahoe/bal15_drugs/pairzs_withleak__scvi__materials__xrfm
pairzs_withleak,scvi,materials,xrfm,full,none,overall,MCC,0.4783888291580268,0.0245012068673459,10,,results/tahoe/bal15_drugs/pairzs_withleak__scvi__materials__xrfm
pairzs_withleak,scvi,materials,xrfm,full,none,overall,AUROC,0.8213791411976397,0.0182453160381823,10,,results/tahoe/bal15_drugs/pairzs_withleak__scvi__materials__xrfm
pairzs_withleak,scvi,molformer,lightgbm,full,none,within_drug,MCC,0.33101144924384923,0.036504016772039106,3,10.0,results/tahoe/bal15_drugs/pairzs_withleak__scvi__molformer__lightgbm
pairzs_withleak,scvi,molformer,lightgbm,full,none,within_drug,AUROC,0.7761157588090266,0.00086162813998461,3,10.0,results/tahoe/bal15_drugs/pairzs_withleak__scvi__molformer__lightgbm
pairzs_withleak,scvi,molformer,lightgbm,full,none,within_cell_line,MCC,0.3540366341429706,0.006915137584878635,3,38.0,results/tahoe/bal15_drugs/pairzs_withleak__scvi__molformer__lightgbm
pairzs_withleak,scvi,molformer,lightgbm,full,none,within_cell_line,AUROC,0.7622601642996379,0.00273983676175413,3,38.0,results/tahoe/bal15_drugs/pairzs_withleak__scvi__molformer__lightgbm
pairzs_withleak,scvi,molformer,lightgbm,full,none,overall,MCC,0.5414267686260521,0.0216519965230769,10,,results/tahoe/bal15_drugs/pairzs_withleak__scvi__molformer__lightgbm
pairzs_withleak,scvi,molformer,lightgbm,full,none,overall,AUROC,0.8561062554576486,0.0137179173012103,10,,results/tahoe/bal15_drugs/pairzs_withleak__scvi__molformer__lightgbm
pairzs_withleak,scvi,molformer,mlp,full,none,within_drug,MCC,0.3159224956719319,0.03413471910856425,3,10.0,results/tahoe/bal15_drugs/pairzs_withleak__scvi__molformer__mlp
pairzs_withleak,scvi,molformer,mlp,full,none,within_drug,AUROC,0.7479529198072269,0.006921409678590835,3,10.0,results/tahoe/bal15_drugs/pairzs_withleak__scvi__molformer__mlp
pairzs_withleak,scvi,molformer,mlp,full,none,within_cell_line,MCC,0.3414249246508499,0.02501647788933548,3,38.0,results/tahoe/bal15_drugs/pairzs_withleak__scvi__molformer__mlp
pairzs_withleak,scvi,molformer,mlp,full,none,within_cell_line,AUROC,0.766481133389028,0.011855631770520896,3,38.0,results/tahoe/bal15_drugs/pairzs_withleak__scvi__molformer__mlp
pairzs_withleak,scvi,molformer,mlp,full,none,overall,MCC,0.5254480046373109,0.0276156245498324,10,,results/tahoe/bal15_drugs/pairzs_withleak__scvi__molformer__mlp
pairzs_withleak,scvi,molformer,mlp,full,none,overall,AUROC,0.8426629819269138,0.0147661003827918,10,,results/tahoe/bal15_drugs/pairzs_withleak__scvi__molformer__mlp
pairzs_withleak,scvi,molformer,xrfm,full,none,within_drug,MCC,0.1466651640570847,0.011976349561131262,3,10.0,results/tahoe/bal15_drugs/pairzs_withleak__scvi__molformer__xrfm
pairzs_withleak,scvi,molformer,xrfm,full,none,within_drug,AUROC,0.6922707150787791,0.016645060638878356,3,10.0,results/tahoe/bal15_drugs/pairzs_withleak__scvi__molformer__xrfm
pairzs_withleak,scvi,molformer,xrfm,full,none,within_cell_line,MCC,0.4757213752450697,0.014770728688699287,3,38.0,results/tahoe/bal15_drugs/pairzs_withleak__scvi__molformer__xrfm
pairzs_withleak,scvi,molformer,xrfm,full,none,within_cell_line,AUROC,0.8034419381787803,0.005793670745563106,3,38.0,results/tahoe/bal15_drugs/pairzs_withleak__scvi__molformer__xrfm
pairzs_withleak,scvi,molformer,xrfm,full,none,overall,MCC,0.4775266912893016,0.0271120225058429,10,,results/tahoe/bal15_drugs/pairzs_withleak__scvi__molformer__xrfm
pairzs_withleak,scvi,molformer,xrfm,full,none,overall,AUROC,0.8238318713450292,0.01643556209331,10,,results/tahoe/bal15_drugs/pairzs_withleak__scvi__molformer__xrfm
pairzs_withleak,scvi,morgan,lightgbm,full,none,within_drug,MCC,0.3468094893794221,0.022182327645509925,3,10.0,results/tahoe/bal15_drugs/pairzs_withleak__scvi__morgan__lightgbm
pairzs_withleak,scvi,morgan,lightgbm,full,none,within_drug,AUROC,0.7764298178172813,0.0029916580466448337,3,10.0,results/tahoe/bal15_drugs/pairzs_withleak__scvi__morgan__lightgbm
pairzs_withleak,scvi,morgan,lightgbm,full,none,within_cell_line,MCC,0.3201438498212789,0.012798952519011817,3,38.0,results/tahoe/bal15_drugs/pairzs_withleak__scvi__morgan__lightgbm
pairzs_withleak,scvi,morgan,lightgbm,full,none,within_cell_line,AUROC,0.761639515455305,0.007144485892436169,3,38.0,results/tahoe/bal15_drugs/pairzs_withleak__scvi__morgan__lightgbm
pairzs_withleak,scvi,morgan,lightgbm,full,none,overall,MCC,0.5384354340762899,0.0225941476240431,10,,results/tahoe/bal15_drugs/pairzs_withleak__scvi__morgan__lightgbm
pairzs_withleak,scvi,morgan,lightgbm,full,none,overall,AUROC,0.8520905804292027,0.0149533935588627,10,,results/tahoe/bal15_drugs/pairzs_withleak__scvi__morgan__lightgbm
pairzs_withleak,scvi,morgan,mlp,full,none,within_drug,MCC,0.3206879651495049,0.03408986658488458,3,10.0,results/tahoe/bal15_drugs/pairzs_withleak__scvi__morgan__mlp
pairzs_withleak,scvi,morgan,mlp,full,none,within_drug,AUROC,0.743934693461387,0.008897558503701622,3,10.0,results/tahoe/bal15_drugs/pairzs_withleak__scvi__morgan__mlp
pairzs_withleak,scvi,morgan,mlp,full,none,within_cell_line,MCC,0.3603298600330309,0.03389059186372546,3,38.0,results/tahoe/bal15_drugs/pairzs_withleak__scvi__morgan__mlp
pairzs_withleak,scvi,morgan,mlp,full,none,within_cell_line,AUROC,0.7600755360623781,0.007891562676720908,3,38.0,results/tahoe/bal15_drugs/pairzs_withleak__scvi__morgan__mlp
pairzs_withleak,scvi,morgan,mlp,full,none,overall,MCC,0.5351308452886205,0.0205062811680982,10,,results/tahoe/bal15_drugs/pairzs_withleak__scvi__morgan__mlp
pairzs_withleak,scvi,morgan,mlp,full,none,overall,AUROC,0.8404686069434522,0.0134159366577317,10,,results/tahoe/bal15_drugs/pairzs_withleak__scvi__morgan__mlp
pairzs_withleak,scvi,morgan,xrfm,full,none,within_drug,MCC,0.13180223907425526,0.025389515855706927,3,10.0,results/tahoe/bal15_drugs/pairzs_withleak__scvi__morgan__xrfm
pairzs_withleak,scvi,morgan,xrfm,full,none,within_drug,AUROC,0.6939868551162279,0.016416961954073002,3,10.0,results/tahoe/bal15_drugs/pairzs_withleak__scvi__morgan__xrfm
pairzs_withleak,scvi,morgan,xrfm,full,none,within_cell_line,MCC,0.49101367376595634,0.007549240629153206,3,38.0,results/tahoe/bal15_drugs/pairzs_withleak__scvi__morgan__xrfm
pairzs_withleak,scvi,morgan,xrfm,full,none,within_cell_line,AUROC,0.8012600946811473,0.002516635448022262,3,38.0,results/tahoe/bal15_drugs/pairzs_withleak__scvi__morgan__xrfm
pairzs_withleak,scvi,morgan,xrfm,full,none,overall,MCC,0.4749224655738295,0.0329529167808273,10,,results/tahoe/bal15_drugs/pairzs_withleak__scvi__morgan__xrfm
pairzs_withleak,scvi,morgan,xrfm,full,none,overall,AUROC,0.8246683039612606,0.0169723797692332,10,,results/tahoe/bal15_drugs/pairzs_withleak__scvi__morgan__xrfm
pairzs_withoutleak,gene_jepa,biomed,lightgbm,full,none,within_drug,MCC,0.05523481435393551,0.01863552318404619,3,10.0,results/tahoe/bal15_drugs/pairzs_withoutleak__gene_jepa__biomed__lightgbm
pairzs_withoutleak,gene_jepa,biomed,lightgbm,full,none,within_drug,AUROC,0.6980900194814712,0.005539649138206127,3,10.0,results/tahoe/bal15_drugs/pairzs_withoutleak__gene_jepa__biomed__lightgbm
pairzs_withoutleak,gene_jepa,biomed,lightgbm,full,none,within_cell_line,MCC,0.4927293562071567,0.01670317252918949,3,38.0,results/tahoe/bal15_drugs/pairzs_withoutleak__gene_jepa__biomed__lightgbm
pairzs_withoutleak,gene_jepa,biomed,lightgbm,full,none,within_cell_line,AUROC,0.8188022138680034,0.007414839926267469,3,38.0,results/tahoe/bal15_drugs/pairzs_withoutleak__gene_jepa__biomed__lightgbm
pairzs_withoutleak,gene_jepa,biomed,lightgbm,full,none,overall,MCC,0.4481884592029695,0.0266127804904535,5,,results/tahoe/bal15_drugs/pairzs_withoutleak__gene_jepa__biomed__lightgbm
pairzs_withoutleak,gene_jepa,biomed,lightgbm,full,none,overall,AUROC,0.8145875256307431,0.0159395142978108,5,,results/tahoe/bal15_drugs/pairzs_withoutleak__gene_jepa__biomed__lightgbm
pairzs_withoutleak,gene_jepa,biomed,mlp,full,none,within_drug,MCC,0.10319652802208777,0.005994559643076801,3,10.0,results/tahoe/bal15_drugs/pairzs_withoutleak__gene_jepa__biomed__mlp
pairzs_withoutleak,gene_jepa,biomed,mlp,full,none,within_drug,AUROC,0.6787398648784686,0.017256303813181238,3,10.0,results/tahoe/bal15_drugs/pairzs_withoutleak__gene_jepa__biomed__mlp
pairzs_withoutleak,gene_jepa,biomed,mlp,full,none,within_cell_line,MCC,0.44122146150868197,0.01749016952090183,3,38.0,results/tahoe/bal15_drugs/pairzs_withoutleak__gene_jepa__biomed__mlp
pairzs_withoutleak,gene_jepa,biomed,mlp,full,none,within_cell_line,AUROC,0.8034878863826233,0.007246519912849348,3,38.0,results/tahoe/bal15_drugs/pairzs_withoutleak__gene_jepa__biomed__mlp
pairzs_withoutleak,gene_jepa,biomed,mlp,full,none,overall,MCC,0.4499477068043246,0.0367787048729708,5,,results/tahoe/bal15_drugs/pairzs_withoutleak__gene_jepa__biomed__mlp
pairzs_withoutleak,gene_jepa,biomed,mlp,full,none,overall,AUROC,0.8120172104917003,0.0191088530866421,5,,results/tahoe/bal15_drugs/pairzs_withoutleak__gene_jepa__biomed__mlp
pairzs_withoutleak,gene_jepa,biomed,xrfm,full,none,within_drug,MCC,0.057873022824191434,0.012132342032119952,3,10.0,results/tahoe/bal15_drugs/pairzs_withoutleak__gene_jepa__biomed__xrfm
pairzs_withoutleak,gene_jepa,biomed,xrfm,full,none,within_drug,AUROC,0.6602560714452544,0.00505830228803872,3,10.0,results/tahoe/bal15_drugs/pairzs_withoutleak__gene_jepa__biomed__xrfm
pairzs_withoutleak,gene_jepa,biomed,xrfm,full,none,within_cell_line,MCC,0.5314846129932458,0.01872395638031247,3,38.0,results/tahoe/bal15_drugs/pairzs_withoutleak__gene_jepa__biomed__xrfm
pairzs_withoutleak,gene_jepa,biomed,xrfm,full,none,within_cell_line,AUROC,0.8107184628237261,0.008382204479064966,3,38.0,results/tahoe/bal15_drugs/pairzs_withoutleak__gene_jepa__biomed__xrfm
pairzs_withoutleak,gene_jepa,biomed,xrfm,full,none,overall,MCC,0.4546949012746443,0.0261035347266453,5,,results/tahoe/bal15_drugs/pairzs_withoutleak__gene_jepa__biomed__xrfm
pairzs_withoutleak,gene_jepa,biomed,xrfm,full,none,overall,AUROC,0.7987286955186115,0.0173930433609266,5,,results/tahoe/bal15_drugs/pairzs_withoutleak__gene_jepa__biomed__xrfm
pairzs_withoutleak,gene_jepa,chemberta,lightgbm,full,none,within_drug,MCC,0.059536354216410646,0.009522624588288432,3,10.0,results/tahoe/bal15_drugs/pairzs_withoutleak__gene_jepa__chemberta__lightgbm
pairzs_withoutleak,gene_jepa,chemberta,lightgbm,full,none,within_drug,AUROC,0.6976920418789985,0.006774338817914463,3,10.0,results/tahoe/bal15_drugs/pairzs_withoutleak__gene_jepa__chemberta__lightgbm
pairzs_withoutleak,gene_jepa,chemberta,lightgbm,full,none,within_cell_line,MCC,0.5004382498200582,0.009872118193743824,3,38.0,results/tahoe/bal15_drugs/pairzs_withoutleak__gene_jepa__chemberta__lightgbm
pairzs_withoutleak,gene_jepa,chemberta,lightgbm,full,none,within_cell_line,AUROC,0.8188022138680034,0.007157529158317415,3,38.0,results/tahoe/bal15_drugs/pairzs_withoutleak__gene_jepa__chemberta__lightgbm
pairzs_withoutleak,gene_jepa,chemberta,lightgbm,full,none,overall,MCC,0.4533361664915329,0.0284926729741763,5,,results/tahoe/bal15_drugs/pairzs_withoutleak__gene_jepa__chemberta__lightgbm
pairzs_withoutleak,gene_jepa,chemberta,lightgbm,full,none,overall,AUROC,0.8143462019728526,0.016046548369048,5,,results/tahoe/bal15_drugs/pairzs_withoutleak__gene_jepa__chemberta__lightgbm
pairzs_withoutleak,gene_jepa,chemberta,mlp,full,none,within_drug,MCC,0.14657296987413895,0.005217253044553389,3,10.0,results/tahoe/bal15_drugs/pairzs_withoutleak__gene_jepa__chemberta__mlp
pairzs_withoutleak,gene_jepa,chemberta,mlp,full,none,within_drug,AUROC,0.674096175574893,0.013236396264166317,3,10.0,results/tahoe/bal15_drugs/pairzs_withoutleak__gene_jepa__chemberta__mlp
pairzs_withoutleak,gene_jepa,chemberta,mlp,full,none,within_cell_line,MCC,0.4515742555847258,0.023419558540687738,3,38.0,results/tahoe/bal15_drugs/pairzs_withoutleak__gene_jepa__chemberta__mlp
pairzs_withoutleak,gene_jepa,chemberta,mlp,full,none,within_cell_line,AUROC,0.798213589529379,0.0037537804050961905,3,38.0,results/tahoe/bal15_drugs/pairzs_withoutleak__gene_jepa__chemberta__mlp
pairzs_withoutleak,gene_jepa,chemberta,mlp,full,none,overall,MCC,0.4648551491498151,0.0221906100681343,5,,results/tahoe/bal15_drugs/pairzs_withoutleak__gene_jepa__chemberta__mlp
pairzs_withoutleak,gene_jepa,chemberta,mlp,full,none,overall,AUROC,0.8035263313117454,0.0159243532367722,5,,results/tahoe/bal15_drugs/pairzs_withoutleak__gene_jepa__chemberta__mlp
pairzs_withoutleak,gene_jepa,chemberta,xrfm,full,none,within_drug,MCC,0.07653065072723321,0.0021244332606869722,3,10.0,results/tahoe/bal15_drugs/pairzs_withoutleak__gene_jepa__chemberta__xrfm
pairzs_withoutleak,gene_jepa,chemberta,xrfm,full,none,within_drug,AUROC,0.6742289050737934,0.007792307951447471,3,10.0,results/tahoe/bal15_drugs/pairzs_withoutleak__gene_jepa__chemberta__xrfm
pairzs_withoutleak,gene_jepa,chemberta,xrfm,full,none,within_cell_line,MCC,0.5418488175094547,0.018975332604532408,3,38.0,results/tahoe/bal15_drugs/pairzs_withoutleak__gene_jepa__chemberta__xrfm
pairzs_withoutleak,gene_jepa,chemberta,xrfm,full,none,within_cell_line,AUROC,0.8105381509328878,0.009330023754459894,3,38.0,results/tahoe/bal15_drugs/pairzs_withoutleak__gene_jepa__chemberta__xrfm
pairzs_withoutleak,gene_jepa,chemberta,xrfm,full,none,overall,MCC,0.4619875728638823,0.0275124684306533,5,,results/tahoe/bal15_drugs/pairzs_withoutleak__gene_jepa__chemberta__xrfm
pairzs_withoutleak,gene_jepa,chemberta,xrfm,full,none,overall,AUROC,0.8030390838875233,0.0172543384183703,5,,results/tahoe/bal15_drugs/pairzs_withoutleak__gene_jepa__chemberta__xrfm
pairzs_withoutleak,gene_jepa,maccs,lightgbm,full,none,within_drug,MCC,0.06254044245328115,0.01695750392162448,3,10.0,results/tahoe/bal15_drugs/pairzs_withoutleak__gene_jepa__maccs__lightgbm
pairzs_withoutleak,gene_jepa,maccs,lightgbm,full,none,within_drug,AUROC,0.7121859519571124,0.007484476560658804,3,10.0,results/tahoe/bal15_drugs/pairzs_withoutleak__gene_jepa__maccs__lightgbm
pairzs_withoutleak,gene_jepa,maccs,lightgbm,full,none,within_cell_line,MCC,0.48110888933716983,0.012476699278575986,3,38.0,results/tahoe/bal15_drugs/pairzs_withoutleak__gene_jepa__maccs__lightgbm
pairzs_withoutleak,gene_jepa,maccs,lightgbm,full,none,within_cell_line,AUROC,0.8124467418546365,0.00926483240697979,3,38.0,results/tahoe/bal15_drugs/pairzs_withoutleak__gene_jepa__maccs__lightgbm
pairzs_withoutleak,gene_jepa,maccs,lightgbm,full,none,overall,MCC,0.4468377291508512,0.0301288879237125,5,,results/tahoe/bal15_drugs/pairzs_withoutleak__gene_jepa__maccs__lightgbm
pairzs_withoutleak,gene_jepa,maccs,lightgbm,full,none,overall,AUROC,0.8194840903172235,0.0168117405932624,5,,results/tahoe/bal15_drugs/pairzs_withoutleak__gene_jepa__maccs__lightgbm
pairzs_withoutleak,gene_jepa,maccs,mlp,full,none,within_drug,MCC,0.10175480601993776,0.016222390903497377,3,10.0,results/tahoe/bal15_drugs/pairzs_withoutleak__gene_jepa__maccs__mlp
pairzs_withoutleak,gene_jepa,maccs,mlp,full,none,within_drug,AUROC,0.6842765649250048,0.016314855846525405,3,10.0,results/tahoe/bal15_drugs/pairzs_withoutleak__gene_jepa__maccs__mlp
pairzs_withoutleak,gene_jepa,maccs,mlp,full,none,within_cell_line,MCC,0.43588394104152606,0.003262236766701784,3,38.0,results/tahoe/bal15_drugs/pairzs_withoutleak__gene_jepa__maccs__mlp
pairzs_withoutleak,gene_jepa,maccs,mlp,full,none,within_cell_line,AUROC,0.8046498189919241,0.007191870938885037,3,38.0,results/tahoe/bal15_drugs/pairzs_withoutleak__gene_jepa__maccs__mlp
pairzs_withoutleak,gene_jepa,maccs,mlp,full,none,overall,MCC,0.4399782219066578,0.0131704920260698,5,,results/tahoe/bal15_drugs/pairzs_withoutleak__gene_jepa__maccs__mlp
pairzs_withoutleak,gene_jepa,maccs,mlp,full,none,overall,AUROC,0.810042583555789,0.0135359700278478,5,,results/tahoe/bal15_drugs/pairzs_withoutleak__gene_jepa__maccs__mlp
pairzs_withoutleak,gene_jepa,maccs,xrfm,full,none,within_drug,MCC,0.08025039383683721,0.011802703947259395,3,10.0,results/tahoe/bal15_drugs/pairzs_withoutleak__gene_jepa__maccs__xrfm
pairzs_withoutleak,gene_jepa,maccs,xrfm,full,none,within_drug,AUROC,0.702577721687319,0.011367280481851908,3,10.0,results/tahoe/bal15_drugs/pairzs_withoutleak__gene_jepa__maccs__xrfm
pairzs_withoutleak,gene_jepa,maccs,xrfm,full,none,within_cell_line,MCC,0.5205192647406298,0.021723906534689384,3,38.0,results/tahoe/bal15_drugs/pairzs_withoutleak__gene_jepa__maccs__xrfm
pairzs_withoutleak,gene_jepa,maccs,xrfm,full,none,within_cell_line,AUROC,0.8132999164578111,0.0026906698014928275,3,38.0,results/tahoe/bal15_drugs/pairzs_withoutleak__gene_jepa__maccs__xrfm
pairzs_withoutleak,gene_jepa,maccs,xrfm,full,none,overall,MCC,0.4670731662498276,0.0221129717454301,5,,results/tahoe/bal15_drugs/pairzs_withoutleak__gene_jepa__maccs__xrfm
pairzs_withoutleak,gene_jepa,maccs,xrfm,full,none,overall,AUROC,0.8157540216663867,0.015937076758792,5,,results/tahoe/bal15_drugs/pairzs_withoutleak__gene_jepa__maccs__xrfm
pairzs_withoutleak,gene_jepa,materials,lightgbm,full,none,within_drug,MCC,0.052251618580231425,0.014014392106428625,3,10.0,results/tahoe/bal15_drugs/pairzs_withoutleak__gene_jepa__materials__lightgbm
pairzs_withoutleak,gene_jepa,materials,lightgbm,full,none,within_drug,AUROC,0.7002061435233079,0.007440556236367372,3,10.0,results/tahoe/bal15_drugs/pairzs_withoutleak__gene_jepa__materials__lightgbm
pairzs_withoutleak,gene_jepa,materials,lightgbm,full,none,within_cell_line,MCC,0.49277107422228,0.012335628573317091,3,38.0,results/tahoe/bal15_drugs/pairzs_withoutleak__gene_jepa__materials__lightgbm
pairzs_withoutleak,gene_jepa,materials,lightgbm,full,none,within_cell_line,AUROC,0.8200522138680034,0.007333294935201044,3,38.0,results/tahoe/bal15_drugs/pairzs_withoutleak__gene_jepa__materials__lightgbm
pairzs_withoutleak,gene_jepa,materials,lightgbm,full,none,overall,MCC,0.4482590506494809,0.0284311645519377,5,,results/tahoe/bal15_drugs/pairzs_withoutleak__gene_jepa__materials__lightgbm
pairzs_withoutleak,gene_jepa,materials,lightgbm,full,none,overall,AUROC,0.8146713346233154,0.0159902485527217,5,,results/tahoe/bal15_drugs/pairzs_withoutleak__gene_jepa__materials__lightgbm
pairzs_withoutleak,gene_jepa,materials,mlp,full,none,within_drug,MCC,0.11180975020726001,0.012597898597374393,3,10.0,results/tahoe/bal15_drugs/pairzs_withoutleak__gene_jepa__materials__mlp
pairzs_withoutleak,gene_jepa,materials,mlp,full,none,within_drug,AUROC,0.676805012013967,0.006351450386789038,3,10.0,results/tahoe/bal15_drugs/pairzs_withoutleak__gene_jepa__materials__mlp
pairzs_withoutleak,gene_jepa,materials,mlp,full,none,within_cell_line,MCC,0.4343358711378034,0.013012342952823294,3,38.0,results/tahoe/bal15_drugs/pairzs_withoutleak__gene_jepa__materials__mlp
pairzs_withoutleak,gene_jepa,materials,mlp,full,none,within_cell_line,AUROC,0.8021136173767753,0.007017926854495439,3,38.0,results/tahoe/bal15_drugs/pairzs_withoutleak__gene_jepa__materials__mlp
pairzs_withoutleak,gene_jepa,materials,mlp,full,none,overall,MCC,0.4395820741365194,0.0376094615354423,5,,results/tahoe/bal15_drugs/pairzs_withoutleak__gene_jepa__materials__mlp
pairzs_withoutleak,gene_jepa,materials,mlp,full,none,overall,AUROC,0.8074439526171219,0.0144089815160694,5,,results/tahoe/bal15_drugs/pairzs_withoutleak__gene_jepa__materials__mlp
pairzs_withoutleak,gene_jepa,materials,xrfm,full,none,within_drug,MCC,0.03349642170375144,0.005497201439707444,3,10.0,results/tahoe/bal15_drugs/pairzs_withoutleak__gene_jepa__materials__xrfm
pairzs_withoutleak,gene_jepa,materials,xrfm,full,none,within_drug,AUROC,0.6624665007576557,0.003961228933251675,3,10.0,results/tahoe/bal15_drugs/pairzs_withoutleak__gene_jepa__materials__xrfm
pairzs_withoutleak,gene_jepa,materials,xrfm,full,none,within_cell_line,MCC,0.5205239367759017,0.01575196216626958,3,38.0,results/tahoe/bal15_drugs/pairzs_withoutleak__gene_jepa__materials__xrfm
pairzs_withoutleak,gene_jepa,materials,xrfm,full,none,within_cell_line,AUROC,0.8167108744082427,0.006197448362653982,3,38.0,results/tahoe/bal15_drugs/pairzs_withoutleak__gene_jepa__materials__xrfm
pairzs_withoutleak,gene_jepa,materials,xrfm,full,none,overall,MCC,0.4447351063634859,0.027053878978352,5,,results/tahoe/bal15_drugs/pairzs_withoutleak__gene_jepa__materials__xrfm
pairzs_withoutleak,gene_jepa,materials,xrfm,full,none,overall,AUROC,0.7983527397972175,0.0182877376459949,5,,results/tahoe/bal15_drugs/pairzs_withoutleak__gene_jepa__materials__xrfm
pairzs_withoutleak,gene_jepa,molformer,lightgbm,full,none,within_drug,MCC,0.05358308658627242,0.020108778226983242,3,10.0,results/tahoe/bal15_drugs/pairzs_withoutleak__gene_jepa__molformer__lightgbm
pairzs_withoutleak,gene_jepa,molformer,lightgbm,full,none,within_drug,AUROC,0.6978945708422001,0.006282070901346716,3,10.0,results/tahoe/bal15_drugs/pairzs_withoutleak__gene_jepa__molformer__lightgbm
pairzs_withoutleak,gene_jepa,molformer,lightgbm,full,none,within_cell_line,MCC,0.4896927102818725,0.016777180542226818,3,38.0,results/tahoe/bal15_drugs/pairzs_withoutleak__gene_jepa__molformer__lightgbm
pairzs_withoutleak,gene_jepa,molformer,lightgbm,full,none,within_cell_line,AUROC,0.8185526315789474,0.008588212328718405,3,38.0,results/tahoe/bal15_drugs/pairzs_withoutleak__gene_jepa__molformer__lightgbm
pairzs_withoutleak,gene_jepa,molformer,lightgbm,full,none,overall,MCC,0.4465277560972971,0.0278022772860893,5,,results/tahoe/bal15_drugs/pairzs_withoutleak__gene_jepa__molformer__lightgbm
pairzs_withoutleak,gene_jepa,molformer,lightgbm,full,none,overall,AUROC,0.81403682295429,0.015842312012144,5,,results/tahoe/bal15_drugs/pairzs_withoutleak__gene_jepa__molformer__lightgbm
pairzs_withoutleak,gene_jepa,molformer,mlp,full,none,within_drug,MCC,0.12761315505359003,0.012551251188108799,3,10.0,results/tahoe/bal15_drugs/pairzs_withoutleak__gene_jepa__molformer__mlp
pairzs_withoutleak,gene_jepa,molformer,mlp,full,none,within_drug,AUROC,0.6759958775683451,0.01120548067760633,3,10.0,results/tahoe/bal15_drugs/pairzs_withoutleak__gene_jepa__molformer__mlp
pairzs_withoutleak,gene_jepa,molformer,mlp,full,none,within_cell_line,MCC,0.4571709800310297,0.010642154752754054,3,38.0,results/tahoe/bal15_drugs/pairzs_withoutleak__gene_jepa__molformer__mlp
pairzs_withoutleak,gene_jepa,molformer,mlp,full,none,within_cell_line,AUROC,0.808887844611529,0.004331200411620951,3,38.0,results/tahoe/bal15_drugs/pairzs_withoutleak__gene_jepa__molformer__mlp
pairzs_withoutleak,gene_jepa,molformer,mlp,full,none,overall,MCC,0.4506636730689409,0.0238471412980309,5,,results/tahoe/bal15_drugs/pairzs_withoutleak__gene_jepa__molformer__mlp
pairzs_withoutleak,gene_jepa,molformer,mlp,full,none,overall,AUROC,0.8036541352471724,0.0162986765813281,5,,results/tahoe/bal15_drugs/pairzs_withoutleak__gene_jepa__molformer__mlp
pairzs_withoutleak,gene_jepa,molformer,xrfm,full,none,within_drug,MCC,0.05122559428927235,0.00849527335986554,3,10.0,results/tahoe/bal15_drugs/pairzs_withoutleak__gene_jepa__molformer__xrfm
pairzs_withoutleak,gene_jepa,molformer,xrfm,full,none,within_drug,AUROC,0.6590876556016039,0.008210070993174685,3,10.0,results/tahoe/bal15_drugs/pairzs_withoutleak__gene_jepa__molformer__xrfm
pairzs_withoutleak,gene_jepa,molformer,xrfm,full,none,within_cell_line,MCC,0.5318729353617045,0.019053255153714418,3,38.0,results/tahoe/bal15_drugs/pairzs_withoutleak__gene_jepa__molformer__xrfm
pairzs_withoutleak,gene_jepa,molformer,xrfm,full,none,within_cell_line,AUROC,0.8147559871901978,0.004184516821058064,3,38.0,results/tahoe/bal15_drugs/pairzs_withoutleak__gene_jepa__molformer__xrfm
pairzs_withoutleak,gene_jepa,molformer,xrfm,full,none,overall,MCC,0.454405113960752,0.0227104222276663,5,,results/tahoe/bal15_drugs/pairzs_withoutleak__gene_jepa__molformer__xrfm
pairzs_withoutleak,gene_jepa,molformer,xrfm,full,none,overall,AUROC,0.7972320342278325,0.019076491693285,5,,results/tahoe/bal15_drugs/pairzs_withoutleak__gene_jepa__molformer__xrfm
pairzs_withoutleak,gene_jepa,morgan,lightgbm,full,none,within_drug,MCC,0.061024770348279356,0.005892784404783545,3,10.0,results/tahoe/bal15_drugs/pairzs_withoutleak__gene_jepa__morgan__lightgbm
pairzs_withoutleak,gene_jepa,morgan,lightgbm,full,none,within_drug,AUROC,0.7053599650213443,0.005652772742157845,3,10.0,results/tahoe/bal15_drugs/pairzs_withoutleak__gene_jepa__morgan__lightgbm
pairzs_withoutleak,gene_jepa,morgan,lightgbm,full,none,within_cell_line,MCC,0.5044641332907447,0.003673812562773281,3,38.0,results/tahoe/bal15_drugs/pairzs_withoutleak__gene_jepa__morgan__lightgbm
pairzs_withoutleak,gene_jepa,morgan,lightgbm,full,none,within_cell_line,AUROC,0.8179667919799498,0.007392852469760964,3,38.0,results/tahoe/bal15_drugs/pairzs_withoutleak__gene_jepa__morgan__lightgbm
pairzs_withoutleak,gene_jepa,morgan,lightgbm,full,none,overall,MCC,0.4486848181513909,0.0304573961911726,5,,results/tahoe/bal15_drugs/pairzs_withoutleak__gene_jepa__morgan__lightgbm
pairzs_withoutleak,gene_jepa,morgan,lightgbm,full,none,overall,AUROC,0.8165682835904924,0.0157486670904202,5,,results/tahoe/bal15_drugs/pairzs_withoutleak__gene_jepa__morgan__lightgbm
pairzs_withoutleak,gene_jepa,morgan,mlp,full,none,within_drug,MCC,0.09731245487638336,0.05086341840465118,3,10.0,results/tahoe/bal15_drugs/pairzs_withoutleak__gene_jepa__morgan__mlp
pairzs_withoutleak,gene_jepa,morgan,mlp,full,none,within_drug,AUROC,0.6554967688618137,0.015854695915801995,3,10.0,results/tahoe/bal15_drugs/pairzs_withoutleak__gene_jepa__morgan__mlp
pairzs_withoutleak,gene_jepa,morgan,mlp,full,none,within_cell_line,MCC,0.43634867127503596,0.011803364741200362,3,38.0,results/tahoe/bal15_drugs/pairzs_withoutleak__gene_jepa__morgan__mlp
pairzs_withoutleak,gene_jepa,morgan,mlp,full,none,within_cell_line,AUROC,0.7979257170704539,0.006199421549977085,3,38.0,results/tahoe/bal15_drugs/pairzs_withoutleak__gene_jepa__morgan__mlp
pairzs_withoutleak,gene_jepa,morgan,mlp,full,none,overall,MCC,0.4362058193795955,0.0167402786368238,5,,results/tahoe/bal15_drugs/pairzs_withoutleak__gene_jepa__morgan__mlp
pairzs_withoutleak,gene_jepa,morgan,mlp,full,none,overall,AUROC,0.7951908277019323,0.0151815971699801,5,,results/tahoe/bal15_drugs/pairzs_withoutleak__gene_jepa__morgan__mlp
pairzs_withoutleak,gene_jepa,morgan,xrfm,full,none,within_drug,MCC,0.05986762159628165,0.014532374369902878,3,10.0,results/tahoe/bal15_drugs/pairzs_withoutleak__gene_jepa__morgan__xrfm
pairzs_withoutleak,gene_jepa,morgan,xrfm,full,none,within_drug,AUROC,0.6760132594714433,0.003950911048738701,3,10.0,results/tahoe/bal15_drugs/pairzs_withoutleak__gene_jepa__morgan__xrfm
pairzs_withoutleak,gene_jepa,morgan,xrfm,full,none,within_cell_line,MCC,0.5313258675868059,0.014846155550548357,3,38.0,results/tahoe/bal15_drugs/pairzs_withoutleak__gene_jepa__morgan__xrfm
pairzs_withoutleak,gene_jepa,morgan,xrfm,full,none,within_cell_line,AUROC,0.81229044834308,0.002546719396905915,3,38.0,results/tahoe/bal15_drugs/pairzs_withoutleak__gene_jepa__morgan__xrfm
pairzs_withoutleak,gene_jepa,morgan,xrfm,full,none,overall,MCC,0.45766998254476,0.0257889278711182,5,,results/tahoe/bal15_drugs/pairzs_withoutleak__gene_jepa__morgan__xrfm
pairzs_withoutleak,gene_jepa,morgan,xrfm,full,none,overall,AUROC,0.8033080975535958,0.0177164032525187,5,,results/tahoe/bal15_drugs/pairzs_withoutleak__gene_jepa__morgan__xrfm
pairzs_withoutleak,gformer_cancer,biomed,lightgbm,full,none,within_drug,MCC,0.22428415488779355,0.010882530010029548,3,10.0,results/tahoe/bal15_drugs/pairzs_withoutleak__gformer_cancer__biomed__lightgbm
pairzs_withoutleak,gformer_cancer,biomed,lightgbm,full,none,within_drug,AUROC,0.745170287455232,0.010582951991918705,3,10.0,results/tahoe/bal15_drugs/pairzs_withoutleak__gformer_cancer__biomed__lightgbm
pairzs_withoutleak,gformer_cancer,biomed,lightgbm,full,none,within_cell_line,MCC,0.401158442057764,0.012372652067961655,3,38.0,results/tahoe/bal15_drugs/pairzs_withoutleak__gformer_cancer__biomed__lightgbm
pairzs_withoutleak,gformer_cancer,biomed,lightgbm,full,none,within_cell_line,AUROC,0.7809050403787245,0.007685325403139413,3,38.0,results/tahoe/bal15_drugs/pairzs_withoutleak__gformer_cancer__biomed__lightgbm
pairzs_withoutleak,gformer_cancer,biomed,lightgbm,full,none,overall,MCC,0.491744159753985,0.0250462761660061,5,,results/tahoe/bal15_drugs/pairzs_withoutleak__gformer_cancer__biomed__lightgbm
pairzs_withoutleak,gformer_cancer,biomed,lightgbm,full,none,overall,AUROC,0.8289777413129753,0.0140411807304724,5,,results/tahoe/bal15_drugs/pairzs_withoutleak__gformer_cancer__biomed__lightgbm
pairzs_withoutleak,gformer_cancer,biomed,mlp,full,none,within_drug,MCC,0.2718262245520112,0.03237303201729556,3,10.0,results/tahoe/bal15_drugs/pairzs_withoutleak__gformer_cancer__biomed__mlp
pairzs_withoutleak,gformer_cancer,biomed,mlp,full,none,within_drug,AUROC,0.7370220619269577,0.015866032693966158,3,10.0,results/tahoe/bal15_drugs/pairzs_withoutleak__gformer_cancer__biomed__mlp
pairzs_withoutleak,gformer_cancer,biomed,mlp,full,none,within_cell_line,MCC,0.31207146228605304,0.030068608052832013,3,38.0,results/tahoe/bal15_drugs/pairzs_withoutleak__gformer_cancer__biomed__mlp
pairzs_withoutleak,gformer_cancer,biomed,mlp,full,none,within_cell_line,AUROC,0.7634541214146476,0.002295758559033394,3,38.0,results/tahoe/bal15_drugs/pairzs_withoutleak__gformer_cancer__biomed__mlp
pairzs_withoutleak,gformer_cancer,biomed,mlp,full,none,overall,MCC,0.4931613648379202,0.0217520759657425,5,,results/tahoe/bal15_drugs/pairzs_withoutleak__gformer_cancer__biomed__mlp
pairzs_withoutleak,gformer_cancer,biomed,mlp,full,none,overall,AUROC,0.8325527906689372,0.0132264278592661,5,,results/tahoe/bal15_drugs/pairzs_withoutleak__gformer_cancer__biomed__mlp
pairzs_withoutleak,gformer_cancer,biomed,xrfm,full,none,within_drug,MCC,0.17691121690730524,0.02631194652291117,3,10.0,results/tahoe/bal15_drugs/pairzs_withoutleak__gformer_cancer__biomed__xrfm
pairzs_withoutleak,gformer_cancer,biomed,xrfm,full,none,within_drug,AUROC,0.7356265154348064,0.003813948619542428,3,10.0,results/tahoe/bal15_drugs/pairzs_withoutleak__gformer_cancer__biomed__xrfm
pairzs_withoutleak,gformer_cancer,biomed,xrfm,full,none,within_cell_line,MCC,0.39040379255466756,0.03039102001800495,3,38.0,results/tahoe/bal15_drugs/pairzs_withoutleak__gformer_cancer__biomed__xrfm
pairzs_withoutleak,gformer_cancer,biomed,xrfm,full,none,within_cell_line,AUROC,0.7726904065719854,0.010495610021930219,3,38.0,results/tahoe/bal15_drugs/pairzs_withoutleak__gformer_cancer__biomed__xrfm
pairzs_withoutleak,gformer_cancer,biomed,xrfm,full,none,overall,MCC,0.4721025754735505,0.0218985209869423,5,,results/tahoe/bal15_drugs/pairzs_withoutleak__gformer_cancer__biomed__xrfm
pairzs_withoutleak,gformer_cancer,biomed,xrfm,full,none,overall,AUROC,0.8287708680874946,0.0133170645749584,5,,results/tahoe/bal15_drugs/pairzs_withoutleak__gformer_cancer__biomed__xrfm
pairzs_withoutleak,gformer_cancer,chemberta,lightgbm,full,none,within_drug,MCC,0.22471719552312364,0.006470766085858088,3,10.0,results/tahoe/bal15_drugs/pairzs_withoutleak__gformer_cancer__chemberta__lightgbm
pairzs_withoutleak,gformer_cancer,chemberta,lightgbm,full,none,within_drug,AUROC,0.743043513335206,0.011436450472159132,3,10.0,results/tahoe/bal15_drugs/pairzs_withoutleak__gformer_cancer__chemberta__lightgbm
pairzs_withoutleak,gformer_cancer,chemberta,lightgbm,full,none,within_cell_line,MCC,0.41407230143701074,0.012922059657335495,3,38.0,results/tahoe/bal15_drugs/pairzs_withoutleak__gformer_cancer__chemberta__lightgbm
pairzs_withoutleak,gformer_cancer,chemberta,lightgbm,full,none,within_cell_line,AUROC,0.778999582289056,0.00693686862079899,3,38.0,results/tahoe/bal15_drugs/pairzs_withoutleak__gformer_cancer__chemberta__lightgbm
pairzs_withoutleak,gformer_cancer,chemberta,lightgbm,full,none,overall,MCC,0.4964475113739125,0.0238526037261311,5,,results/tahoe/bal15_drugs/pairzs_withoutleak__gformer_cancer__chemberta__lightgbm
pairzs_withoutleak,gformer_cancer,chemberta,lightgbm,full,none,overall,AUROC,0.8282172954318814,0.013838462533207,5,,results/tahoe/bal15_drugs/pairzs_withoutleak__gformer_cancer__chemberta__lightgbm
pairzs_withoutleak,gformer_cancer,chemberta,mlp,full,none,within_drug,MCC,0.2667099598823814,0.011320246280325368,3,10.0,results/tahoe/bal15_drugs/pairzs_withoutleak__gformer_cancer__chemberta__mlp
pairzs_withoutleak,gformer_cancer,chemberta,mlp,full,none,within_drug,AUROC,0.7437360002785335,0.0012213187582542989,3,10.0,results/tahoe/bal15_drugs/pairzs_withoutleak__gformer_cancer__chemberta__mlp
pairzs_withoutleak,gformer_cancer,chemberta,mlp,full,none,within_cell_line,MCC,0.32307794468969186,0.020556178789804102,3,38.0,results/tahoe/bal15_drugs/pairzs_withoutleak__gformer_cancer__chemberta__mlp
pairzs_withoutleak,gformer_cancer,chemberta,mlp,full,none,within_cell_line,AUROC,0.784451754385965,0.005863348567607855,3,38.0,results/tahoe/bal15_drugs/pairzs_withoutleak__gformer_cancer__chemberta__mlp
pairzs_withoutleak,gformer_cancer,chemberta,mlp,full,none,overall,MCC,0.4864681551942305,0.036217848285494,5,,results/tahoe/bal15_drugs/pairzs_withoutleak__gformer_cancer__chemberta__mlp
pairzs_withoutleak,gformer_cancer,chemberta,mlp,full,none,overall,AUROC,0.8330327493190639,0.0135184284744022,5,,results/tahoe/bal15_drugs/pairzs_withoutleak__gformer_cancer__chemberta__mlp
pairzs_withoutleak,gformer_cancer,chemberta,xrfm,full,none,within_drug,MCC,0.15395618468214242,0.012938481232536157,3,10.0,results/tahoe/bal15_drugs/pairzs_withoutleak__gformer_cancer__chemberta__xrfm
pairzs_withoutleak,gformer_cancer,chemberta,xrfm,full,none,within_drug,AUROC,0.7345506281825614,0.007832888963927878,3,10.0,results/tahoe/bal15_drugs/pairzs_withoutleak__gformer_cancer__chemberta__xrfm
pairzs_withoutleak,gformer_cancer,chemberta,xrfm,full,none,within_cell_line,MCC,0.3667813319953412,0.013722416943637256,3,38.0,results/tahoe/bal15_drugs/pairzs_withoutleak__gformer_cancer__chemberta__xrfm
pairzs_withoutleak,gformer_cancer,chemberta,xrfm,full,none,within_cell_line,AUROC,0.7688060428849903,0.006537508908857713,3,38.0,results/tahoe/bal15_drugs/pairzs_withoutleak__gformer_cancer__chemberta__xrfm
pairzs_withoutleak,gformer_cancer,chemberta,xrfm,full,none,overall,MCC,0.4530540100458853,0.028212394696406,5,,results/tahoe/bal15_drugs/pairzs_withoutleak__gformer_cancer__chemberta__xrfm
pairzs_withoutleak,gformer_cancer,chemberta,xrfm,full,none,overall,AUROC,0.8270350072207815,0.0105642176486999,5,,results/tahoe/bal15_drugs/pairzs_withoutleak__gformer_cancer__chemberta__xrfm
pairzs_withoutleak,gformer_cancer,maccs,lightgbm,full,none,within_drug,MCC,0.2127289968834306,0.004523600143559137,3,10.0,results/tahoe/bal15_drugs/pairzs_withoutleak__gformer_cancer__maccs__lightgbm
pairzs_withoutleak,gformer_cancer,maccs,lightgbm,full,none,within_drug,AUROC,0.7510265844384377,0.011814040911747583,3,10.0,results/tahoe/bal15_drugs/pairzs_withoutleak__gformer_cancer__maccs__lightgbm
pairzs_withoutleak,gformer_cancer,maccs,lightgbm,full,none,within_cell_line,MCC,0.3813175021513764,0.010661354518968451,3,38.0,results/tahoe/bal15_drugs/pairzs_withoutleak__gformer_cancer__maccs__lightgbm
pairzs_withoutleak,gformer_cancer,maccs,lightgbm,full,none,within_cell_line,AUROC,0.7853244221665273,0.006658723865869554,3,38.0,results/tahoe/bal15_drugs/pairzs_withoutleak__gformer_cancer__maccs__lightgbm
pairzs_withoutleak,gformer_cancer,maccs,lightgbm,full,none,overall,MCC,0.4843727295987909,0.0207092166173162,5,,results/tahoe/bal15_drugs/pairzs_withoutleak__gformer_cancer__maccs__lightgbm
pairzs_withoutleak,gformer_cancer,maccs,lightgbm,full,none,overall,AUROC,0.836252338164703,0.0139129504839799,5,,results/tahoe/bal15_drugs/pairzs_withoutleak__gformer_cancer__maccs__lightgbm
pairzs_withoutleak,gformer_cancer,maccs,mlp,full,none,within_drug,MCC,0.28664109361013246,0.017443800280408647,3,10.0,results/tahoe/bal15_drugs/pairzs_withoutleak__gformer_cancer__maccs__mlp
pairzs_withoutleak,gformer_cancer,maccs,mlp,full,none,within_drug,AUROC,0.7425740954586648,0.013426059699249388,3,10.0,results/tahoe/bal15_drugs/pairzs_withoutleak__gformer_cancer__maccs__mlp
pairzs_withoutleak,gformer_cancer,maccs,mlp,full,none,within_cell_line,MCC,0.3356185441075839,0.007051585659585554,3,38.0,results/tahoe/bal15_drugs/pairzs_withoutleak__gformer_cancer__maccs__mlp
pairzs_withoutleak,gformer_cancer,maccs,mlp,full,none,within_cell_line,AUROC,0.7702196463380675,0.008236658406582711,3,38.0,results/tahoe/bal15_drugs/pairzs_withoutleak__gformer_cancer__maccs__mlp
pairzs_withoutleak,gformer_cancer,maccs,mlp,full,none,overall,MCC,0.5035418491754421,0.025999274048397,5,,results/tahoe/bal15_drugs/pairzs_withoutleak__gformer_cancer__maccs__mlp
pairzs_withoutleak,gformer_cancer,maccs,mlp,full,none,overall,AUROC,0.8352113667978014,0.00901501316632,5,,results/tahoe/bal15_drugs/pairzs_withoutleak__gformer_cancer__maccs__mlp
pairzs_withoutleak,gformer_cancer,maccs,xrfm,full,none,within_drug,MCC,0.1877230134944687,0.014240645949941682,3,10.0,results/tahoe/bal15_drugs/pairzs_withoutleak__gformer_cancer__maccs__xrfm
pairzs_withoutleak,gformer_cancer,maccs,xrfm,full,none,within_drug,AUROC,0.7544356128571327,0.00492148782202682,3,10.0,results/tahoe/bal15_drugs/pairzs_withoutleak__gformer_cancer__maccs__xrfm
pairzs_withoutleak,gformer_cancer,maccs,xrfm,full,none,within_cell_line,MCC,0.37517656491624335,0.01564499286838436,3,38.0,results/tahoe/bal15_drugs/pairzs_withoutleak__gformer_cancer__maccs__xrfm
pairzs_withoutleak,gformer_cancer,maccs,xrfm,full,none,within_cell_line,AUROC,0.7678480924533556,0.008152951331778291,3,38.0,results/tahoe/bal15_drugs/pairzs_withoutleak__gformer_cancer__maccs__xrfm
pairzs_withoutleak,gformer_cancer,maccs,xrfm,full,none,overall,MCC,0.475988451408371,0.0175775637011045,5,,results/tahoe/bal15_drugs/pairzs_withoutleak__gformer_cancer__maccs__xrfm
pairzs_withoutleak,gformer_cancer,maccs,xrfm,full,none,overall,AUROC,0.8361355537886149,0.0083535836564202,5,,results/tahoe/bal15_drugs/pairzs_withoutleak__gformer_cancer__maccs__xrfm
pairzs_withoutleak,gformer_cancer,materials,lightgbm,full,none,within_drug,MCC,0.2123204737746799,0.008425494234931484,3,10.0,results/tahoe/bal15_drugs/pairzs_withoutleak__gformer_cancer__materials__lightgbm
pairzs_withoutleak,gformer_cancer,materials,lightgbm,full,none,within_drug,AUROC,0.7423205904730517,0.009439838072095736,3,10.0,results/tahoe/bal15_drugs/pairzs_withoutleak__gformer_cancer__materials__lightgbm
pairzs_withoutleak,gformer_cancer,materials,lightgbm,full,none,within_cell_line,MCC,0.4010385243846186,0.014381807148794754,3,38.0,results/tahoe/bal15_drugs/pairzs_withoutleak__gformer_cancer__materials__lightgbm
pairzs_withoutleak,gformer_cancer,materials,lightgbm,full,none,within_cell_line,AUROC,0.7818943191311613,0.005098289663745206,3,38.0,results/tahoe/bal15_drugs/pairzs_withoutleak__gformer_cancer__materials__lightgbm
pairzs_withoutleak,gformer_cancer,materials,lightgbm,full,none,overall,MCC,0.4865338584861288,0.0218559175224803,5,,results/tahoe/bal15_drugs/pairzs_withoutleak__gformer_cancer__materials__lightgbm
pairzs_withoutleak,gformer_cancer,materials,lightgbm,full,none,overall,AUROC,0.8278086800376716,0.0137991335837384,5,,results/tahoe/bal15_drugs/pairzs_withoutleak__gformer_cancer__materials__lightgbm
pairzs_withoutleak,gformer_cancer,materials,mlp,full,none,within_drug,MCC,0.276805340749051,0.008477236331309418,3,10.0,results/tahoe/bal15_drugs/pairzs_withoutleak__gformer_cancer__materials__mlp
pairzs_withoutleak,gformer_cancer,materials,mlp,full,none,within_drug,AUROC,0.740481970723347,0.011085353775051852,3,10.0,results/tahoe/bal15_drugs/pairzs_withoutleak__gformer_cancer__materials__mlp
pairzs_withoutleak,gformer_cancer,materials,mlp,full,none,within_cell_line,MCC,0.3533490635090766,0.03256151434794509,3,38.0,results/tahoe/bal15_drugs/pairzs_withoutleak__gformer_cancer__materials__mlp
pairzs_withoutleak,gformer_cancer,materials,mlp,full,none,within_cell_line,AUROC,0.7796957671957673,0.0036830608097456184,3,38.0,results/tahoe/bal15_drugs/pairzs_withoutleak__gformer_cancer__materials__mlp
pairzs_withoutleak,gformer_cancer,materials,mlp,full,none,overall,MCC,0.4993630255682566,0.0297124517215569,5,,results/tahoe/bal15_drugs/pairzs_withoutleak__gformer_cancer__materials__mlp
pairzs_withoutleak,gformer_cancer,materials,mlp,full,none,overall,AUROC,0.8349034788518581,0.014407149888797,5,,results/tahoe/bal15_drugs/pairzs_withoutleak__gformer_cancer__materials__mlp
pairzs_withoutleak,gformer_cancer,materials,xrfm,full,none,within_drug,MCC,0.15050231148208756,0.02312015639422833,3,10.0,results/tahoe/bal15_drugs/pairzs_withoutleak__gformer_cancer__materials__xrfm
pairzs_withoutleak,gformer_cancer,materials,xrfm,full,none,within_drug,AUROC,0.7346946027562686,0.004770072245737878,3,10.0,results/tahoe/bal15_drugs/pairzs_withoutleak__gformer_cancer__materials__xrfm
pairzs_withoutleak,gformer_cancer,materials,xrfm,full,none,within_cell_line,MCC,0.39939806632820424,0.016734460455669623,3,38.0,results/tahoe/bal15_drugs/pairzs_withoutleak__gformer_cancer__materials__xrfm
pairzs_withoutleak,gformer_cancer,materials,xrfm,full,none,within_cell_line,AUROC,0.777870022277917,0.007807229728686894,3,38.0,results/tahoe/bal15_drugs/pairzs_withoutleak__gformer_cancer__materials__xrfm
pairzs_withoutleak,gformer_cancer,materials,xrfm,full,none,overall,MCC,0.4630740343730234,0.0265023312312882,5,,results/tahoe/bal15_drugs/pairzs_withoutleak__gformer_cancer__materials__xrfm
pairzs_withoutleak,gformer_cancer,materials,xrfm,full,none,overall,AUROC,0.8310010177231065,0.011566155894394,5,,results/tahoe/bal15_drugs/pairzs_withoutleak__gformer_cancer__materials__xrfm
pairzs_withoutleak,gformer_cancer,molformer,lightgbm,full,none,within_drug,MCC,0.22546523886061745,0.00739384561061201,3,10.0,results/tahoe/bal15_drugs/pairzs_withoutleak__gformer_cancer__molformer__lightgbm
pairzs_withoutleak,gformer_cancer,molformer,lightgbm,full,none,within_drug,AUROC,0.7429650986772858,0.009412445542161403,3,10.0,results/tahoe/bal15_drugs/pairzs_withoutleak__gformer_cancer__molformer__lightgbm
pairzs_withoutleak,gformer_cancer,molformer,lightgbm,full,none,within_cell_line,MCC,0.401784332994875,0.010740934103329172,3,38.0,results/tahoe/bal15_drugs/pairzs_withoutleak__gformer_cancer__molformer__lightgbm
pairzs_withoutleak,gformer_cancer,molformer,lightgbm,full,none,within_cell_line,AUROC,0.7825790169869117,0.005503392095776286,3,38.0,results/tahoe/bal15_drugs/pairzs_withoutleak__gformer_cancer__molformer__lightgbm
pairzs_withoutleak,gformer_cancer,molformer,lightgbm,full,none,overall,MCC,0.4912906768949445,0.0251036892093676,5,,results/tahoe/bal15_drugs/pairzs_withoutleak__gformer_cancer__molformer__lightgbm
pairzs_withoutleak,gformer_cancer,molformer,lightgbm,full,none,overall,AUROC,0.8284910991813753,0.0141839332776408,5,,results/tahoe/bal15_drugs/pairzs_withoutleak__gformer_cancer__molformer__lightgbm
pairzs_withoutleak,gformer_cancer,molformer,mlp,full,none,within_drug,MCC,0.260214249802262,0.005948854033474681,3,10.0,results/tahoe/bal15_drugs/pairzs_withoutleak__gformer_cancer__molformer__mlp
pairzs_withoutleak,gformer_cancer,molformer,mlp,full,none,within_drug,AUROC,0.7377670110540343,0.004114008799419125,3,10.0,results/tahoe/bal15_drugs/pairzs_withoutleak__gformer_cancer__molformer__mlp
pairzs_withoutleak,gformer_cancer,molformer,mlp,full,none,within_cell_line,MCC,0.3396632528622365,0.0095540927589606,3,38.0,results/tahoe/bal15_drugs/pairzs_withoutleak__gformer_cancer__molformer__mlp
pairzs_withoutleak,gformer_cancer,molformer,mlp,full,none,within_cell_line,AUROC,0.7737186716791981,0.0024399087054982308,3,38.0,results/tahoe/bal15_drugs/pairzs_withoutleak__gformer_cancer__molformer__mlp
pairzs_withoutleak,gformer_cancer,molformer,mlp,full,none,overall,MCC,0.4855412559420412,0.019902638615066,5,,results/tahoe/bal15_drugs/pairzs_withoutleak__gformer_cancer__molformer__mlp
pairzs_withoutleak,gformer_cancer,molformer,mlp,full,none,overall,AUROC,0.8313261476307694,0.0115255410609119,5,,results/tahoe/bal15_drugs/pairzs_withoutleak__gformer_cancer__molformer__mlp
pairzs_withoutleak,gformer_cancer,molformer,xrfm,full,none,within_drug,MCC,0.17015433713825542,0.03257151872910369,3,10.0,results/tahoe/bal15_drugs/pairzs_withoutleak__gformer_cancer__molformer__xrfm
pairzs_withoutleak,gformer_cancer,molformer,xrfm,full,none,within_drug,AUROC,0.7387982338196667,0.006368839718671584,3,10.0,results/tahoe/bal15_drugs/pairzs_withoutleak__gformer_cancer__molformer__xrfm
pairzs_withoutleak,gformer_cancer,molformer,xrfm,full,none,within_cell_line,MCC,0.39409037104910216,0.017294527315554534,3,38.0,results/tahoe/bal15_drugs/pairzs_withoutleak__gformer_cancer__molformer__xrfm
pairzs_withoutleak,gformer_cancer,molformer,xrfm,full,none,within_cell_line,AUROC,0.7888150932887775,0.0038631198379115938,3,38.0,results/tahoe/bal15_drugs/pairzs_withoutleak__gformer_cancer__molformer__xrfm
pairzs_withoutleak,gformer_cancer,molformer,xrfm,full,none,overall,MCC,0.4669762787047607,0.0326683167580607,5,,results/tahoe/bal15_drugs/pairzs_withoutleak__gformer_cancer__molformer__xrfm
pairzs_withoutleak,gformer_cancer,molformer,xrfm,full,none,overall,AUROC,0.8300241112317943,0.0111897367018783,5,,results/tahoe/bal15_drugs/pairzs_withoutleak__gformer_cancer__molformer__xrfm
pairzs_withoutleak,gformer_cancer,morgan,lightgbm,full,none,within_drug,MCC,0.22220457947304237,0.008453022078965347,3,10.0,results/tahoe/bal15_drugs/pairzs_withoutleak__gformer_cancer__morgan__lightgbm
pairzs_withoutleak,gformer_cancer,morgan,lightgbm,full,none,within_drug,AUROC,0.7453434120801888,0.010994281116791267,3,10.0,results/tahoe/bal15_drugs/pairzs_withoutleak__gformer_cancer__morgan__lightgbm
pairzs_withoutleak,gformer_cancer,morgan,lightgbm,full,none,within_cell_line,MCC,0.39194724870778996,0.011276760557468056,3,38.0,results/tahoe/bal15_drugs/pairzs_withoutleak__gformer_cancer__morgan__lightgbm
pairzs_withoutleak,gformer_cancer,morgan,lightgbm,full,none,within_cell_line,AUROC,0.7828219855193539,0.005426129787846993,3,38.0,results/tahoe/bal15_drugs/pairzs_withoutleak__gformer_cancer__morgan__lightgbm
pairzs_withoutleak,gformer_cancer,morgan,lightgbm,full,none,overall,MCC,0.4900521448875768,0.0180424833661971,5,,results/tahoe/bal15_drugs/pairzs_withoutleak__gformer_cancer__morgan__lightgbm
pairzs_withoutleak,gformer_cancer,morgan,lightgbm,full,none,overall,AUROC,0.8329698686112252,0.0142151708673512,5,,results/tahoe/bal15_drugs/pairzs_withoutleak__gformer_cancer__morgan__lightgbm
pairzs_withoutleak,gformer_cancer,morgan,mlp,full,none,within_drug,MCC,0.2575747834231014,0.013821403021963241,3,10.0,results/tahoe/bal15_drugs/pairzs_withoutleak__gformer_cancer__morgan__mlp
pairzs_withoutleak,gformer_cancer,morgan,mlp,full,none,within_drug,AUROC,0.7257343958193401,0.015646471904098097,3,10.0,results/tahoe/bal15_drugs/pairzs_withoutleak__gformer_cancer__morgan__mlp
pairzs_withoutleak,gformer_cancer,morgan,mlp,full,none,within_cell_line,MCC,0.32485367533861,0.018935268628345003,3,38.0,results/tahoe/bal15_drugs/pairzs_withoutleak__gformer_cancer__morgan__mlp
pairzs_withoutleak,gformer_cancer,morgan,mlp,full,none,within_cell_line,AUROC,0.7637092731829574,0.009692751723075321,3,38.0,results/tahoe/bal15_drugs/pairzs_withoutleak__gformer_cancer__morgan__mlp
pairzs_withoutleak,gformer_cancer,morgan,mlp,full,none,overall,MCC,0.4902089537937588,0.0308980754887191,5,,results/tahoe/bal15_drugs/pairzs_withoutleak__gformer_cancer__morgan__mlp
pairzs_withoutleak,gformer_cancer,morgan,mlp,full,none,overall,AUROC,0.8299611095520459,0.0141996038306368,5,,results/tahoe/bal15_drugs/pairzs_withoutleak__gformer_cancer__morgan__mlp
pairzs_withoutleak,gformer_cancer,morgan,xrfm,full,none,within_drug,MCC,0.1978776990963531,0.01746793431483482,3,10.0,results/tahoe/bal15_drugs/pairzs_withoutleak__gformer_cancer__morgan__xrfm
pairzs_withoutleak,gformer_cancer,morgan,xrfm,full,none,within_drug,AUROC,0.7521645360490559,0.005775880696150498,3,10.0,results/tahoe/bal15_drugs/pairzs_withoutleak__gformer_cancer__morgan__xrfm
pairzs_withoutleak,gformer_cancer,morgan,xrfm,full,none,within_cell_line,MCC,0.3885966045652658,0.012382332148310176,3,38.0,results/tahoe/bal15_drugs/pairzs_withoutleak__gformer_cancer__morgan__xrfm
pairzs_withoutleak,gformer_cancer,morgan,xrfm,full,none,within_cell_line,AUROC,0.7782745057087163,0.011508525696714664,3,38.0,results/tahoe/bal15_drugs/pairzs_withoutleak__gformer_cancer__morgan__xrfm
pairzs_withoutleak,gformer_cancer,morgan,xrfm,full,none,overall,MCC,0.4758499045319371,0.0224985076997133,5,,results/tahoe/bal15_drugs/pairzs_withoutleak__gformer_cancer__morgan__xrfm
pairzs_withoutleak,gformer_cancer,morgan,xrfm,full,none,overall,AUROC,0.8333039732487512,0.0097976034535508,5,,results/tahoe/bal15_drugs/pairzs_withoutleak__gformer_cancer__morgan__xrfm
pairzs_withoutleak,pca,biomed,lightgbm,full,none,within_drug,MCC,0.32870973034182277,0.01105310014049843,3,10.0,results/tahoe/bal15_drugs/pairzs_withoutleak__pca__biomed__lightgbm
pairzs_withoutleak,pca,biomed,lightgbm,full,none,within_drug,AUROC,0.7994469657056444,0.01101022475728188,3,10.0,results/tahoe/bal15_drugs/pairzs_withoutleak__pca__biomed__lightgbm
pairzs_withoutleak,pca,biomed,lightgbm,full,none,within_cell_line,MCC,0.32562790414992726,0.007119435663717399,3,38.0,results/tahoe/bal15_drugs/pairzs_withoutleak__pca__biomed__lightgbm
pairzs_withoutleak,pca,biomed,lightgbm,full,none,within_cell_line,AUROC,0.7602186020607075,0.003937847999796621,3,38.0,results/tahoe/bal15_drugs/pairzs_withoutleak__pca__biomed__lightgbm
pairzs_withoutleak,pca,biomed,lightgbm,full,none,overall,MCC,0.5369645231779129,0.0200244289780769,5,,results/tahoe/bal15_drugs/pairzs_withoutleak__pca__biomed__lightgbm
pairzs_withoutleak,pca,biomed,lightgbm,full,none,overall,AUROC,0.8621184027723643,0.0107532942856119,5,,results/tahoe/bal15_drugs/pairzs_withoutleak__pca__biomed__lightgbm
pairzs_withoutleak,pca,biomed,mlp,full,none,within_drug,MCC,0.2836217356948342,0.018789832525634938,3,10.0,results/tahoe/bal15_drugs/pairzs_withoutleak__pca__biomed__mlp
pairzs_withoutleak,pca,biomed,mlp,full,none,within_drug,AUROC,0.7648061219058903,0.013181217241753302,3,10.0,results/tahoe/bal15_drugs/pairzs_withoutleak__pca__biomed__mlp
pairzs_withoutleak,pca,biomed,mlp,full,none,within_cell_line,MCC,0.3007935041183392,0.024653505595260923,3,38.0,results/tahoe/bal15_drugs/pairzs_withoutleak__pca__biomed__mlp
pairzs_withoutleak,pca,biomed,mlp,full,none,within_cell_line,AUROC,0.7713425925925925,0.0036596734641141976,3,38.0,results/tahoe/bal15_drugs/pairzs_withoutleak__pca__biomed__mlp
pairzs_withoutleak,pca,biomed,mlp,full,none,overall,MCC,0.4989918864287728,0.0196877123416252,5,,results/tahoe/bal15_drugs/pairzs_withoutleak__pca__biomed__mlp
pairzs_withoutleak,pca,biomed,mlp,full,none,overall,AUROC,0.84535376531565,0.0062759064521831,5,,results/tahoe/bal15_drugs/pairzs_withoutleak__pca__biomed__mlp
pairzs_withoutleak,pca,biomed,xrfm,full,none,within_drug,MCC,0.05329352387578387,0.010029588650423568,3,10.0,results/tahoe/bal15_drugs/pairzs_withoutleak__pca__biomed__xrfm
pairzs_withoutleak,pca,biomed,xrfm,full,none,within_drug,AUROC,0.6384444591001937,0.010735356893310314,3,10.0,results/tahoe/bal15_drugs/pairzs_withoutleak__pca__biomed__xrfm
pairzs_withoutleak,pca,biomed,xrfm,full,none,within_cell_line,MCC,0.4519963065878434,0.01027771978212905,3,38.0,results/tahoe/bal15_drugs/pairzs_withoutleak__pca__biomed__xrfm
pairzs_withoutleak,pca,biomed,xrfm,full,none,within_cell_line,AUROC,0.7970798524087997,0.005302718598376102,3,38.0,results/tahoe/bal15_drugs/pairzs_withoutleak__pca__biomed__xrfm
pairzs_withoutleak,pca,biomed,xrfm,full,none,overall,MCC,0.409722790013989,0.0281899593801177,5,,results/tahoe/bal15_drugs/pairzs_withoutleak__pca__biomed__xrfm
pairzs_withoutleak,pca,biomed,xrfm,full,none,overall,AUROC,0.7858307340252118,0.0170717941044348,5,,results/tahoe/bal15_drugs/pairzs_withoutleak__pca__biomed__xrfm
pairzs_withoutleak,pca,chemberta,lightgbm,full,none,within_drug,MCC,0.31106958460863693,0.009966168191213058,3,10.0,results/tahoe/bal15_drugs/pairzs_withoutleak__pca__chemberta__lightgbm
pairzs_withoutleak,pca,chemberta,lightgbm,full,none,within_drug,AUROC,0.8018046679188435,0.011073242452711015,3,10.0,results/tahoe/bal15_drugs/pairzs_withoutleak__pca__chemberta__lightgbm
pairzs_withoutleak,pca,chemberta,lightgbm,full,none,within_cell_line,MCC,0.3197065600491205,0.007554434324016199,3,38.0,results/tahoe/bal15_drugs/pairzs_withoutleak__pca__chemberta__lightgbm
pairzs_withoutleak,pca,chemberta,lightgbm,full,none,within_cell_line,AUROC,0.75750104427736,0.00662930572627316,3,38.0,results/tahoe/bal15_drugs/pairzs_withoutleak__pca__chemberta__lightgbm
pairzs_withoutleak,pca,chemberta,lightgbm,full,none,overall,MCC,0.5328637127863007,0.0212257127461048,5,,results/tahoe/bal15_drugs/pairzs_withoutleak__pca__chemberta__lightgbm
pairzs_withoutleak,pca,chemberta,lightgbm,full,none,overall,AUROC,0.8614943032046873,0.0116473329141734,5,,results/tahoe/bal15_drugs/pairzs_withoutleak__pca__chemberta__lightgbm
pairzs_withoutleak,pca,chemberta,mlp,full,none,within_drug,MCC,0.2876810216821641,0.03395265926867387,3,10.0,results/tahoe/bal15_drugs/pairzs_withoutleak__pca__chemberta__mlp
pairzs_withoutleak,pca,chemberta,mlp,full,none,within_drug,AUROC,0.7635535466549596,0.0070484593718638956,3,10.0,results/tahoe/bal15_drugs/pairzs_withoutleak__pca__chemberta__mlp
pairzs_withoutleak,pca,chemberta,mlp,full,none,within_cell_line,MCC,0.3045122729529128,0.03298343414860446,3,38.0,results/tahoe/bal15_drugs/pairzs_withoutleak__pca__chemberta__mlp
pairzs_withoutleak,pca,chemberta,mlp,full,none,within_cell_line,AUROC,0.7798778195488723,0.0009795922802107724,3,38.0,results/tahoe/bal15_drugs/pairzs_withoutleak__pca__chemberta__mlp
pairzs_withoutleak,pca,chemberta,mlp,full,none,overall,MCC,0.4960418426338499,0.0348476544482385,5,,results/tahoe/bal15_drugs/pairzs_withoutleak__pca__chemberta__mlp
pairzs_withoutleak,pca,chemberta,mlp,full,none,overall,AUROC,0.8443480299767815,0.0121267866797344,5,,results/tahoe/bal15_drugs/pairzs_withoutleak__pca__chemberta__mlp
pairzs_withoutleak,pca,chemberta,xrfm,full,none,within_drug,MCC,0.06135185561446562,0.03918554808878525,3,10.0,results/tahoe/bal15_drugs/pairzs_withoutleak__pca__chemberta__xrfm
pairzs_withoutleak,pca,chemberta,xrfm,full,none,within_drug,AUROC,0.649736541742485,0.011417988755933705,3,10.0,results/tahoe/bal15_drugs/pairzs_withoutleak__pca__chemberta__xrfm
pairzs_withoutleak,pca,chemberta,xrfm,full,none,within_cell_line,MCC,0.4754552269442804,0.005663187873181838,3,38.0,results/tahoe/bal15_drugs/pairzs_withoutleak__pca__chemberta__xrfm
pairzs_withoutleak,pca,chemberta,xrfm,full,none,within_cell_line,AUROC,0.8033430799220272,0.004590279186010498,3,38.0,results/tahoe/bal15_drugs/pairzs_withoutleak__pca__chemberta__xrfm
pairzs_withoutleak,pca,chemberta,xrfm,full,none,overall,MCC,0.4279809914138704,0.035879625919181,5,,results/tahoe/bal15_drugs/pairzs_withoutleak__pca__chemberta__xrfm
pairzs_withoutleak,pca,chemberta,xrfm,full,none,overall,AUROC,0.7957357560628869,0.0181097114842907,5,,results/tahoe/bal15_drugs/pairzs_withoutleak__pca__chemberta__xrfm
pairzs_withoutleak,pca,maccs,lightgbm,full,none,within_drug,MCC,0.36283985178849437,0.019611108036959295,3,10.0,results/tahoe/bal15_drugs/pairzs_withoutleak__pca__maccs__lightgbm
pairzs_withoutleak,pca,maccs,lightgbm,full,none,within_drug,AUROC,0.8062674330367064,0.013392359145911933,3,10.0,results/tahoe/bal15_drugs/pairzs_withoutleak__pca__maccs__lightgbm
pairzs_withoutleak,pca,maccs,lightgbm,full,none,within_cell_line,MCC,0.3440525470710776,0.008526742090639803,3,38.0,results/tahoe/bal15_drugs/pairzs_withoutleak__pca__maccs__lightgbm
pairzs_withoutleak,pca,maccs,lightgbm,full,none,within_cell_line,AUROC,0.7759603870788082,0.00842071837446182,3,38.0,results/tahoe/bal15_drugs/pairzs_withoutleak__pca__maccs__lightgbm
pairzs_withoutleak,pca,maccs,lightgbm,full,none,overall,MCC,0.5560186974313559,0.0281157307870528,5,,results/tahoe/bal15_drugs/pairzs_withoutleak__pca__maccs__lightgbm
pairzs_withoutleak,pca,maccs,lightgbm,full,none,overall,AUROC,0.8664047145553748,0.0125076629484797,5,,results/tahoe/bal15_drugs/pairzs_withoutleak__pca__maccs__lightgbm
pairzs_withoutleak,pca,maccs,mlp,full,none,within_drug,MCC,0.2788685951170806,0.015716941880042256,3,10.0,results/tahoe/bal15_drugs/pairzs_withoutleak__pca__maccs__mlp
pairzs_withoutleak,pca,maccs,mlp,full,none,within_drug,AUROC,0.7684742997435449,0.006524947981941935,3,10.0,results/tahoe/bal15_drugs/pairzs_withoutleak__pca__maccs__mlp
pairzs_withoutleak,pca,maccs,mlp,full,none,within_cell_line,MCC,0.3305874629385804,0.019624726316681215,3,38.0,results/tahoe/bal15_drugs/pairzs_withoutleak__pca__maccs__mlp
pairzs_withoutleak,pca,maccs,mlp,full,none,within_cell_line,AUROC,0.7864358813700919,0.004442694272779508,3,38.0,results/tahoe/bal15_drugs/pairzs_withoutleak__pca__maccs__mlp
pairzs_withoutleak,pca,maccs,mlp,full,none,overall,MCC,0.507792688423106,0.031786415713894,5,,results/tahoe/bal15_drugs/pairzs_withoutleak__pca__maccs__mlp
pairzs_withoutleak,pca,maccs,mlp,full,none,overall,AUROC,0.8492116859730906,0.0107759080153033,5,,results/tahoe/bal15_drugs/pairzs_withoutleak__pca__maccs__mlp
pairzs_withoutleak,pca,maccs,xrfm,full,none,within_drug,MCC,0.08713874452325643,0.010867096739598832,3,10.0,results/tahoe/bal15_drugs/pairzs_withoutleak__pca__maccs__xrfm
pairzs_withoutleak,pca,maccs,xrfm,full,none,within_drug,AUROC,0.666348716547133,0.005757719252926407,3,10.0,results/tahoe/bal15_drugs/pairzs_withoutleak__pca__maccs__xrfm
pairzs_withoutleak,pca,maccs,xrfm,full,none,within_cell_line,MCC,0.4780378901633801,0.018184236191600582,3,38.0,results/tahoe/bal15_drugs/pairzs_withoutleak__pca__maccs__xrfm
pairzs_withoutleak,pca,maccs,xrfm,full,none,within_cell_line,AUROC,0.791536828181565,0.0036531286548834464,3,38.0,results/tahoe/bal15_drugs/pairzs_withoutleak__pca__maccs__xrfm
pairzs_withoutleak,pca,maccs,xrfm,full,none,overall,MCC,0.4392104499213488,0.0332906226111241,5,,results/tahoe/bal15_drugs/pairzs_withoutleak__pca__maccs__xrfm
pairzs_withoutleak,pca,maccs,xrfm,full,none,overall,AUROC,0.8010226190043117,0.0170024573591853,5,,results/tahoe/bal15_drugs/pairzs_withoutleak__pca__maccs__xrfm
pairzs_withoutleak,pca,materials,lightgbm,full,none,within_drug,MCC,0.326899342977907,0.011834216810190852,3,10.0,results/tahoe/bal15_drugs/pairzs_withoutleak__pca__materials__lightgbm
pairzs_withoutleak,pca,materials,lightgbm,full,none,within_drug,AUROC,0.803781199841222,0.008495778782277062,3,10.0,results/tahoe/bal15_drugs/pairzs_withoutleak__pca__materials__lightgbm
pairzs_withoutleak,pca,materials,lightgbm,full,none,within_cell_line,MCC,0.32900321688018314,0.006107851742419981,3,38.0,results/tahoe/bal15_drugs/pairzs_withoutleak__pca__materials__lightgbm
pairzs_withoutleak,pca,materials,lightgbm,full,none,within_cell_line,AUROC,0.7639163881927039,0.003761779532600443,3,38.0,results/tahoe/bal15_drugs/pairzs_withoutleak__pca__materials__lightgbm
pairzs_withoutleak,pca,materials,lightgbm,full,none,overall,MCC,0.5433205540691063,0.0210099438631657,5,,results/tahoe/bal15_drugs/pairzs_withoutleak__pca__materials__lightgbm
pairzs_withoutleak,pca,materials,lightgbm,full,none,overall,AUROC,0.862959966526293,0.0119416152543265,5,,results/tahoe/bal15_drugs/pairzs_withoutleak__pca__materials__lightgbm
pairzs_withoutleak,pca,materials,mlp,full,none,within_drug,MCC,0.3021900964636328,0.017890858003513484,3,10.0,results/tahoe/bal15_drugs/pairzs_withoutleak__pca__materials__mlp
pairzs_withoutleak,pca,materials,mlp,full,none,within_drug,AUROC,0.7661115266715588,0.00920009282661589,3,10.0,results/tahoe/bal15_drugs/pairzs_withoutleak__pca__materials__mlp
pairzs_withoutleak,pca,materials,mlp,full,none,within_cell_line,MCC,0.3368932213638886,0.025135590815547323,3,38.0,results/tahoe/bal15_drugs/pairzs_withoutleak__pca__materials__mlp
pairzs_withoutleak,pca,materials,mlp,full,none,within_cell_line,AUROC,0.7861894319131162,0.0044389478341663475,3,38.0,results/tahoe/bal15_drugs/pairzs_withoutleak__pca__materials__mlp
pairzs_withoutleak,pca,materials,mlp,full,none,overall,MCC,0.5124854806026811,0.0350551412452372,5,,results/tahoe/bal15_drugs/pairzs_withoutleak__pca__materials__mlp
pairzs_withoutleak,pca,materials,mlp,full,none,overall,AUROC,0.8462370731842521,0.0123094315324013,5,,results/tahoe/bal15_drugs/pairzs_withoutleak__pca__materials__mlp
pairzs_withoutleak,pca,materials,xrfm,full,none,within_drug,MCC,0.10927371151614318,0.011048067281337543,3,10.0,results/tahoe/bal15_drugs/pairzs_withoutleak__pca__materials__xrfm
pairzs_withoutleak,pca,materials,xrfm,full,none,within_drug,AUROC,0.6601873466664426,0.010180208833689443,3,10.0,results/tahoe/bal15_drugs/pairzs_withoutleak__pca__materials__xrfm
pairzs_withoutleak,pca,materials,xrfm,full,none,within_cell_line,MCC,0.5004878484609453,0.027086067736970313,3,38.0,results/tahoe/bal15_drugs/pairzs_withoutleak__pca__materials__xrfm
pairzs_withoutleak,pca,materials,xrfm,full,none,within_cell_line,AUROC,0.806828529657477,0.013851076622729717,3,38.0,results/tahoe/bal15_drugs/pairzs_withoutleak__pca__materials__xrfm
pairzs_withoutleak,pca,materials,xrfm,full,none,overall,MCC,0.455939236305261,0.0232213199863066,5,,results/tahoe/bal15_drugs/pairzs_withoutleak__pca__materials__xrfm
pairzs_withoutleak,pca,materials,xrfm,full,none,overall,AUROC,0.8005297000474071,0.0119272796394237,5,,results/tahoe/bal15_drugs/pairzs_withoutleak__pca__materials__xrfm
pairzs_withoutleak,pca,molformer,lightgbm,full,none,within_drug,MCC,0.3086790411965314,0.010942990461647312,3,10.0,results/tahoe/bal15_drugs/pairzs_withoutleak__pca__molformer__lightgbm
pairzs_withoutleak,pca,molformer,lightgbm,full,none,within_drug,AUROC,0.8080209079252798,0.010188903562792211,3,10.0,results/tahoe/bal15_drugs/pairzs_withoutleak__pca__molformer__lightgbm
pairzs_withoutleak,pca,molformer,lightgbm,full,none,within_cell_line,MCC,0.3268421195139044,0.009399633823880408,3,38.0,results/tahoe/bal15_drugs/pairzs_withoutleak__pca__molformer__lightgbm
pairzs_withoutleak,pca,molformer,lightgbm,full,none,within_cell_line,AUROC,0.7658716235032025,0.003678495044940729,3,38.0,results/tahoe/bal15_drugs/pairzs_withoutleak__pca__molformer__lightgbm
pairzs_withoutleak,pca,molformer,lightgbm,full,none,overall,MCC,0.5326281980809829,0.0272378200959395,5,,results/tahoe/bal15_drugs/pairzs_withoutleak__pca__molformer__lightgbm
pairzs_withoutleak,pca,molformer,lightgbm,full,none,overall,AUROC,0.8630161214557974,0.0119344933334206,5,,results/tahoe/bal15_drugs/pairzs_withoutleak__pca__molformer__lightgbm
pairzs_withoutleak,pca,molformer,mlp,full,none,within_drug,MCC,0.2866270111307658,0.01901766664503385,3,10.0,results/tahoe/bal15_drugs/pairzs_withoutleak__pca__molformer__mlp
pairzs_withoutleak,pca,molformer,mlp,full,none,within_drug,AUROC,0.7760040832077285,0.0032376650402525,3,10.0,results/tahoe/bal15_drugs/pairzs_withoutleak__pca__molformer__mlp
pairzs_withoutleak,pca,molformer,mlp,full,none,within_cell_line,MCC,0.3383343054972932,0.014102322717537986,3,38.0,results/tahoe/bal15_drugs/pairzs_withoutleak__pca__molformer__mlp
pairzs_withoutleak,pca,molformer,mlp,full,none,within_cell_line,AUROC,0.7947051656920078,0.007169269299864343,3,38.0,results/tahoe/bal15_drugs/pairzs_withoutleak__pca__molformer__mlp
pairzs_withoutleak,pca,molformer,mlp,full,none,overall,MCC,0.5081041167616519,0.0257871100053609,5,,results/tahoe/bal15_drugs/pairzs_withoutleak__pca__molformer__mlp
pairzs_withoutleak,pca,molformer,mlp,full,none,overall,AUROC,0.8490364574401189,0.0121497495819923,5,,results/tahoe/bal15_drugs/pairzs_withoutleak__pca__molformer__mlp
pairzs_withoutleak,pca,molformer,xrfm,full,none,within_drug,MCC,0.11211726492328782,0.01276075179736468,3,10.0,results/tahoe/bal15_drugs/pairzs_withoutleak__pca__molformer__xrfm
pairzs_withoutleak,pca,molformer,xrfm,full,none,within_drug,AUROC,0.6788651506453179,0.0031657717183055643,3,10.0,results/tahoe/bal15_drugs/pairzs_withoutleak__pca__molformer__xrfm
pairzs_withoutleak,pca,molformer,xrfm,full,none,within_cell_line,MCC,0.48522430373733644,0.007023429438653352,3,38.0,results/tahoe/bal15_drugs/pairzs_withoutleak__pca__molformer__xrfm
pairzs_withoutleak,pca,molformer,xrfm,full,none,within_cell_line,AUROC,0.8225191450849346,0.013763531358956495,3,38.0,results/tahoe/bal15_drugs/pairzs_withoutleak__pca__molformer__xrfm
pairzs_withoutleak,pca,molformer,xrfm,full,none,overall,MCC,0.4524787386077899,0.019833310569233,5,,results/tahoe/bal15_drugs/pairzs_withoutleak__pca__molformer__xrfm
pairzs_withoutleak,pca,molformer,xrfm,full,none,overall,AUROC,0.8095103010901331,0.0134769446598377,5,,results/tahoe/bal15_drugs/pairzs_withoutleak__pca__molformer__xrfm
pairzs_withoutleak,pca,morgan,lightgbm,full,none,within_drug,MCC,0.3528585776266459,0.012457728433414125,3,10.0,results/tahoe/bal15_drugs/pairzs_withoutleak__pca__morgan__lightgbm
pairzs_withoutleak,pca,morgan,lightgbm,full,none,within_drug,AUROC,0.8008390940131948,0.011870277052203596,3,10.0,results/tahoe/bal15_drugs/pairzs_withoutleak__pca__morgan__lightgbm
pairzs_withoutleak,pca,morgan,lightgbm,full,none,within_cell_line,MCC,0.3081654120835316,0.011732230646281027,3,38.0,results/tahoe/bal15_drugs/pairzs_withoutleak__pca__morgan__lightgbm
pairzs_withoutleak,pca,morgan,lightgbm,full,none,within_cell_line,AUROC,0.7692272347535506,0.006900342764627869,3,38.0,results/tahoe/bal15_drugs/pairzs_withoutleak__pca__morgan__lightgbm
pairzs_withoutleak,pca,morgan,lightgbm,full,none,overall,MCC,0.5348215005942423,0.04002502873487,5,,results/tahoe/bal15_drugs/pairzs_withoutleak__pca__morgan__lightgbm
pairzs_withoutleak,pca,morgan,lightgbm,full,none,overall,AUROC,0.8593019630651684,0.0128859328448769,5,,results/tahoe/bal15_drugs/pairzs_withoutleak__pca__morgan__lightgbm
pairzs_withoutleak,pca,morgan,mlp,full,none,within_drug,MCC,0.2902404920759521,0.007842501997726346,3,10.0,results/tahoe/bal15_drugs/pairzs_withoutleak__pca__morgan__mlp
pairzs_withoutleak,pca,morgan,mlp,full,none,within_drug,AUROC,0.760612127627598,0.006208815666881274,3,10.0,results/tahoe/bal15_drugs/pairzs_withoutleak__pca__morgan__mlp
pairzs_withoutleak,pca,morgan,mlp,full,none,within_cell_line,MCC,0.32785845006591896,0.00886763104326428,3,38.0,results/tahoe/bal15_drugs/pairzs_withoutleak__pca__morgan__mlp
pairzs_withoutleak,pca,morgan,mlp,full,none,within_cell_line,AUROC,0.7841238512949039,0.0019112912830689579,3,38.0,results/tahoe/bal15_drugs/pairzs_withoutleak__pca__morgan__mlp
pairzs_withoutleak,pca,morgan,mlp,full,none,overall,MCC,0.5071205246547885,0.0219837282800007,5,,results/tahoe/bal15_drugs/pairzs_withoutleak__pca__morgan__mlp
pairzs_withoutleak,pca,morgan,mlp,full,none,overall,AUROC,0.8449891507829683,0.0080597140135328,5,,results/tahoe/bal15_drugs/pairzs_withoutleak__pca__morgan__mlp
pairzs_withoutleak,pca,morgan,xrfm,full,none,within_drug,MCC,0.04047555443437157,0.025375465144986186,3,10.0,results/tahoe/bal15_drugs/pairzs_withoutleak__pca__morgan__xrfm
pairzs_withoutleak,pca,morgan,xrfm,full,none,within_drug,AUROC,0.6463497618616684,0.006819516038413946,3,10.0,results/tahoe/bal15_drugs/pairzs_withoutleak__pca__morgan__xrfm
pairzs_withoutleak,pca,morgan,xrfm,full,none,within_cell_line,MCC,0.46948024551376877,0.009009668011163617,3,38.0,results/tahoe/bal15_drugs/pairzs_withoutleak__pca__morgan__xrfm
pairzs_withoutleak,pca,morgan,xrfm,full,none,within_cell_line,AUROC,0.7903801169590642,0.005919865069059247,3,38.0,results/tahoe/bal15_drugs/pairzs_withoutleak__pca__morgan__xrfm
pairzs_withoutleak,pca,morgan,xrfm,full,none,overall,MCC,0.420704840950641,0.0251116894671716,5,,results/tahoe/bal15_drugs/pairzs_withoutleak__pca__morgan__xrfm
pairzs_withoutleak,pca,morgan,xrfm,full,none,overall,AUROC,0.792392870135067,0.014885818724378,5,,results/tahoe/bal15_drugs/pairzs_withoutleak__pca__morgan__xrfm
pairzs_withoutleak,scgpt_pan,biomed,lightgbm,full,none,within_drug,MCC,0.18294484686448156,0.009702509247565395,3,10.0,results/tahoe/bal15_drugs/pairzs_withoutleak__scgpt_pan__biomed__lightgbm
pairzs_withoutleak,scgpt_pan,biomed,lightgbm,full,none,within_drug,AUROC,0.7179571605431025,0.012084090449283732,3,10.0,results/tahoe/bal15_drugs/pairzs_withoutleak__scgpt_pan__biomed__lightgbm
pairzs_withoutleak,scgpt_pan,biomed,lightgbm,full,none,within_cell_line,MCC,0.3837265190446179,0.013937975166618422,3,38.0,results/tahoe/bal15_drugs/pairzs_withoutleak__scgpt_pan__biomed__lightgbm
pairzs_withoutleak,scgpt_pan,biomed,lightgbm,full,none,within_cell_line,AUROC,0.7801068643831801,0.005411092753682931,3,38.0,results/tahoe/bal15_drugs/pairzs_withoutleak__scgpt_pan__biomed__lightgbm
pairzs_withoutleak,scgpt_pan,biomed,lightgbm,full,none,overall,MCC,0.4718893494085973,0.0205675250159361,5,,results/tahoe/bal15_drugs/pairzs_withoutleak__scgpt_pan__biomed__lightgbm
pairzs_withoutleak,scgpt_pan,biomed,lightgbm,full,none,overall,AUROC,0.8199556506585317,0.0124186830603229,5,,results/tahoe/bal15_drugs/pairzs_withoutleak__scgpt_pan__biomed__lightgbm
pairzs_withoutleak,scgpt_pan,biomed,mlp,full,none,within_drug,MCC,0.1653842919402673,0.031863435492240265,3,10.0,results/tahoe/bal15_drugs/pairzs_withoutleak__scgpt_pan__biomed__mlp
pairzs_withoutleak,scgpt_pan,biomed,mlp,full,none,within_drug,AUROC,0.6951989256056746,0.015274838907882527,3,10.0,results/tahoe/bal15_drugs/pairzs_withoutleak__scgpt_pan__biomed__mlp
pairzs_withoutleak,scgpt_pan,biomed,mlp,full,none,within_cell_line,MCC,0.36342628392867987,0.03590537504720295,3,38.0,results/tahoe/bal15_drugs/pairzs_withoutleak__scgpt_pan__biomed__mlp
pairzs_withoutleak,scgpt_pan,biomed,mlp,full,none,within_cell_line,AUROC,0.7768668198273461,0.011657117328347599,3,38.0,results/tahoe/bal15_drugs/pairzs_withoutleak__scgpt_pan__biomed__mlp
pairzs_withoutleak,scgpt_pan,biomed,mlp,full,none,overall,MCC,0.4379085045573352,0.026644973604883,5,,results/tahoe/bal15_drugs/pairzs_withoutleak__scgpt_pan__biomed__mlp
pairzs_withoutleak,scgpt_pan,biomed,mlp,full,none,overall,AUROC,0.802095707835804,0.0133390361962367,5,,results/tahoe/bal15_drugs/pairzs_withoutleak__scgpt_pan__biomed__mlp
pairzs_withoutleak,scgpt_pan,biomed,xrfm,full,none,within_drug,MCC,0.13329013940830328,0.012541211309805124,3,10.0,results/tahoe/bal15_drugs/pairzs_withoutleak__scgpt_pan__biomed__xrfm
pairzs_withoutleak,scgpt_pan,biomed,xrfm,full,none,within_drug,AUROC,0.6986238725647658,0.01669215567493427,3,10.0,results/tahoe/bal15_drugs/pairzs_withoutleak__scgpt_pan__biomed__xrfm
pairzs_withoutleak,scgpt_pan,biomed,xrfm,full,none,within_cell_line,MCC,0.42860863946549094,0.022079401163510353,3,38.0,results/tahoe/bal15_drugs/pairzs_withoutleak__scgpt_pan__biomed__xrfm
pairzs_withoutleak,scgpt_pan,biomed,xrfm,full,none,within_cell_line,AUROC,0.7800804093567252,0.007632913208951469,3,38.0,results/tahoe/bal15_drugs/pairzs_withoutleak__scgpt_pan__biomed__xrfm
pairzs_withoutleak,scgpt_pan,biomed,xrfm,full,none,overall,MCC,0.4531414026202583,0.028714317086347,5,,results/tahoe/bal15_drugs/pairzs_withoutleak__scgpt_pan__biomed__xrfm
pairzs_withoutleak,scgpt_pan,biomed,xrfm,full,none,overall,AUROC,0.8117295569021259,0.0137707643346452,5,,results/tahoe/bal15_drugs/pairzs_withoutleak__scgpt_pan__biomed__xrfm
pairzs_withoutleak,scgpt_pan,chemberta,lightgbm,full,none,within_drug,MCC,0.17869532055123105,0.010207308427680452,3,10.0,results/tahoe/bal15_drugs/pairzs_withoutleak__scgpt_pan__chemberta__lightgbm
pairzs_withoutleak,scgpt_pan,chemberta,lightgbm,full,none,within_drug,AUROC,0.7125062685057615,0.013847703635788296,3,10.0,results/tahoe/bal15_drugs/pairzs_withoutleak__scgpt_pan__chemberta__lightgbm
pairzs_withoutleak,scgpt_pan,chemberta,lightgbm,full,none,within_cell_line,MCC,0.3803920412837165,0.01287244063094435,3,38.0,results/tahoe/bal15_drugs/pairzs_withoutleak__scgpt_pan__chemberta__lightgbm
pairzs_withoutleak,scgpt_pan,chemberta,lightgbm,full,none,within_cell_line,AUROC,0.7856474519632415,0.01040147463962605,3,38.0,results/tahoe/bal15_drugs/pairzs_withoutleak__scgpt_pan__chemberta__lightgbm
pairzs_withoutleak,scgpt_pan,chemberta,lightgbm,full,none,overall,MCC,0.4681776002434653,0.0233706251006391,5,,results/tahoe/bal15_drugs/pairzs_withoutleak__scgpt_pan__chemberta__lightgbm
pairzs_withoutleak,scgpt_pan,chemberta,lightgbm,full,none,overall,AUROC,0.8167617640129645,0.0129139931219222,5,,results/tahoe/bal15_drugs/pairzs_withoutleak__scgpt_pan__chemberta__lightgbm
pairzs_withoutleak,scgpt_pan,chemberta,mlp,full,none,within_drug,MCC,0.12386447339542188,0.039801706321350494,3,10.0,results/tahoe/bal15_drugs/pairzs_withoutleak__scgpt_pan__chemberta__mlp
pairzs_withoutleak,scgpt_pan,chemberta,mlp,full,none,within_drug,AUROC,0.6775356632780415,0.014201015648384404,3,10.0,results/tahoe/bal15_drugs/pairzs_withoutleak__scgpt_pan__chemberta__mlp
pairzs_withoutleak,scgpt_pan,chemberta,mlp,full,none,within_cell_line,MCC,0.3583127901271755,0.0466703612042022,3,38.0,results/tahoe/bal15_drugs/pairzs_withoutleak__scgpt_pan__chemberta__mlp
pairzs_withoutleak,scgpt_pan,chemberta,mlp,full,none,within_cell_line,AUROC,0.7550741436925649,0.006633996460041187,3,38.0,results/tahoe/bal15_drugs/pairzs_withoutleak__scgpt_pan__chemberta__mlp
pairzs_withoutleak,scgpt_pan,chemberta,mlp,full,none,overall,MCC,0.4129950243658054,0.0254199799582133,5,,results/tahoe/bal15_drugs/pairzs_withoutleak__scgpt_pan__chemberta__mlp
pairzs_withoutleak,scgpt_pan,chemberta,mlp,full,none,overall,AUROC,0.7870123664184289,0.0149927194127576,5,,results/tahoe/bal15_drugs/pairzs_withoutleak__scgpt_pan__chemberta__mlp
pairzs_withoutleak,scgpt_pan,chemberta,xrfm,full,none,within_drug,MCC,0.1610691471585963,0.03801060693871052,3,10.0,results/tahoe/bal15_drugs/pairzs_withoutleak__scgpt_pan__chemberta__xrfm
pairzs_withoutleak,scgpt_pan,chemberta,xrfm,full,none,within_drug,AUROC,0.7128596355536327,0.01762910667177697,3,10.0,results/tahoe/bal15_drugs/pairzs_withoutleak__scgpt_pan__chemberta__xrfm
pairzs_withoutleak,scgpt_pan,chemberta,xrfm,full,none,within_cell_line,MCC,0.43433077938603876,0.030955591062726003,3,38.0,results/tahoe/bal15_drugs/pairzs_withoutleak__scgpt_pan__chemberta__xrfm
pairzs_withoutleak,scgpt_pan,chemberta,xrfm,full,none,within_cell_line,AUROC,0.7876924951267057,0.006290953048029538,3,38.0,results/tahoe/bal15_drugs/pairzs_withoutleak__scgpt_pan__chemberta__xrfm
pairzs_withoutleak,scgpt_pan,chemberta,xrfm,full,none,overall,MCC,0.4680285362265317,0.0261890555361338,5,,results/tahoe/bal15_drugs/pairzs_withoutleak__scgpt_pan__chemberta__xrfm
pairzs_withoutleak,scgpt_pan,chemberta,xrfm,full,none,overall,AUROC,0.818471744108899,0.012390869382378,5,,results/tahoe/bal15_drugs/pairzs_withoutleak__scgpt_pan__chemberta__xrfm
pairzs_withoutleak,scgpt_pan,maccs,lightgbm,full,none,within_drug,MCC,0.19822851308705944,0.017362752367890054,3,10.0,results/tahoe/bal15_drugs/pairzs_withoutleak__scgpt_pan__maccs__lightgbm
pairzs_withoutleak,scgpt_pan,maccs,lightgbm,full,none,within_drug,AUROC,0.7328738586661562,0.016686076971938333,3,10.0,results/tahoe/bal15_drugs/pairzs_withoutleak__scgpt_pan__maccs__lightgbm
pairzs_withoutleak,scgpt_pan,maccs,lightgbm,full,none,within_cell_line,MCC,0.3934781839277241,0.019701164790838964,3,38.0,results/tahoe/bal15_drugs/pairzs_withoutleak__scgpt_pan__maccs__lightgbm
pairzs_withoutleak,scgpt_pan,maccs,lightgbm,full,none,within_cell_line,AUROC,0.7842784043441938,0.0025148465376795236,3,38.0,results/tahoe/bal15_drugs/pairzs_withoutleak__scgpt_pan__maccs__lightgbm
pairzs_withoutleak,scgpt_pan,maccs,lightgbm,full,none,overall,MCC,0.4809075751159235,0.0316780217707129,5,,results/tahoe/bal15_drugs/pairzs_withoutleak__scgpt_pan__maccs__lightgbm
pairzs_withoutleak,scgpt_pan,maccs,lightgbm,full,none,overall,AUROC,0.8286283679416933,0.0117125272289032,5,,results/tahoe/bal15_drugs/pairzs_withoutleak__scgpt_pan__maccs__lightgbm
pairzs_withoutleak,scgpt_pan,maccs,mlp,full,none,within_drug,MCC,0.14021735371214253,0.02692287970817365,3,10.0,results/tahoe/bal15_drugs/pairzs_withoutleak__scgpt_pan__maccs__mlp
pairzs_withoutleak,scgpt_pan,maccs,mlp,full,none,within_drug,AUROC,0.6664769064648622,0.008467793748718715,3,10.0,results/tahoe/bal15_drugs/pairzs_withoutleak__scgpt_pan__maccs__mlp
pairzs_withoutleak,scgpt_pan,maccs,mlp,full,none,within_cell_line,MCC,0.3614915443761116,0.022738355244746333,3,38.0,results/tahoe/bal15_drugs/pairzs_withoutleak__scgpt_pan__maccs__mlp
pairzs_withoutleak,scgpt_pan,maccs,mlp,full,none,within_cell_line,AUROC,0.7719590643274854,0.0008042461257701056,3,38.0,results/tahoe/bal15_drugs/pairzs_withoutleak__scgpt_pan__maccs__mlp
pairzs_withoutleak,scgpt_pan,maccs,mlp,full,none,overall,MCC,0.4291712344478379,0.0360456432328641,5,,results/tahoe/bal15_drugs/pairzs_withoutleak__scgpt_pan__maccs__mlp
pairzs_withoutleak,scgpt_pan,maccs,mlp,full,none,overall,AUROC,0.7906284487821102,0.017984394449315,5,,results/tahoe/bal15_drugs/pairzs_withoutleak__scgpt_pan__maccs__mlp
pairzs_withoutleak,scgpt_pan,maccs,xrfm,full,none,within_drug,MCC,0.15104737062878626,0.014857690795876847,3,10.0,results/tahoe/bal15_drugs/pairzs_withoutleak__scgpt_pan__maccs__xrfm
pairzs_withoutleak,scgpt_pan,maccs,xrfm,full,none,within_drug,AUROC,0.7323701163103161,0.011409956590927852,3,10.0,results/tahoe/bal15_drugs/pairzs_withoutleak__scgpt_pan__maccs__xrfm
pairzs_withoutleak,scgpt_pan,maccs,xrfm,full,none,within_cell_line,MCC,0.41519478119849423,0.020038536983446327,3,38.0,results/tahoe/bal15_drugs/pairzs_withoutleak__scgpt_pan__maccs__xrfm
pairzs_withoutleak,scgpt_pan,maccs,xrfm,full,none,within_cell_line,AUROC,0.7843884015594541,0.0030745238306071425,3,38.0,results/tahoe/bal15_drugs/pairzs_withoutleak__scgpt_pan__maccs__xrfm
pairzs_withoutleak,scgpt_pan,maccs,xrfm,full,none,overall,MCC,0.4638703867543682,0.0202003272944634,5,,results/tahoe/bal15_drugs/pairzs_withoutleak__scgpt_pan__maccs__xrfm
pairzs_withoutleak,scgpt_pan,maccs,xrfm,full,none,overall,AUROC,0.8290469635184522,0.009209224716401,5,,results/tahoe/bal15_drugs/pairzs_withoutleak__scgpt_pan__maccs__xrfm
pairzs_withoutleak,scgpt_pan,materials,lightgbm,full,none,within_drug,MCC,0.1777530218134679,0.01223461203365438,3,10.0,results/tahoe/bal15_drugs/pairzs_withoutleak__scgpt_pan__materials__lightgbm
pairzs_withoutleak,scgpt_pan,materials,lightgbm,full,none,within_drug,AUROC,0.7134736036142226,0.012970847306584541,3,10.0,results/tahoe/bal15_drugs/pairzs_withoutleak__scgpt_pan__materials__lightgbm
pairzs_withoutleak,scgpt_pan,materials,lightgbm,full,none,within_cell_line,MCC,0.3768705587095759,0.01598143638855165,3,38.0,results/tahoe/bal15_drugs/pairzs_withoutleak__scgpt_pan__materials__lightgbm
pairzs_withoutleak,scgpt_pan,materials,lightgbm,full,none,within_cell_line,AUROC,0.7848555416318574,0.009731943355735127,3,38.0,results/tahoe/bal15_drugs/pairzs_withoutleak__scgpt_pan__materials__lightgbm
pairzs_withoutleak,scgpt_pan,materials,lightgbm,full,none,overall,MCC,0.463658238727351,0.0238125261774118,5,,results/tahoe/bal15_drugs/pairzs_withoutleak__scgpt_pan__materials__lightgbm
pairzs_withoutleak,scgpt_pan,materials,lightgbm,full,none,overall,AUROC,0.8169622815937341,0.0124734005761336,5,,results/tahoe/bal15_drugs/pairzs_withoutleak__scgpt_pan__materials__lightgbm
pairzs_withoutleak,scgpt_pan,materials,mlp,full,none,within_drug,MCC,0.17980831225216773,0.03056433323653033,3,10.0,results/tahoe/bal15_drugs/pairzs_withoutleak__scgpt_pan__materials__mlp
pairzs_withoutleak,scgpt_pan,materials,mlp,full,none,within_drug,AUROC,0.6613201030130076,0.00951328704019786,3,10.0,results/tahoe/bal15_drugs/pairzs_withoutleak__scgpt_pan__materials__mlp
pairzs_withoutleak,scgpt_pan,materials,mlp,full,none,within_cell_line,MCC,0.37266907156516343,0.03002740110351677,3,38.0,results/tahoe/bal15_drugs/pairzs_withoutleak__scgpt_pan__materials__mlp
pairzs_withoutleak,scgpt_pan,materials,mlp,full,none,within_cell_line,AUROC,0.7786539264828738,0.014228228879960874,3,38.0,results/tahoe/bal15_drugs/pairzs_withoutleak__scgpt_pan__materials__mlp
pairzs_withoutleak,scgpt_pan,materials,mlp,full,none,overall,MCC,0.4458043534866225,0.0276699788366339,5,,results/tahoe/bal15_drugs/pairzs_withoutleak__scgpt_pan__materials__mlp
pairzs_withoutleak,scgpt_pan,materials,mlp,full,none,overall,AUROC,0.7929581058974817,0.0172220777101117,5,,results/tahoe/bal15_drugs/pairzs_withoutleak__scgpt_pan__materials__mlp
pairzs_withoutleak,scgpt_pan,materials,xrfm,full,none,within_drug,MCC,0.12257352619816915,0.028794502335784986,3,10.0,results/tahoe/bal15_drugs/pairzs_withoutleak__scgpt_pan__materials__xrfm
pairzs_withoutleak,scgpt_pan,materials,xrfm,full,none,within_drug,AUROC,0.6916079069262725,0.01619055270645249,3,10.0,results/tahoe/bal15_drugs/pairzs_withoutleak__scgpt_pan__materials__xrfm
pairzs_withoutleak,scgpt_pan,materials,xrfm,full,none,within_cell_line,MCC,0.433685012747372,0.031477697303035346,3,38.0,results/tahoe/bal15_drugs/pairzs_withoutleak__scgpt_pan__materials__xrfm
pairzs_withoutleak,scgpt_pan,materials,xrfm,full,none,within_cell_line,AUROC,0.7926813561681983,0.004629864036481747,3,38.0,results/tahoe/bal15_drugs/pairzs_withoutleak__scgpt_pan__materials__xrfm
pairzs_withoutleak,scgpt_pan,materials,xrfm,full,none,overall,MCC,0.4457468569363576,0.0260301133816781,5,,results/tahoe/bal15_drugs/pairzs_withoutleak__scgpt_pan__materials__xrfm
pairzs_withoutleak,scgpt_pan,materials,xrfm,full,none,overall,AUROC,0.809259237605576,0.0132618687970826,5,,results/tahoe/bal15_drugs/pairzs_withoutleak__scgpt_pan__materials__xrfm
pairzs_withoutleak,scgpt_pan,molformer,lightgbm,full,none,within_drug,MCC,0.1854439214327638,0.013726037588038921,3,10.0,results/tahoe/bal15_drugs/pairzs_withoutleak__scgpt_pan__molformer__lightgbm
pairzs_withoutleak,scgpt_pan,molformer,lightgbm,full,none,within_drug,AUROC,0.7140111526656256,0.01361776908021931,3,10.0,results/tahoe/bal15_drugs/pairzs_withoutleak__scgpt_pan__molformer__lightgbm
pairzs_withoutleak,scgpt_pan,molformer,lightgbm,full,none,within_cell_line,MCC,0.3773069193235721,0.013795480327614414,3,38.0,results/tahoe/bal15_drugs/pairzs_withoutleak__scgpt_pan__molformer__lightgbm
pairzs_withoutleak,scgpt_pan,molformer,lightgbm,full,none,within_cell_line,AUROC,0.7847424115845167,0.008290677500583087,3,38.0,results/tahoe/bal15_drugs/pairzs_withoutleak__scgpt_pan__molformer__lightgbm
pairzs_withoutleak,scgpt_pan,molformer,lightgbm,full,none,overall,MCC,0.4693864545295033,0.0211056290034049,5,,results/tahoe/bal15_drugs/pairzs_withoutleak__scgpt_pan__molformer__lightgbm
pairzs_withoutleak,scgpt_pan,molformer,lightgbm,full,none,overall,AUROC,0.8167729910145877,0.0128209667037032,5,,results/tahoe/bal15_drugs/pairzs_withoutleak__scgpt_pan__molformer__lightgbm
pairzs_withoutleak,scgpt_pan,molformer,mlp,full,none,within_drug,MCC,0.09579271033145599,0.012004638883472835,3,10.0,results/tahoe/bal15_drugs/pairzs_withoutleak__scgpt_pan__molformer__mlp
pairzs_withoutleak,scgpt_pan,molformer,mlp,full,none,within_drug,AUROC,0.6396041965415393,0.009024242421244772,3,10.0,results/tahoe/bal15_drugs/pairzs_withoutleak__scgpt_pan__molformer__mlp
pairzs_withoutleak,scgpt_pan,molformer,mlp,full,none,within_cell_line,MCC,0.3762567474865846,0.020121375105043044,3,38.0,results/tahoe/bal15_drugs/pairzs_withoutleak__scgpt_pan__molformer__mlp
pairzs_withoutleak,scgpt_pan,molformer,mlp,full,none,within_cell_line,AUROC,0.7818062517404623,0.00014785818537705795,3,38.0,results/tahoe/bal15_drugs/pairzs_withoutleak__scgpt_pan__molformer__mlp
pairzs_withoutleak,scgpt_pan,molformer,mlp,full,none,overall,MCC,0.4058951272448228,0.0261235656936967,5,,results/tahoe/bal15_drugs/pairzs_withoutleak__scgpt_pan__molformer__mlp
pairzs_withoutleak,scgpt_pan,molformer,mlp,full,none,overall,AUROC,0.7758537527565139,0.0133813589970459,5,,results/tahoe/bal15_drugs/pairzs_withoutleak__scgpt_pan__molformer__mlp
pairzs_withoutleak,scgpt_pan,molformer,xrfm,full,none,within_drug,MCC,0.11396064338993318,0.04238165937173302,3,10.0,results/tahoe/bal15_drugs/pairzs_withoutleak__scgpt_pan__molformer__xrfm
pairzs_withoutleak,scgpt_pan,molformer,xrfm,full,none,within_drug,AUROC,0.6990334484335642,0.01384584145482811,3,10.0,results/tahoe/bal15_drugs/pairzs_withoutleak__scgpt_pan__molformer__xrfm
pairzs_withoutleak,scgpt_pan,molformer,xrfm,full,none,within_cell_line,MCC,0.4359449089082736,0.02710787820922929,3,38.0,results/tahoe/bal15_drugs/pairzs_withoutleak__scgpt_pan__molformer__xrfm
pairzs_withoutleak,scgpt_pan,molformer,xrfm,full,none,within_cell_line,AUROC,0.7966266360345308,0.003864290029765323,3,38.0,results/tahoe/bal15_drugs/pairzs_withoutleak__scgpt_pan__molformer__xrfm
pairzs_withoutleak,scgpt_pan,molformer,xrfm,full,none,overall,MCC,0.4463470987905372,0.0236680186543103,5,,results/tahoe/bal15_drugs/pairzs_withoutleak__scgpt_pan__molformer__xrfm
pairzs_withoutleak,scgpt_pan,molformer,xrfm,full,none,overall,AUROC,0.8132893692830667,0.014792648941679,5,,results/tahoe/bal15_drugs/pairzs_withoutleak__scgpt_pan__molformer__xrfm
pairzs_withoutleak,scgpt_pan,morgan,lightgbm,full,none,within_drug,MCC,0.21350028152199363,0.007657077888394875,3,10.0,results/tahoe/bal15_drugs/pairzs_withoutleak__scgpt_pan__morgan__lightgbm
pairzs_withoutleak,scgpt_pan,morgan,lightgbm,full,none,within_drug,AUROC,0.7283189971040999,0.012244990142262288,3,10.0,results/tahoe/bal15_drugs/pairzs_withoutleak__scgpt_pan__morgan__lightgbm
pairzs_withoutleak,scgpt_pan,morgan,lightgbm,full,none,within_cell_line,MCC,0.3917559626157929,0.014596622385562537,3,38.0,results/tahoe/bal15_drugs/pairzs_withoutleak__scgpt_pan__morgan__lightgbm
pairzs_withoutleak,scgpt_pan,morgan,lightgbm,full,none,within_cell_line,AUROC,0.783660888331941,0.007083648788836766,3,38.0,results/tahoe/bal15_drugs/pairzs_withoutleak__scgpt_pan__morgan__lightgbm
pairzs_withoutleak,scgpt_pan,morgan,lightgbm,full,none,overall,MCC,0.4852040237955622,0.0224577661974143,5,,results/tahoe/bal15_drugs/pairzs_withoutleak__scgpt_pan__morgan__lightgbm
pairzs_withoutleak,scgpt_pan,morgan,lightgbm,full,none,overall,AUROC,0.8255879337304908,0.0129012311037316,5,,results/tahoe/bal15_drugs/pairzs_withoutleak__scgpt_pan__morgan__lightgbm
pairzs_withoutleak,scgpt_pan,morgan,mlp,full,none,within_drug,MCC,0.15150535367052176,0.013983728603945263,3,10.0,results/tahoe/bal15_drugs/pairzs_withoutleak__scgpt_pan__morgan__mlp
pairzs_withoutleak,scgpt_pan,morgan,mlp,full,none,within_drug,AUROC,0.6721753079767533,0.01398029313278093,3,10.0,results/tahoe/bal15_drugs/pairzs_withoutleak__scgpt_pan__morgan__mlp
pairzs_withoutleak,scgpt_pan,morgan,mlp,full,none,within_cell_line,MCC,0.3484763158663477,0.020479225274599857,3,38.0,results/tahoe/bal15_drugs/pairzs_withoutleak__scgpt_pan__morgan__mlp
pairzs_withoutleak,scgpt_pan,morgan,mlp,full,none,within_cell_line,AUROC,0.7561849067112224,0.01293161683461955,3,38.0,results/tahoe/bal15_drugs/pairzs_withoutleak__scgpt_pan__morgan__mlp
pairzs_withoutleak,scgpt_pan,morgan,mlp,full,none,overall,MCC,0.4215360934581166,0.0285745562858051,5,,results/tahoe/bal15_drugs/pairzs_withoutleak__scgpt_pan__morgan__mlp
pairzs_withoutleak,scgpt_pan,morgan,mlp,full,none,overall,AUROC,0.783496395672266,0.0099409952868832,5,,results/tahoe/bal15_drugs/pairzs_withoutleak__scgpt_pan__morgan__mlp
pairzs_withoutleak,scgpt_pan,morgan,xrfm,full,none,within_drug,MCC,0.1400699461190632,0.029647580892911817,3,10.0,results/tahoe/bal15_drugs/pairzs_withoutleak__scgpt_pan__morgan__xrfm
pairzs_withoutleak,scgpt_pan,morgan,xrfm,full,none,within_drug,AUROC,0.7142272858402287,0.007603047619234193,3,10.0,results/tahoe/bal15_drugs/pairzs_withoutleak__scgpt_pan__morgan__xrfm
pairzs_withoutleak,scgpt_pan,morgan,xrfm,full,none,within_cell_line,MCC,0.41354340370328363,0.021975359234606355,3,38.0,results/tahoe/bal15_drugs/pairzs_withoutleak__scgpt_pan__morgan__xrfm
pairzs_withoutleak,scgpt_pan,morgan,xrfm,full,none,within_cell_line,AUROC,0.7892905875800613,0.004151632192052152,3,38.0,results/tahoe/bal15_drugs/pairzs_withoutleak__scgpt_pan__morgan__xrfm
pairzs_withoutleak,scgpt_pan,morgan,xrfm,full,none,overall,MCC,0.4557533071756679,0.0331160770400867,5,,results/tahoe/bal15_drugs/pairzs_withoutleak__scgpt_pan__morgan__xrfm
pairzs_withoutleak,scgpt_pan,morgan,xrfm,full,none,overall,AUROC,0.8168083643269718,0.0129098887727382,5,,results/tahoe/bal15_drugs/pairzs_withoutleak__scgpt_pan__morgan__xrfm
pairzs_withoutleak,scvi,biomed,lightgbm,full,none,within_drug,MCC,0.3108225737754542,0.017783577912814867,3,10.0,results/tahoe/bal15_drugs/pairzs_withoutleak__scvi__biomed__lightgbm
pairzs_withoutleak,scvi,biomed,lightgbm,full,none,within_drug,AUROC,0.788891093105927,0.011531522691404287,3,10.0,results/tahoe/bal15_drugs/pairzs_withoutleak__scvi__biomed__lightgbm
pairzs_withoutleak,scvi,biomed,lightgbm,full,none,within_cell_line,MCC,0.37386593413116365,0.018255090978228805,3,38.0,results/tahoe/bal15_drugs/pairzs_withoutleak__scvi__biomed__lightgbm
pairzs_withoutleak,scvi,biomed,lightgbm,full,none,within_cell_line,AUROC,0.7643059036480088,0.005430515428798681,3,38.0,results/tahoe/bal15_drugs/pairzs_withoutleak__scvi__biomed__lightgbm
pairzs_withoutleak,scvi,biomed,lightgbm,full,none,overall,MCC,0.5480485444962637,0.0264687488345048,5,,results/tahoe/bal15_drugs/pairzs_withoutleak__scvi__biomed__lightgbm
pairzs_withoutleak,scvi,biomed,lightgbm,full,none,overall,AUROC,0.8544537823787524,0.0128735308211375,5,,results/tahoe/bal15_drugs/pairzs_withoutleak__scvi__biomed__lightgbm
pairzs_withoutleak,scvi,biomed,mlp,full,none,within_drug,MCC,0.2739581263832917,0.022100255326767716,3,10.0,results/tahoe/bal15_drugs/pairzs_withoutleak__scvi__biomed__mlp
pairzs_withoutleak,scvi,biomed,mlp,full,none,within_drug,AUROC,0.764431193185116,0.004327047503255357,3,10.0,results/tahoe/bal15_drugs/pairzs_withoutleak__scvi__biomed__mlp
pairzs_withoutleak,scvi,biomed,mlp,full,none,within_cell_line,MCC,0.3291473722119352,0.014432065662570093,3,38.0,results/tahoe/bal15_drugs/pairzs_withoutleak__scvi__biomed__mlp
pairzs_withoutleak,scvi,biomed,mlp,full,none,within_cell_line,AUROC,0.7675845864661653,0.002726290872600362,3,38.0,results/tahoe/bal15_drugs/pairzs_withoutleak__scvi__biomed__mlp
pairzs_withoutleak,scvi,biomed,mlp,full,none,overall,MCC,0.5033648491791931,0.0208789758169547,5,,results/tahoe/bal15_drugs/pairzs_withoutleak__scvi__biomed__mlp
pairzs_withoutleak,scvi,biomed,mlp,full,none,overall,AUROC,0.8414154199919505,0.0102689150794018,5,,results/tahoe/bal15_drugs/pairzs_withoutleak__scvi__biomed__mlp
pairzs_withoutleak,scvi,biomed,xrfm,full,none,within_drug,MCC,0.10137715121596554,0.03070767753989508,3,10.0,results/tahoe/bal15_drugs/pairzs_withoutleak__scvi__biomed__xrfm
pairzs_withoutleak,scvi,biomed,xrfm,full,none,within_drug,AUROC,0.6620902736373071,0.002860388727776406,3,10.0,results/tahoe/bal15_drugs/pairzs_withoutleak__scvi__biomed__xrfm
pairzs_withoutleak,scvi,biomed,xrfm,full,none,within_cell_line,MCC,0.48737474147333765,0.01724158601508295,3,38.0,results/tahoe/bal15_drugs/pairzs_withoutleak__scvi__biomed__xrfm
pairzs_withoutleak,scvi,biomed,xrfm,full,none,within_cell_line,AUROC,0.7996912419938735,0.005409173816717415,3,38.0,results/tahoe/bal15_drugs/pairzs_withoutleak__scvi__biomed__xrfm
pairzs_withoutleak,scvi,biomed,xrfm,full,none,overall,MCC,0.448645017094709,0.0275685483416819,5,,results/tahoe/bal15_drugs/pairzs_withoutleak__scvi__biomed__xrfm
pairzs_withoutleak,scvi,biomed,xrfm,full,none,overall,AUROC,0.7991612798077383,0.0158519362587678,5,,results/tahoe/bal15_drugs/pairzs_withoutleak__scvi__biomed__xrfm
pairzs_withoutleak,scvi,chemberta,lightgbm,full,none,within_drug,MCC,0.2810965437528311,0.017194477454416355,3,10.0,results/tahoe/bal15_drugs/pairzs_withoutleak__scvi__chemberta__lightgbm
pairzs_withoutleak,scvi,chemberta,lightgbm,full,none,within_drug,AUROC,0.7863017865810815,0.00834426658793815,3,10.0,results/tahoe/bal15_drugs/pairzs_withoutleak__scvi__chemberta__lightgbm
pairzs_withoutleak,scvi,chemberta,lightgbm,full,none,within_cell_line,MCC,0.3625641563235882,0.018904275525983626,3,38.0,results/tahoe/bal15_drugs/pairzs_withoutleak__scvi__chemberta__lightgbm
pairzs_withoutleak,scvi,chemberta,lightgbm,full,none,within_cell_line,AUROC,0.7628031885268728,0.004846036921499127,3,38.0,results/tahoe/bal15_drugs/pairzs_withoutleak__scvi__chemberta__lightgbm
pairzs_withoutleak,scvi,chemberta,lightgbm,full,none,overall,MCC,0.5311580060160139,0.0301875010838057,5,,results/tahoe/bal15_drugs/pairzs_withoutleak__scvi__chemberta__lightgbm
pairzs_withoutleak,scvi,chemberta,lightgbm,full,none,overall,AUROC,0.8538183261760693,0.0129024707349124,5,,results/tahoe/bal15_drugs/pairzs_withoutleak__scvi__chemberta__lightgbm
pairzs_withoutleak,scvi,chemberta,mlp,full,none,within_drug,MCC,0.29041000458433924,0.017844778794912038,3,10.0,results/tahoe/bal15_drugs/pairzs_withoutleak__scvi__chemberta__mlp
pairzs_withoutleak,scvi,chemberta,mlp,full,none,within_drug,AUROC,0.7558096195090994,0.013839900725824065,3,10.0,results/tahoe/bal15_drugs/pairzs_withoutleak__scvi__chemberta__mlp
pairzs_withoutleak,scvi,chemberta,mlp,full,none,within_cell_line,MCC,0.32753392834884304,0.012286050460736582,3,38.0,results/tahoe/bal15_drugs/pairzs_withoutleak__scvi__chemberta__mlp
pairzs_withoutleak,scvi,chemberta,mlp,full,none,within_cell_line,AUROC,0.765055694792537,0.004195986062401087,3,38.0,results/tahoe/bal15_drugs/pairzs_withoutleak__scvi__chemberta__mlp
pairzs_withoutleak,scvi,chemberta,mlp,full,none,overall,MCC,0.5127640904480593,0.0294002579321646,5,,results/tahoe/bal15_drugs/pairzs_withoutleak__scvi__chemberta__mlp
pairzs_withoutleak,scvi,chemberta,mlp,full,none,overall,AUROC,0.8410231604907477,0.0129479233583288,5,,results/tahoe/bal15_drugs/pairzs_withoutleak__scvi__chemberta__mlp
pairzs_withoutleak,scvi,chemberta,xrfm,full,none,within_drug,MCC,0.11128243683428511,0.02457533803560585,3,10.0,results/tahoe/bal15_drugs/pairzs_withoutleak__scvi__chemberta__xrfm
pairzs_withoutleak,scvi,chemberta,xrfm,full,none,within_drug,AUROC,0.6655869338879092,0.004426593623431663,3,10.0,results/tahoe/bal15_drugs/pairzs_withoutleak__scvi__chemberta__xrfm
pairzs_withoutleak,scvi,chemberta,xrfm,full,none,within_cell_line,MCC,0.49706699151509187,0.008165408514597329,3,38.0,results/tahoe/bal15_drugs/pairzs_withoutleak__scvi__chemberta__xrfm
pairzs_withoutleak,scvi,chemberta,xrfm,full,none,within_cell_line,AUROC,0.8091294207741577,0.0020554033481868716,3,38.0,results/tahoe/bal15_drugs/pairzs_withoutleak__scvi__chemberta__xrfm
pairzs_withoutleak,scvi,chemberta,xrfm,full,none,overall,MCC,0.4629996906674465,0.0150123305743866,5,,results/tahoe/bal15_drugs/pairzs_withoutleak__scvi__chemberta__xrfm
pairzs_withoutleak,scvi,chemberta,xrfm,full,none,overall,AUROC,0.8041263307631855,0.0187198190001778,5,,results/tahoe/bal15_drugs/pairzs_withoutleak__scvi__chemberta__xrfm
pairzs_withoutleak,scvi,maccs,lightgbm,full,none,within_drug,MCC,0.3153360824445041,0.015284614631658316,3,10.0,results/tahoe/bal15_drugs/pairzs_withoutleak__scvi__maccs__lightgbm
pairzs_withoutleak,scvi,maccs,lightgbm,full,none,within_drug,AUROC,0.7848250726977329,0.011366001937577279,3,10.0,results/tahoe/bal15_drugs/pairzs_withoutleak__scvi__maccs__lightgbm
pairzs_withoutleak,scvi,maccs,lightgbm,full,none,within_cell_line,MCC,0.3647353702597503,0.006468640470210423,3,38.0,results/tahoe/bal15_drugs/pairzs_withoutleak__scvi__maccs__lightgbm
pairzs_withoutleak,scvi,maccs,lightgbm,full,none,within_cell_line,AUROC,0.7710554163185743,0.008414991559604337,3,38.0,results/tahoe/bal15_drugs/pairzs_withoutleak__scvi__maccs__lightgbm
pairzs_withoutleak,scvi,maccs,lightgbm,full,none,overall,MCC,0.5448441013065617,0.0311972632296731,5,,results/tahoe/bal15_drugs/pairzs_withoutleak__scvi__maccs__lightgbm
pairzs_withoutleak,scvi,maccs,lightgbm,full,none,overall,AUROC,0.8587791836792438,0.0129492685188874,5,,results/tahoe/bal15_drugs/pairzs_withoutleak__scvi__maccs__lightgbm
pairzs_withoutleak,scvi,maccs,mlp,full,none,within_drug,MCC,0.2654376647845715,0.02136445021494858,3,10.0,results/tahoe/bal15_drugs/pairzs_withoutleak__scvi__maccs__mlp
pairzs_withoutleak,scvi,maccs,mlp,full,none,within_drug,AUROC,0.7668710371313905,0.013479948920532664,3,10.0,results/tahoe/bal15_drugs/pairzs_withoutleak__scvi__maccs__mlp
pairzs_withoutleak,scvi,maccs,mlp,full,none,within_cell_line,MCC,0.3279048531260977,0.012108947549089226,3,38.0,results/tahoe/bal15_drugs/pairzs_withoutleak__scvi__maccs__mlp
pairzs_withoutleak,scvi,maccs,mlp,full,none,within_cell_line,AUROC,0.7721379838485102,0.0029409039759202347,3,38.0,results/tahoe/bal15_drugs/pairzs_withoutleak__scvi__maccs__mlp
pairzs_withoutleak,scvi,maccs,mlp,full,none,overall,MCC,0.5076087992000153,0.0301386635746002,5,,results/tahoe/bal15_drugs/pairzs_withoutleak__scvi__maccs__mlp
pairzs_withoutleak,scvi,maccs,mlp,full,none,overall,AUROC,0.8460435806357175,0.0108730978951634,5,,results/tahoe/bal15_drugs/pairzs_withoutleak__scvi__maccs__mlp
pairzs_withoutleak,scvi,maccs,xrfm,full,none,within_drug,MCC,0.14016198819728462,0.005017081539083901,3,10.0,results/tahoe/bal15_drugs/pairzs_withoutleak__scvi__maccs__xrfm
pairzs_withoutleak,scvi,maccs,xrfm,full,none,within_drug,AUROC,0.6935688026177061,0.00553452742829041,3,10.0,results/tahoe/bal15_drugs/pairzs_withoutleak__scvi__maccs__xrfm
pairzs_withoutleak,scvi,maccs,xrfm,full,none,within_cell_line,MCC,0.5014868812513266,0.01046319360998836,3,38.0,results/tahoe/bal15_drugs/pairzs_withoutleak__scvi__maccs__xrfm
pairzs_withoutleak,scvi,maccs,xrfm,full,none,within_cell_line,AUROC,0.8022406711222501,0.001086565505289414,3,38.0,results/tahoe/bal15_drugs/pairzs_withoutleak__scvi__maccs__xrfm
pairzs_withoutleak,scvi,maccs,xrfm,full,none,overall,MCC,0.4762267175793004,0.0217466577313377,5,,results/tahoe/bal15_drugs/pairzs_withoutleak__scvi__maccs__xrfm
pairzs_withoutleak,scvi,maccs,xrfm,full,none,overall,AUROC,0.8140296460575573,0.013486356403963,5,,results/tahoe/bal15_drugs/pairzs_withoutleak__scvi__maccs__xrfm
pairzs_withoutleak,scvi,materials,lightgbm,full,none,within_drug,MCC,0.27143706011255436,0.02314900222863499,3,10.0,results/tahoe/bal15_drugs/pairzs_withoutleak__scvi__materials__lightgbm
pairzs_withoutleak,scvi,materials,lightgbm,full,none,within_drug,AUROC,0.7835796497688113,0.009119579679517752,3,10.0,results/tahoe/bal15_drugs/pairzs_withoutleak__scvi__materials__lightgbm
pairzs_withoutleak,scvi,materials,lightgbm,full,none,within_cell_line,MCC,0.3546686100850988,0.014076890131553143,3,38.0,results/tahoe/bal15_drugs/pairzs_withoutleak__scvi__materials__lightgbm
pairzs_withoutleak,scvi,materials,lightgbm,full,none,within_cell_line,AUROC,0.7614658173210804,0.0046174998472279785,3,38.0,results/tahoe/bal15_drugs/pairzs_withoutleak__scvi__materials__lightgbm
pairzs_withoutleak,scvi,materials,lightgbm,full,none,overall,MCC,0.5267123570969994,0.0337313274177329,5,,results/tahoe/bal15_drugs/pairzs_withoutleak__scvi__materials__lightgbm
pairzs_withoutleak,scvi,materials,lightgbm,full,none,overall,AUROC,0.8535557852289545,0.0126264996519429,5,,results/tahoe/bal15_drugs/pairzs_withoutleak__scvi__materials__lightgbm
pairzs_withoutleak,scvi,materials,mlp,full,none,within_drug,MCC,0.2600837633803013,0.022245698217830855,3,10.0,results/tahoe/bal15_drugs/pairzs_withoutleak__scvi__materials__mlp
pairzs_withoutleak,scvi,materials,mlp,full,none,within_drug,AUROC,0.7611293306555216,0.011938872032529422,3,10.0,results/tahoe/bal15_drugs/pairzs_withoutleak__scvi__materials__mlp
pairzs_withoutleak,scvi,materials,mlp,full,none,within_cell_line,MCC,0.3293641194374271,0.015028126636193987,3,38.0,results/tahoe/bal15_drugs/pairzs_withoutleak__scvi__materials__mlp
pairzs_withoutleak,scvi,materials,mlp,full,none,within_cell_line,AUROC,0.7694294764689502,0.005481905441482055,3,38.0,results/tahoe/bal15_drugs/pairzs_withoutleak__scvi__materials__mlp
pairzs_withoutleak,scvi,materials,mlp,full,none,overall,MCC,0.5026395227038123,0.0338697967231316,5,,results/tahoe/bal15_drugs/pairzs_withoutleak__scvi__materials__mlp
pairzs_withoutleak,scvi,materials,mlp,full,none,overall,AUROC,0.8443996220421791,0.0138070819257621,5,,results/tahoe/bal15_drugs/pairzs_withoutleak__scvi__materials__mlp
pairzs_withoutleak,scvi,materials,xrfm,full,none,within_drug,MCC,0.09337348060273049,0.005125179160244652,3,10.0,results/tahoe/bal15_drugs/pairzs_withoutleak__scvi__materials__xrfm
pairzs_withoutleak,scvi,materials,xrfm,full,none,within_drug,AUROC,0.6635759193507981,0.004581371997201611,3,10.0,results/tahoe/bal15_drugs/pairzs_withoutleak__scvi__materials__xrfm
pairzs_withoutleak,scvi,materials,xrfm,full,none,within_cell_line,MCC,0.490142730263549,0.006264386526045341,3,38.0,results/tahoe/bal15_drugs/pairzs_withoutleak__scvi__materials__xrfm
pairzs_withoutleak,scvi,materials,xrfm,full,none,within_cell_line,AUROC,0.8136751601225286,0.009703098978113327,3,38.0,results/tahoe/bal15_drugs/pairzs_withoutleak__scvi__materials__xrfm
pairzs_withoutleak,scvi,materials,xrfm,full,none,overall,MCC,0.4516479240076636,0.0252053538687032,5,,results/tahoe/bal15_drugs/pairzs_withoutleak__scvi__materials__xrfm
pairzs_withoutleak,scvi,materials,xrfm,full,none,overall,AUROC,0.8028458804878372,0.0198506164590971,5,,results/tahoe/bal15_drugs/pairzs_withoutleak__scvi__materials__xrfm
pairzs_withoutleak,scvi,molformer,lightgbm,full,none,within_drug,MCC,0.29165825125452643,0.014393904177776072,3,10.0,results/tahoe/bal15_drugs/pairzs_withoutleak__scvi__molformer__lightgbm
pairzs_withoutleak,scvi,molformer,lightgbm,full,none,within_drug,AUROC,0.7852084996802716,0.006757500589815537,3,10.0,results/tahoe/bal15_drugs/pairzs_withoutleak__scvi__molformer__lightgbm
pairzs_withoutleak,scvi,molformer,lightgbm,full,none,within_cell_line,MCC,0.370220582501845,0.013163848960549606,3,38.0,results/tahoe/bal15_drugs/pairzs_withoutleak__scvi__molformer__lightgbm
pairzs_withoutleak,scvi,molformer,lightgbm,full,none,within_cell_line,AUROC,0.7653616680590365,0.005092401756787187,3,38.0,results/tahoe/bal15_drugs/pairzs_withoutleak__scvi__molformer__lightgbm
pairzs_withoutleak,scvi,molformer,lightgbm,full,none,overall,MCC,0.5402253648688363,0.0315544896141154,5,,results/tahoe/bal15_drugs/pairzs_withoutleak__scvi__molformer__lightgbm
pairzs_withoutleak,scvi,molformer,lightgbm,full,none,overall,AUROC,0.8550327494634218,0.0122572183895137,5,,results/tahoe/bal15_drugs/pairzs_withoutleak__scvi__molformer__lightgbm
pairzs_withoutleak,scvi,molformer,mlp,full,none,within_drug,MCC,0.2330530443510758,0.02249663136780232,3,10.0,results/tahoe/bal15_drugs/pairzs_withoutleak__scvi__molformer__mlp
pairzs_withoutleak,scvi,molformer,mlp,full,none,within_drug,AUROC,0.754437387075721,0.013664082336225267,3,10.0,results/tahoe/bal15_drugs/pairzs_withoutleak__scvi__molformer__mlp
pairzs_withoutleak,scvi,molformer,mlp,full,none,within_cell_line,MCC,0.3417903697584814,0.010666411669752672,3,38.0,results/tahoe/bal15_drugs/pairzs_withoutleak__scvi__molformer__mlp
pairzs_withoutleak,scvi,molformer,mlp,full,none,within_cell_line,AUROC,0.7781171679197995,0.006249514687351423,3,38.0,results/tahoe/bal15_drugs/pairzs_withoutleak__scvi__molformer__mlp
pairzs_withoutleak,scvi,molformer,mlp,full,none,overall,MCC,0.495800509973374,0.0308736232976059,5,,results/tahoe/bal15_drugs/pairzs_withoutleak__scvi__molformer__mlp
pairzs_withoutleak,scvi,molformer,mlp,full,none,overall,AUROC,0.8354647574758619,0.014774645009729,5,,results/tahoe/bal15_drugs/pairzs_withoutleak__scvi__molformer__mlp
pairzs_withoutleak,scvi,molformer,xrfm,full,none,within_drug,MCC,0.10259551134789772,0.01823506752140119,3,10.0,results/tahoe/bal15_drugs/pairzs_withoutleak__scvi__molformer__xrfm
pairzs_withoutleak,scvi,molformer,xrfm,full,none,within_drug,AUROC,0.6789684630903853,0.00627201623245367,3,10.0,results/tahoe/bal15_drugs/pairzs_withoutleak__scvi__molformer__xrfm
pairzs_withoutleak,scvi,molformer,xrfm,full,none,within_cell_line,MCC,0.49750768570658804,0.015282585730251657,3,38.0,results/tahoe/bal15_drugs/pairzs_withoutleak__scvi__molformer__xrfm
pairzs_withoutleak,scvi,molformer,xrfm,full,none,within_cell_line,AUROC,0.8087287663603453,0.0013627749307812901,3,38.0,results/tahoe/bal15_drugs/pairzs_withoutleak__scvi__molformer__xrfm
pairzs_withoutleak,scvi,molformer,xrfm,full,none,overall,MCC,0.4495126493957369,0.0218239889506277,5,,results/tahoe/bal15_drugs/pairzs_withoutleak__scvi__molformer__xrfm
pairzs_withoutleak,scvi,molformer,xrfm,full,none,overall,AUROC,0.8077533299033901,0.0142784950890792,5,,results/tahoe/bal15_drugs/pairzs_withoutleak__scvi__molformer__xrfm
pairzs_withoutleak,scvi,morgan,lightgbm,full,none,within_drug,MCC,0.277776395395181,0.021691831473394405,3,10.0,results/tahoe/bal15_drugs/pairzs_withoutleak__scvi__morgan__lightgbm
pairzs_withoutleak,scvi,morgan,lightgbm,full,none,within_drug,AUROC,0.7855599347813572,0.010899972279077614,3,10.0,results/tahoe/bal15_drugs/pairzs_withoutleak__scvi__morgan__lightgbm
pairzs_withoutleak,scvi,morgan,lightgbm,full,none,within_cell_line,MCC,0.31597618442611264,0.012888582857796541,3,38.0,results/tahoe/bal15_drugs/pairzs_withoutleak__scvi__morgan__lightgbm
pairzs_withoutleak,scvi,morgan,lightgbm,full,none,within_cell_line,AUROC,0.775250626566416,0.006036086555734094,3,38.0,results/tahoe/bal15_drugs/pairzs_withoutleak__scvi__morgan__lightgbm
pairzs_withoutleak,scvi,morgan,lightgbm,full,none,overall,MCC,0.5096145140278983,0.0343779119085678,5,,results/tahoe/bal15_drugs/pairzs_withoutleak__scvi__morgan__lightgbm
pairzs_withoutleak,scvi,morgan,lightgbm,full,none,overall,AUROC,0.8535257880930149,0.0144928687827822,5,,results/tahoe/bal15_drugs/pairzs_withoutleak__scvi__morgan__lightgbm
pairzs_withoutleak,scvi,morgan,mlp,full,none,within_drug,MCC,0.2867371549331591,0.01723575323047147,3,10.0,results/tahoe/bal15_drugs/pairzs_withoutleak__scvi__morgan__mlp
pairzs_withoutleak,scvi,morgan,mlp,full,none,within_drug,AUROC,0.7578120776460634,0.00904070306811621,3,10.0,results/tahoe/bal15_drugs/pairzs_withoutleak__scvi__morgan__mlp
pairzs_withoutleak,scvi,morgan,mlp,full,none,within_cell_line,MCC,0.3569368920724804,0.006821018566442373,3,38.0,results/tahoe/bal15_drugs/pairzs_withoutleak__scvi__morgan__mlp
pairzs_withoutleak,scvi,morgan,mlp,full,none,within_cell_line,AUROC,0.776370439988861,0.004433652348574735,3,38.0,results/tahoe/bal15_drugs/pairzs_withoutleak__scvi__morgan__mlp
pairzs_withoutleak,scvi,morgan,mlp,full,none,overall,MCC,0.5183145756166553,0.0149011499756035,5,,results/tahoe/bal15_drugs/pairzs_withoutleak__scvi__morgan__mlp
pairzs_withoutleak,scvi,morgan,mlp,full,none,overall,AUROC,0.8431335615054103,0.0096349051697458,5,,results/tahoe/bal15_drugs/pairzs_withoutleak__scvi__morgan__mlp
pairzs_withoutleak,scvi,morgan,xrfm,full,none,within_drug,MCC,0.1051023920601928,0.0069456175177677595,3,10.0,results/tahoe/bal15_drugs/pairzs_withoutleak__scvi__morgan__xrfm
pairzs_withoutleak,scvi,morgan,xrfm,full,none,within_drug,AUROC,0.6739376434068403,0.006829918757468911,3,10.0,results/tahoe/bal15_drugs/pairzs_withoutleak__scvi__morgan__xrfm
pairzs_withoutleak,scvi,morgan,xrfm,full,none,within_cell_line,MCC,0.47969222276293194,0.011333311118130625,3,38.0,results/tahoe/bal15_drugs/pairzs_withoutleak__scvi__morgan__xrfm
pairzs_withoutleak,scvi,morgan,xrfm,full,none,within_cell_line,AUROC,0.8094200779727095,0.0031773805923820714,3,38.0,results/tahoe/bal15_drugs/pairzs_withoutleak__scvi__morgan__xrfm
pairzs_withoutleak,scvi,morgan,xrfm,full,none,overall,MCC,0.4449745231211161,0.0263477532711534,5,,results/tahoe/bal15_drugs/pairzs_withoutleak__scvi__morgan__xrfm
pairzs_withoutleak,scvi,morgan,xrfm,full,none,overall,AUROC,0.8033345905461751,0.0152355033468674,5,,results/tahoe/bal15_drugs/pairzs_withoutleak__scvi__morgan__xrfm
random,gene_jepa,biomed,lightgbm,full,none,within_drug,MCC,0.5222980063304047,0.004704645903423193,3,10.0,results/tahoe/bal15_drugs/random__gene_jepa__biomed__lightgbm
random,gene_jepa,biomed,lightgbm,full,none,within_drug,AUROC,0.9769108234465483,0.00025687929686136926,3,10.0,results/tahoe/bal15_drugs/random__gene_jepa__biomed__lightgbm
random,gene_jepa,biomed,lightgbm,full,none,within_cell_line,MCC,0.6784348042345466,0.0019620832539164303,3,38.0,results/tahoe/bal15_drugs/random__gene_jepa__biomed__lightgbm
random,gene_jepa,biomed,lightgbm,full,none,within_cell_line,AUROC,0.9637835715832792,0.0006693372107382009,3,38.0,results/tahoe/bal15_drugs/random__gene_jepa__biomed__lightgbm
random,gene_jepa,biomed,lightgbm,full,none,overall,MCC,0.6710721242388998,0.0017157638901438,3,,results/tahoe/bal15_drugs/random__gene_jepa__biomed__lightgbm
random,gene_jepa,biomed,lightgbm,full,none,overall,AUROC,0.9519625167336012,0.000207716772307,3,,results/tahoe/bal15_drugs/random__gene_jepa__biomed__lightgbm
random,gene_jepa,biomed,mlp,full,none,within_drug,MCC,0.7806935821387836,0.025797468570912953,3,10.0,results/tahoe/bal15_drugs/random__gene_jepa__biomed__mlp
random,gene_jepa,biomed,mlp,full,none,within_drug,AUROC,0.9895311844126061,0.0016982897063166314,3,10.0,results/tahoe/bal15_drugs/random__gene_jepa__biomed__mlp
random,gene_jepa,biomed,mlp,full,none,within_cell_line,MCC,0.8218023327247472,0.012281908696898085,3,38.0,results/tahoe/bal15_drugs/random__gene_jepa__biomed__mlp
random,gene_jepa,biomed,mlp,full,none,within_cell_line,AUROC,0.9852210000309416,0.0011746751865958653,3,38.0,results/tahoe/bal15_drugs/random__gene_jepa__biomed__mlp
random,gene_jepa,biomed,mlp,full,none,overall,MCC,0.8342270535120707,0.0094850598297267,3,,results/tahoe/bal15_drugs/random__gene_jepa__biomed__mlp
random,gene_jepa,biomed,mlp,full,none,overall,AUROC,0.98209906291834,0.0010577872435627,3,,results/tahoe/bal15_drugs/random__gene_jepa__biomed__mlp
random,gene_jepa,biomed,xrfm,full,none,within_drug,MCC,0.6059591251805745,0.002437562531170563,3,10.0,results/tahoe/bal15_drugs/random__gene_jepa__biomed__xrfm
random,gene_jepa,biomed,xrfm,full,none,within_drug,AUROC,0.9917686850198923,0.00013381062106137707,3,10.0,results/tahoe/bal15_drugs/random__gene_jepa__biomed__xrfm
random,gene_jepa,biomed,xrfm,full,none,within_cell_line,MCC,0.7328164061675121,0.0003092746738031441,3,38.0,results/tahoe/bal15_drugs/random__gene_jepa__biomed__xrfm
random,gene_jepa,biomed,xrfm,full,none,within_cell_line,AUROC,0.9834407778706025,6.886612316841813e-05,3,38.0,results/tahoe/bal15_drugs/random__gene_jepa__biomed__xrfm
random,gene_jepa,biomed,xrfm,full,none,overall,MCC,0.7261943119944294,0.0034448132103919,3,,results/tahoe/bal15_drugs/random__gene_jepa__biomed__xrfm
random,gene_jepa,biomed,xrfm,full,none,overall,AUROC,0.9664096385542168,0.0004799826881391,3,,results/tahoe/bal15_drugs/random__gene_jepa__biomed__xrfm
random,gene_jepa,chemberta,lightgbm,full,none,within_drug,MCC,0.523598599695627,0.004070832081601912,3,10.0,results/tahoe/bal15_drugs/random__gene_jepa__chemberta__lightgbm
random,gene_jepa,chemberta,lightgbm,full,none,within_drug,AUROC,0.9775624419219126,0.0002043583804119602,3,10.0,results/tahoe/bal15_drugs/random__gene_jepa__chemberta__lightgbm
random,gene_jepa,chemberta,lightgbm,full,none,within_cell_line,MCC,0.6798452147196246,0.0007391332571306427,3,38.0,results/tahoe/bal15_drugs/random__gene_jepa__chemberta__lightgbm
random,gene_jepa,chemberta,lightgbm,full,none,within_cell_line,AUROC,0.9646472276369938,0.0007235517106041906,3,38.0,results/tahoe/bal15_drugs/random__gene_jepa__chemberta__lightgbm
random,gene_jepa,chemberta,lightgbm,full,none,overall,MCC,0.672789220296591,0.0029770832185535,3,,results/tahoe/bal15_drugs/random__gene_jepa__chemberta__lightgbm
random,gene_jepa,chemberta,lightgbm,full,none,overall,AUROC,0.95255421686747,0.0002585713377012,3,,results/tahoe/bal15_drugs/random__gene_jepa__chemberta__lightgbm
random,gene_jepa,chemberta,mlp,full,none,within_drug,MCC,0.7968401561227519,0.023139653014349598,3,10.0,results/tahoe/bal15_drugs/random__gene_jepa__chemberta__mlp
random,gene_jepa,chemberta,mlp,full,none,within_drug,AUROC,0.9892074328475414,0.0013497572030678456,3,10.0,results/tahoe/bal15_drugs/random__gene_jepa__chemberta__mlp
random,gene_jepa,chemberta,mlp,full,none,within_cell_line,MCC,0.8372657329324721,0.014275593262156468,3,38.0,results/tahoe/bal15_drugs/random__gene_jepa__chemberta__mlp
random,gene_jepa,chemberta,mlp,full,none,within_cell_line,AUROC,0.9878060119434388,0.001147315347615907,3,38.0,results/tahoe/bal15_drugs/random__gene_jepa__chemberta__mlp
random,gene_jepa,chemberta,mlp,full,none,overall,MCC,0.8480720889691412,0.0058192088103991,3,,results/tahoe/bal15_drugs/random__gene_jepa__chemberta__mlp
random,gene_jepa,chemberta,mlp,full,none,overall,AUROC,0.9848032128514056,0.0004372902036567,3,,results/tahoe/bal15_drugs/random__gene_jepa__chemberta__mlp
random,gene_jepa,chemberta,xrfm,full,none,within_drug,MCC,0.6222355226084647,0.008574856325209811,3,10.0,results/tahoe/bal15_drugs/random__gene_jepa__chemberta__xrfm
random,gene_jepa,chemberta,xrfm,full,none,within_drug,AUROC,0.9908535766557544,0.00016954685149724787,3,10.0,results/tahoe/bal15_drugs/random__gene_jepa__chemberta__xrfm
random,gene_jepa,chemberta,xrfm,full,none,within_cell_line,MCC,0.7397115022422529,0.0026398342500953825,3,38.0,results/tahoe/bal15_drugs/random__gene_jepa__chemberta__xrfm
random,gene_jepa,chemberta,xrfm,full,none,within_cell_line,AUROC,0.9825355054302422,7.848179046268859e-05,3,38.0,results/tahoe/bal15_drugs/random__gene_jepa__chemberta__xrfm
random,gene_jepa,chemberta,xrfm,full,none,overall,MCC,0.737338818998785,0.001132148448656,3,,results/tahoe/bal15_drugs/random__gene_jepa__chemberta__xrfm
random,gene_jepa,chemberta,xrfm,full,none,overall,AUROC,0.9678393574297188,0.0001414962277025,3,,results/tahoe/bal15_drugs/random__gene_jepa__chemberta__xrfm
random,gene_jepa,maccs,lightgbm,full,none,within_drug,MCC,0.5154656782595745,0.0032167174319669297,3,10.0,results/tahoe/bal15_drugs/random__gene_jepa__maccs__lightgbm
random,gene_jepa,maccs,lightgbm,full,none,within_drug,AUROC,0.9725781024362039,0.00032875142201957717,3,10.0,results/tahoe/bal15_drugs/random__gene_jepa__maccs__lightgbm
random,gene_jepa,maccs,lightgbm,full,none,within_cell_line,MCC,0.6752831579456022,0.0006521819065549552,3,38.0,results/tahoe/bal15_drugs/random__gene_jepa__maccs__lightgbm
random,gene_jepa,maccs,lightgbm,full,none,within_cell_line,AUROC,0.9608325984714874,0.0005904796701581748,3,38.0,results/tahoe/bal15_drugs/random__gene_jepa__maccs__lightgbm
random,gene_jepa,maccs,lightgbm,full,none,overall,MCC,0.667115720958685,0.0011677777692995,3,,results/tahoe/bal15_drugs/random__gene_jepa__maccs__lightgbm
random,gene_jepa,maccs,lightgbm,full,none,overall,AUROC,0.9487175368139223,0.000291870844978,3,,results/tahoe/bal15_drugs/random__gene_jepa__maccs__lightgbm
random,gene_jepa,maccs,mlp,full,none,within_drug,MCC,0.8157535016696942,0.02873776705829215,3,10.0,results/tahoe/bal15_drugs/random__gene_jepa__maccs__mlp
random,gene_jepa,maccs,mlp,full,none,within_drug,AUROC,0.9914143466731172,0.0016442160971603735,3,10.0,results/tahoe/bal15_drugs/random__gene_jepa__maccs__mlp
random,gene_jepa,maccs,mlp,full,none,within_cell_line,MCC,0.8448787812373025,0.013951007071342697,3,38.0,results/tahoe/bal15_drugs/random__gene_jepa__maccs__mlp
random,gene_jepa,maccs,mlp,full,none,within_cell_line,AUROC,0.9886782929546087,0.00033413308458470005,3,38.0,results/tahoe/bal15_drugs/random__gene_jepa__maccs__mlp
random,gene_jepa,maccs,mlp,full,none,overall,MCC,0.8587094877367707,0.0070976182188696,3,,results/tahoe/bal15_drugs/random__gene_jepa__maccs__mlp
random,gene_jepa,maccs,mlp,full,none,overall,AUROC,0.9855394912985274,0.0003272647478681,3,,results/tahoe/bal15_drugs/random__gene_jepa__maccs__mlp
random,gene_jepa,maccs,xrfm,full,none,within_drug,MCC,0.6161325170282013,0.005736706026358378,3,10.0,results/tahoe/bal15_drugs/random__gene_jepa__maccs__xrfm
random,gene_jepa,maccs,xrfm,full,none,within_drug,AUROC,0.9906337159637962,0.0003293200839325666,3,10.0,results/tahoe/bal15_drugs/random__gene_jepa__maccs__xrfm
random,gene_jepa,maccs,xrfm,full,none,within_cell_line,MCC,0.7230838906030935,0.003156470623285238,3,38.0,results/tahoe/bal15_drugs/random__gene_jepa__maccs__xrfm
random,gene_jepa,maccs,xrfm,full,none,within_cell_line,AUROC,0.9795377332219437,0.0005671737937758245,3,38.0,results/tahoe/bal15_drugs/random__gene_jepa__maccs__xrfm
random,gene_jepa,maccs,xrfm,full,none,overall,MCC,0.7247523406064292,0.0010478350416017,3,,results/tahoe/bal15_drugs/random__gene_jepa__maccs__xrfm
random,gene_jepa,maccs,xrfm,full,none,overall,AUROC,0.9659866131191432,0.0003733380029676,3,,results/tahoe/bal15_drugs/random__gene_jepa__maccs__xrfm
random,gene_jepa,materials,lightgbm,full,none,within_drug,MCC,0.5301678102055584,0.0034646224844958394,3,10.0,results/tahoe/bal15_drugs/random__gene_jepa__materials__lightgbm
random,gene_jepa,materials,lightgbm,full,none,within_drug,AUROC,0.9773806706725762,0.0002538157589837934,3,10.0,results/tahoe/bal15_drugs/random__gene_jepa__materials__lightgbm
random,gene_jepa,materials,lightgbm,full,none,within_cell_line,MCC,0.6828167731219467,0.0012742403271275595,3,38.0,results/tahoe/bal15_drugs/random__gene_jepa__materials__lightgbm
random,gene_jepa,materials,lightgbm,full,none,within_cell_line,AUROC,0.9649005229122188,0.0007833293998896468,3,38.0,results/tahoe/bal15_drugs/random__gene_jepa__materials__lightgbm
random,gene_jepa,materials,lightgbm,full,none,overall,MCC,0.6773955517522287,0.003181136575046,3,,results/tahoe/bal15_drugs/random__gene_jepa__materials__lightgbm
random,gene_jepa,materials,lightgbm,full,none,overall,AUROC,0.9526318607764392,0.0002390073778471,3,,results/tahoe/bal15_drugs/random__gene_jepa__materials__lightgbm
random,gene_jepa,materials,mlp,full,none,within_drug,MCC,0.7208734797532895,0.013599561713244434,3,10.0,results/tahoe/bal15_drugs/random__gene_jepa__materials__mlp
random,gene_jepa,materials,mlp,full,none,within_drug,AUROC,0.9860816806380929,0.003114320557681024,3,10.0,results/tahoe/bal15_drugs/random__gene_jepa__materials__mlp
random,gene_jepa,materials,mlp,full,none,within_cell_line,MCC,0.7879526010805605,0.0038925661794482324,3,38.0,results/tahoe/bal15_drugs/random__gene_jepa__materials__mlp
random,gene_jepa,materials,mlp,full,none,within_cell_line,AUROC,0.9835809430984871,0.0018076629843944297,3,38.0,results/tahoe/bal15_drugs/random__gene_jepa__materials__mlp
random,gene_jepa,materials,mlp,full,none,overall,MCC,0.7989067659951145,0.0150227181596115,3,,results/tahoe/bal15_drugs/random__gene_jepa__materials__mlp
random,gene_jepa,materials,mlp,full,none,overall,AUROC,0.9800267737617137,0.0033210215472203,3,,results/tahoe/bal15_drugs/random__gene_jepa__materials__mlp
random,gene_jepa,materials,xrfm,full,none,within_drug,MCC,0.610200700604664,0.01672204965801733,3,10.0,results/tahoe/bal15_drugs/random__gene_jepa__materials__xrfm
random,gene_jepa,materials,xrfm,full,none,within_drug,AUROC,0.9923038716587582,0.00012670595894817536,3,10.0,results/tahoe/bal15_drugs/random__gene_jepa__materials__xrfm
random,gene_jepa,materials,xrfm,full,none,within_cell_line,MCC,0.7445484505929182,0.00777688378771691,3,38.0,results/tahoe/bal15_drugs/random__gene_jepa__materials__xrfm
random,gene_jepa,materials,xrfm,full,none,within_cell_line,AUROC,0.9835120207927225,0.0003144745989324084,3,38.0,results/tahoe/bal15_drugs/random__gene_jepa__materials__xrfm
random,gene_jepa,materials,xrfm,full,none,overall,MCC,0.7283247685842213,0.0046127602162236,3,,results/tahoe/bal15_drugs/random__gene_jepa__materials__xrfm
random,gene_jepa,materials,xrfm,full,none,overall,AUROC,0.9670548862115128,0.0005205689627044,3,,results/tahoe/bal15_drugs/random__gene_jepa__materials__xrfm
random,gene_jepa,molformer,lightgbm,full,none,within_drug,MCC,0.524517027727762,0.005087289124986451,3,10.0,results/tahoe/bal15_drugs/random__gene_jepa__molformer__lightgbm
random,gene_jepa,molformer,lightgbm,full,none,within_drug,AUROC,0.9772736659285423,0.00016994346954927946,3,10.0,results/tahoe/bal15_drugs/random__gene_jepa__molformer__lightgbm
random,gene_jepa,molformer,lightgbm,full,none,within_cell_line,MCC,0.6812175198136527,0.001720419338584735,3,38.0,results/tahoe/bal15_drugs/random__gene_jepa__molformer__lightgbm
random,gene_jepa,molformer,lightgbm,full,none,within_cell_line,AUROC,0.9650623085491506,0.0010255170745736549,3,38.0,results/tahoe/bal15_drugs/random__gene_jepa__molformer__lightgbm
random,gene_jepa,molformer,lightgbm,full,none,overall,MCC,0.6739459869095134,0.0015171107313036,3,,results/tahoe/bal15_drugs/random__gene_jepa__molformer__lightgbm
random,gene_jepa,molformer,lightgbm,full,none,overall,AUROC,0.9526666666666668,0.0002708388000013,3,,results/tahoe/bal15_drugs/random__gene_jepa__molformer__lightgbm
random,gene_jepa,molformer,mlp,full,none,within_drug,MCC,0.7647342242804757,0.03096275761561054,3,10.0,results/tahoe/bal15_drugs/random__gene_jepa__molformer__mlp
random,gene_jepa,molformer,mlp,full,none,within_drug,AUROC,0.9912313274789527,0.0008534908965324209,3,10.0,results/tahoe/bal15_drugs/random__gene_jepa__molformer__mlp
random,gene_jepa,molformer,mlp,full,none,within_cell_line,MCC,0.8186459390881491,0.017625008085691823,3,38.0,results/tahoe/bal15_drugs/random__gene_jepa__molformer__mlp
random,gene_jepa,molformer,mlp,full,none,within_cell_line,AUROC,0.9867497834091402,0.0005793832882447589,3,38.0,results/tahoe/bal15_drugs/random__gene_jepa__molformer__mlp
random,gene_jepa,molformer,mlp,full,none,overall,MCC,0.8225135138285061,0.0096013190036631,3,,results/tahoe/bal15_drugs/random__gene_jepa__molformer__mlp
random,gene_jepa,molformer,mlp,full,none,overall,AUROC,0.9794859437751005,0.0008850054683506,3,,results/tahoe/bal15_drugs/random__gene_jepa__molformer__mlp
random,gene_jepa,molformer,xrfm,full,none,within_drug,MCC,0.6047893210388179,0.008201255653107956,3,10.0,results/tahoe/bal15_drugs/random__gene_jepa__molformer__xrfm
random,gene_jepa,molformer,xrfm,full,none,within_drug,AUROC,0.992220219636164,0.00017266825646646287,3,10.0,results/tahoe/bal15_drugs/random__gene_jepa__molformer__xrfm
random,gene_jepa,molformer,xrfm,full,none,within_cell_line,MCC,0.7432033634228365,0.003897281247721942,3,38.0,results/tahoe/bal15_drugs/random__gene_jepa__molformer__xrfm
random,gene_jepa,molformer,xrfm,full,none,within_cell_line,AUROC,0.9843019586002043,0.0004678107597637959,3,38.0,results/tahoe/bal15_drugs/random__gene_jepa__molformer__xrfm
random,gene_jepa,molformer,xrfm,full,none,overall,MCC,0.7262685244807612,0.0017731154204012,3,,results/tahoe/bal15_drugs/random__gene_jepa__molformer__xrfm
random,gene_jepa,molformer,xrfm,full,none,overall,AUROC,0.9664899598393576,8.688075362569415e-05,3,,results/tahoe/bal15_drugs/random__gene_jepa__molformer__xrfm
random,gene_jepa,morgan,lightgbm,full,none,within_drug,MCC,0.5305754954626326,0.0029598420352420097,3,10.0,results/tahoe/bal15_drugs/random__gene_jepa__morgan__lightgbm
random,gene_jepa,morgan,lightgbm,full,none,within_drug,AUROC,0.9744943372803526,0.0001734682745800986,3,10.0,results/tahoe/bal15_drugs/random__gene_jepa__morgan__lightgbm
random,gene_jepa,morgan,lightgbm,full,none,within_cell_line,MCC,0.6827134956292517,0.0009897966412562046,3,38.0,results/tahoe/bal15_drugs/random__gene_jepa__morgan__lightgbm
random,gene_jepa,morgan,lightgbm,full,none,within_cell_line,AUROC,0.9623806429654382,0.0005465226929705506,3,38.0,results/tahoe/bal15_drugs/random__gene_jepa__morgan__lightgbm
random,gene_jepa,morgan,lightgbm,full,none,overall,MCC,0.6775151053140771,0.000552754399217,3,,results/tahoe/bal15_drugs/random__gene_jepa__morgan__lightgbm
random,gene_jepa,morgan,lightgbm,full,none,overall,AUROC,0.949863453815261,0.0003018556110857,3,,results/tahoe/bal15_drugs/random__gene_jepa__morgan__lightgbm
random,gene_jepa,morgan,mlp,full,none,within_drug,MCC,0.8151046313087095,0.005108813806939088,3,10.0,results/tahoe/bal15_drugs/random__gene_jepa__morgan__mlp
random,gene_jepa,morgan,mlp,full,none,within_drug,AUROC,0.9880104894208855,0.0027802972946556256,3,10.0,results/tahoe/bal15_drugs/random__gene_jepa__morgan__mlp
random,gene_jepa,morgan,mlp,full,none,within_cell_line,MCC,0.8427644065239597,0.0009962752942333235,3,38.0,results/tahoe/bal15_drugs/random__gene_jepa__morgan__mlp
random,gene_jepa,morgan,mlp,full,none,within_cell_line,AUROC,0.98710027383273,0.0007730613296436694,3,38.0,results/tahoe/bal15_drugs/random__gene_jepa__morgan__mlp
random,gene_jepa,morgan,mlp,full,none,overall,MCC,0.8557159244809579,0.0079144074829431,3,,results/tahoe/bal15_drugs/random__gene_jepa__morgan__mlp
random,gene_jepa,morgan,mlp,full,none,overall,AUROC,0.9835850066934404,0.0005640882773636,3,,results/tahoe/bal15_drugs/random__gene_jepa__morgan__mlp
random,gene_jepa,morgan,xrfm,full,none,within_drug,MCC,0.6354700757410584,0.005902716921337295,3,10.0,results/tahoe/bal15_drugs/random__gene_jepa__morgan__xrfm
random,gene_jepa,morgan,xrfm,full,none,within_drug,AUROC,0.9917111330652967,0.0001901859098688909,3,10.0,results/tahoe/bal15_drugs/random__gene_jepa__morgan__xrfm
random,gene_jepa,morgan,xrfm,full,none,within_cell_line,MCC,0.7487332461180568,0.0014387318688669863,3,38.0,results/tahoe/bal15_drugs/random__gene_jepa__morgan__xrfm
random,gene_jepa,morgan,xrfm,full,none,within_cell_line,AUROC,0.9830982548965005,0.0004120319526725124,3,38.0,results/tahoe/bal15_drugs/random__gene_jepa__morgan__xrfm
random,gene_jepa,morgan,xrfm,full,none,overall,MCC,0.7445688276774151,0.0014748148313286,3,,results/tahoe/bal15_drugs/random__gene_jepa__morgan__xrfm
random,gene_jepa,morgan,xrfm,full,none,overall,AUROC,0.9683212851405624,0.0001717699055672,3,,results/tahoe/bal15_drugs/random__gene_jepa__morgan__xrfm
random,gformer_cancer,biomed,lightgbm,full,none,within_drug,MCC,0.8877166782121328,0.0006403761681969242,3,10.0,results/tahoe/bal15_drugs/random__gformer_cancer__biomed__lightgbm
random,gformer_cancer,biomed,lightgbm,full,none,within_drug,AUROC,0.9952272318246465,0.00010208215388932755,3,10.0,results/tahoe/bal15_drugs/random__gformer_cancer__biomed__lightgbm
random,gformer_cancer,biomed,lightgbm,full,none,within_cell_line,MCC,0.8944644245435213,0.001048019275365509,3,38.0,results/tahoe/bal15_drugs/random__gformer_cancer__biomed__lightgbm
random,gformer_cancer,biomed,lightgbm,full,none,within_cell_line,AUROC,0.9903810452056065,4.0610786224859474e-05,3,38.0,results/tahoe/bal15_drugs/random__gformer_cancer__biomed__lightgbm
random,gformer_cancer,biomed,lightgbm,full,none,overall,MCC,0.9068949052556036,0.0014793923644044,3,,results/tahoe/bal15_drugs/random__gformer_cancer__biomed__lightgbm
random,gformer_cancer,biomed,lightgbm,full,none,overall,AUROC,0.9917590361445782,5.1639361504629865e-05,3,,results/tahoe/bal15_drugs/random__gformer_cancer__biomed__lightgbm
random,gformer_cancer,biomed,mlp,full,none,within_drug,MCC,0.9724577989243226,0.001101876782368842,3,10.0,results/tahoe/bal15_drugs/random__gformer_cancer__biomed__mlp
random,gformer_cancer,biomed,mlp,full,none,within_drug,AUROC,0.9999530921753145,4.690782468563803e-05,3,10.0,results/tahoe/bal15_drugs/random__gformer_cancer__biomed__mlp
random,gformer_cancer,biomed,mlp,full,none,within_cell_line,MCC,0.9760435383279878,0.0007231867109975602,3,38.0,results/tahoe/bal15_drugs/random__gformer_cancer__biomed__mlp
random,gformer_cancer,biomed,mlp,full,none,within_cell_line,AUROC,0.9972113926792289,0.0006187131731658468,3,38.0,results/tahoe/bal15_drugs/random__gformer_cancer__biomed__mlp
random,gformer_cancer,biomed,mlp,full,none,overall,MCC,0.9766036464546498,9.748705544302776e-07,3,,results/tahoe/bal15_drugs/random__gformer_cancer__biomed__mlp
random,gformer_cancer,biomed,mlp,full,none,overall,AUROC,0.9997483266398928,5.354752342719611e-06,3,,results/tahoe/bal15_drugs/random__gformer_cancer__biomed__mlp
random,gformer_cancer,biomed,xrfm,full,none,within_drug,MCC,0.9651920835792257,0.0010531542099667507,3,10.0,results/tahoe/bal15_drugs/random__gformer_cancer__biomed__xrfm
random,gformer_cancer,biomed,xrfm,full,none,within_drug,AUROC,0.998902140113188,8.514836272015074e-05,3,10.0,results/tahoe/bal15_drugs/random__gformer_cancer__biomed__xrfm
random,gformer_cancer,biomed,xrfm,full,none,within_cell_line,MCC,0.9700370477265278,0.0008290232804734967,3,38.0,results/tahoe/bal15_drugs/random__gformer_cancer__biomed__xrfm
random,gformer_cancer,biomed,xrfm,full,none,within_cell_line,AUROC,0.9956004981589777,0.00013332328624913634,3,38.0,results/tahoe/bal15_drugs/random__gformer_cancer__biomed__xrfm
random,gformer_cancer,biomed,xrfm,full,none,overall,MCC,0.9699187388813753,0.0009616899659935,3,,results/tahoe/bal15_drugs/random__gformer_cancer__biomed__xrfm
random,gformer_cancer,biomed,xrfm,full,none,overall,AUROC,0.9976251673360108,0.0001781813454562,3,,results/tahoe/bal15_drugs/random__gformer_cancer__biomed__xrfm
random,gformer_cancer,chemberta,lightgbm,full,none,within_drug,MCC,0.8889220560662329,0.0011746563273064765,3,10.0,results/tahoe/bal15_drugs/random__gformer_cancer__chemberta__lightgbm
random,gformer_cancer,chemberta,lightgbm,full,none,within_drug,AUROC,0.9952334137617931,0.00014438197126399446,3,10.0,results/tahoe/bal15_drugs/random__gformer_cancer__chemberta__lightgbm
random,gformer_cancer,chemberta,lightgbm,full,none,within_cell_line,MCC,0.896099109675029,0.0018825728178579221,3,38.0,results/tahoe/bal15_drugs/random__gformer_cancer__chemberta__lightgbm
random,gformer_cancer,chemberta,lightgbm,full,none,within_cell_line,AUROC,0.9903404344193817,0.0,3,38.0,results/tahoe/bal15_drugs/random__gformer_cancer__chemberta__lightgbm
random,gformer_cancer,chemberta,lightgbm,full,none,overall,MCC,0.908006808788986,0.0009687169126049,3,,results/tahoe/bal15_drugs/random__gformer_cancer__chemberta__lightgbm
random,gformer_cancer,chemberta,lightgbm,full,none,overall,AUROC,0.9918313253012048,8.500405818679384e-05,3,,results/tahoe/bal15_drugs/random__gformer_cancer__chemberta__lightgbm
random,gformer_cancer,chemberta,mlp,full,none,within_drug,MCC,0.9724544813255794,0.0010126466515730716,3,10.0,results/tahoe/bal15_drugs/random__gformer_cancer__chemberta__mlp
random,gformer_cancer,chemberta,mlp,full,none,within_drug,AUROC,0.9999094677117134,5.061188136050176e-05,3,10.0,results/tahoe/bal15_drugs/random__gformer_cancer__chemberta__mlp
random,gformer_cancer,chemberta,mlp,full,none,within_cell_line,MCC,0.975974665884577,0.0006565433074834309,3,38.0,results/tahoe/bal15_drugs/random__gformer_cancer__chemberta__mlp
random,gformer_cancer,chemberta,mlp,full,none,within_cell_line,AUROC,0.9975362789690275,0.0005419845467610812,3,38.0,results/tahoe/bal15_drugs/random__gformer_cancer__chemberta__mlp
random,gformer_cancer,chemberta,mlp,full,none,overall,MCC,0.9766036464546498,9.748705544302776e-07,3,,results/tahoe/bal15_drugs/random__gformer_cancer__chemberta__mlp
random,gformer_cancer,chemberta,mlp,full,none,overall,AUROC,0.9997483266398928,1.1670412164771515e-05,3,,results/tahoe/bal15_drugs/random__gformer_cancer__chemberta__mlp
random,gformer_cancer,chemberta,xrfm,full,none,within_drug,MCC,0.9694316636181929,0.0006114118181284784,3,10.0,results/tahoe/bal15_drugs/random__gformer_cancer__chemberta__xrfm
random,gformer_cancer,chemberta,xrfm,full,none,within_drug,AUROC,0.9988280335270393,5.4866570962404166e-05,3,10.0,results/tahoe/bal15_drugs/random__gformer_cancer__chemberta__xrfm
random,gformer_cancer,chemberta,xrfm,full,none,within_cell_line,MCC,0.9736709807615983,0.0005815827908082957,3,38.0,results/tahoe/bal15_drugs/random__gformer_cancer__chemberta__xrfm
random,gformer_cancer,chemberta,xrfm,full,none,within_cell_line,AUROC,0.9946258392895819,0.00010829542993288459,3,38.0,results/tahoe/bal15_drugs/random__gformer_cancer__chemberta__xrfm
random,gformer_cancer,chemberta,xrfm,full,none,overall,MCC,0.9738130871450722,0.0005567771553907,3,,results/tahoe/bal15_drugs/random__gformer_cancer__chemberta__xrfm
random,gformer_cancer,chemberta,xrfm,full,none,overall,AUROC,0.997461847389558,0.0001125453791538,3,,results/tahoe/bal15_drugs/random__gformer_cancer__chemberta__xrfm
random,gformer_cancer,maccs,lightgbm,full,none,within_drug,MCC,0.875765548354754,0.0005566799414481292,3,10.0,results/tahoe/bal15_drugs/random__gformer_cancer__maccs__lightgbm
random,gformer_cancer,maccs,lightgbm,full,none,within_drug,AUROC,0.9944216328672392,0.00010319113693026627,3,10.0,results/tahoe/bal15_drugs/random__gformer_cancer__maccs__lightgbm
random,gformer_cancer,maccs,lightgbm,full,none,within_cell_line,MCC,0.8840019016366446,0.000425445242339153,3,38.0,results/tahoe/bal15_drugs/random__gformer_cancer__maccs__lightgbm
random,gformer_cancer,maccs,lightgbm,full,none,within_cell_line,AUROC,0.9883965314520871,0.0003138270017735246,3,38.0,results/tahoe/bal15_drugs/random__gformer_cancer__maccs__lightgbm
random,gformer_cancer,maccs,lightgbm,full,none,overall,MCC,0.8990926892559742,0.0014940169200517,3,,results/tahoe/bal15_drugs/random__gformer_cancer__maccs__lightgbm
random,gformer_cancer,maccs,lightgbm,full,none,overall,AUROC,0.9901499330655956,4.6681648659073336e-05,3,,results/tahoe/bal15_drugs/random__gformer_cancer__maccs__lightgbm
random,gformer_cancer,maccs,mlp,full,none,within_drug,MCC,0.9719184980212168,0.0006320053833834457,3,10.0,results/tahoe/bal15_drugs/random__gformer_cancer__maccs__mlp
random,gformer_cancer,maccs,mlp,full,none,within_drug,AUROC,0.9999875296171593,1.247038284072725e-05,3,10.0,results/tahoe/bal15_drugs/random__gformer_cancer__maccs__mlp
random,gformer_cancer,maccs,mlp,full,none,within_cell_line,MCC,0.9755989835568157,0.0003824186068004387,3,38.0,results/tahoe/bal15_drugs/random__gformer_cancer__maccs__mlp
random,gformer_cancer,maccs,mlp,full,none,within_cell_line,AUROC,0.9975092051115443,0.00018951700238248196,3,38.0,results/tahoe/bal15_drugs/random__gformer_cancer__maccs__mlp
random,gformer_cancer,maccs,mlp,full,none,overall,MCC,0.9760452947020872,0.0005593266231168,3,,results/tahoe/bal15_drugs/random__gformer_cancer__maccs__mlp
random,gformer_cancer,maccs,mlp,full,none,overall,AUROC,0.9997536813922356,1.1670412164763028e-05,3,,results/tahoe/bal15_drugs/random__gformer_cancer__maccs__mlp
random,gformer_cancer,maccs,xrfm,full,none,within_drug,MCC,0.9652613951004785,0.0009938512117264394,3,10.0,results/tahoe/bal15_drugs/random__gformer_cancer__maccs__xrfm
random,gformer_cancer,maccs,xrfm,full,none,within_drug,AUROC,0.9988475442274023,8.455685574147139e-05,3,10.0,results/tahoe/bal15_drugs/random__gformer_cancer__maccs__xrfm
random,gformer_cancer,maccs,xrfm,full,none,within_cell_line,MCC,0.9698078050778034,0.0010321248804746339,3,38.0,results/tahoe/bal15_drugs/random__gformer_cancer__maccs__xrfm
random,gformer_cancer,maccs,xrfm,full,none,within_cell_line,AUROC,0.9947205977907733,0.0001464242720704938,3,38.0,results/tahoe/bal15_drugs/random__gformer_cancer__maccs__xrfm
random,gformer_cancer,maccs,xrfm,full,none,overall,MCC,0.969918738881375,1.54591201887803e-06,3,,results/tahoe/bal15_drugs/random__gformer_cancer__maccs__xrfm
random,gformer_cancer,maccs,xrfm,full,none,overall,AUROC,0.9974457831325302,0.0002165697793207,3,,results/tahoe/bal15_drugs/random__gformer_cancer__maccs__xrfm
random,gformer_cancer,materials,lightgbm,full,none,within_drug,MCC,0.8890542110162425,0.001289163766299719,3,10.0,results/tahoe/bal15_drugs/random__gformer_cancer__materials__lightgbm
random,gformer_cancer,materials,lightgbm,full,none,within_drug,AUROC,0.9952497677105385,9.250013225324451e-05,3,10.0,results/tahoe/bal15_drugs/random__gformer_cancer__materials__lightgbm
random,gformer_cancer,materials,lightgbm,full,none,within_cell_line,MCC,0.8955625069342706,0.0008142138660966594,3,38.0,results/tahoe/bal15_drugs/random__gformer_cancer__materials__lightgbm
random,gformer_cancer,materials,lightgbm,full,none,within_cell_line,AUROC,0.9903404344193817,0.0,3,38.0,results/tahoe/bal15_drugs/random__gformer_cancer__materials__lightgbm
random,gformer_cancer,materials,lightgbm,full,none,overall,MCC,0.9080186463247718,0.0019430237110983,3,,results/tahoe/bal15_drugs/random__gformer_cancer__materials__lightgbm
random,gformer_cancer,materials,lightgbm,full,none,overall,AUROC,0.9918955823293172,7.46311103869788e-05,3,,results/tahoe/bal15_drugs/random__gformer_cancer__materials__lightgbm
random,gformer_cancer,materials,mlp,full,none,within_drug,MCC,0.9732898695779127,0.0005902196597507938,3,10.0,results/tahoe/bal15_drugs/random__gformer_cancer__materials__mlp
random,gformer_cancer,materials,mlp,full,none,within_drug,AUROC,0.9998400102822166,0.00010663219922390181,3,10.0,results/tahoe/bal15_drugs/random__gformer_cancer__materials__mlp
random,gformer_cancer,materials,mlp,full,none,within_cell_line,MCC,0.9761921629740709,0.0006083317785102026,3,38.0,results/tahoe/bal15_drugs/random__gformer_cancer__materials__mlp
random,gformer_cancer,materials,mlp,full,none,within_cell_line,AUROC,0.9965345462421485,0.0004789854346154304,3,38.0,results/tahoe/bal15_drugs/random__gformer_cancer__materials__mlp
random,gformer_cancer,materials,mlp,full,none,overall,MCC,0.9771692470393591,0.0005646257141548,3,,results/tahoe/bal15_drugs/random__gformer_cancer__materials__mlp
random,gformer_cancer,materials,mlp,full,none,overall,AUROC,0.9997376171352076,5.354752342719611e-06,3,,results/tahoe/bal15_drugs/random__gformer_cancer__materials__mlp
random,gformer_cancer,materials,xrfm,full,none,within_drug,MCC,0.968213925826995,0.0006063259730694955,3,10.0,results/tahoe/bal15_drugs/random__gformer_cancer__materials__xrfm
random,gformer_cancer,materials,xrfm,full,none,within_drug,AUROC,0.9990550965031252,7.182244757722789e-05,3,10.0,results/tahoe/bal15_drugs/random__gformer_cancer__materials__xrfm
random,gformer_cancer,materials,xrfm,full,none,within_cell_line,MCC,0.9725558190154927,0.0005335789552972278,3,38.0,results/tahoe/bal15_drugs/random__gformer_cancer__materials__xrfm
random,gformer_cancer,materials,xrfm,full,none,within_cell_line,AUROC,0.9951673164392464,0.00039443367674715183,3,38.0,results/tahoe/bal15_drugs/random__gformer_cancer__materials__xrfm
random,gformer_cancer,materials,xrfm,full,none,overall,MCC,0.9726995328342908,0.0014730938888457,3,,results/tahoe/bal15_drugs/random__gformer_cancer__materials__xrfm
random,gformer_cancer,materials,xrfm,full,none,overall,AUROC,0.9972235609103078,0.0001415975134905,3,,results/tahoe/bal15_drugs/random__gformer_cancer__materials__xrfm
random,gformer_cancer,molformer,lightgbm,full,none,within_drug,MCC,0.8879097126359357,0.0016540498882199972,3,10.0,results/tahoe/bal15_drugs/random__gformer_cancer__molformer__lightgbm
random,gformer_cancer,molformer,lightgbm,full,none,within_drug,AUROC,0.99540538116307,0.00018159722906244328,3,10.0,results/tahoe/bal15_drugs/random__gformer_cancer__molformer__lightgbm
random,gformer_cancer,molformer,lightgbm,full,none,within_cell_line,MCC,0.8953287504643663,0.002259572924950613,3,38.0,results/tahoe/bal15_drugs/random__gformer_cancer__molformer__lightgbm
random,gformer_cancer,molformer,lightgbm,full,none,within_cell_line,AUROC,0.9903810452056065,4.0610786224859474e-05,3,38.0,results/tahoe/bal15_drugs/random__gformer_cancer__molformer__lightgbm
random,gformer_cancer,molformer,lightgbm,full,none,overall,MCC,0.9068961845936596,0.0015074117469006,3,,results/tahoe/bal15_drugs/random__gformer_cancer__molformer__lightgbm
random,gformer_cancer,molformer,lightgbm,full,none,overall,AUROC,0.9920214190093708,9.731074615997536e-05,3,,results/tahoe/bal15_drugs/random__gformer_cancer__molformer__lightgbm
random,gformer_cancer,molformer,mlp,full,none,within_drug,MCC,0.9725505034046001,0.0,3,10.0,results/tahoe/bal15_drugs/random__gformer_cancer__molformer__mlp
random,gformer_cancer,molformer,mlp,full,none,within_drug,AUROC,0.9998618292866658,3.903330941476724e-05,3,10.0,results/tahoe/bal15_drugs/random__gformer_cancer__molformer__mlp
random,gformer_cancer,molformer,mlp,full,none,within_cell_line,MCC,0.9759814021636162,0.0,3,38.0,results/tahoe/bal15_drugs/random__gformer_cancer__molformer__mlp
random,gformer_cancer,molformer,mlp,full,none,within_cell_line,AUROC,0.9971437080355209,0.0001880610243319375,3,38.0,results/tahoe/bal15_drugs/random__gformer_cancer__molformer__mlp
random,gformer_cancer,molformer,mlp,full,none,overall,MCC,0.9766046213252044,0.0009687821292644,3,,results/tahoe/bal15_drugs/random__gformer_cancer__molformer__mlp
random,gformer_cancer,molformer,mlp,full,none,overall,AUROC,0.999710843373494,1.2269278969103142e-05,3,,results/tahoe/bal15_drugs/random__gformer_cancer__molformer__mlp
random,gformer_cancer,molformer,xrfm,full,none,within_drug,MCC,0.9706544872544498,0.0,3,10.0,results/tahoe/bal15_drugs/random__gformer_cancer__molformer__xrfm
random,gformer_cancer,molformer,xrfm,full,none,within_drug,AUROC,0.9989831992034536,8.578171846063976e-05,3,10.0,results/tahoe/bal15_drugs/random__gformer_cancer__molformer__xrfm
random,gformer_cancer,molformer,xrfm,full,none,within_cell_line,MCC,0.9748341463432149,0.0,3,38.0,results/tahoe/bal15_drugs/random__gformer_cancer__molformer__xrfm
random,gformer_cancer,molformer,xrfm,full,none,within_cell_line,AUROC,0.9950860948667964,0.00023092270561557272,3,38.0,results/tahoe/bal15_drugs/random__gformer_cancer__molformer__xrfm
random,gformer_cancer,molformer,xrfm,full,none,overall,MCC,0.9749266414558536,0.0,3,,results/tahoe/bal15_drugs/random__gformer_cancer__molformer__xrfm
random,gformer_cancer,molformer,xrfm,full,none,overall,AUROC,0.9972449799196786,7.662162260379801e-05,3,,results/tahoe/bal15_drugs/random__gformer_cancer__molformer__xrfm
random,gformer_cancer,morgan,lightgbm,full,none,within_drug,MCC,0.8660844566079701,0.0028174846588332413,3,10.0,results/tahoe/bal15_drugs/random__gformer_cancer__morgan__lightgbm
random,gformer_cancer,morgan,lightgbm,full,none,within_drug,AUROC,0.9946876992270305,0.00010113328978464568,3,10.0,results/tahoe/bal15_drugs/random__gformer_cancer__morgan__lightgbm
random,gformer_cancer,morgan,lightgbm,full,none,within_cell_line,MCC,0.8787256122028997,0.0022898100891253115,3,38.0,results/tahoe/bal15_drugs/random__gformer_cancer__morgan__lightgbm
random,gformer_cancer,morgan,lightgbm,full,none,within_cell_line,AUROC,0.9883521303258146,0.00011695906432747835,3,38.0,results/tahoe/bal15_drugs/random__gformer_cancer__morgan__lightgbm
random,gformer_cancer,morgan,lightgbm,full,none,overall,MCC,0.8929789214221867,0.0019522965276444,3,,results/tahoe/bal15_drugs/random__gformer_cancer__morgan__lightgbm
random,gformer_cancer,morgan,lightgbm,full,none,overall,AUROC,0.9906345381526104,6.375304364013385e-05,3,,results/tahoe/bal15_drugs/random__gformer_cancer__morgan__lightgbm
random,gformer_cancer,morgan,mlp,full,none,within_drug,MCC,0.9719184980212168,0.0006320053833834457,3,10.0,results/tahoe/bal15_drugs/random__gformer_cancer__morgan__mlp
random,gformer_cancer,morgan,mlp,full,none,within_drug,AUROC,0.9999372720630714,1.7363009786967236e-05,3,10.0,results/tahoe/bal15_drugs/random__gformer_cancer__morgan__mlp
random,gformer_cancer,morgan,mlp,full,none,within_cell_line,MCC,0.9755989835568157,0.0003824186068004387,3,38.0,results/tahoe/bal15_drugs/random__gformer_cancer__morgan__mlp
random,gformer_cancer,morgan,mlp,full,none,within_cell_line,AUROC,0.9972790773229371,0.0004618454112311259,3,38.0,results/tahoe/bal15_drugs/random__gformer_cancer__morgan__mlp
random,gformer_cancer,morgan,mlp,full,none,overall,MCC,0.9760452947020872,0.0005593266231168,3,,results/tahoe/bal15_drugs/random__gformer_cancer__morgan__mlp
random,gformer_cancer,morgan,mlp,full,none,overall,AUROC,0.9997617135207496,5.354752342719611e-06,3,,results/tahoe/bal15_drugs/random__gformer_cancer__morgan__mlp
random,gformer_cancer,morgan,xrfm,full,none,within_drug,MCC,0.9700430754363213,0.0006114118181284784,3,10.0,results/tahoe/bal15_drugs/random__gformer_cancer__morgan__xrfm
random,gformer_cancer,morgan,xrfm,full,none,within_drug,AUROC,0.9987942829328732,0.00011668807195048082,3,10.0,results/tahoe/bal15_drugs/random__gformer_cancer__morgan__xrfm
random,gformer_cancer,morgan,xrfm,full,none,within_cell_line,MCC,0.9742525635524065,0.0005815827908082957,3,38.0,results/tahoe/bal15_drugs/random__gformer_cancer__morgan__xrfm
random,gformer_cancer,morgan,xrfm,full,none,within_cell_line,AUROC,0.9947205977907733,0.00010744604089771584,3,38.0,results/tahoe/bal15_drugs/random__gformer_cancer__morgan__xrfm
random,gformer_cancer,morgan,xrfm,full,none,overall,MCC,0.9743698643004628,0.0005567771553907,3,,results/tahoe/bal15_drugs/random__gformer_cancer__morgan__xrfm
random,gformer_cancer,morgan,xrfm,full,none,overall,AUROC,0.9972556894243642,8.766107386213523e-05,3,,results/tahoe/bal15_drugs/random__gformer_cancer__morgan__xrfm
random,pca,biomed,lightgbm,full,none,within_drug,MCC,0.9706544872544498,0.0,3,10.0,results/tahoe/bal15_drugs/random__pca__biomed__lightgbm
random,pca,biomed,lightgbm,full,none,within_drug,AUROC,1.0,0.0,3,10.0,results/tahoe/bal15_drugs/random__pca__biomed__lightgbm
random,pca,biomed,lightgbm,full,none,within_cell_line,MCC,0.9748341463432149,0.0,3,38.0,results/tahoe/bal15_drugs/random__pca__biomed__lightgbm
random,pca,biomed,lightgbm,full,none,within_cell_line,AUROC,0.9973738358241282,0.00021659085986569515,3,38.0,results/tahoe/bal15_drugs/random__pca__biomed__lightgbm
random,pca,biomed,lightgbm,full,none,overall,MCC,0.9749266414558536,0.0,3,,results/tahoe/bal15_drugs/random__pca__biomed__lightgbm
random,pca,biomed,lightgbm,full,none,overall,AUROC,0.9997402945113788,9.65341706954324e-06,3,,results/tahoe/bal15_drugs/random__pca__biomed__lightgbm
random,pca,biomed,mlp,full,none,within_drug,MCC,0.9706544872544498,0.0,3,10.0,results/tahoe/bal15_drugs/random__pca__biomed__mlp
random,pca,biomed,mlp,full,none,within_drug,AUROC,0.9999152600808374,1.7481599889030985e-05,3,10.0,results/tahoe/bal15_drugs/random__pca__biomed__mlp
random,pca,biomed,mlp,full,none,within_cell_line,MCC,0.9748341463432149,0.0,3,38.0,results/tahoe/bal15_drugs/random__pca__biomed__mlp
random,pca,biomed,mlp,full,none,within_cell_line,AUROC,0.9978611652588261,0.00013332328624913634,3,38.0,results/tahoe/bal15_drugs/random__pca__biomed__mlp
random,pca,biomed,mlp,full,none,overall,MCC,0.9749266414558536,0.0,3,,results/tahoe/bal15_drugs/random__pca__biomed__mlp
random,pca,biomed,mlp,full,none,overall,AUROC,0.9997215528781794,1.0709504685402216e-05,3,,results/tahoe/bal15_drugs/random__pca__biomed__mlp
random,pca,biomed,xrfm,full,none,within_drug,MCC,0.9696011622348667,0.0010533250195832178,3,10.0,results/tahoe/bal15_drugs/random__pca__biomed__xrfm
random,pca,biomed,xrfm,full,none,within_drug,AUROC,0.9998269110861703,1.622616873161083e-05,3,10.0,results/tahoe/bal15_drugs/random__pca__biomed__xrfm
random,pca,biomed,xrfm,full,none,within_cell_line,MCC,0.9734758503320614,0.001358296011153374,3,38.0,results/tahoe/bal15_drugs/random__pca__biomed__xrfm
random,pca,biomed,xrfm,full,none,within_cell_line,AUROC,0.9982943469785575,7.03399450767108e-05,3,38.0,results/tahoe/bal15_drugs/random__pca__biomed__xrfm
random,pca,biomed,xrfm,full,none,overall,MCC,0.9743712047211336,0.00055543673472,3,,results/tahoe/bal15_drugs/random__pca__biomed__xrfm
random,pca,biomed,xrfm,full,none,overall,AUROC,0.9995394912985276,7.27832782815303e-05,3,,results/tahoe/bal15_drugs/random__pca__biomed__xrfm
random,pca,chemberta,lightgbm,full,none,within_drug,MCC,0.9706544872544498,0.0,3,10.0,results/tahoe/bal15_drugs/random__pca__chemberta__lightgbm
random,pca,chemberta,lightgbm,full,none,within_drug,AUROC,1.0,0.0,3,10.0,results/tahoe/bal15_drugs/random__pca__chemberta__lightgbm
random,pca,chemberta,lightgbm,full,none,within_cell_line,MCC,0.9748341463432149,0.0,3,38.0,results/tahoe/bal15_drugs/random__pca__chemberta__lightgbm
random,pca,chemberta,lightgbm,full,none,within_cell_line,AUROC,0.9977799436863765,2.7073857483165636e-05,3,38.0,results/tahoe/bal15_drugs/random__pca__chemberta__lightgbm
random,pca,chemberta,lightgbm,full,none,overall,MCC,0.9749266414558536,0.0,3,,results/tahoe/bal15_drugs/random__pca__chemberta__lightgbm
random,pca,chemberta,lightgbm,full,none,overall,AUROC,0.9997483266398928,5.354752342719611e-06,3,,results/tahoe/bal15_drugs/random__pca__chemberta__lightgbm
random,pca,chemberta,mlp,full,none,within_drug,MCC,0.9706544872544498,0.0,3,10.0,results/tahoe/bal15_drugs/random__pca__chemberta__mlp
random,pca,chemberta,mlp,full,none,within_drug,AUROC,0.9999489154434689,5.108455653117054e-05,3,10.0,results/tahoe/bal15_drugs/random__pca__chemberta__mlp
random,pca,chemberta,mlp,full,none,within_cell_line,MCC,0.9748341463432149,0.0,3,38.0,results/tahoe/bal15_drugs/random__pca__chemberta__mlp
random,pca,chemberta,mlp,full,none,within_cell_line,AUROC,0.9981319038336581,0.00010744604089765991,3,38.0,results/tahoe/bal15_drugs/random__pca__chemberta__mlp
random,pca,chemberta,mlp,full,none,overall,MCC,0.9749266414558536,0.0,3,,results/tahoe/bal15_drugs/random__pca__chemberta__mlp
random,pca,chemberta,mlp,full,none,overall,AUROC,0.9997429718875502,8.032128514079417e-06,3,,results/tahoe/bal15_drugs/random__pca__chemberta__mlp
random,pca,chemberta,xrfm,full,none,within_drug,MCC,0.9697326495747429,0.0009218376797068089,3,10.0,results/tahoe/bal15_drugs/random__pca__chemberta__xrfm
random,pca,chemberta,xrfm,full,none,within_drug,AUROC,0.9997311622453234,2.4897967990553042e-05,3,10.0,results/tahoe/bal15_drugs/random__pca__chemberta__xrfm
random,pca,chemberta,xrfm,full,none,within_cell_line,MCC,0.9742525635524065,0.0005815827908082957,3,38.0,results/tahoe/bal15_drugs/random__pca__chemberta__xrfm
random,pca,chemberta,xrfm,full,none,within_cell_line,AUROC,0.9988222871994803,8.122157244964492e-05,3,38.0,results/tahoe/bal15_drugs/random__pca__chemberta__xrfm
random,pca,chemberta,xrfm,full,none,overall,MCC,0.9743712047211336,0.00055543673472,3,,results/tahoe/bal15_drugs/random__pca__chemberta__xrfm
random,pca,chemberta,xrfm,full,none,overall,AUROC,0.9994752342704152,2.554054086794495e-05,3,,results/tahoe/bal15_drugs/random__pca__chemberta__xrfm
random,pca,maccs,lightgbm,full,none,within_drug,MCC,0.9706544872544498,0.0,3,10.0,results/tahoe/bal15_drugs/random__pca__maccs__lightgbm
random,pca,maccs,lightgbm,full,none,within_drug,AUROC,1.0,0.0,3,10.0,results/tahoe/bal15_drugs/random__pca__maccs__lightgbm
random,pca,maccs,lightgbm,full,none,within_cell_line,MCC,0.9748341463432149,0.0,3,38.0,results/tahoe/bal15_drugs/random__pca__maccs__lightgbm
random,pca,maccs,lightgbm,full,none,within_cell_line,AUROC,0.997482131254061,0.00018757318687120743,3,38.0,results/tahoe/bal15_drugs/random__pca__maccs__lightgbm
random,pca,maccs,lightgbm,full,none,overall,MCC,0.9749266414558536,0.0,3,,results/tahoe/bal15_drugs/random__pca__maccs__lightgbm
random,pca,maccs,lightgbm,full,none,overall,AUROC,0.9997402945113788,9.65341706954324e-06,3,,results/tahoe/bal15_drugs/random__pca__maccs__lightgbm
random,pca,maccs,mlp,full,none,within_drug,MCC,0.9706544872544498,0.0,3,10.0,results/tahoe/bal15_drugs/random__pca__maccs__mlp
random,pca,maccs,mlp,full,none,within_drug,AUROC,0.9999576300404187,3.0254499059067504e-05,3,10.0,results/tahoe/bal15_drugs/random__pca__maccs__mlp
random,pca,maccs,mlp,full,none,within_cell_line,MCC,0.9748341463432149,0.0,3,38.0,results/tahoe/bal15_drugs/random__pca__maccs__mlp
random,pca,maccs,mlp,full,none,within_cell_line,AUROC,0.9980506822612085,0.0001406798901534216,3,38.0,results/tahoe/bal15_drugs/random__pca__maccs__mlp
random,pca,maccs,mlp,full,none,overall,MCC,0.9749266414558536,0.0,3,,results/tahoe/bal15_drugs/random__pca__maccs__mlp
random,pca,maccs,mlp,full,none,overall,AUROC,0.9997376171352076,5.354752342719611e-06,3,,results/tahoe/bal15_drugs/random__pca__maccs__mlp
random,pca,maccs,xrfm,full,none,within_drug,MCC,0.9697326495747429,0.0009218376797068089,3,10.0,results/tahoe/bal15_drugs/random__pca__maccs__xrfm
random,pca,maccs,xrfm,full,none,within_drug,AUROC,0.9998605664488017,8.714596949917682e-06,3,10.0,results/tahoe/bal15_drugs/random__pca__maccs__xrfm
random,pca,maccs,xrfm,full,none,within_cell_line,MCC,0.9740124530728198,0.0008216932703950519,3,38.0,results/tahoe/bal15_drugs/random__pca__maccs__xrfm
random,pca,maccs,xrfm,full,none,within_cell_line,AUROC,0.9984567901234568,0.00017701831317170084,3,38.0,results/tahoe/bal15_drugs/random__pca__maccs__xrfm
random,pca,maccs,xrfm,full,none,overall,MCC,0.9743712047211336,0.00055543673472,3,,results/tahoe/bal15_drugs/random__pca__maccs__xrfm
random,pca,maccs,xrfm,full,none,overall,AUROC,0.9995689424364124,3.087700828561641e-05,3,,results/tahoe/bal15_drugs/random__pca__maccs__xrfm
random,pca,materials,lightgbm,full,none,within_drug,MCC,0.9706544872544498,0.0,3,10.0,results/tahoe/bal15_drugs/random__pca__materials__lightgbm
random,pca,materials,lightgbm,full,none,within_drug,AUROC,0.9999912854030502,8.714596949917682e-06,3,10.0,results/tahoe/bal15_drugs/random__pca__materials__lightgbm
random,pca,materials,lightgbm,full,none,within_cell_line,MCC,0.9748341463432149,0.0,3,38.0,results/tahoe/bal15_drugs/random__pca__materials__lightgbm
random,pca,materials,lightgbm,full,none,within_cell_line,AUROC,0.9977393329001516,6.768464370802511e-05,3,38.0,results/tahoe/bal15_drugs/random__pca__materials__lightgbm
random,pca,materials,lightgbm,full,none,overall,MCC,0.9749266414558536,0.0,3,,results/tahoe/bal15_drugs/random__pca__materials__lightgbm
random,pca,materials,lightgbm,full,none,overall,AUROC,0.9997456492637216,7.083671515588301e-06,3,,results/tahoe/bal15_drugs/random__pca__materials__lightgbm
random,pca,materials,mlp,full,none,within_drug,MCC,0.9706544872544498,0.0,3,10.0,results/tahoe/bal15_drugs/random__pca__materials__mlp
random,pca,materials,mlp,full,none,within_drug,AUROC,0.9998320328412502,4.621524287577885e-05,3,10.0,results/tahoe/bal15_drugs/random__pca__materials__mlp
random,pca,materials,mlp,full,none,within_cell_line,MCC,0.9748341463432149,0.0,3,38.0,results/tahoe/bal15_drugs/random__pca__materials__mlp
random,pca,materials,mlp,full,none,within_cell_line,AUROC,0.998172514619883,0.0003654970760233652,3,38.0,results/tahoe/bal15_drugs/random__pca__materials__mlp
random,pca,materials,mlp,full,none,overall,MCC,0.9749266414558536,0.0,3,,results/tahoe/bal15_drugs/random__pca__materials__mlp
random,pca,materials,mlp,full,none,overall,AUROC,0.9997376171352076,1.4167343031141632e-05,3,,results/tahoe/bal15_drugs/random__pca__materials__mlp
random,pca,materials,xrfm,full,none,within_drug,MCC,0.9697326495747429,0.0009218376797068089,3,10.0,results/tahoe/bal15_drugs/random__pca__materials__xrfm
random,pca,materials,xrfm,full,none,within_drug,AUROC,0.9997068162937865,8.102956526730044e-05,3,10.0,results/tahoe/bal15_drugs/random__pca__materials__xrfm
random,pca,materials,xrfm,full,none,within_cell_line,MCC,0.9748341463432149,0.0,3,38.0,results/tahoe/bal15_drugs/random__pca__materials__xrfm
random,pca,materials,xrfm,full,none,within_cell_line,AUROC,0.9983349577647824,0.00021489208179537573,3,38.0,results/tahoe/bal15_drugs/random__pca__materials__xrfm
random,pca,materials,xrfm,full,none,overall,MCC,0.9743712047211336,0.00055543673472,3,,results/tahoe/bal15_drugs/random__pca__materials__xrfm
random,pca,materials,xrfm,full,none,overall,AUROC,0.999528781793842,5.798235027500765e-05,3,,results/tahoe/bal15_drugs/random__pca__materials__xrfm
random,pca,molformer,lightgbm,full,none,within_drug,MCC,0.9706544872544498,0.0,3,10.0,results/tahoe/bal15_drugs/random__pca__molformer__lightgbm
random,pca,molformer,lightgbm,full,none,within_drug,AUROC,1.0,0.0,3,10.0,results/tahoe/bal15_drugs/random__pca__molformer__lightgbm
random,pca,molformer,lightgbm,full,none,within_cell_line,MCC,0.9748341463432149,0.0,3,38.0,results/tahoe/bal15_drugs/random__pca__molformer__lightgbm
random,pca,molformer,lightgbm,full,none,within_cell_line,AUROC,0.9975633528265107,0.00012406800127124696,3,38.0,results/tahoe/bal15_drugs/random__pca__molformer__lightgbm
random,pca,molformer,lightgbm,full,none,overall,MCC,0.9749266414558536,0.0,3,,results/tahoe/bal15_drugs/random__pca__molformer__lightgbm
random,pca,molformer,lightgbm,full,none,overall,AUROC,0.9997402945113788,9.65341706954324e-06,3,,results/tahoe/bal15_drugs/random__pca__molformer__lightgbm
random,pca,molformer,mlp,full,none,within_drug,MCC,0.9706544872544498,0.0,3,10.0,results/tahoe/bal15_drugs/random__pca__molformer__mlp
random,pca,molformer,mlp,full,none,within_drug,AUROC,0.9998429905445158,2.286821058188007e-05,3,10.0,results/tahoe/bal15_drugs/random__pca__molformer__mlp
random,pca,molformer,mlp,full,none,within_cell_line,MCC,0.9748341463432149,0.0,3,38.0,results/tahoe/bal15_drugs/random__pca__molformer__mlp
random,pca,molformer,mlp,full,none,within_cell_line,AUROC,0.9971437080355209,0.00025289069867158535,3,38.0,results/tahoe/bal15_drugs/random__pca__molformer__mlp
random,pca,molformer,mlp,full,none,overall,MCC,0.9749266414558536,0.0,3,,results/tahoe/bal15_drugs/random__pca__molformer__mlp
random,pca,molformer,mlp,full,none,overall,AUROC,0.999726907630522,8.032128514079417e-06,3,,results/tahoe/bal15_drugs/random__pca__molformer__mlp
random,pca,molformer,xrfm,full,none,within_drug,MCC,0.9678141295107268,0.0015558448749397092,3,10.0,results/tahoe/bal15_drugs/random__pca__molformer__xrfm
random,pca,molformer,xrfm,full,none,within_drug,AUROC,0.9998085452028808,1.8660218224021492e-05,3,10.0,results/tahoe/bal15_drugs/random__pca__molformer__xrfm
random,pca,molformer,xrfm,full,none,within_cell_line,MCC,0.973516923409871,0.001317222933343909,3,38.0,results/tahoe/bal15_drugs/random__pca__molformer__xrfm
random,pca,molformer,xrfm,full,none,within_cell_line,AUROC,0.9987004548408057,4.0610786224785464e-05,3,38.0,results/tahoe/bal15_drugs/random__pca__molformer__xrfm
random,pca,molformer,xrfm,full,none,overall,MCC,0.9732603312516936,0.0,3,,results/tahoe/bal15_drugs/random__pca__molformer__xrfm
random,pca,molformer,xrfm,full,none,overall,AUROC,0.9995796519410978,7.539559753856121e-05,3,,results/tahoe/bal15_drugs/random__pca__molformer__xrfm
random,pca,morgan,lightgbm,full,none,within_drug,MCC,0.9706544872544498,0.0,3,10.0,results/tahoe/bal15_drugs/random__pca__morgan__lightgbm
random,pca,morgan,lightgbm,full,none,within_drug,AUROC,1.0,0.0,3,10.0,results/tahoe/bal15_drugs/random__pca__morgan__lightgbm
random,pca,morgan,lightgbm,full,none,within_cell_line,MCC,0.9748341463432149,0.0,3,38.0,results/tahoe/bal15_drugs/random__pca__morgan__lightgbm
random,pca,morgan,lightgbm,full,none,within_cell_line,AUROC,0.9975227420402858,0.00019191908813564934,3,38.0,results/tahoe/bal15_drugs/random__pca__morgan__lightgbm
random,pca,morgan,lightgbm,full,none,overall,MCC,0.9749266414558536,0.0,3,,results/tahoe/bal15_drugs/random__pca__morgan__lightgbm
random,pca,morgan,lightgbm,full,none,overall,AUROC,0.9997483266398928,7.083671515616276e-06,3,,results/tahoe/bal15_drugs/random__pca__morgan__lightgbm
random,pca,morgan,mlp,full,none,within_drug,MCC,0.9706544872544498,0.0,3,10.0,results/tahoe/bal15_drugs/random__pca__morgan__mlp
random,pca,morgan,mlp,full,none,within_drug,AUROC,0.9999414038716871,2.7015178997948304e-05,3,10.0,results/tahoe/bal15_drugs/random__pca__morgan__mlp
random,pca,morgan,mlp,full,none,within_cell_line,MCC,0.9748341463432149,0.0,3,38.0,results/tahoe/bal15_drugs/random__pca__morgan__mlp
random,pca,morgan,mlp,full,none,within_cell_line,AUROC,0.9981860515486248,0.00012913406993406113,3,38.0,results/tahoe/bal15_drugs/random__pca__morgan__mlp
random,pca,morgan,mlp,full,none,overall,MCC,0.9749266414558536,0.0,3,,results/tahoe/bal15_drugs/random__pca__morgan__mlp
random,pca,morgan,mlp,full,none,overall,AUROC,0.9997483266398928,1.4167343031106663e-05,3,,results/tahoe/bal15_drugs/random__pca__morgan__mlp
random,pca,morgan,xrfm,full,none,within_drug,MCC,0.9697326495747429,0.0009218376797068089,3,10.0,results/tahoe/bal15_drugs/random__pca__morgan__xrfm
random,pca,morgan,xrfm,full,none,within_drug,AUROC,0.9998415730964751,3.155254432073021e-05,3,10.0,results/tahoe/bal15_drugs/random__pca__morgan__xrfm
random,pca,morgan,xrfm,full,none,within_cell_line,MCC,0.9740124530728198,0.0008216932703950519,3,38.0,results/tahoe/bal15_drugs/random__pca__morgan__xrfm
random,pca,morgan,xrfm,full,none,within_cell_line,AUROC,0.9987004548408057,4.0610786224785464e-05,3,38.0,results/tahoe/bal15_drugs/random__pca__morgan__xrfm
random,pca,morgan,xrfm,full,none,overall,MCC,0.9743712047211336,0.00055543673472,3,,results/tahoe/bal15_drugs/random__pca__morgan__xrfm
random,pca,morgan,xrfm,full,none,overall,AUROC,0.9995261044176708,9.913525344882765e-05,3,,results/tahoe/bal15_drugs/random__pca__morgan__xrfm
random,scgpt_pan,biomed,lightgbm,full,none,within_drug,MCC,0.8735571250130575,0.0013782938104416511,3,10.0,results/tahoe/bal15_drugs/random__scgpt_pan__biomed__lightgbm
random,scgpt_pan,biomed,lightgbm,full,none,within_drug,AUROC,0.994891851668597,5.554967870855512e-05,3,10.0,results/tahoe/bal15_drugs/random__scgpt_pan__biomed__lightgbm
random,scgpt_pan,biomed,lightgbm,full,none,within_cell_line,MCC,0.8976793428452542,0.00037799301617815145,3,38.0,results/tahoe/bal15_drugs/random__scgpt_pan__biomed__lightgbm
random,scgpt_pan,biomed,lightgbm,full,none,within_cell_line,AUROC,0.9907112689130232,0.00047414525356447615,3,38.0,results/tahoe/bal15_drugs/random__scgpt_pan__biomed__lightgbm
random,scgpt_pan,biomed,lightgbm,full,none,overall,MCC,0.903098554746477,0.0015139693753057,3,,results/tahoe/bal15_drugs/random__scgpt_pan__biomed__lightgbm
random,scgpt_pan,biomed,lightgbm,full,none,overall,AUROC,0.990273092369478,2.820790830751167e-05,3,,results/tahoe/bal15_drugs/random__scgpt_pan__biomed__lightgbm
random,scgpt_pan,biomed,mlp,full,none,within_drug,MCC,0.9075960763296816,0.007039256125786782,3,10.0,results/tahoe/bal15_drugs/random__scgpt_pan__biomed__mlp
random,scgpt_pan,biomed,mlp,full,none,within_drug,AUROC,0.9923591543872362,0.00045172629575291923,3,10.0,results/tahoe/bal15_drugs/random__scgpt_pan__biomed__mlp
random,scgpt_pan,biomed,mlp,full,none,within_cell_line,MCC,0.9181747712224283,0.0049453769166444405,3,38.0,results/tahoe/bal15_drugs/random__scgpt_pan__biomed__mlp
random,scgpt_pan,biomed,mlp,full,none,within_cell_line,AUROC,0.9928760558804418,0.0005771357286091679,3,38.0,results/tahoe/bal15_drugs/random__scgpt_pan__biomed__mlp
random,scgpt_pan,biomed,mlp,full,none,overall,MCC,0.927259692141931,0.0063365385956838,3,,results/tahoe/bal15_drugs/random__scgpt_pan__biomed__mlp
random,scgpt_pan,biomed,mlp,full,none,overall,AUROC,0.9928888888888888,0.000661896992808,3,,results/tahoe/bal15_drugs/random__scgpt_pan__biomed__mlp
random,scgpt_pan,biomed,xrfm,full,none,within_drug,MCC,0.9636370381426137,0.0008394831595917929,3,10.0,results/tahoe/bal15_drugs/random__scgpt_pan__biomed__xrfm
random,scgpt_pan,biomed,xrfm,full,none,within_drug,AUROC,0.9984409391583474,6.287644314604781e-05,3,10.0,results/tahoe/bal15_drugs/random__scgpt_pan__biomed__xrfm
random,scgpt_pan,biomed,xrfm,full,none,within_cell_line,MCC,0.9687208370875692,0.0007134851599079839,3,38.0,results/tahoe/bal15_drugs/random__scgpt_pan__biomed__xrfm
random,scgpt_pan,biomed,xrfm,full,none,within_cell_line,AUROC,0.9970760233918128,0.00030660471228356897,3,38.0,results/tahoe/bal15_drugs/random__scgpt_pan__biomed__xrfm
random,scgpt_pan,biomed,xrfm,full,none,overall,MCC,0.9688051845705936,0.0011104624867435,3,,results/tahoe/bal15_drugs/random__scgpt_pan__biomed__xrfm
random,scgpt_pan,biomed,xrfm,full,none,overall,AUROC,0.995876840696118,3.418245069559385e-05,3,,results/tahoe/bal15_drugs/random__scgpt_pan__biomed__xrfm
random,scgpt_pan,chemberta,lightgbm,full,none,within_drug,MCC,0.8691882768001307,0.001535396624271431,3,10.0,results/tahoe/bal15_drugs/random__scgpt_pan__chemberta__lightgbm
random,scgpt_pan,chemberta,lightgbm,full,none,within_drug,AUROC,0.9949403749569391,7.097725705072694e-05,3,10.0,results/tahoe/bal15_drugs/random__scgpt_pan__chemberta__lightgbm
random,scgpt_pan,chemberta,lightgbm,full,none,within_cell_line,MCC,0.8956822628130151,0.00200682544346278,3,38.0,results/tahoe/bal15_drugs/random__scgpt_pan__chemberta__lightgbm
random,scgpt_pan,chemberta,lightgbm,full,none,within_cell_line,AUROC,0.9904766545994615,0.0003669927655023263,3,38.0,results/tahoe/bal15_drugs/random__scgpt_pan__chemberta__lightgbm
random,scgpt_pan,chemberta,lightgbm,full,none,overall,MCC,0.900882679878558,0.0029245939155748,3,,results/tahoe/bal15_drugs/random__scgpt_pan__chemberta__lightgbm
random,scgpt_pan,chemberta,lightgbm,full,none,overall,AUROC,0.990380187416332,6.497810495051316e-05,3,,results/tahoe/bal15_drugs/random__scgpt_pan__chemberta__lightgbm
random,scgpt_pan,chemberta,mlp,full,none,within_drug,MCC,0.8912902979949907,0.001801914037395197,3,10.0,results/tahoe/bal15_drugs/random__scgpt_pan__chemberta__mlp
random,scgpt_pan,chemberta,mlp,full,none,within_drug,AUROC,0.9883815984386762,0.003987120087070972,3,10.0,results/tahoe/bal15_drugs/random__scgpt_pan__chemberta__mlp
random,scgpt_pan,chemberta,mlp,full,none,within_cell_line,MCC,0.8926750386375478,0.0022142592244605423,3,38.0,results/tahoe/bal15_drugs/random__scgpt_pan__chemberta__mlp
random,scgpt_pan,chemberta,mlp,full,none,within_cell_line,AUROC,0.9884005538537703,0.001790013798158293,3,38.0,results/tahoe/bal15_drugs/random__scgpt_pan__chemberta__mlp
random,scgpt_pan,chemberta,mlp,full,none,overall,MCC,0.9110243711506396,0.0125678470418038,3,,results/tahoe/bal15_drugs/random__scgpt_pan__chemberta__mlp
random,scgpt_pan,chemberta,mlp,full,none,overall,AUROC,0.9893360107095046,0.0010457956076851,3,,results/tahoe/bal15_drugs/random__scgpt_pan__chemberta__mlp
random,scgpt_pan,chemberta,xrfm,full,none,within_drug,MCC,0.9656328389040056,0.0016777080075422762,3,10.0,results/tahoe/bal15_drugs/random__scgpt_pan__chemberta__xrfm
random,scgpt_pan,chemberta,xrfm,full,none,within_drug,AUROC,0.9981380852354217,0.00010249471747115186,3,10.0,results/tahoe/bal15_drugs/random__scgpt_pan__chemberta__xrfm
random,scgpt_pan,chemberta,xrfm,full,none,within_cell_line,MCC,0.9703946410546754,0.001413803126356315,3,38.0,results/tahoe/bal15_drugs/random__scgpt_pan__chemberta__xrfm
random,scgpt_pan,chemberta,xrfm,full,none,within_cell_line,AUROC,0.9945581546458739,0.0001074460408976599,3,38.0,results/tahoe/bal15_drugs/random__scgpt_pan__chemberta__xrfm
random,scgpt_pan,chemberta,xrfm,full,none,overall,MCC,0.970481642670176,0.0029374787039614,3,,results/tahoe/bal15_drugs/random__scgpt_pan__chemberta__xrfm
random,scgpt_pan,chemberta,xrfm,full,none,overall,AUROC,0.99564390896921,7.722733655612525e-05,3,,results/tahoe/bal15_drugs/random__scgpt_pan__chemberta__xrfm
random,scgpt_pan,maccs,lightgbm,full,none,within_drug,MCC,0.8596074022348329,0.001608452663269862,3,10.0,results/tahoe/bal15_drugs/random__scgpt_pan__maccs__lightgbm
random,scgpt_pan,maccs,lightgbm,full,none,within_drug,AUROC,0.9939350358372182,0.00022233832267368498,3,10.0,results/tahoe/bal15_drugs/random__scgpt_pan__maccs__lightgbm
random,scgpt_pan,maccs,lightgbm,full,none,within_cell_line,MCC,0.8868709884453047,0.0016149429775905713,3,38.0,results/tahoe/bal15_drugs/random__scgpt_pan__maccs__lightgbm
random,scgpt_pan,maccs,lightgbm,full,none,within_cell_line,AUROC,0.98883853151397,9.28246542281445e-05,3,38.0,results/tahoe/bal15_drugs/random__scgpt_pan__maccs__lightgbm
random,scgpt_pan,maccs,lightgbm,full,none,overall,MCC,0.8935540404865946,0.0039864051085902,3,,results/tahoe/bal15_drugs/random__scgpt_pan__maccs__lightgbm
random,scgpt_pan,maccs,lightgbm,full,none,overall,AUROC,0.98845515394913,5.374795153917657e-05,3,,results/tahoe/bal15_drugs/random__scgpt_pan__maccs__lightgbm
random,scgpt_pan,maccs,mlp,full,none,within_drug,MCC,0.9159884484272492,0.013805574773975513,3,10.0,results/tahoe/bal15_drugs/random__scgpt_pan__maccs__mlp
random,scgpt_pan,maccs,mlp,full,none,within_drug,AUROC,0.9946223888200185,0.00024776267990005705,3,10.0,results/tahoe/bal15_drugs/random__scgpt_pan__maccs__mlp
random,scgpt_pan,maccs,mlp,full,none,within_cell_line,MCC,0.9199500400374871,0.012458739145715074,3,38.0,results/tahoe/bal15_drugs/random__scgpt_pan__maccs__mlp
random,scgpt_pan,maccs,mlp,full,none,within_cell_line,AUROC,0.9941314706519385,0.000985438184974603,3,38.0,results/tahoe/bal15_drugs/random__scgpt_pan__maccs__mlp
random,scgpt_pan,maccs,mlp,full,none,overall,MCC,0.934630095765264,0.0072257500791908,3,,results/tahoe/bal15_drugs/random__scgpt_pan__maccs__mlp
random,scgpt_pan,maccs,mlp,full,none,overall,AUROC,0.9947255689424362,0.000688850959216,3,,results/tahoe/bal15_drugs/random__scgpt_pan__maccs__mlp
random,scgpt_pan,maccs,xrfm,full,none,within_drug,MCC,0.9591208840924178,0.002361634675602286,3,10.0,results/tahoe/bal15_drugs/random__scgpt_pan__maccs__xrfm
random,scgpt_pan,maccs,xrfm,full,none,within_drug,AUROC,0.9982838809935585,0.00015824170656704125,3,10.0,results/tahoe/bal15_drugs/random__scgpt_pan__maccs__xrfm
random,scgpt_pan,maccs,xrfm,full,none,within_cell_line,MCC,0.9644889549998211,0.0017203541661762417,3,38.0,results/tahoe/bal15_drugs/random__scgpt_pan__maccs__xrfm
random,scgpt_pan,maccs,xrfm,full,none,within_cell_line,AUROC,0.9953297595841456,4.0610786224859474e-05,3,38.0,results/tahoe/bal15_drugs/random__scgpt_pan__maccs__xrfm
random,scgpt_pan,maccs,xrfm,full,none,overall,MCC,0.9643708933097104,0.0022156427841289,3,,results/tahoe/bal15_drugs/random__scgpt_pan__maccs__xrfm
random,scgpt_pan,maccs,xrfm,full,none,overall,AUROC,0.995710843373494,0.0001090517368375,3,,results/tahoe/bal15_drugs/random__scgpt_pan__maccs__xrfm
random,scgpt_pan,materials,lightgbm,full,none,within_drug,MCC,0.8761407298725571,0.0012106621103616442,3,10.0,results/tahoe/bal15_drugs/random__scgpt_pan__materials__lightgbm
random,scgpt_pan,materials,lightgbm,full,none,within_drug,AUROC,0.9949208057880488,9.892477538808923e-05,3,10.0,results/tahoe/bal15_drugs/random__scgpt_pan__materials__lightgbm
random,scgpt_pan,materials,lightgbm,full,none,within_cell_line,MCC,0.9000703232780776,0.0016847465078276439,3,38.0,results/tahoe/bal15_drugs/random__scgpt_pan__materials__lightgbm
random,scgpt_pan,materials,lightgbm,full,none,within_cell_line,AUROC,0.9905011371020143,0.0002494996890640473,3,38.0,results/tahoe/bal15_drugs/random__scgpt_pan__materials__lightgbm
random,scgpt_pan,materials,lightgbm,full,none,overall,MCC,0.9053086781823356,0.0017357623154503,3,,results/tahoe/bal15_drugs/random__scgpt_pan__materials__lightgbm
random,scgpt_pan,materials,lightgbm,full,none,overall,AUROC,0.9904497991967872,3.621887351668048e-05,3,,results/tahoe/bal15_drugs/random__scgpt_pan__materials__lightgbm
random,scgpt_pan,materials,mlp,full,none,within_drug,MCC,0.752889434923246,0.04135383768842812,3,10.0,results/tahoe/bal15_drugs/random__scgpt_pan__materials__mlp
random,scgpt_pan,materials,mlp,full,none,within_drug,AUROC,0.966250158375659,0.013868924787765989,3,10.0,results/tahoe/bal15_drugs/random__scgpt_pan__materials__mlp
random,scgpt_pan,materials,mlp,full,none,within_cell_line,MCC,0.7707082837277522,0.04410717178327626,3,38.0,results/tahoe/bal15_drugs/random__scgpt_pan__materials__mlp
random,scgpt_pan,materials,mlp,full,none,within_cell_line,AUROC,0.9682934960858939,0.009437278234959955,3,38.0,results/tahoe/bal15_drugs/random__scgpt_pan__materials__mlp
random,scgpt_pan,materials,mlp,full,none,overall,MCC,0.8203024295134718,0.0361125930017258,3,,results/tahoe/bal15_drugs/random__scgpt_pan__materials__mlp
random,scgpt_pan,materials,mlp,full,none,overall,AUROC,0.9833360107095044,0.004027425251351,3,,results/tahoe/bal15_drugs/random__scgpt_pan__materials__mlp
random,scgpt_pan,materials,xrfm,full,none,within_drug,MCC,0.9657906455787888,0.000605314151033561,3,10.0,results/tahoe/bal15_drugs/random__scgpt_pan__materials__xrfm
random,scgpt_pan,materials,xrfm,full,none,within_drug,AUROC,0.9983895811279432,6.339870456712604e-05,3,10.0,results/tahoe/bal15_drugs/random__scgpt_pan__materials__xrfm
random,scgpt_pan,materials,xrfm,full,none,within_cell_line,MCC,0.9704996263677712,0.0004945173685635407,3,38.0,results/tahoe/bal15_drugs/random__scgpt_pan__materials__xrfm
random,scgpt_pan,materials,xrfm,full,none,within_cell_line,AUROC,0.996006606021226,7.537042942968721e-05,3,38.0,results/tahoe/bal15_drugs/random__scgpt_pan__materials__xrfm
random,scgpt_pan,materials,xrfm,full,none,overall,MCC,0.9704739701247468,0.0005560058112219,3,,results/tahoe/bal15_drugs/random__scgpt_pan__materials__xrfm
random,scgpt_pan,materials,xrfm,full,none,overall,AUROC,0.9958366800535476,0.0001178957903951,3,,results/tahoe/bal15_drugs/random__scgpt_pan__materials__xrfm
random,scgpt_pan,molformer,lightgbm,full,none,within_drug,MCC,0.8736919824452758,0.0015482445062711292,3,10.0,results/tahoe/bal15_drugs/random__scgpt_pan__molformer__lightgbm
random,scgpt_pan,molformer,lightgbm,full,none,within_drug,AUROC,0.9948665929146637,9.923126369975334e-05,3,10.0,results/tahoe/bal15_drugs/random__scgpt_pan__molformer__lightgbm
random,scgpt_pan,molformer,lightgbm,full,none,within_cell_line,MCC,0.8982321197369275,0.0005250818281614093,3,38.0,results/tahoe/bal15_drugs/random__scgpt_pan__molformer__lightgbm
random,scgpt_pan,molformer,lightgbm,full,none,within_cell_line,AUROC,0.9905156409542375,0.0004506204963280486,3,38.0,results/tahoe/bal15_drugs/random__scgpt_pan__molformer__lightgbm
random,scgpt_pan,molformer,lightgbm,full,none,overall,MCC,0.9030955101364292,0.0013940188994939,3,,results/tahoe/bal15_drugs/random__scgpt_pan__molformer__lightgbm
random,scgpt_pan,molformer,lightgbm,full,none,overall,AUROC,0.9903614457831326,4.121768224453889e-05,3,,results/tahoe/bal15_drugs/random__scgpt_pan__molformer__lightgbm
random,scgpt_pan,molformer,mlp,full,none,within_drug,MCC,0.718946256158311,0.007683099204626017,3,10.0,results/tahoe/bal15_drugs/random__scgpt_pan__molformer__mlp
random,scgpt_pan,molformer,mlp,full,none,within_drug,AUROC,0.9646116245624947,0.0019286719123677257,3,10.0,results/tahoe/bal15_drugs/random__scgpt_pan__molformer__mlp
random,scgpt_pan,molformer,mlp,full,none,within_cell_line,MCC,0.752892712592084,0.003739089411220026,3,38.0,results/tahoe/bal15_drugs/random__scgpt_pan__molformer__mlp
random,scgpt_pan,molformer,mlp,full,none,within_cell_line,AUROC,0.9728794594510969,0.0025494251724306294,3,38.0,results/tahoe/bal15_drugs/random__scgpt_pan__molformer__mlp
random,scgpt_pan,molformer,mlp,full,none,overall,MCC,0.7861444966516203,0.0028925245280514,3,,results/tahoe/bal15_drugs/random__scgpt_pan__molformer__mlp
random,scgpt_pan,molformer,mlp,full,none,overall,AUROC,0.9670334672021418,0.0002611917339456,3,,results/tahoe/bal15_drugs/random__scgpt_pan__molformer__mlp
random,scgpt_pan,molformer,xrfm,full,none,within_drug,MCC,0.9645718805677929,0.0006073585477114993,3,10.0,results/tahoe/bal15_drugs/random__scgpt_pan__molformer__xrfm
random,scgpt_pan,molformer,xrfm,full,none,within_drug,AUROC,0.9983547415893059,5.221772837186496e-05,3,10.0,results/tahoe/bal15_drugs/random__scgpt_pan__molformer__xrfm
random,scgpt_pan,molformer,xrfm,full,none,within_cell_line,MCC,0.9695425303579643,0.0004625786412434385,3,38.0,results/tahoe/bal15_drugs/random__scgpt_pan__molformer__xrfm
random,scgpt_pan,molformer,xrfm,full,none,within_cell_line,AUROC,0.9958712367338097,0.00021659085986576918,3,38.0,results/tahoe/bal15_drugs/random__scgpt_pan__molformer__xrfm
random,scgpt_pan,molformer,xrfm,full,none,overall,MCC,0.969365053550022,0.0005552312433717,3,,results/tahoe/bal15_drugs/random__scgpt_pan__molformer__xrfm
random,scgpt_pan,molformer,xrfm,full,none,overall,AUROC,0.9957858099062918,7.218992644018213e-05,3,,results/tahoe/bal15_drugs/random__scgpt_pan__molformer__xrfm
random,scgpt_pan,morgan,lightgbm,full,none,within_drug,MCC,0.8573307135647673,0.001796833067292026,3,10.0,results/tahoe/bal15_drugs/random__scgpt_pan__morgan__lightgbm
random,scgpt_pan,morgan,lightgbm,full,none,within_drug,AUROC,0.9943318630774997,0.00010606377532442665,3,10.0,results/tahoe/bal15_drugs/random__scgpt_pan__morgan__lightgbm
random,scgpt_pan,morgan,lightgbm,full,none,within_cell_line,MCC,0.8849538003661931,0.0015735439044625554,3,38.0,results/tahoe/bal15_drugs/random__scgpt_pan__morgan__lightgbm
random,scgpt_pan,morgan,lightgbm,full,none,within_cell_line,AUROC,0.9884034159472757,0.00029211492922772846,3,38.0,results/tahoe/bal15_drugs/random__scgpt_pan__morgan__lightgbm
random,scgpt_pan,morgan,lightgbm,full,none,overall,MCC,0.8912976692805211,0.0025541825146248,3,,results/tahoe/bal15_drugs/random__scgpt_pan__morgan__lightgbm
random,scgpt_pan,morgan,lightgbm,full,none,overall,AUROC,0.9887791164658636,5.2670188950199646e-05,3,,results/tahoe/bal15_drugs/random__scgpt_pan__morgan__lightgbm
random,scgpt_pan,morgan,mlp,full,none,within_drug,MCC,0.8967026524253731,0.008165817989461546,3,10.0,results/tahoe/bal15_drugs/random__scgpt_pan__morgan__mlp
random,scgpt_pan,morgan,mlp,full,none,within_drug,AUROC,0.9912073727251922,0.0013612276698927812,3,10.0,results/tahoe/bal15_drugs/random__scgpt_pan__morgan__mlp
random,scgpt_pan,morgan,mlp,full,none,within_cell_line,MCC,0.9033589417359845,0.007803513329863293,3,38.0,results/tahoe/bal15_drugs/random__scgpt_pan__morgan__mlp
random,scgpt_pan,morgan,mlp,full,none,within_cell_line,AUROC,0.9933476051239208,0.00040434904327855465,3,38.0,results/tahoe/bal15_drugs/random__scgpt_pan__morgan__mlp
random,scgpt_pan,morgan,mlp,full,none,overall,MCC,0.9187967506520368,0.0078615419340504,3,,results/tahoe/bal15_drugs/random__scgpt_pan__morgan__mlp
random,scgpt_pan,morgan,mlp,full,none,overall,AUROC,0.991871485943775,6.831245420168574e-05,3,,results/tahoe/bal15_drugs/random__scgpt_pan__morgan__mlp
random,scgpt_pan,morgan,xrfm,full,none,within_drug,MCC,0.9607748266250734,0.0017512904035250842,3,10.0,results/tahoe/bal15_drugs/random__scgpt_pan__morgan__xrfm
random,scgpt_pan,morgan,xrfm,full,none,within_drug,AUROC,0.9982165055045792,7.273833828791887e-05,3,10.0,results/tahoe/bal15_drugs/random__scgpt_pan__morgan__xrfm
random,scgpt_pan,morgan,xrfm,full,none,within_cell_line,MCC,0.9665132670259874,0.0014978850153303733,3,38.0,results/tahoe/bal15_drugs/random__scgpt_pan__morgan__xrfm
random,scgpt_pan,morgan,xrfm,full,none,within_cell_line,AUROC,0.9950454840805718,4.0610786224859474e-05,3,38.0,results/tahoe/bal15_drugs/random__scgpt_pan__morgan__xrfm
random,scgpt_pan,morgan,xrfm,full,none,overall,MCC,0.9660320631631072,0.0005544740982612,3,,results/tahoe/bal15_drugs/random__scgpt_pan__morgan__xrfm
random,scgpt_pan,morgan,xrfm,full,none,overall,AUROC,0.9957617135207496,0.0002213009726347,3,,results/tahoe/bal15_drugs/random__scgpt_pan__morgan__xrfm
random,scvi,biomed,lightgbm,full,none,within_drug,MCC,0.9706544872544498,0.0,3,10.0,results/tahoe/bal15_drugs/random__scvi__biomed__lightgbm
random,scvi,biomed,lightgbm,full,none,within_drug,AUROC,0.9999912854030502,8.714596949917682e-06,3,10.0,results/tahoe/bal15_drugs/random__scvi__biomed__lightgbm
random,scvi,biomed,lightgbm,full,none,within_cell_line,MCC,0.9748341463432149,0.0,3,38.0,results/tahoe/bal15_drugs/random__scvi__biomed__lightgbm
random,scvi,biomed,lightgbm,full,none,within_cell_line,AUROC,0.9978205544726012,0.00012913406993406113,3,38.0,results/tahoe/bal15_drugs/random__scvi__biomed__lightgbm
random,scvi,biomed,lightgbm,full,none,overall,MCC,0.9749266414558536,0.0,3,,results/tahoe/bal15_drugs/random__scvi__biomed__lightgbm
random,scvi,biomed,lightgbm,full,none,overall,AUROC,0.999657295850067,2.091097637457916e-05,3,,results/tahoe/bal15_drugs/random__scvi__biomed__lightgbm
random,scvi,biomed,mlp,full,none,within_drug,MCC,0.9706544872544498,0.0,3,10.0,results/tahoe/bal15_drugs/random__scvi__biomed__mlp
random,scvi,biomed,mlp,full,none,within_drug,AUROC,0.9999788150202095,1.1080626693725933e-05,3,10.0,results/tahoe/bal15_drugs/random__scvi__biomed__mlp
random,scvi,biomed,mlp,full,none,within_cell_line,MCC,0.9748341463432149,0.0,3,38.0,results/tahoe/bal15_drugs/random__scvi__biomed__mlp
random,scvi,biomed,mlp,full,none,within_cell_line,AUROC,0.9980506822612085,0.0,3,38.0,results/tahoe/bal15_drugs/random__scvi__biomed__mlp
random,scvi,biomed,mlp,full,none,overall,MCC,0.9749266414558536,0.0,3,,results/tahoe/bal15_drugs/random__scvi__biomed__mlp
random,scvi,biomed,mlp,full,none,overall,AUROC,0.9997590361445782,8.03212851404241e-06,3,,results/tahoe/bal15_drugs/random__scvi__biomed__mlp
random,scvi,biomed,xrfm,full,none,within_drug,MCC,0.9706544872544498,0.0,3,10.0,results/tahoe/bal15_drugs/random__scvi__biomed__xrfm
random,scvi,biomed,xrfm,full,none,within_drug,AUROC,0.9999302832244009,8.714596949843667e-06,3,10.0,results/tahoe/bal15_drugs/random__scvi__biomed__xrfm
random,scvi,biomed,xrfm,full,none,within_cell_line,MCC,0.9748341463432149,0.0,3,38.0,results/tahoe/bal15_drugs/random__scvi__biomed__xrfm
random,scvi,biomed,xrfm,full,none,within_cell_line,AUROC,0.9983755685510071,4.0610786224859474e-05,3,38.0,results/tahoe/bal15_drugs/random__scvi__biomed__xrfm
random,scvi,biomed,xrfm,full,none,overall,MCC,0.9749266414558536,0.0,3,,results/tahoe/bal15_drugs/random__scvi__biomed__xrfm
random,scvi,biomed,xrfm,full,none,overall,AUROC,0.9997429718875502,1.226927896909103e-05,3,,results/tahoe/bal15_drugs/random__scvi__biomed__xrfm
random,scvi,chemberta,lightgbm,full,none,within_drug,MCC,0.9706544872544498,0.0,3,10.0,results/tahoe/bal15_drugs/random__scvi__chemberta__lightgbm
random,scvi,chemberta,lightgbm,full,none,within_drug,AUROC,1.0,0.0,3,10.0,results/tahoe/bal15_drugs/random__scvi__chemberta__lightgbm
random,scvi,chemberta,lightgbm,full,none,within_cell_line,MCC,0.9748341463432149,0.0,3,38.0,results/tahoe/bal15_drugs/random__scvi__chemberta__lightgbm
random,scvi,chemberta,lightgbm,full,none,within_cell_line,AUROC,0.9977393329001516,0.00013332328624911756,3,38.0,results/tahoe/bal15_drugs/random__scvi__chemberta__lightgbm
random,scvi,chemberta,lightgbm,full,none,overall,MCC,0.9749266414558536,0.0,3,,results/tahoe/bal15_drugs/random__scvi__chemberta__lightgbm
random,scvi,chemberta,lightgbm,full,none,overall,AUROC,0.9996599732262382,1.755672965006373e-05,3,,results/tahoe/bal15_drugs/random__scvi__chemberta__lightgbm
random,scvi,chemberta,mlp,full,none,within_drug,MCC,0.9706544872544498,0.0,3,10.0,results/tahoe/bal15_drugs/random__scvi__chemberta__mlp
random,scvi,chemberta,mlp,full,none,within_drug,AUROC,0.999973074129937,2.6925870063143623e-05,3,10.0,results/tahoe/bal15_drugs/random__scvi__chemberta__mlp
random,scvi,chemberta,mlp,full,none,within_cell_line,MCC,0.9748341463432149,0.0,3,38.0,results/tahoe/bal15_drugs/random__scvi__chemberta__mlp
random,scvi,chemberta,mlp,full,none,within_cell_line,AUROC,0.9980506822612085,0.00024366471734893483,3,38.0,results/tahoe/bal15_drugs/random__scvi__chemberta__mlp
random,scvi,chemberta,mlp,full,none,overall,MCC,0.9749266414558536,0.0,3,,results/tahoe/bal15_drugs/random__scvi__chemberta__mlp
random,scvi,chemberta,mlp,full,none,overall,AUROC,0.9997697456492636,5.354752342645598e-06,3,,results/tahoe/bal15_drugs/random__scvi__chemberta__mlp
random,scvi,chemberta,xrfm,full,none,within_drug,MCC,0.9706544872544498,0.0,3,10.0,results/tahoe/bal15_drugs/random__scvi__chemberta__xrfm
random,scvi,chemberta,xrfm,full,none,within_drug,AUROC,0.9999447836348532,3.275739880179204e-05,3,10.0,results/tahoe/bal15_drugs/random__scvi__chemberta__xrfm
random,scvi,chemberta,xrfm,full,none,within_cell_line,MCC,0.9748341463432149,0.0,3,38.0,results/tahoe/bal15_drugs/random__scvi__chemberta__xrfm
random,scvi,chemberta,xrfm,full,none,within_cell_line,AUROC,0.9982131254061078,0.00010744604089771584,3,38.0,results/tahoe/bal15_drugs/random__scvi__chemberta__xrfm
random,scvi,chemberta,xrfm,full,none,overall,MCC,0.9749266414558536,0.0,3,,results/tahoe/bal15_drugs/random__scvi__chemberta__xrfm
random,scvi,chemberta,xrfm,full,none,overall,AUROC,0.9997215528781792,7.083671515560326e-06,3,,results/tahoe/bal15_drugs/random__scvi__chemberta__xrfm
random,scvi,maccs,lightgbm,full,none,within_drug,MCC,0.9706544872544498,0.0,3,10.0,results/tahoe/bal15_drugs/random__scvi__maccs__lightgbm
random,scvi,maccs,lightgbm,full,none,within_drug,AUROC,1.0,0.0,3,10.0,results/tahoe/bal15_drugs/random__scvi__maccs__lightgbm
random,scvi,maccs,lightgbm,full,none,within_cell_line,MCC,0.9748341463432149,0.0,3,38.0,results/tahoe/bal15_drugs/random__scvi__maccs__lightgbm
random,scvi,maccs,lightgbm,full,none,within_cell_line,AUROC,0.9977934806151181,0.00020214945477403683,3,38.0,results/tahoe/bal15_drugs/random__scvi__maccs__lightgbm
random,scvi,maccs,lightgbm,full,none,overall,MCC,0.9749266414558536,0.0,3,,results/tahoe/bal15_drugs/random__scvi__maccs__lightgbm
random,scvi,maccs,lightgbm,full,none,overall,AUROC,0.9996412315930387,3.748326639894477e-05,3,,results/tahoe/bal15_drugs/random__scvi__maccs__lightgbm
random,scvi,maccs,mlp,full,none,within_drug,MCC,0.9706544872544498,0.0,3,10.0,results/tahoe/bal15_drugs/random__scvi__maccs__mlp
random,scvi,maccs,mlp,full,none,within_drug,AUROC,1.0,0.0,3,10.0,results/tahoe/bal15_drugs/random__scvi__maccs__mlp
random,scvi,maccs,mlp,full,none,within_cell_line,MCC,0.9748341463432149,0.0,3,38.0,results/tahoe/bal15_drugs/random__scvi__maccs__mlp
random,scvi,maccs,mlp,full,none,within_cell_line,AUROC,0.9981725146198831,0.0,3,38.0,results/tahoe/bal15_drugs/random__scvi__maccs__mlp
random,scvi,maccs,mlp,full,none,overall,MCC,0.9749266414558536,0.0,3,,results/tahoe/bal15_drugs/random__scvi__maccs__mlp
random,scvi,maccs,mlp,full,none,overall,AUROC,0.9997536813922356,7.083671515560326e-06,3,,results/tahoe/bal15_drugs/random__scvi__maccs__mlp
random,scvi,maccs,xrfm,full,none,within_drug,MCC,0.9706544872544498,0.0,3,10.0,results/tahoe/bal15_drugs/random__scvi__maccs__xrfm
random,scvi,maccs,xrfm,full,none,within_drug,AUROC,0.9999643595329871,2.292172643498437e-05,3,10.0,results/tahoe/bal15_drugs/random__scvi__maccs__xrfm
random,scvi,maccs,xrfm,full,none,within_cell_line,MCC,0.9748341463432149,0.0,3,38.0,results/tahoe/bal15_drugs/random__scvi__maccs__xrfm
random,scvi,maccs,xrfm,full,none,within_cell_line,AUROC,0.9982537361923326,4.0610786224785464e-05,3,38.0,results/tahoe/bal15_drugs/random__scvi__maccs__xrfm
random,scvi,maccs,xrfm,full,none,overall,MCC,0.9749266414558536,0.0,3,,results/tahoe/bal15_drugs/random__scvi__maccs__xrfm
random,scvi,maccs,xrfm,full,none,overall,AUROC,0.999718875502008,8.03212851404241e-06,3,,results/tahoe/bal15_drugs/random__scvi__maccs__xrfm
random,scvi,materials,lightgbm,full,none,within_drug,MCC,0.9706544872544498,0.0,3,10.0,results/tahoe/bal15_drugs/random__scvi__materials__lightgbm
random,scvi,materials,lightgbm,full,none,within_drug,AUROC,1.0,0.0,3,10.0,results/tahoe/bal15_drugs/random__scvi__materials__lightgbm
random,scvi,materials,lightgbm,full,none,within_cell_line,MCC,0.9748341463432149,0.0,3,38.0,results/tahoe/bal15_drugs/random__scvi__materials__lightgbm
random,scvi,materials,lightgbm,full,none,within_cell_line,AUROC,0.9978205544726012,0.00012913406993406113,3,38.0,results/tahoe/bal15_drugs/random__scvi__materials__lightgbm
random,scvi,materials,lightgbm,full,none,overall,MCC,0.9749266414558536,0.0,3,,results/tahoe/bal15_drugs/random__scvi__materials__lightgbm
random,scvi,materials,lightgbm,full,none,overall,AUROC,0.999665327978581,2.8334686062248292e-05,3,,results/tahoe/bal15_drugs/random__scvi__materials__lightgbm
random,scvi,materials,mlp,full,none,within_drug,MCC,0.9706544872544498,0.0,3,10.0,results/tahoe/bal15_drugs/random__scvi__materials__mlp
random,scvi,materials,mlp,full,none,within_drug,AUROC,0.9999564270152504,8.714596949880676e-06,3,10.0,results/tahoe/bal15_drugs/random__scvi__materials__mlp
random,scvi,materials,mlp,full,none,within_cell_line,MCC,0.9748341463432149,0.0,3,38.0,results/tahoe/bal15_drugs/random__scvi__materials__mlp
random,scvi,materials,mlp,full,none,within_cell_line,AUROC,0.9980912930474334,0.0002470257687742708,3,38.0,results/tahoe/bal15_drugs/random__scvi__materials__mlp
random,scvi,materials,mlp,full,none,overall,MCC,0.9749266414558536,0.0,3,,results/tahoe/bal15_drugs/random__scvi__materials__mlp
random,scvi,materials,mlp,full,none,overall,AUROC,0.999756358768407,1.0709504685402216e-05,3,,results/tahoe/bal15_drugs/random__scvi__materials__mlp
random,scvi,materials,xrfm,full,none,within_drug,MCC,0.9706544872544498,0.0,3,10.0,results/tahoe/bal15_drugs/random__scvi__materials__xrfm
random,scvi,materials,xrfm,full,none,within_drug,AUROC,0.999973074129937,1.5114372229557627e-05,3,10.0,results/tahoe/bal15_drugs/random__scvi__materials__xrfm
random,scvi,materials,xrfm,full,none,within_cell_line,MCC,0.9748341463432149,0.0,3,38.0,results/tahoe/bal15_drugs/random__scvi__materials__xrfm
random,scvi,materials,xrfm,full,none,within_cell_line,AUROC,0.9980506822612085,7.03399450767108e-05,3,38.0,results/tahoe/bal15_drugs/random__scvi__materials__xrfm
random,scvi,materials,xrfm,full,none,overall,MCC,0.9749266414558536,0.0,3,,results/tahoe/bal15_drugs/random__scvi__materials__xrfm
random,scvi,materials,xrfm,full,none,overall,AUROC,0.9996974564926372,2.981399926546516e-05,3,,results/tahoe/bal15_drugs/random__scvi__materials__xrfm
random,scvi,molformer,lightgbm,full,none,within_drug,MCC,0.9706544872544498,0.0,3,10.0,results/tahoe/bal15_drugs/random__scvi__molformer__lightgbm
random,scvi,molformer,lightgbm,full,none,within_drug,AUROC,1.0,0.0,3,10.0,results/tahoe/bal15_drugs/random__scvi__molformer__lightgbm
random,scvi,molformer,lightgbm,full,none,within_cell_line,MCC,0.9748341463432149,0.0,3,38.0,results/tahoe/bal15_drugs/random__scvi__molformer__lightgbm
random,scvi,molformer,lightgbm,full,none,within_cell_line,AUROC,0.9978205544726012,0.00019941141247909865,3,38.0,results/tahoe/bal15_drugs/random__scvi__molformer__lightgbm
random,scvi,molformer,lightgbm,full,none,overall,MCC,0.9749266414558536,0.0,3,,results/tahoe/bal15_drugs/random__scvi__molformer__lightgbm
random,scvi,molformer,lightgbm,full,none,overall,AUROC,0.9996706827309236,2.0213746814654152e-05,3,,results/tahoe/bal15_drugs/random__scvi__molformer__lightgbm
random,scvi,molformer,mlp,full,none,within_drug,MCC,0.9706544872544498,0.0,3,10.0,results/tahoe/bal15_drugs/random__scvi__molformer__mlp
random,scvi,molformer,mlp,full,none,within_drug,AUROC,0.9999352420354599,1.247038284072725e-05,3,10.0,results/tahoe/bal15_drugs/random__scvi__molformer__mlp
random,scvi,molformer,mlp,full,none,within_cell_line,MCC,0.9748341463432149,0.0,3,38.0,results/tahoe/bal15_drugs/random__scvi__molformer__mlp
random,scvi,molformer,mlp,full,none,within_cell_line,AUROC,0.9977799436863765,7.537042942968721e-05,3,38.0,results/tahoe/bal15_drugs/random__scvi__molformer__mlp
random,scvi,molformer,mlp,full,none,overall,MCC,0.9749266414558536,0.0,3,,results/tahoe/bal15_drugs/random__scvi__molformer__mlp
random,scvi,molformer,mlp,full,none,overall,AUROC,0.9997510040160644,8.032128514042409e-06,3,,results/tahoe/bal15_drugs/random__scvi__molformer__mlp
random,scvi,molformer,xrfm,full,none,within_drug,MCC,0.9706544872544498,0.0,3,10.0,results/tahoe/bal15_drugs/random__scvi__molformer__xrfm
random,scvi,molformer,xrfm,full,none,within_drug,AUROC,0.999973074129937,1.5114372229557627e-05,3,10.0,results/tahoe/bal15_drugs/random__scvi__molformer__xrfm
random,scvi,molformer,xrfm,full,none,within_cell_line,MCC,0.9748341463432149,0.0,3,38.0,results/tahoe/bal15_drugs/random__scvi__molformer__xrfm
random,scvi,molformer,xrfm,full,none,within_cell_line,AUROC,0.9980506822612085,7.03399450767108e-05,3,38.0,results/tahoe/bal15_drugs/random__scvi__molformer__xrfm
random,scvi,molformer,xrfm,full,none,overall,MCC,0.9749266414558536,0.0,3,,results/tahoe/bal15_drugs/random__scvi__molformer__xrfm
random,scvi,molformer,xrfm,full,none,overall,AUROC,0.99970281124498,8.03212851404241e-06,3,,results/tahoe/bal15_drugs/random__scvi__molformer__xrfm
random,scvi,morgan,lightgbm,full,none,within_drug,MCC,0.9706544872544498,0.0,3,10.0,results/tahoe/bal15_drugs/random__scvi__morgan__lightgbm
random,scvi,morgan,lightgbm,full,none,within_drug,AUROC,1.0,0.0,3,10.0,results/tahoe/bal15_drugs/random__scvi__morgan__lightgbm
random,scvi,morgan,lightgbm,full,none,within_cell_line,MCC,0.9748341463432149,0.0,3,38.0,results/tahoe/bal15_drugs/random__scvi__morgan__lightgbm
random,scvi,morgan,lightgbm,full,none,within_cell_line,AUROC,0.9979423868312757,5.9006104390564115e-05,3,38.0,results/tahoe/bal15_drugs/random__scvi__morgan__lightgbm
random,scvi,morgan,lightgbm,full,none,overall,MCC,0.9749266414558536,0.0,3,,results/tahoe/bal15_drugs/random__scvi__morgan__lightgbm
random,scvi,morgan,lightgbm,full,none,overall,AUROC,0.9996465863453816,3.246146091825775e-05,3,,results/tahoe/bal15_drugs/random__scvi__morgan__lightgbm
random,scvi,morgan,mlp,full,none,within_drug,MCC,0.9706544872544498,0.0,3,10.0,results/tahoe/bal15_drugs/random__scvi__morgan__mlp
random,scvi,morgan,mlp,full,none,within_drug,AUROC,1.0,0.0,3,10.0,results/tahoe/bal15_drugs/random__scvi__morgan__mlp
random,scvi,morgan,mlp,full,none,within_cell_line,MCC,0.9748341463432149,0.0,3,38.0,results/tahoe/bal15_drugs/random__scvi__morgan__mlp
random,scvi,morgan,mlp,full,none,within_cell_line,AUROC,0.9982537361923328,0.00035403662634346956,3,38.0,results/tahoe/bal15_drugs/random__scvi__morgan__mlp
random,scvi,morgan,mlp,full,none,overall,MCC,0.9749266414558536,0.0,3,,results/tahoe/bal15_drugs/random__scvi__morgan__mlp
random,scvi,morgan,mlp,full,none,overall,AUROC,0.9997617135207498,2.677376171322799e-06,3,,results/tahoe/bal15_drugs/random__scvi__morgan__mlp
random,scvi,morgan,xrfm,full,none,within_drug,MCC,0.9706544872544498,0.0,3,10.0,results/tahoe/bal15_drugs/random__scvi__morgan__xrfm
random,scvi,morgan,xrfm,full,none,within_drug,AUROC,0.9999912854030502,8.714596949917682e-06,3,10.0,results/tahoe/bal15_drugs/random__scvi__morgan__xrfm
random,scvi,morgan,xrfm,full,none,within_cell_line,MCC,0.9748341463432149,0.0,3,38.0,results/tahoe/bal15_drugs/random__scvi__morgan__xrfm
random,scvi,morgan,xrfm,full,none,within_cell_line,AUROC,0.9983349577647823,0.0001074460408976599,3,38.0,results/tahoe/bal15_drugs/random__scvi__morgan__xrfm
random,scvi,morgan,xrfm,full,none,overall,MCC,0.9749266414558536,0.0,3,,results/tahoe/bal15_drugs/random__scvi__morgan__xrfm
random,scvi,morgan,xrfm,full,none,overall,AUROC,0.9997135207496654,2.5540540867908094e-05,3,,results/tahoe/bal15_drugs/random__scvi__morgan__xrfm
loclo_loo,gene_jepa,morgan,lightgbm,cell_only,drug_emb,within_drug,MCC,0.1390996517239878,0.0,3,10.0,results/tahoe/bal15_drugs_cellonly/loclo_loo__gene_jepa__morgan__lightgbm
loclo_loo,gene_jepa,morgan,lightgbm,cell_only,drug_emb,within_drug,AUROC,0.6677250624888816,0.0009024165895640707,3,10.0,results/tahoe/bal15_drugs_cellonly/loclo_loo__gene_jepa__morgan__lightgbm
loclo_loo,gene_jepa,morgan,lightgbm,cell_only,drug_emb,within_cell_line,MCC,0.0,0.0,3,38.0,results/tahoe/bal15_drugs_cellonly/loclo_loo__gene_jepa__morgan__lightgbm
loclo_loo,gene_jepa,morgan,lightgbm,cell_only,drug_emb,within_cell_line,AUROC,0.5,0.0,3,38.0,results/tahoe/bal15_drugs_cellonly/loclo_loo__gene_jepa__morgan__lightgbm
loclo_loo,gene_jepa,morgan,lightgbm,cell_only,drug_emb,overall,MCC,0.0,0.0,38,,results/tahoe/bal15_drugs_cellonly/loclo_loo__gene_jepa__morgan__lightgbm
loclo_loo,gene_jepa,morgan,lightgbm,cell_only,drug_emb,overall,AUROC,0.5,0.0,38,,results/tahoe/bal15_drugs_cellonly/loclo_loo__gene_jepa__morgan__lightgbm
loclo_loo,gene_jepa,morgan,mlp,cell_only,drug_emb,within_drug,MCC,0.19564287942301983,0.008517657733936151,3,10.0,results/tahoe/bal15_drugs_cellonly/loclo_loo__gene_jepa__morgan__mlp
loclo_loo,gene_jepa,morgan,mlp,cell_only,drug_emb,within_drug,AUROC,0.6365619687688525,0.00999807332708335,3,10.0,results/tahoe/bal15_drugs_cellonly/loclo_loo__gene_jepa__morgan__mlp
loclo_loo,gene_jepa,morgan,mlp,cell_only,drug_emb,within_cell_line,MCC,0.0,0.0,3,38.0,results/tahoe/bal15_drugs_cellonly/loclo_loo__gene_jepa__morgan__mlp
loclo_loo,gene_jepa,morgan,mlp,cell_only,drug_emb,within_cell_line,AUROC,0.5,0.0,3,38.0,results/tahoe/bal15_drugs_cellonly/loclo_loo__gene_jepa__morgan__mlp
loclo_loo,gene_jepa,morgan,mlp,cell_only,drug_emb,overall,MCC,0.0,0.0,38,,results/tahoe/bal15_drugs_cellonly/loclo_loo__gene_jepa__morgan__mlp
loclo_loo,gene_jepa,morgan,mlp,cell_only,drug_emb,overall,AUROC,0.5,0.0,38,,results/tahoe/bal15_drugs_cellonly/loclo_loo__gene_jepa__morgan__mlp
loclo_loo,gene_jepa,morgan,xrfm,cell_only,drug_emb,within_drug,MCC,0.10544403344262702,0.020177724801428334,3,10.0,results/tahoe/bal15_drugs_cellonly/loclo_loo__gene_jepa__morgan__xrfm
loclo_loo,gene_jepa,morgan,xrfm,cell_only,drug_emb,within_drug,AUROC,0.66320167819855,0.002715152427997519,3,10.0,results/tahoe/bal15_drugs_cellonly/loclo_loo__gene_jepa__morgan__xrfm
loclo_loo,gene_jepa,morgan,xrfm,cell_only,drug_emb,within_cell_line,MCC,0.0,0.0,3,38.0,results/tahoe/bal15_drugs_cellonly/loclo_loo__gene_jepa__morgan__xrfm
loclo_loo,gene_jepa,morgan,xrfm,cell_only,drug_emb,within_cell_line,AUROC,0.5,0.0,3,38.0,results/tahoe/bal15_drugs_cellonly/loclo_loo__gene_jepa__morgan__xrfm
loclo_loo,gene_jepa,morgan,xrfm,cell_only,drug_emb,overall,MCC,0.0,0.0,38,,results/tahoe/bal15_drugs_cellonly/loclo_loo__gene_jepa__morgan__xrfm
loclo_loo,gene_jepa,morgan,xrfm,cell_only,drug_emb,overall,AUROC,0.5,0.0,38,,results/tahoe/bal15_drugs_cellonly/loclo_loo__gene_jepa__morgan__xrfm
loclo_loo,gformer_cancer,morgan,lightgbm,cell_only,drug_emb,within_drug,MCC,0.03328491257955858,0.0,3,10.0,results/tahoe/bal15_drugs_cellonly/loclo_loo__gformer_cancer__morgan__lightgbm
loclo_loo,gformer_cancer,morgan,lightgbm,cell_only,drug_emb,within_drug,AUROC,0.5840920126978427,0.0019696194990661557,3,10.0,results/tahoe/bal15_drugs_cellonly/loclo_loo__gformer_cancer__morgan__lightgbm
loclo_loo,gformer_cancer,morgan,lightgbm,cell_only,drug_emb,within_cell_line,MCC,0.0,0.0,3,38.0,results/tahoe/bal15_drugs_cellonly/loclo_loo__gformer_cancer__morgan__lightgbm
loclo_loo,gformer_cancer,morgan,lightgbm,cell_only,drug_emb,within_cell_line,AUROC,0.5,0.0,3,38.0,results/tahoe/bal15_drugs_cellonly/loclo_loo__gformer_cancer__morgan__lightgbm
loclo_loo,gformer_cancer,morgan,lightgbm,cell_only,drug_emb,overall,MCC,0.0,0.0,38,,results/tahoe/bal15_drugs_cellonly/loclo_loo__gformer_cancer__morgan__lightgbm
loclo_loo,gformer_cancer,morgan,lightgbm,cell_only,drug_emb,overall,AUROC,0.5,0.0,38,,results/tahoe/bal15_drugs_cellonly/loclo_loo__gformer_cancer__morgan__lightgbm
loclo_loo,gformer_cancer,morgan,mlp,cell_only,drug_emb,within_drug,MCC,-0.028669141446163837,0.0553014030251712,3,10.0,results/tahoe/bal15_drugs_cellonly/loclo_loo__gformer_cancer__morgan__mlp
loclo_loo,gformer_cancer,morgan,mlp,cell_only,drug_emb,within_drug,AUROC,0.5388406397418443,0.017258797607321935,3,10.0,results/tahoe/bal15_drugs_cellonly/loclo_loo__gformer_cancer__morgan__mlp
loclo_loo,gformer_cancer,morgan,mlp,cell_only,drug_emb,within_cell_line,MCC,0.0,0.0,3,38.0,results/tahoe/bal15_drugs_cellonly/loclo_loo__gformer_cancer__morgan__mlp
loclo_loo,gformer_cancer,morgan,mlp,cell_only,drug_emb,within_cell_line,AUROC,0.5,0.0,3,38.0,results/tahoe/bal15_drugs_cellonly/loclo_loo__gformer_cancer__morgan__mlp
loclo_loo,gformer_cancer,morgan,mlp,cell_only,drug_emb,overall,MCC,0.0,0.0,38,,results/tahoe/bal15_drugs_cellonly/loclo_loo__gformer_cancer__morgan__mlp
loclo_loo,gformer_cancer,morgan,mlp,cell_only,drug_emb,overall,AUROC,0.5,0.0,38,,results/tahoe/bal15_drugs_cellonly/loclo_loo__gformer_cancer__morgan__mlp
loclo_loo,gformer_cancer,morgan,xrfm,cell_only,drug_emb,within_drug,MCC,0.0475299119686162,0.006833265699924261,3,10.0,results/tahoe/bal15_drugs_cellonly/loclo_loo__gformer_cancer__morgan__xrfm
loclo_loo,gformer_cancer,morgan,xrfm,cell_only,drug_emb,within_drug,AUROC,0.584591529856181,0.010744187970501135,3,10.0,results/tahoe/bal15_drugs_cellonly/loclo_loo__gformer_cancer__morgan__xrfm
loclo_loo,gformer_cancer,morgan,xrfm,cell_only,drug_emb,within_cell_line,MCC,0.0,0.0,3,38.0,results/tahoe/bal15_drugs_cellonly/loclo_loo__gformer_cancer__morgan__xrfm
loclo_loo,gformer_cancer,morgan,xrfm,cell_only,drug_emb,within_cell_line,AUROC,0.5,0.0,3,38.0,results/tahoe/bal15_drugs_cellonly/loclo_loo__gformer_cancer__morgan__xrfm
loclo_loo,gformer_cancer,morgan,xrfm,cell_only,drug_emb,overall,MCC,0.0,0.0,38,,results/tahoe/bal15_drugs_cellonly/loclo_loo__gformer_cancer__morgan__xrfm
loclo_loo,gformer_cancer,morgan,xrfm,cell_only,drug_emb,overall,AUROC,0.5,0.0,38,,results/tahoe/bal15_drugs_cellonly/loclo_loo__gformer_cancer__morgan__xrfm
loclo_loo,pca,morgan,lightgbm,cell_only,drug_emb,within_drug,MCC,-0.017764061140588677,0.0,3,10.0,results/tahoe/bal15_drugs_cellonly/loclo_loo__pca__morgan__lightgbm
loclo_loo,pca,morgan,lightgbm,cell_only,drug_emb,within_drug,AUROC,0.5893721608431314,0.0010981794685920663,3,10.0,results/tahoe/bal15_drugs_cellonly/loclo_loo__pca__morgan__lightgbm
loclo_loo,pca,morgan,lightgbm,cell_only,drug_emb,within_cell_line,MCC,0.0,0.0,3,38.0,results/tahoe/bal15_drugs_cellonly/loclo_loo__pca__morgan__lightgbm
loclo_loo,pca,morgan,lightgbm,cell_only,drug_emb,within_cell_line,AUROC,0.5,0.0,3,38.0,results/tahoe/bal15_drugs_cellonly/loclo_loo__pca__morgan__lightgbm
loclo_loo,pca,morgan,lightgbm,cell_only,drug_emb,overall,MCC,0.0,0.0,38,,results/tahoe/bal15_drugs_cellonly/loclo_loo__pca__morgan__lightgbm
loclo_loo,pca,morgan,lightgbm,cell_only,drug_emb,overall,AUROC,0.5,0.0,38,,results/tahoe/bal15_drugs_cellonly/loclo_loo__pca__morgan__lightgbm
loclo_loo,pca,morgan,mlp,cell_only,drug_emb,within_drug,MCC,0.025245154583027046,2.4532694666933983e-18,3,10.0,results/tahoe/bal15_drugs_cellonly/loclo_loo__pca__morgan__mlp
loclo_loo,pca,morgan,mlp,cell_only,drug_emb,within_drug,AUROC,0.553504412520717,0.00829279184289408,3,10.0,results/tahoe/bal15_drugs_cellonly/loclo_loo__pca__morgan__mlp
loclo_loo,pca,morgan,mlp,cell_only,drug_emb,within_cell_line,MCC,0.0,0.0,3,38.0,results/tahoe/bal15_drugs_cellonly/loclo_loo__pca__morgan__mlp
loclo_loo,pca,morgan,mlp,cell_only,drug_emb,within_cell_line,AUROC,0.5,0.0,3,38.0,results/tahoe/bal15_drugs_cellonly/loclo_loo__pca__morgan__mlp
loclo_loo,pca,morgan,mlp,cell_only,drug_emb,overall,MCC,0.0,0.0,38,,results/tahoe/bal15_drugs_cellonly/loclo_loo__pca__morgan__mlp
loclo_loo,pca,morgan,mlp,cell_only,drug_emb,overall,AUROC,0.5,0.0,38,,results/tahoe/bal15_drugs_cellonly/loclo_loo__pca__morgan__mlp
loclo_loo,pca,morgan,xrfm,cell_only,drug_emb,within_drug,MCC,0.025245154583027046,2.4532694666933983e-18,3,10.0,results/tahoe/bal15_drugs_cellonly/loclo_loo__pca__morgan__xrfm
loclo_loo,pca,morgan,xrfm,cell_only,drug_emb,within_drug,AUROC,0.5644221590409192,0.020664980834021792,3,10.0,results/tahoe/bal15_drugs_cellonly/loclo_loo__pca__morgan__xrfm
loclo_loo,pca,morgan,xrfm,cell_only,drug_emb,within_cell_line,MCC,0.0,0.0,3,38.0,results/tahoe/bal15_drugs_cellonly/loclo_loo__pca__morgan__xrfm
loclo_loo,pca,morgan,xrfm,cell_only,drug_emb,within_cell_line,AUROC,0.5,0.0,3,38.0,results/tahoe/bal15_drugs_cellonly/loclo_loo__pca__morgan__xrfm
loclo_loo,pca,morgan,xrfm,cell_only,drug_emb,overall,MCC,0.0,0.0,38,,results/tahoe/bal15_drugs_cellonly/loclo_loo__pca__morgan__xrfm
loclo_loo,pca,morgan,xrfm,cell_only,drug_emb,overall,AUROC,0.5,0.0,38,,results/tahoe/bal15_drugs_cellonly/loclo_loo__pca__morgan__xrfm
loclo_loo,scgpt_pan,morgan,lightgbm,cell_only,drug_emb,within_drug,MCC,0.09760252702981427,0.021840187651779242,3,10.0,results/tahoe/bal15_drugs_cellonly/loclo_loo__scgpt_pan__morgan__lightgbm
loclo_loo,scgpt_pan,morgan,lightgbm,cell_only,drug_emb,within_drug,AUROC,0.5911302101288213,0.0012826641455264112,3,10.0,results/tahoe/bal15_drugs_cellonly/loclo_loo__scgpt_pan__morgan__lightgbm
loclo_loo,scgpt_pan,morgan,lightgbm,cell_only,drug_emb,within_cell_line,MCC,0.0,0.0,3,38.0,results/tahoe/bal15_drugs_cellonly/loclo_loo__scgpt_pan__morgan__lightgbm
loclo_loo,scgpt_pan,morgan,lightgbm,cell_only,drug_emb,within_cell_line,AUROC,0.5,0.0,3,38.0,results/tahoe/bal15_drugs_cellonly/loclo_loo__scgpt_pan__morgan__lightgbm
loclo_loo,scgpt_pan,morgan,lightgbm,cell_only,drug_emb,overall,MCC,0.0,0.0,38,,results/tahoe/bal15_drugs_cellonly/loclo_loo__scgpt_pan__morgan__lightgbm
loclo_loo,scgpt_pan,morgan,lightgbm,cell_only,drug_emb,overall,AUROC,0.5,0.0,38,,results/tahoe/bal15_drugs_cellonly/loclo_loo__scgpt_pan__morgan__lightgbm
loclo_loo,scgpt_pan,morgan,mlp,cell_only,drug_emb,within_drug,MCC,-0.02946333028205987,0.011699269141471196,3,10.0,results/tahoe/bal15_drugs_cellonly/loclo_loo__scgpt_pan__morgan__mlp
loclo_loo,scgpt_pan,morgan,mlp,cell_only,drug_emb,within_drug,AUROC,0.5603500942691163,0.0063196558123583685,3,10.0,results/tahoe/bal15_drugs_cellonly/loclo_loo__scgpt_pan__morgan__mlp
loclo_loo,scgpt_pan,morgan,mlp,cell_only,drug_emb,within_cell_line,MCC,0.0,0.0,3,38.0,results/tahoe/bal15_drugs_cellonly/loclo_loo__scgpt_pan__morgan__mlp
loclo_loo,scgpt_pan,morgan,mlp,cell_only,drug_emb,within_cell_line,AUROC,0.5,0.0,3,38.0,results/tahoe/bal15_drugs_cellonly/loclo_loo__scgpt_pan__morgan__mlp
loclo_loo,scgpt_pan,morgan,mlp,cell_only,drug_emb,overall,MCC,0.0,0.0,38,,results/tahoe/bal15_drugs_cellonly/loclo_loo__scgpt_pan__morgan__mlp
loclo_loo,scgpt_pan,morgan,mlp,cell_only,drug_emb,overall,AUROC,0.5,0.0,38,,results/tahoe/bal15_drugs_cellonly/loclo_loo__scgpt_pan__morgan__mlp
loclo_loo,scgpt_pan,morgan,xrfm,cell_only,drug_emb,within_drug,MCC,0.18436677100020046,0.004415448079798675,3,10.0,results/tahoe/bal15_drugs_cellonly/loclo_loo__scgpt_pan__morgan__xrfm
loclo_loo,scgpt_pan,morgan,xrfm,cell_only,drug_emb,within_drug,AUROC,0.6097294480942328,0.0063544772772613604,3,10.0,results/tahoe/bal15_drugs_cellonly/loclo_loo__scgpt_pan__morgan__xrfm
loclo_loo,scgpt_pan,morgan,xrfm,cell_only,drug_emb,within_cell_line,MCC,0.0,0.0,3,38.0,results/tahoe/bal15_drugs_cellonly/loclo_loo__scgpt_pan__morgan__xrfm
loclo_loo,scgpt_pan,morgan,xrfm,cell_only,drug_emb,within_cell_line,AUROC,0.5,0.0,3,38.0,results/tahoe/bal15_drugs_cellonly/loclo_loo__scgpt_pan__morgan__xrfm
loclo_loo,scgpt_pan,morgan,xrfm,cell_only,drug_emb,overall,MCC,0.0,0.0,38,,results/tahoe/bal15_drugs_cellonly/loclo_loo__scgpt_pan__morgan__xrfm
loclo_loo,scgpt_pan,morgan,xrfm,cell_only,drug_emb,overall,AUROC,0.5,0.0,38,,results/tahoe/bal15_drugs_cellonly/loclo_loo__scgpt_pan__morgan__xrfm
loclo_loo,scvi,morgan,lightgbm,cell_only,drug_emb,within_drug,MCC,-0.009384038839158991,0.04570801912289252,3,10.0,results/tahoe/bal15_drugs_cellonly/loclo_loo__scvi__morgan__lightgbm
loclo_loo,scvi,morgan,lightgbm,cell_only,drug_emb,within_drug,AUROC,0.5597511666893306,0.008667928633486833,3,10.0,results/tahoe/bal15_drugs_cellonly/loclo_loo__scvi__morgan__lightgbm
loclo_loo,scvi,morgan,lightgbm,cell_only,drug_emb,within_cell_line,MCC,0.0,0.0,3,38.0,results/tahoe/bal15_drugs_cellonly/loclo_loo__scvi__morgan__lightgbm
loclo_loo,scvi,morgan,lightgbm,cell_only,drug_emb,within_cell_line,AUROC,0.5,0.0,3,38.0,results/tahoe/bal15_drugs_cellonly/loclo_loo__scvi__morgan__lightgbm
loclo_loo,scvi,morgan,lightgbm,cell_only,drug_emb,overall,MCC,0.0,0.0,38,,results/tahoe/bal15_drugs_cellonly/loclo_loo__scvi__morgan__lightgbm
loclo_loo,scvi,morgan,lightgbm,cell_only,drug_emb,overall,AUROC,0.5,0.0,38,,results/tahoe/bal15_drugs_cellonly/loclo_loo__scvi__morgan__lightgbm
loclo_loo,scvi,morgan,mlp,cell_only,drug_emb,within_drug,MCC,0.01829463314229279,0.018029347141440735,3,10.0,results/tahoe/bal15_drugs_cellonly/loclo_loo__scvi__morgan__mlp
loclo_loo,scvi,morgan,mlp,cell_only,drug_emb,within_drug,AUROC,0.5503125053854552,0.0018803498624351861,3,10.0,results/tahoe/bal15_drugs_cellonly/loclo_loo__scvi__morgan__mlp
loclo_loo,scvi,morgan,mlp,cell_only,drug_emb,within_cell_line,MCC,0.0,0.0,3,38.0,results/tahoe/bal15_drugs_cellonly/loclo_loo__scvi__morgan__mlp
loclo_loo,scvi,morgan,mlp,cell_only,drug_emb,within_cell_line,AUROC,0.5,0.0,3,38.0,results/tahoe/bal15_drugs_cellonly/loclo_loo__scvi__morgan__mlp
loclo_loo,scvi,morgan,mlp,cell_only,drug_emb,overall,MCC,0.0,0.0,38,,results/tahoe/bal15_drugs_cellonly/loclo_loo__scvi__morgan__mlp
loclo_loo,scvi,morgan,mlp,cell_only,drug_emb,overall,AUROC,0.5,0.0,38,,results/tahoe/bal15_drugs_cellonly/loclo_loo__scvi__morgan__mlp
loclo_loo,scvi,morgan,xrfm,cell_only,drug_emb,within_drug,MCC,-0.07312140510349223,0.02767867198145178,3,10.0,results/tahoe/bal15_drugs_cellonly/loclo_loo__scvi__morgan__xrfm
loclo_loo,scvi,morgan,xrfm,cell_only,drug_emb,within_drug,AUROC,0.5267313600551549,0.004412037215427175,3,10.0,results/tahoe/bal15_drugs_cellonly/loclo_loo__scvi__morgan__xrfm
loclo_loo,scvi,morgan,xrfm,cell_only,drug_emb,within_cell_line,MCC,0.0,0.0,3,38.0,results/tahoe/bal15_drugs_cellonly/loclo_loo__scvi__morgan__xrfm
loclo_loo,scvi,morgan,xrfm,cell_only,drug_emb,within_cell_line,AUROC,0.5,0.0,3,38.0,results/tahoe/bal15_drugs_cellonly/loclo_loo__scvi__morgan__xrfm
loclo_loo,scvi,morgan,xrfm,cell_only,drug_emb,overall,MCC,0.0,0.0,38,,results/tahoe/bal15_drugs_cellonly/loclo_loo__scvi__morgan__xrfm
loclo_loo,scvi,morgan,xrfm,cell_only,drug_emb,overall,AUROC,0.5,0.0,38,,results/tahoe/bal15_drugs_cellonly/loclo_loo__scvi__morgan__xrfm
lodo_loo,gene_jepa,morgan,lightgbm,cell_only,drug_emb,within_drug,MCC,0.4667011826430592,0.0,3,10.0,results/tahoe/bal15_drugs_cellonly/lodo_loo__gene_jepa__morgan__lightgbm
lodo_loo,gene_jepa,morgan,lightgbm,cell_only,drug_emb,within_drug,AUROC,0.864560359367959,0.0003483968334882595,3,10.0,results/tahoe/bal15_drugs_cellonly/lodo_loo__gene_jepa__morgan__lightgbm
lodo_loo,gene_jepa,morgan,lightgbm,cell_only,drug_emb,within_cell_line,MCC,-0.09353124112014438,0.0,3,38.0,results/tahoe/bal15_drugs_cellonly/lodo_loo__gene_jepa__morgan__lightgbm
lodo_loo,gene_jepa,morgan,lightgbm,cell_only,drug_emb,within_cell_line,AUROC,0.0,0.0,3,38.0,results/tahoe/bal15_drugs_cellonly/lodo_loo__gene_jepa__morgan__lightgbm
lodo_loo,gene_jepa,morgan,lightgbm,cell_only,drug_emb,overall,MCC,0.4667011826430592,0.0529617198273532,10,,results/tahoe/bal15_drugs_cellonly/lodo_loo__gene_jepa__morgan__lightgbm
lodo_loo,gene_jepa,morgan,lightgbm,cell_only,drug_emb,overall,AUROC,0.8645603593679592,0.0157638160123609,10,,results/tahoe/bal15_drugs_cellonly/lodo_loo__gene_jepa__morgan__lightgbm
lodo_loo,gene_jepa,morgan,mlp,cell_only,drug_emb,within_drug,MCC,0.45315031638759534,0.015521417592591437,3,10.0,results/tahoe/bal15_drugs_cellonly/lodo_loo__gene_jepa__morgan__mlp
lodo_loo,gene_jepa,morgan,mlp,cell_only,drug_emb,within_drug,AUROC,0.8533847001321812,0.0030263432842021812,3,10.0,results/tahoe/bal15_drugs_cellonly/lodo_loo__gene_jepa__morgan__mlp
lodo_loo,gene_jepa,morgan,mlp,cell_only,drug_emb,within_cell_line,MCC,-0.10420869925769045,0.0275247772532734,3,38.0,results/tahoe/bal15_drugs_cellonly/lodo_loo__gene_jepa__morgan__mlp
lodo_loo,gene_jepa,morgan,mlp,cell_only,drug_emb,within_cell_line,AUROC,0.09372076023391811,0.023273477156945464,3,38.0,results/tahoe/bal15_drugs_cellonly/lodo_loo__gene_jepa__morgan__mlp
lodo_loo,gene_jepa,morgan,mlp,cell_only,drug_emb,overall,MCC,0.4531503163875953,0.0497067507510336,10,,results/tahoe/bal15_drugs_cellonly/lodo_loo__gene_jepa__morgan__mlp
lodo_loo,gene_jepa,morgan,mlp,cell_only,drug_emb,overall,AUROC,0.853384700132181,0.0168543304592405,10,,results/tahoe/bal15_drugs_cellonly/lodo_loo__gene_jepa__morgan__mlp
lodo_loo,gene_jepa,morgan,xrfm,cell_only,drug_emb,within_drug,MCC,0.43066817598228124,0.002126370241327093,3,10.0,results/tahoe/bal15_drugs_cellonly/lodo_loo__gene_jepa__morgan__xrfm
lodo_loo,gene_jepa,morgan,xrfm,cell_only,drug_emb,within_drug,AUROC,0.8706394333517912,0.0005124939727242768,3,10.0,results/tahoe/bal15_drugs_cellonly/lodo_loo__gene_jepa__morgan__xrfm
lodo_loo,gene_jepa,morgan,xrfm,cell_only,drug_emb,within_cell_line,MCC,-0.15854341449748405,0.0035880453053592862,3,38.0,results/tahoe/bal15_drugs_cellonly/lodo_loo__gene_jepa__morgan__xrfm
lodo_loo,gene_jepa,morgan,xrfm,cell_only,drug_emb,within_cell_line,AUROC,0.0,0.0,3,38.0,results/tahoe/bal15_drugs_cellonly/lodo_loo__gene_jepa__morgan__xrfm
lodo_loo,gene_jepa,morgan,xrfm,cell_only,drug_emb,overall,MCC,0.4306681759822813,0.0354315553474075,10,,results/tahoe/bal15_drugs_cellonly/lodo_loo__gene_jepa__morgan__xrfm
lodo_loo,gene_jepa,morgan,xrfm,cell_only,drug_emb,overall,AUROC,0.8706394333517912,0.0163580797791541,10,,results/tahoe/bal15_drugs_cellonly/lodo_loo__gene_jepa__morgan__xrfm
lodo_loo,gformer_cancer,morgan,lightgbm,cell_only,drug_emb,within_drug,MCC,0.4032187072478129,0.003760908862662042,3,10.0,results/tahoe/bal15_drugs_cellonly/lodo_loo__gformer_cancer__morgan__lightgbm
lodo_loo,gformer_cancer,morgan,lightgbm,cell_only,drug_emb,within_drug,AUROC,0.870805286939729,0.0003941290377425708,3,10.0,results/tahoe/bal15_drugs_cellonly/lodo_loo__gformer_cancer__morgan__lightgbm
lodo_loo,gformer_cancer,morgan,lightgbm,cell_only,drug_emb,within_cell_line,MCC,-0.18099116808645133,0.0016096791146690639,3,38.0,results/tahoe/bal15_drugs_cellonly/lodo_loo__gformer_cancer__morgan__lightgbm
lodo_loo,gformer_cancer,morgan,lightgbm,cell_only,drug_emb,within_cell_line,AUROC,0.0,0.0,3,38.0,results/tahoe/bal15_drugs_cellonly/lodo_loo__gformer_cancer__morgan__lightgbm
lodo_loo,gformer_cancer,morgan,lightgbm,cell_only,drug_emb,overall,MCC,0.4032187072478129,0.0368798391603822,10,,results/tahoe/bal15_drugs_cellonly/lodo_loo__gformer_cancer__morgan__lightgbm
lodo_loo,gformer_cancer,morgan,lightgbm,cell_only,drug_emb,overall,AUROC,0.8708052869397289,0.0194814283306945,10,,results/tahoe/bal15_drugs_cellonly/lodo_loo__gformer_cancer__morgan__lightgbm
lodo_loo,gformer_cancer,morgan,mlp,cell_only,drug_emb,within_drug,MCC,0.4142763194123318,0.002501493874085524,3,10.0,results/tahoe/bal15_drugs_cellonly/lodo_loo__gformer_cancer__morgan__mlp
lodo_loo,gformer_cancer,morgan,mlp,cell_only,drug_emb,within_drug,AUROC,0.866578368328825,0.0015894913509386034,3,10.0,results/tahoe/bal15_drugs_cellonly/lodo_loo__gformer_cancer__morgan__mlp
lodo_loo,gformer_cancer,morgan,mlp,cell_only,drug_emb,within_cell_line,MCC,-0.17102552981024122,0.004303977030374195,3,38.0,results/tahoe/bal15_drugs_cellonly/lodo_loo__gformer_cancer__morgan__mlp
lodo_loo,gformer_cancer,morgan,mlp,cell_only,drug_emb,within_cell_line,AUROC,0.0021929824561403495,0.0006330595056903791,3,38.0,results/tahoe/bal15_drugs_cellonly/lodo_loo__gformer_cancer__morgan__mlp
lodo_loo,gformer_cancer,morgan,mlp,cell_only,drug_emb,overall,MCC,0.4142763194123319,0.0409644197128565,10,,results/tahoe/bal15_drugs_cellonly/lodo_loo__gformer_cancer__morgan__mlp
lodo_loo,gformer_cancer,morgan,mlp,cell_only,drug_emb,overall,AUROC,0.8665783683288248,0.0215006586812291,10,,results/tahoe/bal15_drugs_cellonly/lodo_loo__gformer_cancer__morgan__mlp
lodo_loo,gformer_cancer,morgan,xrfm,cell_only,drug_emb,within_drug,MCC,0.43519273822856497,0.002557494267316896,3,10.0,results/tahoe/bal15_drugs_cellonly/lodo_loo__gformer_cancer__morgan__xrfm
lodo_loo,gformer_cancer,morgan,xrfm,cell_only,drug_emb,within_drug,AUROC,0.8651771583677254,0.0008451531801497882,3,10.0,results/tahoe/bal15_drugs_cellonly/lodo_loo__gformer_cancer__morgan__xrfm
lodo_loo,gformer_cancer,morgan,xrfm,cell_only,drug_emb,within_cell_line,MCC,-0.1500634475010847,0.004044940767254321,3,38.0,results/tahoe/bal15_drugs_cellonly/lodo_loo__gformer_cancer__morgan__xrfm
lodo_loo,gformer_cancer,morgan,xrfm,cell_only,drug_emb,within_cell_line,AUROC,0.0,0.0,3,38.0,results/tahoe/bal15_drugs_cellonly/lodo_loo__gformer_cancer__morgan__xrfm
lodo_loo,gformer_cancer,morgan,xrfm,cell_only,drug_emb,overall,MCC,0.4351927382285649,0.0373221774164697,10,,results/tahoe/bal15_drugs_cellonly/lodo_loo__gformer_cancer__morgan__xrfm
lodo_loo,gformer_cancer,morgan,xrfm,cell_only,drug_emb,overall,AUROC,0.8651771583677252,0.0203231101520501,10,,results/tahoe/bal15_drugs_cellonly/lodo_loo__gformer_cancer__morgan__xrfm
lodo_loo,pca,morgan,lightgbm,cell_only,drug_emb,within_drug,MCC,0.42186477855362225,0.0,3,10.0,results/tahoe/bal15_drugs_cellonly/lodo_loo__pca__morgan__lightgbm
lodo_loo,pca,morgan,lightgbm,cell_only,drug_emb,within_drug,AUROC,0.8675843650197428,0.0004676747545867001,3,10.0,results/tahoe/bal15_drugs_cellonly/lodo_loo__pca__morgan__lightgbm
lodo_loo,pca,morgan,lightgbm,cell_only,drug_emb,within_cell_line,MCC,-0.15789473684210525,0.0,3,38.0,results/tahoe/bal15_drugs_cellonly/lodo_loo__pca__morgan__lightgbm
lodo_loo,pca,morgan,lightgbm,cell_only,drug_emb,within_cell_line,AUROC,0.0,0.0,3,38.0,results/tahoe/bal15_drugs_cellonly/lodo_loo__pca__morgan__lightgbm
lodo_loo,pca,morgan,lightgbm,cell_only,drug_emb,overall,MCC,0.4218647785536222,0.0391804812851836,10,,results/tahoe/bal15_drugs_cellonly/lodo_loo__pca__morgan__lightgbm
lodo_loo,pca,morgan,lightgbm,cell_only,drug_emb,overall,AUROC,0.8675843650197429,0.0206139557928248,10,,results/tahoe/bal15_drugs_cellonly/lodo_loo__pca__morgan__lightgbm
lodo_loo,pca,morgan,mlp,cell_only,drug_emb,within_drug,MCC,0.42186477855362225,0.0,3,10.0,results/tahoe/bal15_drugs_cellonly/lodo_loo__pca__morgan__mlp
lodo_loo,pca,morgan,mlp,cell_only,drug_emb,within_drug,AUROC,0.8674373110263475,0.0025055903435771453,3,10.0,results/tahoe/bal15_drugs_cellonly/lodo_loo__pca__morgan__mlp
lodo_loo,pca,morgan,mlp,cell_only,drug_emb,within_cell_line,MCC,-0.15789473684210525,0.0,3,38.0,results/tahoe/bal15_drugs_cellonly/lodo_loo__pca__morgan__mlp
lodo_loo,pca,morgan,mlp,cell_only,drug_emb,within_cell_line,AUROC,0.00219298245614035,0.0006330595056903796,3,38.0,results/tahoe/bal15_drugs_cellonly/lodo_loo__pca__morgan__mlp
lodo_loo,pca,morgan,mlp,cell_only,drug_emb,overall,MCC,0.4218647785536222,0.0391804812851836,10,,results/tahoe/bal15_drugs_cellonly/lodo_loo__pca__morgan__mlp
lodo_loo,pca,morgan,mlp,cell_only,drug_emb,overall,AUROC,0.8674373110263472,0.0215676411725175,10,,results/tahoe/bal15_drugs_cellonly/lodo_loo__pca__morgan__mlp
lodo_loo,pca,morgan,xrfm,cell_only,drug_emb,within_drug,MCC,0.4310434732133113,0.003483051209647572,3,10.0,results/tahoe/bal15_drugs_cellonly/lodo_loo__pca__morgan__xrfm
lodo_loo,pca,morgan,xrfm,cell_only,drug_emb,within_drug,AUROC,0.8669083104403721,0.002051124620915359,3,10.0,results/tahoe/bal15_drugs_cellonly/lodo_loo__pca__morgan__xrfm
lodo_loo,pca,morgan,xrfm,cell_only,drug_emb,within_cell_line,MCC,-0.15142938189274538,0.002541463028000667,3,38.0,results/tahoe/bal15_drugs_cellonly/lodo_loo__pca__morgan__xrfm
lodo_loo,pca,morgan,xrfm,cell_only,drug_emb,within_cell_line,AUROC,0.0025146198830409325,0.00034380046831300687,3,38.0,results/tahoe/bal15_drugs_cellonly/lodo_loo__pca__morgan__xrfm
lodo_loo,pca,morgan,xrfm,cell_only,drug_emb,overall,MCC,0.4310434732133113,0.0383155038875972,10,,results/tahoe/bal15_drugs_cellonly/lodo_loo__pca__morgan__xrfm
lodo_loo,pca,morgan,xrfm,cell_only,drug_emb,overall,AUROC,0.8669083104403722,0.0203546015316718,10,,results/tahoe/bal15_drugs_cellonly/lodo_loo__pca__morgan__xrfm
lodo_loo,scgpt_pan,morgan,lightgbm,cell_only,drug_emb,within_drug,MCC,0.438656192241506,0.0009735856435103553,3,10.0,results/tahoe/bal15_drugs_cellonly/lodo_loo__scgpt_pan__morgan__lightgbm
lodo_loo,scgpt_pan,morgan,lightgbm,cell_only,drug_emb,within_drug,AUROC,0.865758916949397,0.000390918614519148,3,10.0,results/tahoe/bal15_drugs_cellonly/lodo_loo__scgpt_pan__morgan__lightgbm
lodo_loo,scgpt_pan,morgan,lightgbm,cell_only,drug_emb,within_cell_line,MCC,-0.14453766015889088,0.001107668362815654,3,38.0,results/tahoe/bal15_drugs_cellonly/lodo_loo__scgpt_pan__morgan__lightgbm
lodo_loo,scgpt_pan,morgan,lightgbm,cell_only,drug_emb,within_cell_line,AUROC,0.0,0.0,3,38.0,results/tahoe/bal15_drugs_cellonly/lodo_loo__scgpt_pan__morgan__lightgbm
lodo_loo,scgpt_pan,morgan,lightgbm,cell_only,drug_emb,overall,MCC,0.438656192241506,0.0405330486100568,10,,results/tahoe/bal15_drugs_cellonly/lodo_loo__scgpt_pan__morgan__lightgbm
lodo_loo,scgpt_pan,morgan,lightgbm,cell_only,drug_emb,overall,AUROC,0.8657589169493971,0.0177064579847712,10,,results/tahoe/bal15_drugs_cellonly/lodo_loo__scgpt_pan__morgan__lightgbm
lodo_loo,scgpt_pan,morgan,mlp,cell_only,drug_emb,within_drug,MCC,0.4175831064248701,0.004182051278381065,3,10.0,results/tahoe/bal15_drugs_cellonly/lodo_loo__scgpt_pan__morgan__mlp
lodo_loo,scgpt_pan,morgan,mlp,cell_only,drug_emb,within_drug,AUROC,0.866977993786521,0.0011201788486187058,3,10.0,results/tahoe/bal15_drugs_cellonly/lodo_loo__scgpt_pan__morgan__mlp
lodo_loo,scgpt_pan,morgan,mlp,cell_only,drug_emb,within_cell_line,MCC,-0.16371924825539233,0.0010713266231158342,3,38.0,results/tahoe/bal15_drugs_cellonly/lodo_loo__scgpt_pan__morgan__mlp
lodo_loo,scgpt_pan,morgan,mlp,cell_only,drug_emb,within_cell_line,AUROC,0.00983639654692286,0.0032989605154877403,3,38.0,results/tahoe/bal15_drugs_cellonly/lodo_loo__scgpt_pan__morgan__mlp
lodo_loo,scgpt_pan,morgan,mlp,cell_only,drug_emb,overall,MCC,0.4175831064248702,0.0403277979372957,10,,results/tahoe/bal15_drugs_cellonly/lodo_loo__scgpt_pan__morgan__mlp
lodo_loo,scgpt_pan,morgan,mlp,cell_only,drug_emb,overall,AUROC,0.8669779937865212,0.019581648021953,10,,results/tahoe/bal15_drugs_cellonly/lodo_loo__scgpt_pan__morgan__mlp
lodo_loo,scgpt_pan,morgan,xrfm,cell_only,drug_emb,within_drug,MCC,0.4593421910711791,0.0014743549069756944,3,10.0,results/tahoe/bal15_drugs_cellonly/lodo_loo__scgpt_pan__morgan__xrfm
lodo_loo,scgpt_pan,morgan,xrfm,cell_only,drug_emb,within_drug,AUROC,0.8601747452011205,0.0020071026893015882,3,10.0,results/tahoe/bal15_drugs_cellonly/lodo_loo__scgpt_pan__morgan__xrfm
lodo_loo,scgpt_pan,morgan,xrfm,cell_only,drug_emb,within_cell_line,MCC,-0.1184911576202789,0.0021360422910671048,3,38.0,results/tahoe/bal15_drugs_cellonly/lodo_loo__scgpt_pan__morgan__xrfm
lodo_loo,scgpt_pan,morgan,xrfm,cell_only,drug_emb,within_cell_line,AUROC,0.0,0.0,3,38.0,results/tahoe/bal15_drugs_cellonly/lodo_loo__scgpt_pan__morgan__xrfm
lodo_loo,scgpt_pan,morgan,xrfm,cell_only,drug_emb,overall,MCC,0.4593421910711791,0.0412401845216036,10,,results/tahoe/bal15_drugs_cellonly/lodo_loo__scgpt_pan__morgan__xrfm
lodo_loo,scgpt_pan,morgan,xrfm,cell_only,drug_emb,overall,AUROC,0.8601747452011205,0.0172982771957968,10,,results/tahoe/bal15_drugs_cellonly/lodo_loo__scgpt_pan__morgan__xrfm
lodo_loo,scvi,morgan,lightgbm,cell_only,drug_emb,within_drug,MCC,0.42186477855362225,0.0,3,10.0,results/tahoe/bal15_drugs_cellonly/lodo_loo__scvi__morgan__lightgbm
lodo_loo,scvi,morgan,lightgbm,cell_only,drug_emb,within_drug,AUROC,0.8690588324068708,0.0012793356702029157,3,10.0,results/tahoe/bal15_drugs_cellonly/lodo_loo__scvi__morgan__lightgbm
lodo_loo,scvi,morgan,lightgbm,cell_only,drug_emb,within_cell_line,MCC,-0.15789473684210525,0.0,3,38.0,results/tahoe/bal15_drugs_cellonly/lodo_loo__scvi__morgan__lightgbm
lodo_loo,scvi,morgan,lightgbm,cell_only,drug_emb,within_cell_line,AUROC,0.0,0.0,3,38.0,results/tahoe/bal15_drugs_cellonly/lodo_loo__scvi__morgan__lightgbm
lodo_loo,scvi,morgan,lightgbm,cell_only,drug_emb,overall,MCC,0.4218647785536222,0.0391804812851836,10,,results/tahoe/bal15_drugs_cellonly/lodo_loo__scvi__morgan__lightgbm
lodo_loo,scvi,morgan,lightgbm,cell_only,drug_emb,overall,AUROC,0.8690588324068708,0.019972979122677,10,,results/tahoe/bal15_drugs_cellonly/lodo_loo__scvi__morgan__lightgbm
lodo_loo,scvi,morgan,mlp,cell_only,drug_emb,within_drug,MCC,0.42186477855362225,0.0,3,10.0,results/tahoe/bal15_drugs_cellonly/lodo_loo__scvi__morgan__mlp
lodo_loo,scvi,morgan,mlp,cell_only,drug_emb,within_drug,AUROC,0.8700273601476977,0.0008939081824084393,3,10.0,results/tahoe/bal15_drugs_cellonly/lodo_loo__scvi__morgan__mlp
lodo_loo,scvi,morgan,mlp,cell_only,drug_emb,within_cell_line,MCC,-0.15789473684210525,0.0,3,38.0,results/tahoe/bal15_drugs_cellonly/lodo_loo__scvi__morgan__mlp
lodo_loo,scvi,morgan,mlp,cell_only,drug_emb,within_cell_line,AUROC,0.0007309941520467833,0.0007309941520467834,3,38.0,results/tahoe/bal15_drugs_cellonly/lodo_loo__scvi__morgan__mlp
lodo_loo,scvi,morgan,mlp,cell_only,drug_emb,overall,MCC,0.4218647785536222,0.0391804812851836,10,,results/tahoe/bal15_drugs_cellonly/lodo_loo__scvi__morgan__mlp
lodo_loo,scvi,morgan,mlp,cell_only,drug_emb,overall,AUROC,0.8700273601476975,0.0213141776304351,10,,results/tahoe/bal15_drugs_cellonly/lodo_loo__scvi__morgan__mlp
lodo_loo,scvi,morgan,xrfm,cell_only,drug_emb,within_drug,MCC,0.4335384159897227,0.0091209177129671,3,10.0,results/tahoe/bal15_drugs_cellonly/lodo_loo__scvi__morgan__xrfm
lodo_loo,scvi,morgan,xrfm,cell_only,drug_emb,within_drug,AUROC,0.8673186397714351,0.0006857647115929675,3,10.0,results/tahoe/bal15_drugs_cellonly/lodo_loo__scvi__morgan__xrfm
lodo_loo,scvi,morgan,xrfm,cell_only,drug_emb,within_cell_line,MCC,-0.15127071706207373,0.010661492404371102,3,38.0,results/tahoe/bal15_drugs_cellonly/lodo_loo__scvi__morgan__xrfm
lodo_loo,scvi,morgan,xrfm,cell_only,drug_emb,within_cell_line,AUROC,0.0007832080200501245,0.0007832080200501246,3,38.0,results/tahoe/bal15_drugs_cellonly/lodo_loo__scvi__morgan__xrfm
lodo_loo,scvi,morgan,xrfm,cell_only,drug_emb,overall,MCC,0.4335384159897227,0.0409221846285802,10,,results/tahoe/bal15_drugs_cellonly/lodo_loo__scvi__morgan__xrfm
lodo_loo,scvi,morgan,xrfm,cell_only,drug_emb,overall,AUROC,0.8673186397714352,0.0203093463590302,10,,results/tahoe/bal15_drugs_cellonly/lodo_loo__scvi__morgan__xrfm
pairzs_withleak,gene_jepa,morgan,lightgbm,cell_only,drug_emb,within_drug,MCC,0.437359766330039,0.008409817230961372,3,10.0,results/tahoe/bal15_drugs_cellonly/pairzs_withleak__gene_jepa__morgan__lightgbm
pairzs_withleak,gene_jepa,morgan,lightgbm,cell_only,drug_emb,within_drug,AUROC,0.8562351404220675,0.004549831851288586,3,10.0,results/tahoe/bal15_drugs_cellonly/pairzs_withleak__gene_jepa__morgan__lightgbm
pairzs_withleak,gene_jepa,morgan,lightgbm,cell_only,drug_emb,within_cell_line,MCC,-0.07329892536495052,0.015143793326774914,3,38.0,results/tahoe/bal15_drugs_cellonly/pairzs_withleak__gene_jepa__morgan__lightgbm
pairzs_withleak,gene_jepa,morgan,lightgbm,cell_only,drug_emb,within_cell_line,AUROC,0.0916475215817321,0.016593859305725833,3,38.0,results/tahoe/bal15_drugs_cellonly/pairzs_withleak__gene_jepa__morgan__lightgbm
pairzs_withleak,gene_jepa,morgan,lightgbm,cell_only,drug_emb,overall,MCC,0.3706121284792809,0.0293257626488699,10,,results/tahoe/bal15_drugs_cellonly/pairzs_withleak__gene_jepa__morgan__lightgbm
pairzs_withleak,gene_jepa,morgan,lightgbm,cell_only,drug_emb,overall,AUROC,0.7499216413960996,0.0166003828876044,10,,results/tahoe/bal15_drugs_cellonly/pairzs_withleak__gene_jepa__morgan__lightgbm
pairzs_withleak,gene_jepa,morgan,mlp,cell_only,drug_emb,within_drug,MCC,0.41963300348367955,0.006679139886879512,3,10.0,results/tahoe/bal15_drugs_cellonly/pairzs_withleak__gene_jepa__morgan__mlp
pairzs_withleak,gene_jepa,morgan,mlp,cell_only,drug_emb,within_drug,AUROC,0.8412911355960286,0.010438926432084899,3,10.0,results/tahoe/bal15_drugs_cellonly/pairzs_withleak__gene_jepa__morgan__mlp
pairzs_withleak,gene_jepa,morgan,mlp,cell_only,drug_emb,within_cell_line,MCC,-0.09426280509975589,0.007718619097484536,3,38.0,results/tahoe/bal15_drugs_cellonly/pairzs_withleak__gene_jepa__morgan__mlp
pairzs_withleak,gene_jepa,morgan,mlp,cell_only,drug_emb,within_cell_line,AUROC,0.21636173767752712,0.01978898812956366,3,38.0,results/tahoe/bal15_drugs_cellonly/pairzs_withleak__gene_jepa__morgan__mlp
pairzs_withleak,gene_jepa,morgan,mlp,cell_only,drug_emb,overall,MCC,0.3513466646308553,0.0328386635617105,10,,results/tahoe/bal15_drugs_cellonly/pairzs_withleak__gene_jepa__morgan__mlp
pairzs_withleak,gene_jepa,morgan,mlp,cell_only,drug_emb,overall,AUROC,0.7439441566775159,0.0168335211476288,10,,results/tahoe/bal15_drugs_cellonly/pairzs_withleak__gene_jepa__morgan__mlp
pairzs_withleak,gene_jepa,morgan,xrfm,cell_only,drug_emb,within_drug,MCC,0.43329150060889704,0.009482764415360983,3,10.0,results/tahoe/bal15_drugs_cellonly/pairzs_withleak__gene_jepa__morgan__xrfm
pairzs_withleak,gene_jepa,morgan,xrfm,cell_only,drug_emb,within_drug,AUROC,0.8621018309844241,0.006372310241210457,3,10.0,results/tahoe/bal15_drugs_cellonly/pairzs_withleak__gene_jepa__morgan__xrfm
pairzs_withleak,gene_jepa,morgan,xrfm,cell_only,drug_emb,within_cell_line,MCC,-0.1302943353390713,0.012162859763366016,3,38.0,results/tahoe/bal15_drugs_cellonly/pairzs_withleak__gene_jepa__morgan__xrfm
pairzs_withleak,gene_jepa,morgan,xrfm,cell_only,drug_emb,within_cell_line,AUROC,0.09169068504594818,0.014347540063704659,3,38.0,results/tahoe/bal15_drugs_cellonly/pairzs_withleak__gene_jepa__morgan__xrfm
pairzs_withleak,gene_jepa,morgan,xrfm,cell_only,drug_emb,overall,MCC,0.35663478362148,0.0313525716730208,10,,results/tahoe/bal15_drugs_cellonly/pairzs_withleak__gene_jepa__morgan__xrfm
pairzs_withleak,gene_jepa,morgan,xrfm,cell_only,drug_emb,overall,AUROC,0.7543649016961711,0.0171383707745401,10,,results/tahoe/bal15_drugs_cellonly/pairzs_withleak__gene_jepa__morgan__xrfm
pairzs_withleak,gformer_cancer,morgan,lightgbm,cell_only,drug_emb,within_drug,MCC,0.41450762980832634,0.008530745127061957,3,10.0,results/tahoe/bal15_drugs_cellonly/pairzs_withleak__gformer_cancer__morgan__lightgbm
pairzs_withleak,gformer_cancer,morgan,lightgbm,cell_only,drug_emb,within_drug,AUROC,0.8572930078267428,0.004264674914698756,3,10.0,results/tahoe/bal15_drugs_cellonly/pairzs_withleak__gformer_cancer__morgan__lightgbm
pairzs_withleak,gformer_cancer,morgan,lightgbm,cell_only,drug_emb,within_cell_line,MCC,-0.146611107531897,0.011999081040821787,3,38.0,results/tahoe/bal15_drugs_cellonly/pairzs_withleak__gformer_cancer__morgan__lightgbm
pairzs_withleak,gformer_cancer,morgan,lightgbm,cell_only,drug_emb,within_cell_line,AUROC,0.09138018657755498,0.015092893384129478,3,38.0,results/tahoe/bal15_drugs_cellonly/pairzs_withleak__gformer_cancer__morgan__lightgbm
pairzs_withleak,gformer_cancer,morgan,lightgbm,cell_only,drug_emb,overall,MCC,0.3394305017496467,0.0306207533013626,10,,results/tahoe/bal15_drugs_cellonly/pairzs_withleak__gformer_cancer__morgan__lightgbm
pairzs_withleak,gformer_cancer,morgan,lightgbm,cell_only,drug_emb,overall,AUROC,0.7461285822021116,0.0188321242381771,10,,results/tahoe/bal15_drugs_cellonly/pairzs_withleak__gformer_cancer__morgan__lightgbm
pairzs_withleak,gformer_cancer,morgan,mlp,cell_only,drug_emb,within_drug,MCC,0.42708546230531913,0.007072884745303363,3,10.0,results/tahoe/bal15_drugs_cellonly/pairzs_withleak__gformer_cancer__morgan__mlp
pairzs_withleak,gformer_cancer,morgan,mlp,cell_only,drug_emb,within_drug,AUROC,0.8590132871126861,0.004036323062249227,3,10.0,results/tahoe/bal15_drugs_cellonly/pairzs_withleak__gformer_cancer__morgan__mlp
pairzs_withleak,gformer_cancer,morgan,mlp,cell_only,drug_emb,within_cell_line,MCC,-0.13944885682200464,0.009885971653617015,3,38.0,results/tahoe/bal15_drugs_cellonly/pairzs_withleak__gformer_cancer__morgan__mlp
pairzs_withleak,gformer_cancer,morgan,mlp,cell_only,drug_emb,within_cell_line,AUROC,0.09817425508214979,0.01904381701367948,3,38.0,results/tahoe/bal15_drugs_cellonly/pairzs_withleak__gformer_cancer__morgan__mlp
pairzs_withleak,gformer_cancer,morgan,mlp,cell_only,drug_emb,overall,MCC,0.3522087083446156,0.0281080494190686,10,,results/tahoe/bal15_drugs_cellonly/pairzs_withleak__gformer_cancer__morgan__mlp
pairzs_withleak,gformer_cancer,morgan,mlp,cell_only,drug_emb,overall,AUROC,0.7453912241009764,0.0179366577142587,10,,results/tahoe/bal15_drugs_cellonly/pairzs_withleak__gformer_cancer__morgan__mlp
pairzs_withleak,gformer_cancer,morgan,xrfm,cell_only,drug_emb,within_drug,MCC,0.4564789036550653,0.007235272178481462,3,10.0,results/tahoe/bal15_drugs_cellonly/pairzs_withleak__gformer_cancer__morgan__xrfm
pairzs_withleak,gformer_cancer,morgan,xrfm,cell_only,drug_emb,within_drug,AUROC,0.8522607919895565,0.0035859321654417163,3,10.0,results/tahoe/bal15_drugs_cellonly/pairzs_withleak__gformer_cancer__morgan__xrfm
pairzs_withleak,gformer_cancer,morgan,xrfm,cell_only,drug_emb,within_cell_line,MCC,-0.093345225296446,0.013389630749708578,3,38.0,results/tahoe/bal15_drugs_cellonly/pairzs_withleak__gformer_cancer__morgan__xrfm
pairzs_withleak,gformer_cancer,morgan,xrfm,cell_only,drug_emb,within_cell_line,AUROC,0.09241297688666107,0.01236076822754507,3,38.0,results/tahoe/bal15_drugs_cellonly/pairzs_withleak__gformer_cancer__morgan__xrfm
pairzs_withleak,gformer_cancer,morgan,xrfm,cell_only,drug_emb,overall,MCC,0.385393624251591,0.0339707167472811,10,,results/tahoe/bal15_drugs_cellonly/pairzs_withleak__gformer_cancer__morgan__xrfm
pairzs_withleak,gformer_cancer,morgan,xrfm,cell_only,drug_emb,overall,AUROC,0.7439200801778201,0.0187495210709805,10,,results/tahoe/bal15_drugs_cellonly/pairzs_withleak__gformer_cancer__morgan__xrfm
pairzs_withleak,pca,morgan,lightgbm,cell_only,drug_emb,within_drug,MCC,0.42708546230531913,0.007072884745303363,3,10.0,results/tahoe/bal15_drugs_cellonly/pairzs_withleak__pca__morgan__lightgbm
pairzs_withleak,pca,morgan,lightgbm,cell_only,drug_emb,within_drug,AUROC,0.8602932606046024,0.0051052049609120916,3,10.0,results/tahoe/bal15_drugs_cellonly/pairzs_withleak__pca__morgan__lightgbm
pairzs_withleak,pca,morgan,lightgbm,cell_only,drug_emb,within_cell_line,MCC,-0.13944885682200464,0.009885971653617015,3,38.0,results/tahoe/bal15_drugs_cellonly/pairzs_withleak__pca__morgan__lightgbm
pairzs_withleak,pca,morgan,lightgbm,cell_only,drug_emb,within_cell_line,AUROC,0.09023148148148147,0.01600736206019206,3,38.0,results/tahoe/bal15_drugs_cellonly/pairzs_withleak__pca__morgan__lightgbm
pairzs_withleak,pca,morgan,lightgbm,cell_only,drug_emb,overall,MCC,0.3522087083446156,0.0281080494190686,10,,results/tahoe/bal15_drugs_cellonly/pairzs_withleak__pca__morgan__lightgbm
pairzs_withleak,pca,morgan,lightgbm,cell_only,drug_emb,overall,AUROC,0.7458996751872139,0.0178063312469696,10,,results/tahoe/bal15_drugs_cellonly/pairzs_withleak__pca__morgan__lightgbm
pairzs_withleak,pca,morgan,mlp,cell_only,drug_emb,within_drug,MCC,0.42708546230531913,0.007072884745303363,3,10.0,results/tahoe/bal15_drugs_cellonly/pairzs_withleak__pca__morgan__mlp
pairzs_withleak,pca,morgan,mlp,cell_only,drug_emb,within_drug,AUROC,0.861968960862427,0.004525198213606074,3,10.0,results/tahoe/bal15_drugs_cellonly/pairzs_withleak__pca__morgan__mlp
pairzs_withleak,pca,morgan,mlp,cell_only,drug_emb,within_cell_line,MCC,-0.13944885682200464,0.009885971653617015,3,38.0,results/tahoe/bal15_drugs_cellonly/pairzs_withleak__pca__morgan__mlp
pairzs_withleak,pca,morgan,mlp,cell_only,drug_emb,within_cell_line,AUROC,0.09015942634363684,0.016181834601644133,3,38.0,results/tahoe/bal15_drugs_cellonly/pairzs_withleak__pca__morgan__mlp
pairzs_withleak,pca,morgan,mlp,cell_only,drug_emb,overall,MCC,0.3522087083446156,0.0281080494190686,10,,results/tahoe/bal15_drugs_cellonly/pairzs_withleak__pca__morgan__mlp
pairzs_withleak,pca,morgan,mlp,cell_only,drug_emb,overall,AUROC,0.7438643757773015,0.0173273389503589,10,,results/tahoe/bal15_drugs_cellonly/pairzs_withleak__pca__morgan__mlp
pairzs_withleak,pca,morgan,xrfm,cell_only,drug_emb,within_drug,MCC,0.4324016773432069,0.009256492827975311,3,10.0,results/tahoe/bal15_drugs_cellonly/pairzs_withleak__pca__morgan__xrfm
pairzs_withleak,pca,morgan,xrfm,cell_only,drug_emb,within_drug,AUROC,0.8606943745940834,0.003736290810682121,3,10.0,results/tahoe/bal15_drugs_cellonly/pairzs_withleak__pca__morgan__xrfm
pairzs_withleak,pca,morgan,xrfm,cell_only,drug_emb,within_cell_line,MCC,-0.13228660611211232,0.009597544285785553,3,38.0,results/tahoe/bal15_drugs_cellonly/pairzs_withleak__pca__morgan__xrfm
pairzs_withleak,pca,morgan,xrfm,cell_only,drug_emb,within_cell_line,AUROC,0.09643866610971873,0.01525007961816822,3,38.0,results/tahoe/bal15_drugs_cellonly/pairzs_withleak__pca__morgan__xrfm
pairzs_withleak,pca,morgan,xrfm,cell_only,drug_emb,overall,MCC,0.3603505905478646,0.0263474267710186,10,,results/tahoe/bal15_drugs_cellonly/pairzs_withleak__pca__morgan__xrfm
pairzs_withleak,pca,morgan,xrfm,cell_only,drug_emb,overall,AUROC,0.7452924935831283,0.0182078549554379,10,,results/tahoe/bal15_drugs_cellonly/pairzs_withleak__pca__morgan__xrfm
pairzs_withleak,scgpt_pan,morgan,lightgbm,cell_only,drug_emb,within_drug,MCC,0.4469419694953743,0.005266261660214695,3,10.0,results/tahoe/bal15_drugs_cellonly/pairzs_withleak__scgpt_pan__morgan__lightgbm
pairzs_withleak,scgpt_pan,morgan,lightgbm,cell_only,drug_emb,within_drug,AUROC,0.852921731026559,0.004583941397153299,3,10.0,results/tahoe/bal15_drugs_cellonly/pairzs_withleak__scgpt_pan__morgan__lightgbm
pairzs_withleak,scgpt_pan,morgan,lightgbm,cell_only,drug_emb,within_cell_line,MCC,-0.11646989804049183,0.006950281879261531,3,38.0,results/tahoe/bal15_drugs_cellonly/pairzs_withleak__scgpt_pan__morgan__lightgbm
pairzs_withleak,scgpt_pan,morgan,lightgbm,cell_only,drug_emb,within_cell_line,AUROC,0.09144702032859925,0.01546498548923479,3,38.0,results/tahoe/bal15_drugs_cellonly/pairzs_withleak__scgpt_pan__morgan__lightgbm
pairzs_withleak,scgpt_pan,morgan,lightgbm,cell_only,drug_emb,overall,MCC,0.3692026632531805,0.0280935141168851,10,,results/tahoe/bal15_drugs_cellonly/pairzs_withleak__scgpt_pan__morgan__lightgbm
pairzs_withleak,scgpt_pan,morgan,lightgbm,cell_only,drug_emb,overall,AUROC,0.7416517954010213,0.0177045721799043,10,,results/tahoe/bal15_drugs_cellonly/pairzs_withleak__scgpt_pan__morgan__lightgbm
pairzs_withleak,scgpt_pan,morgan,mlp,cell_only,drug_emb,within_drug,MCC,0.43252322851637937,0.010828903677124758,3,10.0,results/tahoe/bal15_drugs_cellonly/pairzs_withleak__scgpt_pan__morgan__mlp
pairzs_withleak,scgpt_pan,morgan,mlp,cell_only,drug_emb,within_drug,AUROC,0.8565796363097461,0.0060352800731923876,3,10.0,results/tahoe/bal15_drugs_cellonly/pairzs_withleak__scgpt_pan__morgan__mlp
pairzs_withleak,scgpt_pan,morgan,mlp,cell_only,drug_emb,within_cell_line,MCC,-0.13418939018113027,0.013503741607314662,3,38.0,results/tahoe/bal15_drugs_cellonly/pairzs_withleak__scgpt_pan__morgan__mlp
pairzs_withleak,scgpt_pan,morgan,mlp,cell_only,drug_emb,within_cell_line,AUROC,0.12328912559175714,0.023068921747665352,3,38.0,results/tahoe/bal15_drugs_cellonly/pairzs_withleak__scgpt_pan__morgan__mlp
pairzs_withleak,scgpt_pan,morgan,mlp,cell_only,drug_emb,overall,MCC,0.3522740997573516,0.0298082849025244,10,,results/tahoe/bal15_drugs_cellonly/pairzs_withleak__scgpt_pan__morgan__mlp
pairzs_withleak,scgpt_pan,morgan,mlp,cell_only,drug_emb,overall,AUROC,0.7442835099626895,0.0172199976621183,10,,results/tahoe/bal15_drugs_cellonly/pairzs_withleak__scgpt_pan__morgan__mlp
pairzs_withleak,scgpt_pan,morgan,xrfm,cell_only,drug_emb,within_drug,MCC,0.45944286413874663,0.016148837363781882,3,10.0,results/tahoe/bal15_drugs_cellonly/pairzs_withleak__scgpt_pan__morgan__xrfm
pairzs_withleak,scgpt_pan,morgan,xrfm,cell_only,drug_emb,within_drug,AUROC,0.8501753674461939,0.0046802731057009475,3,10.0,results/tahoe/bal15_drugs_cellonly/pairzs_withleak__scgpt_pan__morgan__xrfm
pairzs_withleak,scgpt_pan,morgan,xrfm,cell_only,drug_emb,within_cell_line,MCC,-0.08511111726449229,0.015386531508433974,3,38.0,results/tahoe/bal15_drugs_cellonly/pairzs_withleak__scgpt_pan__morgan__xrfm
pairzs_withleak,scgpt_pan,morgan,xrfm,cell_only,drug_emb,within_cell_line,AUROC,0.09057087162350319,0.014850916420561836,3,38.0,results/tahoe/bal15_drugs_cellonly/pairzs_withleak__scgpt_pan__morgan__xrfm
pairzs_withleak,scgpt_pan,morgan,xrfm,cell_only,drug_emb,overall,MCC,0.3869293530320784,0.0281091892942965,10,,results/tahoe/bal15_drugs_cellonly/pairzs_withleak__scgpt_pan__morgan__xrfm
pairzs_withleak,scgpt_pan,morgan,xrfm,cell_only,drug_emb,overall,AUROC,0.7423734883967082,0.0178888024701642,10,,results/tahoe/bal15_drugs_cellonly/pairzs_withleak__scgpt_pan__morgan__xrfm
pairzs_withleak,scvi,morgan,lightgbm,cell_only,drug_emb,within_drug,MCC,0.42584132667728275,0.006706112952486078,3,10.0,results/tahoe/bal15_drugs_cellonly/pairzs_withleak__scvi__morgan__lightgbm
pairzs_withleak,scvi,morgan,lightgbm,cell_only,drug_emb,within_drug,AUROC,0.8603152462513558,0.004005800598365193,3,10.0,results/tahoe/bal15_drugs_cellonly/pairzs_withleak__scvi__morgan__lightgbm
pairzs_withleak,scvi,morgan,lightgbm,cell_only,drug_emb,within_cell_line,MCC,-0.13944885682200467,0.010067084670675986,3,38.0,results/tahoe/bal15_drugs_cellonly/pairzs_withleak__scvi__morgan__lightgbm
pairzs_withleak,scvi,morgan,lightgbm,cell_only,drug_emb,within_cell_line,AUROC,0.08986598440545807,0.01569871975583916,3,38.0,results/tahoe/bal15_drugs_cellonly/pairzs_withleak__scvi__morgan__lightgbm
pairzs_withleak,scvi,morgan,lightgbm,cell_only,drug_emb,overall,MCC,0.352057367570193,0.0280536151196383,10,,results/tahoe/bal15_drugs_cellonly/pairzs_withleak__scvi__morgan__lightgbm
pairzs_withleak,scvi,morgan,lightgbm,cell_only,drug_emb,overall,AUROC,0.7457327372919478,0.0176460152520456,10,,results/tahoe/bal15_drugs_cellonly/pairzs_withleak__scvi__morgan__lightgbm
pairzs_withleak,scvi,morgan,mlp,cell_only,drug_emb,within_drug,MCC,0.42708546230531913,0.007072884745303363,3,10.0,results/tahoe/bal15_drugs_cellonly/pairzs_withleak__scvi__morgan__mlp
pairzs_withleak,scvi,morgan,mlp,cell_only,drug_emb,within_drug,AUROC,0.863809227217275,0.0051877117732154485,3,10.0,results/tahoe/bal15_drugs_cellonly/pairzs_withleak__scvi__morgan__mlp
pairzs_withleak,scvi,morgan,mlp,cell_only,drug_emb,within_cell_line,MCC,-0.13944885682200464,0.009885971653617015,3,38.0,results/tahoe/bal15_drugs_cellonly/pairzs_withleak__scvi__morgan__mlp
pairzs_withleak,scvi,morgan,mlp,cell_only,drug_emb,within_cell_line,AUROC,0.09190545808966859,0.01634812177693589,3,38.0,results/tahoe/bal15_drugs_cellonly/pairzs_withleak__scvi__morgan__mlp
pairzs_withleak,scvi,morgan,mlp,cell_only,drug_emb,overall,MCC,0.3522087083446156,0.0281080494190686,10,,results/tahoe/bal15_drugs_cellonly/pairzs_withleak__scvi__morgan__mlp
pairzs_withleak,scvi,morgan,mlp,cell_only,drug_emb,overall,AUROC,0.744842277261782,0.0176606500554152,10,,results/tahoe/bal15_drugs_cellonly/pairzs_withleak__scvi__morgan__mlp
pairzs_withleak,scvi,morgan,xrfm,cell_only,drug_emb,within_drug,MCC,0.4219762210634133,0.0068782803896073755,3,10.0,results/tahoe/bal15_drugs_cellonly/pairzs_withleak__scvi__morgan__xrfm
pairzs_withleak,scvi,morgan,xrfm,cell_only,drug_emb,within_drug,AUROC,0.8614295912364494,0.005847483396940614,3,10.0,results/tahoe/bal15_drugs_cellonly/pairzs_withleak__scvi__morgan__xrfm
pairzs_withleak,scvi,morgan,xrfm,cell_only,drug_emb,within_cell_line,MCC,-0.14370849331019317,0.014177232807693127,3,38.0,results/tahoe/bal15_drugs_cellonly/pairzs_withleak__scvi__morgan__xrfm
pairzs_withleak,scvi,morgan,xrfm,cell_only,drug_emb,within_cell_line,AUROC,0.0944493177387914,0.01839725284447753,3,38.0,results/tahoe/bal15_drugs_cellonly/pairzs_withleak__scvi__morgan__xrfm
pairzs_withleak,scvi,morgan,xrfm,cell_only,drug_emb,overall,MCC,0.3462830807595093,0.0317466017266834,10,,results/tahoe/bal15_drugs_cellonly/pairzs_withleak__scvi__morgan__xrfm
pairzs_withleak,scvi,morgan,xrfm,cell_only,drug_emb,overall,AUROC,0.7465877986822258,0.0183169495899646,10,,results/tahoe/bal15_drugs_cellonly/pairzs_withleak__scvi__morgan__xrfm
pairzs_withoutleak,gene_jepa,morgan,lightgbm,cell_only,drug_emb,within_drug,MCC,0.44206359825946767,0.008790816719322574,3,10.0,results/tahoe/bal15_drugs_cellonly/pairzs_withoutleak__gene_jepa__morgan__lightgbm
pairzs_withoutleak,gene_jepa,morgan,lightgbm,cell_only,drug_emb,within_drug,AUROC,0.8402750624941442,0.006190463409719266,3,10.0,results/tahoe/bal15_drugs_cellonly/pairzs_withoutleak__gene_jepa__morgan__lightgbm
pairzs_withoutleak,gene_jepa,morgan,lightgbm,cell_only,drug_emb,within_cell_line,MCC,-0.03459264729611431,0.006435657221682473,3,38.0,results/tahoe/bal15_drugs_cellonly/pairzs_withoutleak__gene_jepa__morgan__lightgbm
pairzs_withoutleak,gene_jepa,morgan,lightgbm,cell_only,drug_emb,within_cell_line,AUROC,0.21480889724310773,0.007143271966430577,3,38.0,results/tahoe/bal15_drugs_cellonly/pairzs_withoutleak__gene_jepa__morgan__lightgbm
pairzs_withoutleak,gene_jepa,morgan,lightgbm,cell_only,drug_emb,overall,MCC,0.3733998318879311,0.0256511993814182,5,,results/tahoe/bal15_drugs_cellonly/pairzs_withoutleak__gene_jepa__morgan__lightgbm
pairzs_withoutleak,gene_jepa,morgan,lightgbm,cell_only,drug_emb,overall,AUROC,0.7420357666876275,0.0144938850499732,5,,results/tahoe/bal15_drugs_cellonly/pairzs_withoutleak__gene_jepa__morgan__lightgbm
pairzs_withoutleak,gene_jepa,morgan,mlp,cell_only,drug_emb,within_drug,MCC,0.4281155401221282,0.024805373212814227,3,10.0,results/tahoe/bal15_drugs_cellonly/pairzs_withoutleak__gene_jepa__morgan__mlp
pairzs_withoutleak,gene_jepa,morgan,mlp,cell_only,drug_emb,within_drug,AUROC,0.8262890924674214,0.018497823295419664,3,10.0,results/tahoe/bal15_drugs_cellonly/pairzs_withoutleak__gene_jepa__morgan__mlp
pairzs_withoutleak,gene_jepa,morgan,mlp,cell_only,drug_emb,within_cell_line,MCC,-0.06207010240049062,0.020738380820892976,3,38.0,results/tahoe/bal15_drugs_cellonly/pairzs_withoutleak__gene_jepa__morgan__mlp
pairzs_withoutleak,gene_jepa,morgan,mlp,cell_only,drug_emb,within_cell_line,AUROC,0.2871205792258424,0.008920970542806841,3,38.0,results/tahoe/bal15_drugs_cellonly/pairzs_withoutleak__gene_jepa__morgan__mlp
pairzs_withoutleak,gene_jepa,morgan,mlp,cell_only,drug_emb,overall,MCC,0.3571338955235809,0.023694392819967,5,,results/tahoe/bal15_drugs_cellonly/pairzs_withoutleak__gene_jepa__morgan__mlp
pairzs_withoutleak,gene_jepa,morgan,mlp,cell_only,drug_emb,overall,AUROC,0.7344193189541329,0.0170433925546845,5,,results/tahoe/bal15_drugs_cellonly/pairzs_withoutleak__gene_jepa__morgan__mlp
pairzs_withoutleak,gene_jepa,morgan,xrfm,cell_only,drug_emb,within_drug,MCC,0.4297451274890068,0.014943671015807911,3,10.0,results/tahoe/bal15_drugs_cellonly/pairzs_withoutleak__gene_jepa__morgan__xrfm
pairzs_withoutleak,gene_jepa,morgan,xrfm,cell_only,drug_emb,within_drug,AUROC,0.8308135750160238,0.009106931684844811,3,10.0,results/tahoe/bal15_drugs_cellonly/pairzs_withoutleak__gene_jepa__morgan__xrfm
pairzs_withoutleak,gene_jepa,morgan,xrfm,cell_only,drug_emb,within_cell_line,MCC,-0.04487107745845431,0.013747864835467019,3,38.0,results/tahoe/bal15_drugs_cellonly/pairzs_withoutleak__gene_jepa__morgan__xrfm
pairzs_withoutleak,gene_jepa,morgan,xrfm,cell_only,drug_emb,within_cell_line,AUROC,0.23023148148148145,0.004201069645106949,3,38.0,results/tahoe/bal15_drugs_cellonly/pairzs_withoutleak__gene_jepa__morgan__xrfm
pairzs_withoutleak,gene_jepa,morgan,xrfm,cell_only,drug_emb,overall,MCC,0.3589593456017425,0.0240354740112924,5,,results/tahoe/bal15_drugs_cellonly/pairzs_withoutleak__gene_jepa__morgan__xrfm
pairzs_withoutleak,gene_jepa,morgan,xrfm,cell_only,drug_emb,overall,AUROC,0.7383498819441197,0.0160062746907478,5,,results/tahoe/bal15_drugs_cellonly/pairzs_withoutleak__gene_jepa__morgan__xrfm
pairzs_withoutleak,gformer_cancer,morgan,lightgbm,cell_only,drug_emb,within_drug,MCC,0.46908972738934834,0.034467963270282016,3,10.0,results/tahoe/bal15_drugs_cellonly/pairzs_withoutleak__gformer_cancer__morgan__lightgbm
pairzs_withoutleak,gformer_cancer,morgan,lightgbm,cell_only,drug_emb,within_drug,AUROC,0.8493083128436926,0.0074018747708844215,3,10.0,results/tahoe/bal15_drugs_cellonly/pairzs_withoutleak__gformer_cancer__morgan__lightgbm
pairzs_withoutleak,gformer_cancer,morgan,lightgbm,cell_only,drug_emb,within_cell_line,MCC,-0.06945359597002361,0.03392711213478786,3,38.0,results/tahoe/bal15_drugs_cellonly/pairzs_withoutleak__gformer_cancer__morgan__lightgbm
pairzs_withoutleak,gformer_cancer,morgan,lightgbm,cell_only,drug_emb,within_cell_line,AUROC,0.1824519632414369,0.008092830479423222,3,38.0,results/tahoe/bal15_drugs_cellonly/pairzs_withoutleak__gformer_cancer__morgan__lightgbm
pairzs_withoutleak,gformer_cancer,morgan,lightgbm,cell_only,drug_emb,overall,MCC,0.3878739532715637,0.0224054912841894,5,,results/tahoe/bal15_drugs_cellonly/pairzs_withoutleak__gformer_cancer__morgan__lightgbm
pairzs_withoutleak,gformer_cancer,morgan,lightgbm,cell_only,drug_emb,overall,AUROC,0.740884319961751,0.0183904626159197,5,,results/tahoe/bal15_drugs_cellonly/pairzs_withoutleak__gformer_cancer__morgan__lightgbm
pairzs_withoutleak,gformer_cancer,morgan,mlp,cell_only,drug_emb,within_drug,MCC,0.4567350881441366,0.009112067513394637,3,10.0,results/tahoe/bal15_drugs_cellonly/pairzs_withoutleak__gformer_cancer__morgan__mlp
pairzs_withoutleak,gformer_cancer,morgan,mlp,cell_only,drug_emb,within_drug,AUROC,0.8588469122655004,0.008140909516385453,3,10.0,results/tahoe/bal15_drugs_cellonly/pairzs_withoutleak__gformer_cancer__morgan__mlp
pairzs_withoutleak,gformer_cancer,morgan,mlp,cell_only,drug_emb,within_cell_line,MCC,-0.10490613884338777,0.009980691222023432,3,38.0,results/tahoe/bal15_drugs_cellonly/pairzs_withoutleak__gformer_cancer__morgan__mlp
pairzs_withoutleak,gformer_cancer,morgan,mlp,cell_only,drug_emb,within_cell_line,AUROC,0.18490601503759396,0.005875412573665625,3,38.0,results/tahoe/bal15_drugs_cellonly/pairzs_withoutleak__gformer_cancer__morgan__mlp
pairzs_withoutleak,gformer_cancer,morgan,mlp,cell_only,drug_emb,overall,MCC,0.3722942941164038,0.0286630755211768,5,,results/tahoe/bal15_drugs_cellonly/pairzs_withoutleak__gformer_cancer__morgan__mlp
pairzs_withoutleak,gformer_cancer,morgan,mlp,cell_only,drug_emb,overall,AUROC,0.7459529153652802,0.0165786907513836,5,,results/tahoe/bal15_drugs_cellonly/pairzs_withoutleak__gformer_cancer__morgan__mlp
pairzs_withoutleak,gformer_cancer,morgan,xrfm,cell_only,drug_emb,within_drug,MCC,0.46986085105744174,0.02187834717630701,3,10.0,results/tahoe/bal15_drugs_cellonly/pairzs_withoutleak__gformer_cancer__morgan__xrfm
pairzs_withoutleak,gformer_cancer,morgan,xrfm,cell_only,drug_emb,within_drug,AUROC,0.8460812386580466,0.007621162781652399,3,10.0,results/tahoe/bal15_drugs_cellonly/pairzs_withoutleak__gformer_cancer__morgan__xrfm
pairzs_withoutleak,gformer_cancer,morgan,xrfm,cell_only,drug_emb,within_cell_line,MCC,-0.06956604593700236,0.020771964714301493,3,38.0,results/tahoe/bal15_drugs_cellonly/pairzs_withoutleak__gformer_cancer__morgan__xrfm
pairzs_withoutleak,gformer_cancer,morgan,xrfm,cell_only,drug_emb,within_cell_line,AUROC,0.19643588137009185,0.006806714892573813,3,38.0,results/tahoe/bal15_drugs_cellonly/pairzs_withoutleak__gformer_cancer__morgan__xrfm
pairzs_withoutleak,gformer_cancer,morgan,xrfm,cell_only,drug_emb,overall,MCC,0.3895708957187436,0.0252292114133613,5,,results/tahoe/bal15_drugs_cellonly/pairzs_withoutleak__gformer_cancer__morgan__xrfm
pairzs_withoutleak,gformer_cancer,morgan,xrfm,cell_only,drug_emb,overall,AUROC,0.741473863138329,0.0169696669467417,5,,results/tahoe/bal15_drugs_cellonly/pairzs_withoutleak__gformer_cancer__morgan__xrfm
pairzs_withoutleak,pca,morgan,lightgbm,cell_only,drug_emb,within_drug,MCC,0.4566242477593529,0.009874845807890765,3,10.0,results/tahoe/bal15_drugs_cellonly/pairzs_withoutleak__pca__morgan__lightgbm
pairzs_withoutleak,pca,morgan,lightgbm,cell_only,drug_emb,within_drug,AUROC,0.8574130937005323,0.006858917877387648,3,10.0,results/tahoe/bal15_drugs_cellonly/pairzs_withoutleak__pca__morgan__lightgbm
pairzs_withoutleak,pca,morgan,lightgbm,cell_only,drug_emb,within_cell_line,MCC,-0.10392940895690302,0.01063266773087493,3,38.0,results/tahoe/bal15_drugs_cellonly/pairzs_withoutleak__pca__morgan__lightgbm
pairzs_withoutleak,pca,morgan,lightgbm,cell_only,drug_emb,within_cell_line,AUROC,0.17689954051796156,0.00773389911656066,3,38.0,results/tahoe/bal15_drugs_cellonly/pairzs_withoutleak__pca__morgan__lightgbm
pairzs_withoutleak,pca,morgan,lightgbm,cell_only,drug_emb,overall,MCC,0.3707089043949166,0.0296043277211093,5,,results/tahoe/bal15_drugs_cellonly/pairzs_withoutleak__pca__morgan__lightgbm
pairzs_withoutleak,pca,morgan,lightgbm,cell_only,drug_emb,overall,AUROC,0.7450071841146271,0.0144870946686208,5,,results/tahoe/bal15_drugs_cellonly/pairzs_withoutleak__pca__morgan__lightgbm
pairzs_withoutleak,pca,morgan,mlp,cell_only,drug_emb,within_drug,MCC,0.4617143318888804,0.004166377856743121,3,10.0,results/tahoe/bal15_drugs_cellonly/pairzs_withoutleak__pca__morgan__mlp
pairzs_withoutleak,pca,morgan,mlp,cell_only,drug_emb,within_drug,AUROC,0.859361377016055,0.0072073413577892625,3,10.0,results/tahoe/bal15_drugs_cellonly/pairzs_withoutleak__pca__morgan__mlp
pairzs_withoutleak,pca,morgan,mlp,cell_only,drug_emb,within_cell_line,MCC,-0.10278700179253518,0.007861908467691473,3,38.0,results/tahoe/bal15_drugs_cellonly/pairzs_withoutleak__pca__morgan__mlp
pairzs_withoutleak,pca,morgan,mlp,cell_only,drug_emb,within_cell_line,AUROC,0.17347953216374265,0.010391154866256276,3,38.0,results/tahoe/bal15_drugs_cellonly/pairzs_withoutleak__pca__morgan__mlp
pairzs_withoutleak,pca,morgan,mlp,cell_only,drug_emb,overall,MCC,0.3745698368797113,0.0299991800714379,5,,results/tahoe/bal15_drugs_cellonly/pairzs_withoutleak__pca__morgan__mlp
pairzs_withoutleak,pca,morgan,mlp,cell_only,drug_emb,overall,AUROC,0.7462146575802038,0.0160055046450501,5,,results/tahoe/bal15_drugs_cellonly/pairzs_withoutleak__pca__morgan__mlp
pairzs_withoutleak,pca,morgan,xrfm,cell_only,drug_emb,within_drug,MCC,0.4552994403731963,0.005052792619427759,3,10.0,results/tahoe/bal15_drugs_cellonly/pairzs_withoutleak__pca__morgan__xrfm
pairzs_withoutleak,pca,morgan,xrfm,cell_only,drug_emb,within_drug,AUROC,0.8572090790192018,0.005645003196925252,3,10.0,results/tahoe/bal15_drugs_cellonly/pairzs_withoutleak__pca__morgan__xrfm
pairzs_withoutleak,pca,morgan,xrfm,cell_only,drug_emb,within_cell_line,MCC,-0.1025199036716139,0.004322150874061494,3,38.0,results/tahoe/bal15_drugs_cellonly/pairzs_withoutleak__pca__morgan__xrfm
pairzs_withoutleak,pca,morgan,xrfm,cell_only,drug_emb,within_cell_line,AUROC,0.2040911306042885,0.015581549918805553,3,38.0,results/tahoe/bal15_drugs_cellonly/pairzs_withoutleak__pca__morgan__xrfm
pairzs_withoutleak,pca,morgan,xrfm,cell_only,drug_emb,overall,MCC,0.368806332298577,0.0382647207491485,5,,results/tahoe/bal15_drugs_cellonly/pairzs_withoutleak__pca__morgan__xrfm
pairzs_withoutleak,pca,morgan,xrfm,cell_only,drug_emb,overall,AUROC,0.743478839732141,0.0165534484104699,5,,results/tahoe/bal15_drugs_cellonly/pairzs_withoutleak__pca__morgan__xrfm
pairzs_withoutleak,scgpt_pan,morgan,lightgbm,cell_only,drug_emb,within_drug,MCC,0.4714794077886589,0.016024137440389337,3,10.0,results/tahoe/bal15_drugs_cellonly/pairzs_withoutleak__scgpt_pan__morgan__lightgbm
pairzs_withoutleak,scgpt_pan,morgan,lightgbm,cell_only,drug_emb,within_drug,AUROC,0.8415073055619708,0.006170833431281168,3,10.0,results/tahoe/bal15_drugs_cellonly/pairzs_withoutleak__scgpt_pan__morgan__lightgbm
pairzs_withoutleak,scgpt_pan,morgan,lightgbm,cell_only,drug_emb,within_cell_line,MCC,-0.06829843586112651,0.014650004718981152,3,38.0,results/tahoe/bal15_drugs_cellonly/pairzs_withoutleak__scgpt_pan__morgan__lightgbm
pairzs_withoutleak,scgpt_pan,morgan,lightgbm,cell_only,drug_emb,within_cell_line,AUROC,0.191662141464773,0.00250932355553391,3,38.0,results/tahoe/bal15_drugs_cellonly/pairzs_withoutleak__scgpt_pan__morgan__lightgbm
pairzs_withoutleak,scgpt_pan,morgan,lightgbm,cell_only,drug_emb,overall,MCC,0.3881881869630559,0.0304561788497954,5,,results/tahoe/bal15_drugs_cellonly/pairzs_withoutleak__scgpt_pan__morgan__lightgbm
pairzs_withoutleak,scgpt_pan,morgan,lightgbm,cell_only,drug_emb,overall,AUROC,0.7343115269195701,0.0167218351279133,5,,results/tahoe/bal15_drugs_cellonly/pairzs_withoutleak__scgpt_pan__morgan__lightgbm
pairzs_withoutleak,scgpt_pan,morgan,mlp,cell_only,drug_emb,within_drug,MCC,0.4680835834220644,0.007224783758036473,3,10.0,results/tahoe/bal15_drugs_cellonly/pairzs_withoutleak__scgpt_pan__morgan__mlp
pairzs_withoutleak,scgpt_pan,morgan,mlp,cell_only,drug_emb,within_drug,AUROC,0.8493792760532966,0.009926644119559278,3,10.0,results/tahoe/bal15_drugs_cellonly/pairzs_withoutleak__scgpt_pan__morgan__mlp
pairzs_withoutleak,scgpt_pan,morgan,mlp,cell_only,drug_emb,within_cell_line,MCC,-0.0890413532024189,0.0057420438928930395,3,38.0,results/tahoe/bal15_drugs_cellonly/pairzs_withoutleak__scgpt_pan__morgan__mlp
pairzs_withoutleak,scgpt_pan,morgan,mlp,cell_only,drug_emb,within_cell_line,AUROC,0.20646094402673346,0.0060314189931539594,3,38.0,results/tahoe/bal15_drugs_cellonly/pairzs_withoutleak__scgpt_pan__morgan__mlp
pairzs_withoutleak,scgpt_pan,morgan,mlp,cell_only,drug_emb,overall,MCC,0.3820151085290931,0.0326856590431496,5,,results/tahoe/bal15_drugs_cellonly/pairzs_withoutleak__scgpt_pan__morgan__mlp
pairzs_withoutleak,scgpt_pan,morgan,mlp,cell_only,drug_emb,overall,AUROC,0.7407369415298587,0.0166396007603989,5,,results/tahoe/bal15_drugs_cellonly/pairzs_withoutleak__scgpt_pan__morgan__mlp
pairzs_withoutleak,scgpt_pan,morgan,xrfm,cell_only,drug_emb,within_drug,MCC,0.4532361053130185,0.011383784191095236,3,10.0,results/tahoe/bal15_drugs_cellonly/pairzs_withoutleak__scgpt_pan__morgan__xrfm
pairzs_withoutleak,scgpt_pan,morgan,xrfm,cell_only,drug_emb,within_drug,AUROC,0.8377575841372081,0.004844498098525518,3,10.0,results/tahoe/bal15_drugs_cellonly/pairzs_withoutleak__scgpt_pan__morgan__xrfm
pairzs_withoutleak,scgpt_pan,morgan,xrfm,cell_only,drug_emb,within_cell_line,MCC,-0.06680880569608688,0.006431906399846616,3,38.0,results/tahoe/bal15_drugs_cellonly/pairzs_withoutleak__scgpt_pan__morgan__xrfm
pairzs_withoutleak,scgpt_pan,morgan,xrfm,cell_only,drug_emb,within_cell_line,AUROC,0.19876253132832078,0.0055359098339159965,3,38.0,results/tahoe/bal15_drugs_cellonly/pairzs_withoutleak__scgpt_pan__morgan__xrfm
pairzs_withoutleak,scgpt_pan,morgan,xrfm,cell_only,drug_emb,overall,MCC,0.3731863848120119,0.0314954656473227,5,,results/tahoe/bal15_drugs_cellonly/pairzs_withoutleak__scgpt_pan__morgan__xrfm
pairzs_withoutleak,scgpt_pan,morgan,xrfm,cell_only,drug_emb,overall,AUROC,0.7326964819116679,0.0178248148006191,5,,results/tahoe/bal15_drugs_cellonly/pairzs_withoutleak__scgpt_pan__morgan__xrfm
pairzs_withoutleak,scvi,morgan,lightgbm,cell_only,drug_emb,within_drug,MCC,0.4573969928922848,0.00910255161144557,3,10.0,results/tahoe/bal15_drugs_cellonly/pairzs_withoutleak__scvi__morgan__lightgbm
pairzs_withoutleak,scvi,morgan,lightgbm,cell_only,drug_emb,within_drug,AUROC,0.8574386749990272,0.007667060223213977,3,10.0,results/tahoe/bal15_drugs_cellonly/pairzs_withoutleak__scvi__morgan__lightgbm
pairzs_withoutleak,scvi,morgan,lightgbm,cell_only,drug_emb,within_cell_line,MCC,-0.10325089782366069,0.00995784750750698,3,38.0,results/tahoe/bal15_drugs_cellonly/pairzs_withoutleak__scvi__morgan__lightgbm
pairzs_withoutleak,scvi,morgan,lightgbm,cell_only,drug_emb,within_cell_line,AUROC,0.17964076858813702,0.009046934729188338,3,38.0,results/tahoe/bal15_drugs_cellonly/pairzs_withoutleak__scvi__morgan__lightgbm
pairzs_withoutleak,scvi,morgan,lightgbm,cell_only,drug_emb,overall,MCC,0.3704333266700401,0.0294181422233502,5,,results/tahoe/bal15_drugs_cellonly/pairzs_withoutleak__scvi__morgan__lightgbm
pairzs_withoutleak,scvi,morgan,lightgbm,cell_only,drug_emb,overall,AUROC,0.744991869041989,0.0161425011927096,5,,results/tahoe/bal15_drugs_cellonly/pairzs_withoutleak__scvi__morgan__lightgbm
pairzs_withoutleak,scvi,morgan,mlp,cell_only,drug_emb,within_drug,MCC,0.4610140398974331,0.00485780970676945,3,10.0,results/tahoe/bal15_drugs_cellonly/pairzs_withoutleak__scvi__morgan__mlp
pairzs_withoutleak,scvi,morgan,mlp,cell_only,drug_emb,within_drug,AUROC,0.8601869408334818,0.008361692020315012,3,10.0,results/tahoe/bal15_drugs_cellonly/pairzs_withoutleak__scvi__morgan__mlp
pairzs_withoutleak,scvi,morgan,mlp,cell_only,drug_emb,within_cell_line,MCC,-0.10278700179253518,0.007861908467691473,3,38.0,results/tahoe/bal15_drugs_cellonly/pairzs_withoutleak__scvi__morgan__mlp
pairzs_withoutleak,scvi,morgan,mlp,cell_only,drug_emb,within_cell_line,AUROC,0.17394945697577271,0.01120368194384861,3,38.0,results/tahoe/bal15_drugs_cellonly/pairzs_withoutleak__scvi__morgan__mlp
pairzs_withoutleak,scvi,morgan,mlp,cell_only,drug_emb,overall,MCC,0.3742297417304114,0.0302670221763722,5,,results/tahoe/bal15_drugs_cellonly/pairzs_withoutleak__scvi__morgan__mlp
pairzs_withoutleak,scvi,morgan,mlp,cell_only,drug_emb,overall,AUROC,0.7478521334940903,0.0163520306851306,5,,results/tahoe/bal15_drugs_cellonly/pairzs_withoutleak__scvi__morgan__mlp
pairzs_withoutleak,scvi,morgan,xrfm,cell_only,drug_emb,within_drug,MCC,0.47350004451856664,0.008208041236102807,3,10.0,results/tahoe/bal15_drugs_cellonly/pairzs_withoutleak__scvi__morgan__xrfm
pairzs_withoutleak,scvi,morgan,xrfm,cell_only,drug_emb,within_drug,AUROC,0.8591823921552404,0.005589749659648704,3,10.0,results/tahoe/bal15_drugs_cellonly/pairzs_withoutleak__scvi__morgan__xrfm
pairzs_withoutleak,scvi,morgan,xrfm,cell_only,drug_emb,within_cell_line,MCC,-0.08683447380160808,0.006788833798215211,3,38.0,results/tahoe/bal15_drugs_cellonly/pairzs_withoutleak__scvi__morgan__xrfm
pairzs_withoutleak,scvi,morgan,xrfm,cell_only,drug_emb,within_cell_line,AUROC,0.18943086883876356,0.005721883957276627,3,38.0,results/tahoe/bal15_drugs_cellonly/pairzs_withoutleak__scvi__morgan__xrfm
pairzs_withoutleak,scvi,morgan,xrfm,cell_only,drug_emb,overall,MCC,0.3867450660977276,0.028281722117358,5,,results/tahoe/bal15_drugs_cellonly/pairzs_withoutleak__scvi__morgan__xrfm
pairzs_withoutleak,scvi,morgan,xrfm,cell_only,drug_emb,overall,AUROC,0.7468945328492147,0.0166415218604992,5,,results/tahoe/bal15_drugs_cellonly/pairzs_withoutleak__scvi__morgan__xrfm
random,gene_jepa,morgan,lightgbm,cell_only,drug_emb,within_drug,MCC,0.5329538258456954,0.0,3,10.0,results/tahoe/bal15_drugs_cellonly/random__gene_jepa__morgan__lightgbm
random,gene_jepa,morgan,lightgbm,cell_only,drug_emb,within_drug,AUROC,0.89024852727101,0.0004232249928086983,3,10.0,results/tahoe/bal15_drugs_cellonly/random__gene_jepa__morgan__lightgbm
random,gene_jepa,morgan,lightgbm,cell_only,drug_emb,within_cell_line,MCC,0.0,0.0,3,38.0,results/tahoe/bal15_drugs_cellonly/random__gene_jepa__morgan__lightgbm
random,gene_jepa,morgan,lightgbm,cell_only,drug_emb,within_cell_line,AUROC,4.061078622482105e-05,4.0610786224821046e-05,3,38.0,results/tahoe/bal15_drugs_cellonly/random__gene_jepa__morgan__lightgbm
random,gene_jepa,morgan,lightgbm,cell_only,drug_emb,overall,MCC,0.4598208859662354,0.0,3,,results/tahoe/bal15_drugs_cellonly/random__gene_jepa__morgan__lightgbm
random,gene_jepa,morgan,lightgbm,cell_only,drug_emb,overall,AUROC,0.7776626506024097,0.0002856021303332,3,,results/tahoe/bal15_drugs_cellonly/random__gene_jepa__morgan__lightgbm
random,gene_jepa,morgan,mlp,cell_only,drug_emb,within_drug,MCC,0.504300353621023,0.0036058833557851915,3,10.0,results/tahoe/bal15_drugs_cellonly/random__gene_jepa__morgan__mlp
random,gene_jepa,morgan,mlp,cell_only,drug_emb,within_drug,AUROC,0.8948810474148141,0.0027784201442208932,3,10.0,results/tahoe/bal15_drugs_cellonly/random__gene_jepa__morgan__mlp
random,gene_jepa,morgan,mlp,cell_only,drug_emb,within_cell_line,MCC,-0.01290274371125468,0.003069114370257605,3,38.0,results/tahoe/bal15_drugs_cellonly/random__gene_jepa__morgan__mlp
random,gene_jepa,morgan,mlp,cell_only,drug_emb,within_cell_line,AUROC,0.37480665398063057,0.009700985724907518,3,38.0,results/tahoe/bal15_drugs_cellonly/random__gene_jepa__morgan__mlp
random,gene_jepa,morgan,mlp,cell_only,drug_emb,overall,MCC,0.4342669588656289,0.0121355741877234,3,,results/tahoe/bal15_drugs_cellonly/random__gene_jepa__morgan__mlp
random,gene_jepa,morgan,mlp,cell_only,drug_emb,overall,AUROC,0.799156626506024,0.0027226546200111,3,,results/tahoe/bal15_drugs_cellonly/random__gene_jepa__morgan__mlp
random,gene_jepa,morgan,xrfm,cell_only,drug_emb,within_drug,MCC,0.5016353268006931,0.0034420126209797333,3,10.0,results/tahoe/bal15_drugs_cellonly/random__gene_jepa__morgan__xrfm
random,gene_jepa,morgan,xrfm,cell_only,drug_emb,within_drug,AUROC,0.8869344986426375,0.00026992683257574633,3,10.0,results/tahoe/bal15_drugs_cellonly/random__gene_jepa__morgan__xrfm
random,gene_jepa,morgan,xrfm,cell_only,drug_emb,within_cell_line,MCC,-0.047845600782234925,0.004708587851340802,3,38.0,results/tahoe/bal15_drugs_cellonly/random__gene_jepa__morgan__xrfm
random,gene_jepa,morgan,xrfm,cell_only,drug_emb,within_cell_line,AUROC,0.00020305393112410612,0.00020305393112410612,3,38.0,results/tahoe/bal15_drugs_cellonly/random__gene_jepa__morgan__xrfm
random,gene_jepa,morgan,xrfm,cell_only,drug_emb,overall,MCC,0.4201600751137673,0.0056450375671378,3,,results/tahoe/bal15_drugs_cellonly/random__gene_jepa__morgan__xrfm
random,gene_jepa,morgan,xrfm,cell_only,drug_emb,overall,AUROC,0.7694591700133869,0.0002156410028215,3,,results/tahoe/bal15_drugs_cellonly/random__gene_jepa__morgan__xrfm
random,gformer_cancer,morgan,lightgbm,cell_only,drug_emb,within_drug,MCC,0.5249934712164629,0.001499532781661111,3,10.0,results/tahoe/bal15_drugs_cellonly/random__gformer_cancer__morgan__lightgbm
random,gformer_cancer,morgan,lightgbm,cell_only,drug_emb,within_drug,AUROC,0.9084894555383451,0.00014692530489135127,3,10.0,results/tahoe/bal15_drugs_cellonly/random__gformer_cancer__morgan__lightgbm
random,gformer_cancer,morgan,lightgbm,cell_only,drug_emb,within_cell_line,MCC,-0.014795618646947112,0.002066792458705153,3,38.0,results/tahoe/bal15_drugs_cellonly/random__gformer_cancer__morgan__lightgbm
random,gformer_cancer,morgan,lightgbm,cell_only,drug_emb,within_cell_line,AUROC,0.00029394473838918067,0.0002939447383891807,3,38.0,results/tahoe/bal15_drugs_cellonly/random__gformer_cancer__morgan__lightgbm
random,gformer_cancer,morgan,lightgbm,cell_only,drug_emb,overall,MCC,0.4504869400237516,0.0023726382133,3,,results/tahoe/bal15_drugs_cellonly/random__gformer_cancer__morgan__lightgbm
random,gformer_cancer,morgan,lightgbm,cell_only,drug_emb,overall,AUROC,0.7906050870147258,0.0004239395001421,3,,results/tahoe/bal15_drugs_cellonly/random__gformer_cancer__morgan__lightgbm
random,gformer_cancer,morgan,mlp,cell_only,drug_emb,within_drug,MCC,0.5228315760551007,0.00432225827758075,3,10.0,results/tahoe/bal15_drugs_cellonly/random__gformer_cancer__morgan__mlp
random,gformer_cancer,morgan,mlp,cell_only,drug_emb,within_drug,AUROC,0.9177533715060294,0.0003869608864964477,3,10.0,results/tahoe/bal15_drugs_cellonly/random__gformer_cancer__morgan__mlp
random,gformer_cancer,morgan,mlp,cell_only,drug_emb,within_cell_line,MCC,-0.023491654379969914,0.006372247604518762,3,38.0,results/tahoe/bal15_drugs_cellonly/random__gformer_cancer__morgan__mlp
random,gformer_cancer,morgan,mlp,cell_only,drug_emb,within_cell_line,AUROC,0.26917618119372505,0.007370855609636634,3,38.0,results/tahoe/bal15_drugs_cellonly/random__gformer_cancer__morgan__mlp
random,gformer_cancer,morgan,mlp,cell_only,drug_emb,overall,MCC,0.451254033899795,0.0044723667660284,3,,results/tahoe/bal15_drugs_cellonly/random__gformer_cancer__morgan__mlp
random,gformer_cancer,morgan,mlp,cell_only,drug_emb,overall,AUROC,0.8057269076305221,0.0004739863321544,3,,results/tahoe/bal15_drugs_cellonly/random__gformer_cancer__morgan__mlp
random,gformer_cancer,morgan,xrfm,cell_only,drug_emb,within_drug,MCC,0.5329538258456954,0.0,3,10.0,results/tahoe/bal15_drugs_cellonly/random__gformer_cancer__morgan__xrfm
random,gformer_cancer,morgan,xrfm,cell_only,drug_emb,within_drug,AUROC,0.9066371481426062,0.0003836546426495711,3,10.0,results/tahoe/bal15_drugs_cellonly/random__gformer_cancer__morgan__xrfm
random,gformer_cancer,morgan,xrfm,cell_only,drug_emb,within_cell_line,MCC,0.0,0.0,3,38.0,results/tahoe/bal15_drugs_cellonly/random__gformer_cancer__morgan__xrfm
random,gformer_cancer,morgan,xrfm,cell_only,drug_emb,within_cell_line,AUROC,0.04290653330858007,0.006609921755655586,3,38.0,results/tahoe/bal15_drugs_cellonly/random__gformer_cancer__morgan__xrfm
random,gformer_cancer,morgan,xrfm,cell_only,drug_emb,overall,MCC,0.4598208859662354,0.0,3,,results/tahoe/bal15_drugs_cellonly/random__gformer_cancer__morgan__xrfm
random,gformer_cancer,morgan,xrfm,cell_only,drug_emb,overall,AUROC,0.7946265060240965,0.0002070254181764,3,,results/tahoe/bal15_drugs_cellonly/random__gformer_cancer__morgan__xrfm
random,pca,morgan,lightgbm,cell_only,drug_emb,within_drug,MCC,0.5368868236848353,0.0011293134958168024,3,10.0,results/tahoe/bal15_drugs_cellonly/random__pca__morgan__lightgbm
random,pca,morgan,lightgbm,cell_only,drug_emb,within_drug,AUROC,0.9164457356036205,0.0008294402193996655,3,10.0,results/tahoe/bal15_drugs_cellonly/random__pca__morgan__lightgbm
random,pca,morgan,lightgbm,cell_only,drug_emb,within_cell_line,MCC,-0.00921259898820601,0.0012780899203701259,3,38.0,results/tahoe/bal15_drugs_cellonly/random__pca__morgan__lightgbm
random,pca,morgan,lightgbm,cell_only,drug_emb,within_cell_line,AUROC,0.20371907778706022,0.01264324462127913,3,38.0,results/tahoe/bal15_drugs_cellonly/random__pca__morgan__lightgbm
random,pca,morgan,lightgbm,cell_only,drug_emb,overall,MCC,0.4651682950410496,0.0017355448036815,3,,results/tahoe/bal15_drugs_cellonly/random__pca__morgan__lightgbm
random,pca,morgan,lightgbm,cell_only,drug_emb,overall,AUROC,0.8067215528781794,0.0013042346873236,3,,results/tahoe/bal15_drugs_cellonly/random__pca__morgan__lightgbm
random,pca,morgan,mlp,cell_only,drug_emb,within_drug,MCC,0.5330140085413471,0.0034744387471971625,3,10.0,results/tahoe/bal15_drugs_cellonly/random__pca__morgan__mlp
random,pca,morgan,mlp,cell_only,drug_emb,within_drug,AUROC,0.920146270322404,0.0005027117495548425,3,10.0,results/tahoe/bal15_drugs_cellonly/random__pca__morgan__mlp
random,pca,morgan,mlp,cell_only,drug_emb,within_cell_line,MCC,-0.007227510652022417,0.008283885696092817,3,38.0,results/tahoe/bal15_drugs_cellonly/random__pca__morgan__mlp
random,pca,morgan,mlp,cell_only,drug_emb,within_cell_line,AUROC,0.36624180048887656,0.004478030280009424,3,38.0,results/tahoe/bal15_drugs_cellonly/random__pca__morgan__mlp
random,pca,morgan,mlp,cell_only,drug_emb,overall,MCC,0.4637179872893111,0.0038666295325745,3,,results/tahoe/bal15_drugs_cellonly/random__pca__morgan__mlp
random,pca,morgan,mlp,cell_only,drug_emb,overall,AUROC,0.814235609103079,0.000350122601997,3,,results/tahoe/bal15_drugs_cellonly/random__pca__morgan__mlp
random,pca,morgan,xrfm,cell_only,drug_emb,within_drug,MCC,0.5150403085059444,0.007033286244863859,3,10.0,results/tahoe/bal15_drugs_cellonly/random__pca__morgan__xrfm
random,pca,morgan,xrfm,cell_only,drug_emb,within_drug,AUROC,0.9150775961378436,0.0007587759829248148,3,10.0,results/tahoe/bal15_drugs_cellonly/random__pca__morgan__xrfm
random,pca,morgan,xrfm,cell_only,drug_emb,within_cell_line,MCC,-0.04501686904333488,0.00949089897291968,3,38.0,results/tahoe/bal15_drugs_cellonly/random__pca__morgan__xrfm
random,pca,morgan,xrfm,cell_only,drug_emb,within_cell_line,AUROC,0.2204835390946502,0.00910572160250275,3,38.0,results/tahoe/bal15_drugs_cellonly/random__pca__morgan__xrfm
random,pca,morgan,xrfm,cell_only,drug_emb,overall,MCC,0.4392236353210237,0.0022531377400926,3,,results/tahoe/bal15_drugs_cellonly/random__pca__morgan__xrfm
random,pca,morgan,xrfm,cell_only,drug_emb,overall,AUROC,0.8024149933065595,0.0005384988263402,3,,results/tahoe/bal15_drugs_cellonly/random__pca__morgan__xrfm
random,scgpt_pan,morgan,lightgbm,cell_only,drug_emb,within_drug,MCC,0.5306052052802986,0.0005210634759864805,3,10.0,results/tahoe/bal15_drugs_cellonly/random__scgpt_pan__morgan__lightgbm
random,scgpt_pan,morgan,lightgbm,cell_only,drug_emb,within_drug,AUROC,0.9075246116088928,0.0002539341872352223,3,10.0,results/tahoe/bal15_drugs_cellonly/random__scgpt_pan__morgan__lightgbm
random,scgpt_pan,morgan,lightgbm,cell_only,drug_emb,within_cell_line,MCC,-0.005602209809355509,0.0007154903836436193,3,38.0,results/tahoe/bal15_drugs_cellonly/random__scgpt_pan__morgan__lightgbm
random,scgpt_pan,morgan,lightgbm,cell_only,drug_emb,within_cell_line,AUROC,0.0003451916829109807,0.00028644281960010315,3,38.0,results/tahoe/bal15_drugs_cellonly/random__scgpt_pan__morgan__lightgbm
random,scgpt_pan,morgan,lightgbm,cell_only,drug_emb,overall,MCC,0.4571339951813987,0.0017772112041672,3,,results/tahoe/bal15_drugs_cellonly/random__scgpt_pan__morgan__lightgbm
random,scgpt_pan,morgan,lightgbm,cell_only,drug_emb,overall,AUROC,0.7926961178045516,0.0001026870624405,3,,results/tahoe/bal15_drugs_cellonly/random__scgpt_pan__morgan__lightgbm
random,scgpt_pan,morgan,mlp,cell_only,drug_emb,within_drug,MCC,0.5349741206693553,0.001167812522200426,3,10.0,results/tahoe/bal15_drugs_cellonly/random__scgpt_pan__morgan__mlp
random,scgpt_pan,morgan,mlp,cell_only,drug_emb,within_drug,AUROC,0.9166850828856128,0.0016547407213753141,3,10.0,results/tahoe/bal15_drugs_cellonly/random__scgpt_pan__morgan__mlp
random,scgpt_pan,morgan,mlp,cell_only,drug_emb,within_cell_line,MCC,-0.00494438430865157,0.0028714327882743773,3,38.0,results/tahoe/bal15_drugs_cellonly/random__scgpt_pan__morgan__mlp
random,scgpt_pan,morgan,mlp,cell_only,drug_emb,within_cell_line,AUROC,0.3364491475602587,0.00926022018141222,3,38.0,results/tahoe/bal15_drugs_cellonly/random__scgpt_pan__morgan__mlp
random,scgpt_pan,morgan,mlp,cell_only,drug_emb,overall,MCC,0.4635204441534801,0.002388918946209,3,,results/tahoe/bal15_drugs_cellonly/random__scgpt_pan__morgan__mlp
random,scgpt_pan,morgan,mlp,cell_only,drug_emb,overall,AUROC,0.8100160642570279,0.0004356889891854,3,,results/tahoe/bal15_drugs_cellonly/random__scgpt_pan__morgan__mlp
random,scgpt_pan,morgan,xrfm,cell_only,drug_emb,within_drug,MCC,0.5289949131308802,0.002543839303249599,3,10.0,results/tahoe/bal15_drugs_cellonly/random__scgpt_pan__morgan__xrfm
random,scgpt_pan,morgan,xrfm,cell_only,drug_emb,within_drug,AUROC,0.8962625337832559,0.000585481940620941,3,10.0,results/tahoe/bal15_drugs_cellonly/random__scgpt_pan__morgan__xrfm
random,scgpt_pan,morgan,xrfm,cell_only,drug_emb,within_cell_line,MCC,-0.006267323135196336,0.003418866941184081,3,38.0,results/tahoe/bal15_drugs_cellonly/random__scgpt_pan__morgan__xrfm
random,scgpt_pan,morgan,xrfm,cell_only,drug_emb,within_cell_line,AUROC,0.0381083495776478,0.0095525657964201,3,38.0,results/tahoe/bal15_drugs_cellonly/random__scgpt_pan__morgan__xrfm
random,scgpt_pan,morgan,xrfm,cell_only,drug_emb,overall,MCC,0.4551881974335749,0.0028710353567053,3,,results/tahoe/bal15_drugs_cellonly/random__scgpt_pan__morgan__xrfm
random,scgpt_pan,morgan,xrfm,cell_only,drug_emb,overall,AUROC,0.7835314591700132,0.0001132438339092,3,,results/tahoe/bal15_drugs_cellonly/random__scgpt_pan__morgan__xrfm
random,scvi,morgan,lightgbm,cell_only,drug_emb,within_drug,MCC,0.5294034960154165,0.0021557943642389645,3,10.0,results/tahoe/bal15_drugs_cellonly/random__scvi__morgan__lightgbm
random,scvi,morgan,lightgbm,cell_only,drug_emb,within_drug,AUROC,0.9156695993499583,0.0002969068844804148,3,10.0,results/tahoe/bal15_drugs_cellonly/random__scvi__morgan__lightgbm
random,scvi,morgan,lightgbm,cell_only,drug_emb,within_cell_line,MCC,-0.016252947428334014,0.003195508388573675,3,38.0,results/tahoe/bal15_drugs_cellonly/random__scvi__morgan__lightgbm
random,scvi,morgan,lightgbm,cell_only,drug_emb,within_cell_line,AUROC,0.10482560568086881,0.013408569993406593,3,38.0,results/tahoe/bal15_drugs_cellonly/random__scvi__morgan__lightgbm
random,scvi,morgan,lightgbm,cell_only,drug_emb,overall,MCC,0.4561940911127385,0.003850408429458,3,,results/tahoe/bal15_drugs_cellonly/random__scvi__morgan__lightgbm
random,scvi,morgan,lightgbm,cell_only,drug_emb,overall,AUROC,0.804008032128514,0.0006622975815163,3,,results/tahoe/bal15_drugs_cellonly/random__scvi__morgan__lightgbm
random,scvi,morgan,mlp,cell_only,drug_emb,within_drug,MCC,0.5348706843576078,0.003380193932048966,3,10.0,results/tahoe/bal15_drugs_cellonly/random__scvi__morgan__mlp
random,scvi,morgan,mlp,cell_only,drug_emb,within_drug,AUROC,0.9196107432161978,0.0004003985205125558,3,10.0,results/tahoe/bal15_drugs_cellonly/random__scvi__morgan__mlp
random,scvi,morgan,mlp,cell_only,drug_emb,within_cell_line,MCC,-0.011149946351261028,0.005955780224247254,3,38.0,results/tahoe/bal15_drugs_cellonly/random__scvi__morgan__mlp
random,scvi,morgan,mlp,cell_only,drug_emb,within_cell_line,AUROC,0.33739050558495,0.009318669672307283,3,38.0,results/tahoe/bal15_drugs_cellonly/random__scvi__morgan__mlp
random,scvi,morgan,mlp,cell_only,drug_emb,overall,MCC,0.4626247345709453,0.0039606247357465,3,,results/tahoe/bal15_drugs_cellonly/random__scvi__morgan__mlp
random,scvi,morgan,mlp,cell_only,drug_emb,overall,AUROC,0.8121526104417671,0.0001419514446244,3,,results/tahoe/bal15_drugs_cellonly/random__scvi__morgan__mlp
random,scvi,morgan,xrfm,cell_only,drug_emb,within_drug,MCC,0.5324216068113818,0.0016740040077493107,3,10.0,results/tahoe/bal15_drugs_cellonly/random__scvi__morgan__xrfm
random,scvi,morgan,xrfm,cell_only,drug_emb,within_drug,AUROC,0.9163605389034837,0.0005188065140991296,3,10.0,results/tahoe/bal15_drugs_cellonly/random__scvi__morgan__xrfm
random,scvi,morgan,xrfm,cell_only,drug_emb,within_cell_line,MCC,-0.014413615184891556,0.004694328167701055,3,38.0,results/tahoe/bal15_drugs_cellonly/random__scvi__morgan__xrfm
random,scvi,morgan,xrfm,cell_only,drug_emb,within_cell_line,AUROC,0.14025147745907976,0.01707325344442313,3,38.0,results/tahoe/bal15_drugs_cellonly/random__scvi__morgan__xrfm
random,scvi,morgan,xrfm,cell_only,drug_emb,overall,MCC,0.4621161750438265,0.0032185575003878,3,,results/tahoe/bal15_drugs_cellonly/random__scvi__morgan__xrfm
random,scvi,morgan,xrfm,cell_only,drug_emb,overall,AUROC,0.8044792503346722,0.0006354412655976,3,,results/tahoe/bal15_drugs_cellonly/random__scvi__morgan__xrfm
loclo_loo,gene_jepa,biomed,lightgbm,drug_only,cell_emb,within_drug,MCC,0.028357074108053344,2.4532694666933983e-18,3,10.0,results/tahoe/bal15_drugs_drugonly/loclo_loo__gene_jepa__biomed__lightgbm
loclo_loo,gene_jepa,biomed,lightgbm,drug_only,cell_emb,within_drug,AUROC,0.06755162110397353,0.0011222674734228338,3,10.0,results/tahoe/bal15_drugs_drugonly/loclo_loo__gene_jepa__biomed__lightgbm
loclo_loo,gene_jepa,biomed,lightgbm,drug_only,cell_emb,within_cell_line,MCC,0.01148515211768381,0.0028712880294209527,3,38.0,results/tahoe/bal15_drugs_drugonly/loclo_loo__gene_jepa__biomed__lightgbm
loclo_loo,gene_jepa,biomed,lightgbm,drug_only,cell_emb,within_cell_line,AUROC,0.862797619047619,0.0005061705652449057,3,38.0,results/tahoe/bal15_drugs_drugonly/loclo_loo__gene_jepa__biomed__lightgbm
loclo_loo,gene_jepa,biomed,lightgbm,drug_only,cell_emb,overall,MCC,0.0114851521176838,0.0080107308857659,38,,results/tahoe/bal15_drugs_drugonly/loclo_loo__gene_jepa__biomed__lightgbm
loclo_loo,gene_jepa,biomed,lightgbm,drug_only,cell_emb,overall,AUROC,0.8627976190476192,0.0281967585449334,38,,results/tahoe/bal15_drugs_drugonly/loclo_loo__gene_jepa__biomed__lightgbm
loclo_loo,gene_jepa,biomed,mlp,drug_only,cell_emb,within_drug,MCC,0.0,0.0,3,10.0,results/tahoe/bal15_drugs_drugonly/loclo_loo__gene_jepa__biomed__mlp
loclo_loo,gene_jepa,biomed,mlp,drug_only,cell_emb,within_drug,AUROC,0.02203530024308183,0.0032091938125271163,3,10.0,results/tahoe/bal15_drugs_drugonly/loclo_loo__gene_jepa__biomed__mlp
loclo_loo,gene_jepa,biomed,mlp,drug_only,cell_emb,within_cell_line,MCC,0.584105987961887,0.0,3,38.0,results/tahoe/bal15_drugs_drugonly/loclo_loo__gene_jepa__biomed__mlp
loclo_loo,gene_jepa,biomed,mlp,drug_only,cell_emb,within_cell_line,AUROC,0.8622187412976888,0.0008565248239431862,3,38.0,results/tahoe/bal15_drugs_drugonly/loclo_loo__gene_jepa__biomed__mlp
loclo_loo,gene_jepa,biomed,mlp,drug_only,cell_emb,overall,MCC,0.5841059879618868,0.0393192278779245,38,,results/tahoe/bal15_drugs_drugonly/loclo_loo__gene_jepa__biomed__mlp
loclo_loo,gene_jepa,biomed,mlp,drug_only,cell_emb,overall,AUROC,0.8622187412976888,0.0281371722746371,38,,results/tahoe/bal15_drugs_drugonly/loclo_loo__gene_jepa__biomed__mlp
loclo_loo,gene_jepa,biomed,xrfm,drug_only,cell_emb,within_drug,MCC,-0.0013656859503462803,0.012136294296723167,3,10.0,results/tahoe/bal15_drugs_drugonly/loclo_loo__gene_jepa__biomed__xrfm
loclo_loo,gene_jepa,biomed,xrfm,drug_only,cell_emb,within_drug,AUROC,0.11091165635829124,0.004536891031833514,3,10.0,results/tahoe/bal15_drugs_drugonly/loclo_loo__gene_jepa__biomed__xrfm
loclo_loo,gene_jepa,biomed,xrfm,drug_only,cell_emb,within_cell_line,MCC,0.5807487893136413,0.0040876323164944885,3,38.0,results/tahoe/bal15_drugs_drugonly/loclo_loo__gene_jepa__biomed__xrfm
loclo_loo,gene_jepa,biomed,xrfm,drug_only,cell_emb,within_cell_line,AUROC,0.8632543163464216,0.0018070549450384566,3,38.0,results/tahoe/bal15_drugs_drugonly/loclo_loo__gene_jepa__biomed__xrfm
loclo_loo,gene_jepa,biomed,xrfm,drug_only,cell_emb,overall,MCC,0.5807487893136412,0.039489408634654,38,,results/tahoe/bal15_drugs_drugonly/loclo_loo__gene_jepa__biomed__xrfm
loclo_loo,gene_jepa,biomed,xrfm,drug_only,cell_emb,overall,AUROC,0.8632543163464217,0.0273309465179911,38,,results/tahoe/bal15_drugs_drugonly/loclo_loo__gene_jepa__biomed__xrfm
loclo_loo,gene_jepa,chemberta,lightgbm,drug_only,cell_emb,within_drug,MCC,0.028357074108053344,2.4532694666933983e-18,3,10.0,results/tahoe/bal15_drugs_drugonly/loclo_loo__gene_jepa__chemberta__lightgbm
loclo_loo,gene_jepa,chemberta,lightgbm,drug_only,cell_emb,within_drug,AUROC,0.06755162110397353,0.0011222674734228338,3,10.0,results/tahoe/bal15_drugs_drugonly/loclo_loo__gene_jepa__chemberta__lightgbm
loclo_loo,gene_jepa,chemberta,lightgbm,drug_only,cell_emb,within_cell_line,MCC,0.01148515211768381,0.0028712880294209527,3,38.0,results/tahoe/bal15_drugs_drugonly/loclo_loo__gene_jepa__chemberta__lightgbm
loclo_loo,gene_jepa,chemberta,lightgbm,drug_only,cell_emb,within_cell_line,AUROC,0.862797619047619,0.0005061705652449057,3,38.0,results/tahoe/bal15_drugs_drugonly/loclo_loo__gene_jepa__chemberta__lightgbm
loclo_loo,gene_jepa,chemberta,lightgbm,drug_only,cell_emb,overall,MCC,0.0114851521176838,0.0080107308857659,38,,results/tahoe/bal15_drugs_drugonly/loclo_loo__gene_jepa__chemberta__lightgbm
loclo_loo,gene_jepa,chemberta,lightgbm,drug_only,cell_emb,overall,AUROC,0.8627976190476192,0.0281967585449334,38,,results/tahoe/bal15_drugs_drugonly/loclo_loo__gene_jepa__chemberta__lightgbm
loclo_loo,gene_jepa,chemberta,mlp,drug_only,cell_emb,within_drug,MCC,0.0,0.0,3,10.0,results/tahoe/bal15_drugs_drugonly/loclo_loo__gene_jepa__chemberta__mlp
loclo_loo,gene_jepa,chemberta,mlp,drug_only,cell_emb,within_drug,AUROC,0.014729382486649822,0.002227083605085354,3,10.0,results/tahoe/bal15_drugs_drugonly/loclo_loo__gene_jepa__chemberta__mlp
loclo_loo,gene_jepa,chemberta,mlp,drug_only,cell_emb,within_cell_line,MCC,0.584105987961887,0.0,3,38.0,results/tahoe/bal15_drugs_drugonly/loclo_loo__gene_jepa__chemberta__mlp
loclo_loo,gene_jepa,chemberta,mlp,drug_only,cell_emb,within_cell_line,AUROC,0.8624394319131161,0.0003039564749457992,3,38.0,results/tahoe/bal15_drugs_drugonly/loclo_loo__gene_jepa__chemberta__mlp
loclo_loo,gene_jepa,chemberta,mlp,drug_only,cell_emb,overall,MCC,0.5841059879618868,0.0393192278779245,38,,results/tahoe/bal15_drugs_drugonly/loclo_loo__gene_jepa__chemberta__mlp
loclo_loo,gene_jepa,chemberta,mlp,drug_only,cell_emb,overall,AUROC,0.8624394319131162,0.0285308516415227,38,,results/tahoe/bal15_drugs_drugonly/loclo_loo__gene_jepa__chemberta__mlp
loclo_loo,gene_jepa,chemberta,xrfm,drug_only,cell_emb,within_drug,MCC,0.013086707981617344,0.01098900926035748,3,10.0,results/tahoe/bal15_drugs_drugonly/loclo_loo__gene_jepa__chemberta__xrfm
loclo_loo,gene_jepa,chemberta,xrfm,drug_only,cell_emb,within_drug,AUROC,0.11080294855751771,0.01620753430915074,3,10.0,results/tahoe/bal15_drugs_drugonly/loclo_loo__gene_jepa__chemberta__xrfm
loclo_loo,gene_jepa,chemberta,xrfm,drug_only,cell_emb,within_cell_line,MCC,0.583249409247312,0.002017282531515279,3,38.0,results/tahoe/bal15_drugs_drugonly/loclo_loo__gene_jepa__chemberta__xrfm
loclo_loo,gene_jepa,chemberta,xrfm,drug_only,cell_emb,within_cell_line,AUROC,0.8585898774714563,0.0004583938839907008,3,38.0,results/tahoe/bal15_drugs_drugonly/loclo_loo__gene_jepa__chemberta__xrfm
loclo_loo,gene_jepa,chemberta,xrfm,drug_only,cell_emb,overall,MCC,0.5832494092473118,0.0392785812254392,38,,results/tahoe/bal15_drugs_drugonly/loclo_loo__gene_jepa__chemberta__xrfm
loclo_loo,gene_jepa,chemberta,xrfm,drug_only,cell_emb,overall,AUROC,0.8585898774714563,0.0277926727485092,38,,results/tahoe/bal15_drugs_drugonly/loclo_loo__gene_jepa__chemberta__xrfm
loclo_loo,gene_jepa,maccs,lightgbm,drug_only,cell_emb,within_drug,MCC,0.009452358036017782,0.009452358036017783,3,10.0,results/tahoe/bal15_drugs_drugonly/loclo_loo__gene_jepa__maccs__lightgbm
loclo_loo,gene_jepa,maccs,lightgbm,drug_only,cell_emb,within_drug,AUROC,0.08022047982127146,0.014139737030151702,3,10.0,results/tahoe/bal15_drugs_drugonly/loclo_loo__gene_jepa__maccs__lightgbm
loclo_loo,gene_jepa,maccs,lightgbm,drug_only,cell_emb,within_cell_line,MCC,0.0028712880294209527,0.0028712880294209527,3,38.0,results/tahoe/bal15_drugs_drugonly/loclo_loo__gene_jepa__maccs__lightgbm
loclo_loo,gene_jepa,maccs,lightgbm,drug_only,cell_emb,within_cell_line,AUROC,0.8629730576441101,0.0005533751263572756,3,38.0,results/tahoe/bal15_drugs_drugonly/loclo_loo__gene_jepa__maccs__lightgbm
loclo_loo,gene_jepa,maccs,lightgbm,drug_only,cell_emb,overall,MCC,0.0028712880294209,0.0028712880294209,38,,results/tahoe/bal15_drugs_drugonly/loclo_loo__gene_jepa__maccs__lightgbm
loclo_loo,gene_jepa,maccs,lightgbm,drug_only,cell_emb,overall,AUROC,0.8629730576441105,0.0282304458754782,38,,results/tahoe/bal15_drugs_drugonly/loclo_loo__gene_jepa__maccs__lightgbm
loclo_loo,gene_jepa,maccs,mlp,drug_only,cell_emb,within_drug,MCC,0.0,0.0,3,10.0,results/tahoe/bal15_drugs_drugonly/loclo_loo__gene_jepa__maccs__mlp
loclo_loo,gene_jepa,maccs,mlp,drug_only,cell_emb,within_drug,AUROC,0.010476195615577397,0.004575100984325625,3,10.0,results/tahoe/bal15_drugs_drugonly/loclo_loo__gene_jepa__maccs__mlp
loclo_loo,gene_jepa,maccs,mlp,drug_only,cell_emb,within_cell_line,MCC,0.584105987961887,0.0,3,38.0,results/tahoe/bal15_drugs_drugonly/loclo_loo__gene_jepa__maccs__mlp
loclo_loo,gene_jepa,maccs,mlp,drug_only,cell_emb,within_cell_line,AUROC,0.8659868421052632,0.0009566378613476564,3,38.0,results/tahoe/bal15_drugs_drugonly/loclo_loo__gene_jepa__maccs__mlp
loclo_loo,gene_jepa,maccs,mlp,drug_only,cell_emb,overall,MCC,0.5841059879618868,0.0393192278779245,38,,results/tahoe/bal15_drugs_drugonly/loclo_loo__gene_jepa__maccs__mlp
loclo_loo,gene_jepa,maccs,mlp,drug_only,cell_emb,overall,AUROC,0.8659868421052631,0.0276536012350488,38,,results/tahoe/bal15_drugs_drugonly/loclo_loo__gene_jepa__maccs__mlp
loclo_loo,gene_jepa,maccs,xrfm,drug_only,cell_emb,within_drug,MCC,-0.010558046238244065,0.0053473330336942255,3,10.0,results/tahoe/bal15_drugs_drugonly/loclo_loo__gene_jepa__maccs__xrfm
loclo_loo,gene_jepa,maccs,xrfm,drug_only,cell_emb,within_drug,AUROC,0.12626301549380184,0.015350154881187641,3,10.0,results/tahoe/bal15_drugs_drugonly/loclo_loo__gene_jepa__maccs__xrfm
loclo_loo,gene_jepa,maccs,xrfm,drug_only,cell_emb,within_cell_line,MCC,0.576720536021783,0.0015142245086960137,3,38.0,results/tahoe/bal15_drugs_drugonly/loclo_loo__gene_jepa__maccs__xrfm
loclo_loo,gene_jepa,maccs,xrfm,drug_only,cell_emb,within_cell_line,AUROC,0.8581996658312449,0.0019199743814882683,3,38.0,results/tahoe/bal15_drugs_drugonly/loclo_loo__gene_jepa__maccs__xrfm
loclo_loo,gene_jepa,maccs,xrfm,drug_only,cell_emb,overall,MCC,0.576720536021783,0.0378623505585288,38,,results/tahoe/bal15_drugs_drugonly/loclo_loo__gene_jepa__maccs__xrfm
loclo_loo,gene_jepa,maccs,xrfm,drug_only,cell_emb,overall,AUROC,0.8581996658312449,0.0277184275528105,38,,results/tahoe/bal15_drugs_drugonly/loclo_loo__gene_jepa__maccs__xrfm
loclo_loo,gene_jepa,materials,lightgbm,drug_only,cell_emb,within_drug,MCC,0.028357074108053344,2.4532694666933983e-18,3,10.0,results/tahoe/bal15_drugs_drugonly/loclo_loo__gene_jepa__materials__lightgbm
loclo_loo,gene_jepa,materials,lightgbm,drug_only,cell_emb,within_drug,AUROC,0.06755162110397353,0.0011222674734228338,3,10.0,results/tahoe/bal15_drugs_drugonly/loclo_loo__gene_jepa__materials__lightgbm
loclo_loo,gene_jepa,materials,lightgbm,drug_only,cell_emb,within_cell_line,MCC,0.01148515211768381,0.0028712880294209527,3,38.0,results/tahoe/bal15_drugs_drugonly/loclo_loo__gene_jepa__materials__lightgbm
loclo_loo,gene_jepa,materials,lightgbm,drug_only,cell_emb,within_cell_line,AUROC,0.862797619047619,0.0005061705652449057,3,38.0,results/tahoe/bal15_drugs_drugonly/loclo_loo__gene_jepa__materials__lightgbm
loclo_loo,gene_jepa,materials,lightgbm,drug_only,cell_emb,overall,MCC,0.0114851521176838,0.0080107308857659,38,,results/tahoe/bal15_drugs_drugonly/loclo_loo__gene_jepa__materials__lightgbm
loclo_loo,gene_jepa,materials,lightgbm,drug_only,cell_emb,overall,AUROC,0.8627976190476192,0.0281967585449334,38,,results/tahoe/bal15_drugs_drugonly/loclo_loo__gene_jepa__materials__lightgbm
loclo_loo,gene_jepa,materials,mlp,drug_only,cell_emb,within_drug,MCC,0.0,0.0,3,10.0,results/tahoe/bal15_drugs_drugonly/loclo_loo__gene_jepa__materials__mlp
loclo_loo,gene_jepa,materials,mlp,drug_only,cell_emb,within_drug,AUROC,0.011857060510467443,0.0015474729755007544,3,10.0,results/tahoe/bal15_drugs_drugonly/loclo_loo__gene_jepa__materials__mlp
loclo_loo,gene_jepa,materials,mlp,drug_only,cell_emb,within_cell_line,MCC,0.584105987961887,0.0,3,38.0,results/tahoe/bal15_drugs_drugonly/loclo_loo__gene_jepa__materials__mlp
loclo_loo,gene_jepa,materials,mlp,drug_only,cell_emb,within_cell_line,AUROC,0.865890768588137,0.0018870516653032897,3,38.0,results/tahoe/bal15_drugs_drugonly/loclo_loo__gene_jepa__materials__mlp
loclo_loo,gene_jepa,materials,mlp,drug_only,cell_emb,overall,MCC,0.5841059879618868,0.0393192278779245,38,,results/tahoe/bal15_drugs_drugonly/loclo_loo__gene_jepa__materials__mlp
loclo_loo,gene_jepa,materials,mlp,drug_only,cell_emb,overall,AUROC,0.8658907685881371,0.0275359951412292,38,,results/tahoe/bal15_drugs_drugonly/loclo_loo__gene_jepa__materials__mlp
loclo_loo,gene_jepa,materials,xrfm,drug_only,cell_emb,within_drug,MCC,0.0020201440508761867,0.009240226999074237,3,10.0,results/tahoe/bal15_drugs_drugonly/loclo_loo__gene_jepa__materials__xrfm
loclo_loo,gene_jepa,materials,xrfm,drug_only,cell_emb,within_drug,AUROC,0.10757448431743477,0.008437917718706786,3,10.0,results/tahoe/bal15_drugs_drugonly/loclo_loo__gene_jepa__materials__xrfm
loclo_loo,gene_jepa,materials,xrfm,drug_only,cell_emb,within_cell_line,MCC,0.584805618906317,0.0036343573464340277,3,38.0,results/tahoe/bal15_drugs_drugonly/loclo_loo__gene_jepa__materials__xrfm
loclo_loo,gene_jepa,materials,xrfm,drug_only,cell_emb,within_cell_line,AUROC,0.8625146198830409,0.0017684925734298969,3,38.0,results/tahoe/bal15_drugs_drugonly/loclo_loo__gene_jepa__materials__xrfm
loclo_loo,gene_jepa,materials,xrfm,drug_only,cell_emb,overall,MCC,0.5848056189063168,0.0388350903016206,38,,results/tahoe/bal15_drugs_drugonly/loclo_loo__gene_jepa__materials__xrfm
loclo_loo,gene_jepa,materials,xrfm,drug_only,cell_emb,overall,AUROC,0.8625146198830409,0.0280458839903888,38,,results/tahoe/bal15_drugs_drugonly/loclo_loo__gene_jepa__materials__xrfm
loclo_loo,gene_jepa,molformer,lightgbm,drug_only,cell_emb,within_drug,MCC,0.028357074108053344,2.4532694666933983e-18,3,10.0,results/tahoe/bal15_drugs_drugonly/loclo_loo__gene_jepa__molformer__lightgbm
loclo_loo,gene_jepa,molformer,lightgbm,drug_only,cell_emb,within_drug,AUROC,0.06755162110397353,0.0011222674734228338,3,10.0,results/tahoe/bal15_drugs_drugonly/loclo_loo__gene_jepa__molformer__lightgbm
loclo_loo,gene_jepa,molformer,lightgbm,drug_only,cell_emb,within_cell_line,MCC,0.01148515211768381,0.0028712880294209527,3,38.0,results/tahoe/bal15_drugs_drugonly/loclo_loo__gene_jepa__molformer__lightgbm
loclo_loo,gene_jepa,molformer,lightgbm,drug_only,cell_emb,within_cell_line,AUROC,0.862797619047619,0.0005061705652449057,3,38.0,results/tahoe/bal15_drugs_drugonly/loclo_loo__gene_jepa__molformer__lightgbm
loclo_loo,gene_jepa,molformer,lightgbm,drug_only,cell_emb,overall,MCC,0.0114851521176838,0.0080107308857659,38,,results/tahoe/bal15_drugs_drugonly/loclo_loo__gene_jepa__molformer__lightgbm
loclo_loo,gene_jepa,molformer,lightgbm,drug_only,cell_emb,overall,AUROC,0.8627976190476192,0.0281967585449334,38,,results/tahoe/bal15_drugs_drugonly/loclo_loo__gene_jepa__molformer__lightgbm
loclo_loo,gene_jepa,molformer,mlp,drug_only,cell_emb,within_drug,MCC,0.0,0.0,3,10.0,results/tahoe/bal15_drugs_drugonly/loclo_loo__gene_jepa__molformer__mlp
loclo_loo,gene_jepa,molformer,mlp,drug_only,cell_emb,within_drug,AUROC,0.008253940887758235,0.0012331199185215405,3,10.0,results/tahoe/bal15_drugs_drugonly/loclo_loo__gene_jepa__molformer__mlp
loclo_loo,gene_jepa,molformer,mlp,drug_only,cell_emb,within_cell_line,MCC,0.584105987961887,0.0,3,38.0,results/tahoe/bal15_drugs_drugonly/loclo_loo__gene_jepa__molformer__mlp
loclo_loo,gene_jepa,molformer,mlp,drug_only,cell_emb,within_cell_line,AUROC,0.8640256892230576,0.0006077371254627915,3,38.0,results/tahoe/bal15_drugs_drugonly/loclo_loo__gene_jepa__molformer__mlp
loclo_loo,gene_jepa,molformer,mlp,drug_only,cell_emb,overall,MCC,0.5841059879618868,0.0393192278779245,38,,results/tahoe/bal15_drugs_drugonly/loclo_loo__gene_jepa__molformer__mlp
loclo_loo,gene_jepa,molformer,mlp,drug_only,cell_emb,overall,AUROC,0.8640256892230578,0.0277796744552572,38,,results/tahoe/bal15_drugs_drugonly/loclo_loo__gene_jepa__molformer__mlp
loclo_loo,gene_jepa,molformer,xrfm,drug_only,cell_emb,within_drug,MCC,-0.007623624998624874,0.007623624998624875,3,10.0,results/tahoe/bal15_drugs_drugonly/loclo_loo__gene_jepa__molformer__xrfm
loclo_loo,gene_jepa,molformer,xrfm,drug_only,cell_emb,within_drug,AUROC,0.10858659094645712,0.013921277998574446,3,10.0,results/tahoe/bal15_drugs_drugonly/loclo_loo__gene_jepa__molformer__xrfm
loclo_loo,gene_jepa,molformer,xrfm,drug_only,cell_emb,within_cell_line,MCC,0.5793204753192528,0.00478551264263416,3,38.0,results/tahoe/bal15_drugs_drugonly/loclo_loo__gene_jepa__molformer__xrfm
loclo_loo,gene_jepa,molformer,xrfm,drug_only,cell_emb,within_cell_line,AUROC,0.8603691520467835,0.0031568300062494023,3,38.0,results/tahoe/bal15_drugs_drugonly/loclo_loo__gene_jepa__molformer__xrfm
loclo_loo,gene_jepa,molformer,xrfm,drug_only,cell_emb,overall,MCC,0.5793204753192528,0.0388631700162834,38,,results/tahoe/bal15_drugs_drugonly/loclo_loo__gene_jepa__molformer__xrfm
loclo_loo,gene_jepa,molformer,xrfm,drug_only,cell_emb,overall,AUROC,0.8603691520467835,0.0273228982975563,38,,results/tahoe/bal15_drugs_drugonly/loclo_loo__gene_jepa__molformer__xrfm
loclo_loo,gene_jepa,morgan,lightgbm,drug_only,cell_emb,within_drug,MCC,0.02170498534213477,0.0066520887659185755,3,10.0,results/tahoe/bal15_drugs_drugonly/loclo_loo__gene_jepa__morgan__lightgbm
loclo_loo,gene_jepa,morgan,lightgbm,drug_only,cell_emb,within_drug,AUROC,0.06898036375717854,0.0012094851309852209,3,10.0,results/tahoe/bal15_drugs_drugonly/loclo_loo__gene_jepa__morgan__lightgbm
loclo_loo,gene_jepa,morgan,lightgbm,drug_only,cell_emb,within_cell_line,MCC,0.01148515211768381,0.0028712880294209527,3,38.0,results/tahoe/bal15_drugs_drugonly/loclo_loo__gene_jepa__morgan__lightgbm
loclo_loo,gene_jepa,morgan,lightgbm,drug_only,cell_emb,within_cell_line,AUROC,0.8629730576441103,0.00041652236651801516,3,38.0,results/tahoe/bal15_drugs_drugonly/loclo_loo__gene_jepa__morgan__lightgbm
loclo_loo,gene_jepa,morgan,lightgbm,drug_only,cell_emb,overall,MCC,0.0114851521176838,0.0080107308857659,38,,results/tahoe/bal15_drugs_drugonly/loclo_loo__gene_jepa__morgan__lightgbm
loclo_loo,gene_jepa,morgan,lightgbm,drug_only,cell_emb,overall,AUROC,0.8629730576441105,0.0281227460822454,38,,results/tahoe/bal15_drugs_drugonly/loclo_loo__gene_jepa__morgan__lightgbm
loclo_loo,gene_jepa,morgan,mlp,drug_only,cell_emb,within_drug,MCC,0.0,0.0,3,10.0,results/tahoe/bal15_drugs_drugonly/loclo_loo__gene_jepa__morgan__mlp
loclo_loo,gene_jepa,morgan,mlp,drug_only,cell_emb,within_drug,AUROC,0.00895427274712752,0.0009081573213092168,3,10.0,results/tahoe/bal15_drugs_drugonly/loclo_loo__gene_jepa__morgan__mlp
loclo_loo,gene_jepa,morgan,mlp,drug_only,cell_emb,within_cell_line,MCC,0.584105987961887,0.0,3,38.0,results/tahoe/bal15_drugs_drugonly/loclo_loo__gene_jepa__morgan__mlp
loclo_loo,gene_jepa,morgan,mlp,drug_only,cell_emb,within_cell_line,AUROC,0.8621724450013923,0.0010359723244531096,3,38.0,results/tahoe/bal15_drugs_drugonly/loclo_loo__gene_jepa__morgan__mlp
loclo_loo,gene_jepa,morgan,mlp,drug_only,cell_emb,overall,MCC,0.5841059879618868,0.0393192278779245,38,,results/tahoe/bal15_drugs_drugonly/loclo_loo__gene_jepa__morgan__mlp
loclo_loo,gene_jepa,morgan,mlp,drug_only,cell_emb,overall,AUROC,0.8621724450013926,0.0277219732806986,38,,results/tahoe/bal15_drugs_drugonly/loclo_loo__gene_jepa__morgan__mlp
loclo_loo,gene_jepa,morgan,xrfm,drug_only,cell_emb,within_drug,MCC,-0.004292806108111897,0.004292806108111897,3,10.0,results/tahoe/bal15_drugs_drugonly/loclo_loo__gene_jepa__morgan__xrfm
loclo_loo,gene_jepa,morgan,xrfm,drug_only,cell_emb,within_drug,AUROC,0.13638998113005793,0.017713093729055048,3,10.0,results/tahoe/bal15_drugs_drugonly/loclo_loo__gene_jepa__morgan__xrfm
loclo_loo,gene_jepa,morgan,xrfm,drug_only,cell_emb,within_cell_line,MCC,0.5827780039256574,0.0013279840362296533,3,38.0,results/tahoe/bal15_drugs_drugonly/loclo_loo__gene_jepa__morgan__xrfm
loclo_loo,gene_jepa,morgan,xrfm,drug_only,cell_emb,within_cell_line,AUROC,0.8606728627123363,0.00137804342073938,3,38.0,results/tahoe/bal15_drugs_drugonly/loclo_loo__gene_jepa__morgan__xrfm
loclo_loo,gene_jepa,morgan,xrfm,drug_only,cell_emb,overall,MCC,0.5827780039256572,0.0391774035001503,38,,results/tahoe/bal15_drugs_drugonly/loclo_loo__gene_jepa__morgan__xrfm
loclo_loo,gene_jepa,morgan,xrfm,drug_only,cell_emb,overall,AUROC,0.8606728627123365,0.0280789387141094,38,,results/tahoe/bal15_drugs_drugonly/loclo_loo__gene_jepa__morgan__xrfm
lodo_loo,gene_jepa,biomed,lightgbm,drug_only,cell_emb,within_drug,MCC,0.0,0.0,3,10.0,results/tahoe/bal15_drugs_drugonly/lodo_loo__gene_jepa__biomed__lightgbm
lodo_loo,gene_jepa,biomed,lightgbm,drug_only,cell_emb,within_drug,AUROC,0.5016319444444445,0.0009628767099904098,3,10.0,results/tahoe/bal15_drugs_drugonly/lodo_loo__gene_jepa__biomed__lightgbm
lodo_loo,gene_jepa,biomed,lightgbm,drug_only,cell_emb,within_cell_line,MCC,0.0,0.0,3,38.0,results/tahoe/bal15_drugs_drugonly/lodo_loo__gene_jepa__biomed__lightgbm
lodo_loo,gene_jepa,biomed,lightgbm,drug_only,cell_emb,within_cell_line,AUROC,0.12467000835421888,0.0,3,38.0,results/tahoe/bal15_drugs_drugonly/lodo_loo__gene_jepa__biomed__lightgbm
lodo_loo,gene_jepa,biomed,lightgbm,drug_only,cell_emb,overall,MCC,0.0,0.0,10,,results/tahoe/bal15_drugs_drugonly/lodo_loo__gene_jepa__biomed__lightgbm
lodo_loo,gene_jepa,biomed,lightgbm,drug_only,cell_emb,overall,AUROC,0.5016319444444445,0.0011735563213158,10,,results/tahoe/bal15_drugs_drugonly/lodo_loo__gene_jepa__biomed__lightgbm
lodo_loo,gene_jepa,biomed,mlp,drug_only,cell_emb,within_drug,MCC,0.0,0.0,3,10.0,results/tahoe/bal15_drugs_drugonly/lodo_loo__gene_jepa__biomed__mlp
lodo_loo,gene_jepa,biomed,mlp,drug_only,cell_emb,within_drug,AUROC,0.49646485395505,0.0024191957817729817,3,10.0,results/tahoe/bal15_drugs_drugonly/lodo_loo__gene_jepa__biomed__mlp
lodo_loo,gene_jepa,biomed,mlp,drug_only,cell_emb,within_cell_line,MCC,0.43947561157117415,0.047077099249787875,3,38.0,results/tahoe/bal15_drugs_drugonly/lodo_loo__gene_jepa__biomed__mlp
lodo_loo,gene_jepa,biomed,mlp,drug_only,cell_emb,within_cell_line,AUROC,0.7472323169033697,0.009935519040409449,3,38.0,results/tahoe/bal15_drugs_drugonly/lodo_loo__gene_jepa__biomed__mlp
lodo_loo,gene_jepa,biomed,mlp,drug_only,cell_emb,overall,MCC,0.0,0.0,10,,results/tahoe/bal15_drugs_drugonly/lodo_loo__gene_jepa__biomed__mlp
lodo_loo,gene_jepa,biomed,mlp,drug_only,cell_emb,overall,AUROC,0.4964648539550501,0.0030265786712833,10,,results/tahoe/bal15_drugs_drugonly/lodo_loo__gene_jepa__biomed__mlp
lodo_loo,gene_jepa,biomed,xrfm,drug_only,cell_emb,within_drug,MCC,0.0,0.0,3,10.0,results/tahoe/bal15_drugs_drugonly/lodo_loo__gene_jepa__biomed__xrfm
lodo_loo,gene_jepa,biomed,xrfm,drug_only,cell_emb,within_drug,AUROC,0.5004079254079253,0.0029845706357347055,3,10.0,results/tahoe/bal15_drugs_drugonly/lodo_loo__gene_jepa__biomed__xrfm
lodo_loo,gene_jepa,biomed,xrfm,drug_only,cell_emb,within_cell_line,MCC,0.0,0.0,3,38.0,results/tahoe/bal15_drugs_drugonly/lodo_loo__gene_jepa__biomed__xrfm
lodo_loo,gene_jepa,biomed,xrfm,drug_only,cell_emb,within_cell_line,AUROC,0.42990462266778057,0.03831525030006277,3,38.0,results/tahoe/bal15_drugs_drugonly/lodo_loo__gene_jepa__biomed__xrfm
lodo_loo,gene_jepa,biomed,xrfm,drug_only,cell_emb,overall,MCC,0.0,0.0,10,,results/tahoe/bal15_drugs_drugonly/lodo_loo__gene_jepa__biomed__xrfm
lodo_loo,gene_jepa,biomed,xrfm,drug_only,cell_emb,overall,AUROC,0.5004079254079254,0.0025770932488828,10,,results/tahoe/bal15_drugs_drugonly/lodo_loo__gene_jepa__biomed__xrfm
lodo_loo,gene_jepa,chemberta,lightgbm,drug_only,cell_emb,within_drug,MCC,0.0,0.0,3,10.0,results/tahoe/bal15_drugs_drugonly/lodo_loo__gene_jepa__chemberta__lightgbm
lodo_loo,gene_jepa,chemberta,lightgbm,drug_only,cell_emb,within_drug,AUROC,0.497737556561086,0.002262443438914019,3,10.0,results/tahoe/bal15_drugs_drugonly/lodo_loo__gene_jepa__chemberta__lightgbm
lodo_loo,gene_jepa,chemberta,lightgbm,drug_only,cell_emb,within_cell_line,MCC,0.0,0.0,3,38.0,results/tahoe/bal15_drugs_drugonly/lodo_loo__gene_jepa__chemberta__lightgbm
lodo_loo,gene_jepa,chemberta,lightgbm,drug_only,cell_emb,within_cell_line,AUROC,0.12735623781676414,0.007829295460874413,3,38.0,results/tahoe/bal15_drugs_drugonly/lodo_loo__gene_jepa__chemberta__lightgbm
lodo_loo,gene_jepa,chemberta,lightgbm,drug_only,cell_emb,overall,MCC,0.0,0.0,10,,results/tahoe/bal15_drugs_drugonly/lodo_loo__gene_jepa__chemberta__lightgbm
lodo_loo,gene_jepa,chemberta,lightgbm,drug_only,cell_emb,overall,AUROC,0.497737556561086,0.0015249623819108,10,,results/tahoe/bal15_drugs_drugonly/lodo_loo__gene_jepa__chemberta__lightgbm
lodo_loo,gene_jepa,chemberta,mlp,drug_only,cell_emb,within_drug,MCC,0.0,0.0,3,10.0,results/tahoe/bal15_drugs_drugonly/lodo_loo__gene_jepa__chemberta__mlp
lodo_loo,gene_jepa,chemberta,mlp,drug_only,cell_emb,within_drug,AUROC,0.4991917614634645,0.0007860621691803149,3,10.0,results/tahoe/bal15_drugs_drugonly/lodo_loo__gene_jepa__chemberta__mlp
lodo_loo,gene_jepa,chemberta,mlp,drug_only,cell_emb,within_cell_line,MCC,0.35620640937653864,0.0,3,38.0,results/tahoe/bal15_drugs_drugonly/lodo_loo__gene_jepa__chemberta__mlp
lodo_loo,gene_jepa,chemberta,mlp,drug_only,cell_emb,within_cell_line,AUROC,0.7850637009189642,0.012605488104449926,3,38.0,results/tahoe/bal15_drugs_drugonly/lodo_loo__gene_jepa__chemberta__mlp
lodo_loo,gene_jepa,chemberta,mlp,drug_only,cell_emb,overall,MCC,0.0,0.0,10,,results/tahoe/bal15_drugs_drugonly/lodo_loo__gene_jepa__chemberta__mlp
lodo_loo,gene_jepa,chemberta,mlp,drug_only,cell_emb,overall,AUROC,0.4991917614634645,0.0022160316519997,10,,results/tahoe/bal15_drugs_drugonly/lodo_loo__gene_jepa__chemberta__mlp
lodo_loo,gene_jepa,chemberta,xrfm,drug_only,cell_emb,within_drug,MCC,0.0,0.0,3,10.0,results/tahoe/bal15_drugs_drugonly/lodo_loo__gene_jepa__chemberta__xrfm
lodo_loo,gene_jepa,chemberta,xrfm,drug_only,cell_emb,within_drug,AUROC,0.5013687392093464,0.0017499027106521233,3,10.0,results/tahoe/bal15_drugs_drugonly/lodo_loo__gene_jepa__chemberta__xrfm
lodo_loo,gene_jepa,chemberta,xrfm,drug_only,cell_emb,within_cell_line,MCC,0.0,0.0,3,38.0,results/tahoe/bal15_drugs_drugonly/lodo_loo__gene_jepa__chemberta__xrfm
lodo_loo,gene_jepa,chemberta,xrfm,drug_only,cell_emb,within_cell_line,AUROC,0.5789090782511835,0.06543509136616134,3,38.0,results/tahoe/bal15_drugs_drugonly/lodo_loo__gene_jepa__chemberta__xrfm
lodo_loo,gene_jepa,chemberta,xrfm,drug_only,cell_emb,overall,MCC,0.0,0.0,10,,results/tahoe/bal15_drugs_drugonly/lodo_loo__gene_jepa__chemberta__xrfm
lodo_loo,gene_jepa,chemberta,xrfm,drug_only,cell_emb,overall,AUROC,0.5013687392093464,0.0029558568950078,10,,results/tahoe/bal15_drugs_drugonly/lodo_loo__gene_jepa__chemberta__xrfm
lodo_loo,gene_jepa,maccs,lightgbm,drug_only,cell_emb,within_drug,MCC,0.0,0.0,3,10.0,results/tahoe/bal15_drugs_drugonly/lodo_loo__gene_jepa__maccs__lightgbm
lodo_loo,gene_jepa,maccs,lightgbm,drug_only,cell_emb,within_drug,AUROC,0.5004595588235294,0.0013202488619127011,3,10.0,results/tahoe/bal15_drugs_drugonly/lodo_loo__gene_jepa__maccs__lightgbm
lodo_loo,gene_jepa,maccs,lightgbm,drug_only,cell_emb,within_cell_line,MCC,0.0,0.0,3,38.0,results/tahoe/bal15_drugs_drugonly/lodo_loo__gene_jepa__maccs__lightgbm
lodo_loo,gene_jepa,maccs,lightgbm,drug_only,cell_emb,within_cell_line,AUROC,0.1220248538011696,0.00024331662489557781,3,38.0,results/tahoe/bal15_drugs_drugonly/lodo_loo__gene_jepa__maccs__lightgbm
lodo_loo,gene_jepa,maccs,lightgbm,drug_only,cell_emb,overall,MCC,0.0,0.0,10,,results/tahoe/bal15_drugs_drugonly/lodo_loo__gene_jepa__maccs__lightgbm
lodo_loo,gene_jepa,maccs,lightgbm,drug_only,cell_emb,overall,AUROC,0.5004595588235294,0.0011601325169138,10,,results/tahoe/bal15_drugs_drugonly/lodo_loo__gene_jepa__maccs__lightgbm
lodo_loo,gene_jepa,maccs,mlp,drug_only,cell_emb,within_drug,MCC,0.0,0.0,3,10.0,results/tahoe/bal15_drugs_drugonly/lodo_loo__gene_jepa__maccs__mlp
lodo_loo,gene_jepa,maccs,mlp,drug_only,cell_emb,within_drug,AUROC,0.502253434065934,0.0015830432119314168,3,10.0,results/tahoe/bal15_drugs_drugonly/lodo_loo__gene_jepa__maccs__mlp
lodo_loo,gene_jepa,maccs,mlp,drug_only,cell_emb,within_cell_line,MCC,0.551588228914912,0.032517759046975,3,38.0,results/tahoe/bal15_drugs_drugonly/lodo_loo__gene_jepa__maccs__mlp
lodo_loo,gene_jepa,maccs,mlp,drug_only,cell_emb,within_cell_line,AUROC,0.8296526037315511,0.002007065256233126,3,38.0,results/tahoe/bal15_drugs_drugonly/lodo_loo__gene_jepa__maccs__mlp
lodo_loo,gene_jepa,maccs,mlp,drug_only,cell_emb,overall,MCC,0.0,0.0,10,,results/tahoe/bal15_drugs_drugonly/lodo_loo__gene_jepa__maccs__mlp
lodo_loo,gene_jepa,maccs,mlp,drug_only,cell_emb,overall,AUROC,0.5022534340659341,0.0021429205196776,10,,results/tahoe/bal15_drugs_drugonly/lodo_loo__gene_jepa__maccs__mlp
lodo_loo,gene_jepa,maccs,xrfm,drug_only,cell_emb,within_drug,MCC,0.0,0.0,3,10.0,results/tahoe/bal15_drugs_drugonly/lodo_loo__gene_jepa__maccs__xrfm
lodo_loo,gene_jepa,maccs,xrfm,drug_only,cell_emb,within_drug,AUROC,0.49785826720717613,0.001083003743630578,3,10.0,results/tahoe/bal15_drugs_drugonly/lodo_loo__gene_jepa__maccs__xrfm
lodo_loo,gene_jepa,maccs,xrfm,drug_only,cell_emb,within_cell_line,MCC,0.0,0.0,3,38.0,results/tahoe/bal15_drugs_drugonly/lodo_loo__gene_jepa__maccs__xrfm
lodo_loo,gene_jepa,maccs,xrfm,drug_only,cell_emb,within_cell_line,AUROC,0.48914264828738513,0.03393620817716993,3,38.0,results/tahoe/bal15_drugs_drugonly/lodo_loo__gene_jepa__maccs__xrfm
lodo_loo,gene_jepa,maccs,xrfm,drug_only,cell_emb,overall,MCC,0.0,0.0,10,,results/tahoe/bal15_drugs_drugonly/lodo_loo__gene_jepa__maccs__xrfm
lodo_loo,gene_jepa,maccs,xrfm,drug_only,cell_emb,overall,AUROC,0.4978582672071761,0.0014345870184592,10,,results/tahoe/bal15_drugs_drugonly/lodo_loo__gene_jepa__maccs__xrfm
lodo_loo,gene_jepa,materials,lightgbm,drug_only,cell_emb,within_drug,MCC,0.0,0.0,3,10.0,results/tahoe/bal15_drugs_drugonly/lodo_loo__gene_jepa__materials__lightgbm
lodo_loo,gene_jepa,materials,lightgbm,drug_only,cell_emb,within_drug,AUROC,0.5004595588235294,0.0013202488619127011,3,10.0,results/tahoe/bal15_drugs_drugonly/lodo_loo__gene_jepa__materials__lightgbm
lodo_loo,gene_jepa,materials,lightgbm,drug_only,cell_emb,within_cell_line,MCC,0.0,0.0,3,38.0,results/tahoe/bal15_drugs_drugonly/lodo_loo__gene_jepa__materials__lightgbm
lodo_loo,gene_jepa,materials,lightgbm,drug_only,cell_emb,within_cell_line,AUROC,0.16572890559732667,0.002270947455783223,3,38.0,results/tahoe/bal15_drugs_drugonly/lodo_loo__gene_jepa__materials__lightgbm
lodo_loo,gene_jepa,materials,lightgbm,drug_only,cell_emb,overall,MCC,0.0,0.0,10,,results/tahoe/bal15_drugs_drugonly/lodo_loo__gene_jepa__materials__lightgbm
lodo_loo,gene_jepa,materials,lightgbm,drug_only,cell_emb,overall,AUROC,0.5004595588235294,0.0011601325169138,10,,results/tahoe/bal15_drugs_drugonly/lodo_loo__gene_jepa__materials__lightgbm
lodo_loo,gene_jepa,materials,mlp,drug_only,cell_emb,within_drug,MCC,0.0,0.0,3,10.0,results/tahoe/bal15_drugs_drugonly/lodo_loo__gene_jepa__materials__mlp
lodo_loo,gene_jepa,materials,mlp,drug_only,cell_emb,within_drug,AUROC,0.4994444444444444,0.0013588642409340956,3,10.0,results/tahoe/bal15_drugs_drugonly/lodo_loo__gene_jepa__materials__mlp
lodo_loo,gene_jepa,materials,mlp,drug_only,cell_emb,within_cell_line,MCC,0.15173459494828395,0.0,3,38.0,results/tahoe/bal15_drugs_drugonly/lodo_loo__gene_jepa__materials__mlp
lodo_loo,gene_jepa,materials,mlp,drug_only,cell_emb,within_cell_line,AUROC,0.7379838485101643,0.004411023215017567,3,38.0,results/tahoe/bal15_drugs_drugonly/lodo_loo__gene_jepa__materials__mlp
lodo_loo,gene_jepa,materials,mlp,drug_only,cell_emb,overall,MCC,0.0,0.0,10,,results/tahoe/bal15_drugs_drugonly/lodo_loo__gene_jepa__materials__mlp
lodo_loo,gene_jepa,materials,mlp,drug_only,cell_emb,overall,AUROC,0.4994444444444444,0.0005555555555555,10,,results/tahoe/bal15_drugs_drugonly/lodo_loo__gene_jepa__materials__mlp
lodo_loo,gene_jepa,materials,xrfm,drug_only,cell_emb,within_drug,MCC,0.0,0.0,3,10.0,results/tahoe/bal15_drugs_drugonly/lodo_loo__gene_jepa__materials__xrfm
lodo_loo,gene_jepa,materials,xrfm,drug_only,cell_emb,within_drug,AUROC,0.4985904767890062,0.003547900086095244,3,10.0,results/tahoe/bal15_drugs_drugonly/lodo_loo__gene_jepa__materials__xrfm
lodo_loo,gene_jepa,materials,xrfm,drug_only,cell_emb,within_cell_line,MCC,0.0,0.0,3,38.0,results/tahoe/bal15_drugs_drugonly/lodo_loo__gene_jepa__materials__xrfm
lodo_loo,gene_jepa,materials,xrfm,drug_only,cell_emb,within_cell_line,AUROC,0.5164409287106655,0.005675719458395965,3,38.0,results/tahoe/bal15_drugs_drugonly/lodo_loo__gene_jepa__materials__xrfm
lodo_loo,gene_jepa,materials,xrfm,drug_only,cell_emb,overall,MCC,0.0,0.0,10,,results/tahoe/bal15_drugs_drugonly/lodo_loo__gene_jepa__materials__xrfm
lodo_loo,gene_jepa,materials,xrfm,drug_only,cell_emb,overall,AUROC,0.4985904767890061,0.0031367545754277,10,,results/tahoe/bal15_drugs_drugonly/lodo_loo__gene_jepa__materials__xrfm
lodo_loo,gene_jepa,molformer,lightgbm,drug_only,cell_emb,within_drug,MCC,0.0,0.0,3,10.0,results/tahoe/bal15_drugs_drugonly/lodo_loo__gene_jepa__molformer__lightgbm
lodo_loo,gene_jepa,molformer,lightgbm,drug_only,cell_emb,within_drug,AUROC,0.5012820512820513,0.0012820512820512777,3,10.0,results/tahoe/bal15_drugs_drugonly/lodo_loo__gene_jepa__molformer__lightgbm
lodo_loo,gene_jepa,molformer,lightgbm,drug_only,cell_emb,within_cell_line,MCC,0.0,0.0,3,38.0,results/tahoe/bal15_drugs_drugonly/lodo_loo__gene_jepa__molformer__lightgbm
lodo_loo,gene_jepa,molformer,lightgbm,drug_only,cell_emb,within_cell_line,AUROC,0.1298085491506544,0.008043650388131911,3,38.0,results/tahoe/bal15_drugs_drugonly/lodo_loo__gene_jepa__molformer__lightgbm
lodo_loo,gene_jepa,molformer,lightgbm,drug_only,cell_emb,overall,MCC,0.0,0.0,10,,results/tahoe/bal15_drugs_drugonly/lodo_loo__gene_jepa__molformer__lightgbm
lodo_loo,gene_jepa,molformer,lightgbm,drug_only,cell_emb,overall,AUROC,0.5012820512820513,0.0012820512820512,10,,results/tahoe/bal15_drugs_drugonly/lodo_loo__gene_jepa__molformer__lightgbm
lodo_loo,gene_jepa,molformer,mlp,drug_only,cell_emb,within_drug,MCC,0.0,0.0,3,10.0,results/tahoe/bal15_drugs_drugonly/lodo_loo__gene_jepa__molformer__mlp
lodo_loo,gene_jepa,molformer,mlp,drug_only,cell_emb,within_drug,AUROC,0.4989516941391942,0.0007607021993487508,3,10.0,results/tahoe/bal15_drugs_drugonly/lodo_loo__gene_jepa__molformer__mlp
lodo_loo,gene_jepa,molformer,mlp,drug_only,cell_emb,within_cell_line,MCC,0.17973752116617356,0.031966797936182234,3,38.0,results/tahoe/bal15_drugs_drugonly/lodo_loo__gene_jepa__molformer__mlp
lodo_loo,gene_jepa,molformer,mlp,drug_only,cell_emb,within_cell_line,AUROC,0.72546783625731,7.850462293418875e-17,3,38.0,results/tahoe/bal15_drugs_drugonly/lodo_loo__gene_jepa__molformer__mlp
lodo_loo,gene_jepa,molformer,mlp,drug_only,cell_emb,overall,MCC,0.0,0.0,10,,results/tahoe/bal15_drugs_drugonly/lodo_loo__gene_jepa__molformer__mlp
lodo_loo,gene_jepa,molformer,mlp,drug_only,cell_emb,overall,AUROC,0.4989516941391941,0.0020573887118634,10,,results/tahoe/bal15_drugs_drugonly/lodo_loo__gene_jepa__molformer__mlp
lodo_loo,gene_jepa,molformer,xrfm,drug_only,cell_emb,within_drug,MCC,0.0,0.0,3,10.0,results/tahoe/bal15_drugs_drugonly/lodo_loo__gene_jepa__molformer__xrfm
lodo_loo,gene_jepa,molformer,xrfm,drug_only,cell_emb,within_drug,AUROC,0.4974570830857596,0.002964191383454521,3,10.0,results/tahoe/bal15_drugs_drugonly/lodo_loo__gene_jepa__molformer__xrfm
lodo_loo,gene_jepa,molformer,xrfm,drug_only,cell_emb,within_cell_line,MCC,0.0,0.0,3,38.0,results/tahoe/bal15_drugs_drugonly/lodo_loo__gene_jepa__molformer__xrfm
lodo_loo,gene_jepa,molformer,xrfm,drug_only,cell_emb,within_cell_line,AUROC,0.5215516221108326,0.06536319248718893,3,38.0,results/tahoe/bal15_drugs_drugonly/lodo_loo__gene_jepa__molformer__xrfm
lodo_loo,gene_jepa,molformer,xrfm,drug_only,cell_emb,overall,MCC,0.0,0.0,10,,results/tahoe/bal15_drugs_drugonly/lodo_loo__gene_jepa__molformer__xrfm
lodo_loo,gene_jepa,molformer,xrfm,drug_only,cell_emb,overall,AUROC,0.4974570830857595,0.0043082315225365,10,,results/tahoe/bal15_drugs_drugonly/lodo_loo__gene_jepa__molformer__xrfm
lodo_loo,gene_jepa,morgan,lightgbm,drug_only,cell_emb,within_drug,MCC,0.0,0.0,3,10.0,results/tahoe/bal15_drugs_drugonly/lodo_loo__gene_jepa__morgan__lightgbm
lodo_loo,gene_jepa,morgan,lightgbm,drug_only,cell_emb,within_drug,AUROC,0.5009803921568627,0.0009803921568627416,3,10.0,results/tahoe/bal15_drugs_drugonly/lodo_loo__gene_jepa__morgan__lightgbm
lodo_loo,gene_jepa,morgan,lightgbm,drug_only,cell_emb,within_cell_line,MCC,0.0,0.0,3,38.0,results/tahoe/bal15_drugs_drugonly/lodo_loo__gene_jepa__morgan__lightgbm
lodo_loo,gene_jepa,morgan,lightgbm,drug_only,cell_emb,within_cell_line,AUROC,0.1559102617655249,0.0032883461871242295,3,38.0,results/tahoe/bal15_drugs_drugonly/lodo_loo__gene_jepa__morgan__lightgbm
lodo_loo,gene_jepa,morgan,lightgbm,drug_only,cell_emb,overall,MCC,0.0,0.0,10,,results/tahoe/bal15_drugs_drugonly/lodo_loo__gene_jepa__morgan__lightgbm
lodo_loo,gene_jepa,morgan,lightgbm,drug_only,cell_emb,overall,AUROC,0.5009803921568627,0.0009803921568627,10,,results/tahoe/bal15_drugs_drugonly/lodo_loo__gene_jepa__morgan__lightgbm
lodo_loo,gene_jepa,morgan,mlp,drug_only,cell_emb,within_drug,MCC,0.0,0.0,3,10.0,results/tahoe/bal15_drugs_drugonly/lodo_loo__gene_jepa__morgan__mlp
lodo_loo,gene_jepa,morgan,mlp,drug_only,cell_emb,within_drug,AUROC,0.49918317065340306,0.0007002176389285755,3,10.0,results/tahoe/bal15_drugs_drugonly/lodo_loo__gene_jepa__morgan__mlp
lodo_loo,gene_jepa,morgan,mlp,drug_only,cell_emb,within_cell_line,MCC,0.3565248058357687,0.05839930487347154,3,38.0,results/tahoe/bal15_drugs_drugonly/lodo_loo__gene_jepa__morgan__mlp
lodo_loo,gene_jepa,morgan,mlp,drug_only,cell_emb,within_cell_line,AUROC,0.7207313422445002,0.016259080462868215,3,38.0,results/tahoe/bal15_drugs_drugonly/lodo_loo__gene_jepa__morgan__mlp
lodo_loo,gene_jepa,morgan,mlp,drug_only,cell_emb,overall,MCC,0.0,0.0,10,,results/tahoe/bal15_drugs_drugonly/lodo_loo__gene_jepa__morgan__mlp
lodo_loo,gene_jepa,morgan,mlp,drug_only,cell_emb,overall,AUROC,0.4991831706534032,0.0015274883847411,10,,results/tahoe/bal15_drugs_drugonly/lodo_loo__gene_jepa__morgan__mlp
lodo_loo,gene_jepa,morgan,xrfm,drug_only,cell_emb,within_drug,MCC,0.0,0.0,3,10.0,results/tahoe/bal15_drugs_drugonly/lodo_loo__gene_jepa__morgan__xrfm
lodo_loo,gene_jepa,morgan,xrfm,drug_only,cell_emb,within_drug,AUROC,0.49997768186904806,0.0024019450984763316,3,10.0,results/tahoe/bal15_drugs_drugonly/lodo_loo__gene_jepa__morgan__xrfm
lodo_loo,gene_jepa,morgan,xrfm,drug_only,cell_emb,within_cell_line,MCC,0.09044162575864485,0.045936746171922546,3,38.0,results/tahoe/bal15_drugs_drugonly/lodo_loo__gene_jepa__morgan__xrfm
lodo_loo,gene_jepa,morgan,xrfm,drug_only,cell_emb,within_cell_line,AUROC,0.5481483221943747,0.02295443813425465,3,38.0,results/tahoe/bal15_drugs_drugonly/lodo_loo__gene_jepa__morgan__xrfm
lodo_loo,gene_jepa,morgan,xrfm,drug_only,cell_emb,overall,MCC,0.0,0.0,10,,results/tahoe/bal15_drugs_drugonly/lodo_loo__gene_jepa__morgan__xrfm
lodo_loo,gene_jepa,morgan,xrfm,drug_only,cell_emb,overall,AUROC,0.4999776818690481,0.0022030627449926,10,,results/tahoe/bal15_drugs_drugonly/lodo_loo__gene_jepa__morgan__xrfm
pairzs_withleak,gene_jepa,biomed,lightgbm,drug_only,cell_emb,within_drug,MCC,-0.009475587393582686,0.009475587393582688,3,10.0,results/tahoe/bal15_drugs_drugonly/pairzs_withleak__gene_jepa__biomed__lightgbm
pairzs_withleak,gene_jepa,biomed,lightgbm,drug_only,cell_emb,within_drug,AUROC,0.29088073120843233,0.02331551812129076,3,10.0,results/tahoe/bal15_drugs_drugonly/pairzs_withleak__gene_jepa__biomed__lightgbm
pairzs_withleak,gene_jepa,biomed,lightgbm,drug_only,cell_emb,within_cell_line,MCC,0.011274955580521528,0.011274955580521526,3,38.0,results/tahoe/bal15_drugs_drugonly/pairzs_withleak__gene_jepa__biomed__lightgbm
pairzs_withleak,gene_jepa,biomed,lightgbm,drug_only,cell_emb,within_cell_line,AUROC,0.8530837510442774,0.009388229408856948,3,38.0,results/tahoe/bal15_drugs_drugonly/pairzs_withleak__gene_jepa__biomed__lightgbm
pairzs_withleak,gene_jepa,biomed,lightgbm,drug_only,cell_emb,overall,MCC,0.0023914335132647,0.0023914335132647,10,,results/tahoe/bal15_drugs_drugonly/pairzs_withleak__gene_jepa__biomed__lightgbm
pairzs_withleak,gene_jepa,biomed,lightgbm,drug_only,cell_emb,overall,AUROC,0.7429684134450001,0.016797173051086,10,,results/tahoe/bal15_drugs_drugonly/pairzs_withleak__gene_jepa__biomed__lightgbm
pairzs_withleak,gene_jepa,biomed,mlp,drug_only,cell_emb,within_drug,MCC,0.0,0.0,3,10.0,results/tahoe/bal15_drugs_drugonly/pairzs_withleak__gene_jepa__biomed__mlp
pairzs_withleak,gene_jepa,biomed,mlp,drug_only,cell_emb,within_drug,AUROC,0.25017442876852086,0.012607147433561706,3,10.0,results/tahoe/bal15_drugs_drugonly/pairzs_withleak__gene_jepa__biomed__mlp
pairzs_withleak,gene_jepa,biomed,mlp,drug_only,cell_emb,within_cell_line,MCC,0.584105987961887,0.0,3,38.0,results/tahoe/bal15_drugs_drugonly/pairzs_withleak__gene_jepa__biomed__mlp
pairzs_withleak,gene_jepa,biomed,mlp,drug_only,cell_emb,within_cell_line,AUROC,0.8647016847674743,0.0018873296437875006,3,38.0,results/tahoe/bal15_drugs_drugonly/pairzs_withleak__gene_jepa__biomed__mlp
pairzs_withleak,gene_jepa,biomed,mlp,drug_only,cell_emb,overall,MCC,0.4521390752064226,0.0283996602861048,10,,results/tahoe/bal15_drugs_drugonly/pairzs_withleak__gene_jepa__biomed__mlp
pairzs_withleak,gene_jepa,biomed,mlp,drug_only,cell_emb,overall,AUROC,0.7438381790637982,0.0165599633908557,10,,results/tahoe/bal15_drugs_drugonly/pairzs_withleak__gene_jepa__biomed__mlp
pairzs_withleak,gene_jepa,biomed,xrfm,drug_only,cell_emb,within_drug,MCC,0.0,0.0,3,10.0,results/tahoe/bal15_drugs_drugonly/pairzs_withleak__gene_jepa__biomed__xrfm
pairzs_withleak,gene_jepa,biomed,xrfm,drug_only,cell_emb,within_drug,AUROC,0.269207271249391,0.011001746336466929,3,10.0,results/tahoe/bal15_drugs_drugonly/pairzs_withleak__gene_jepa__biomed__xrfm
pairzs_withleak,gene_jepa,biomed,xrfm,drug_only,cell_emb,within_cell_line,MCC,0.584105987961887,0.0,3,38.0,results/tahoe/bal15_drugs_drugonly/pairzs_withleak__gene_jepa__biomed__xrfm
pairzs_withleak,gene_jepa,biomed,xrfm,drug_only,cell_emb,within_cell_line,AUROC,0.8607424812030077,0.0019726906077004347,3,38.0,results/tahoe/bal15_drugs_drugonly/pairzs_withleak__gene_jepa__biomed__xrfm
pairzs_withleak,gene_jepa,biomed,xrfm,drug_only,cell_emb,overall,MCC,0.4521390752064226,0.0283996602861048,10,,results/tahoe/bal15_drugs_drugonly/pairzs_withleak__gene_jepa__biomed__xrfm
pairzs_withleak,gene_jepa,biomed,xrfm,drug_only,cell_emb,overall,AUROC,0.7389702326612156,0.0168705895003747,10,,results/tahoe/bal15_drugs_drugonly/pairzs_withleak__gene_jepa__biomed__xrfm
pairzs_withleak,gene_jepa,chemberta,lightgbm,drug_only,cell_emb,within_drug,MCC,-0.009475587393582686,0.009475587393582688,3,10.0,results/tahoe/bal15_drugs_drugonly/pairzs_withleak__gene_jepa__chemberta__lightgbm
pairzs_withleak,gene_jepa,chemberta,lightgbm,drug_only,cell_emb,within_drug,AUROC,0.29088073120843233,0.02331551812129076,3,10.0,results/tahoe/bal15_drugs_drugonly/pairzs_withleak__gene_jepa__chemberta__lightgbm
pairzs_withleak,gene_jepa,chemberta,lightgbm,drug_only,cell_emb,within_cell_line,MCC,0.011274955580521528,0.011274955580521526,3,38.0,results/tahoe/bal15_drugs_drugonly/pairzs_withleak__gene_jepa__chemberta__lightgbm
pairzs_withleak,gene_jepa,chemberta,lightgbm,drug_only,cell_emb,within_cell_line,AUROC,0.8530837510442774,0.009388229408856948,3,38.0,results/tahoe/bal15_drugs_drugonly/pairzs_withleak__gene_jepa__chemberta__lightgbm
pairzs_withleak,gene_jepa,chemberta,lightgbm,drug_only,cell_emb,overall,MCC,0.0023914335132647,0.0023914335132647,10,,results/tahoe/bal15_drugs_drugonly/pairzs_withleak__gene_jepa__chemberta__lightgbm
pairzs_withleak,gene_jepa,chemberta,lightgbm,drug_only,cell_emb,overall,AUROC,0.7429684134450001,0.016797173051086,10,,results/tahoe/bal15_drugs_drugonly/pairzs_withleak__gene_jepa__chemberta__lightgbm
pairzs_withleak,gene_jepa,chemberta,mlp,drug_only,cell_emb,within_drug,MCC,0.0,0.0,3,10.0,results/tahoe/bal15_drugs_drugonly/pairzs_withleak__gene_jepa__chemberta__mlp
pairzs_withleak,gene_jepa,chemberta,mlp,drug_only,cell_emb,within_drug,AUROC,0.25107040399252667,0.009755691192752877,3,10.0,results/tahoe/bal15_drugs_drugonly/pairzs_withleak__gene_jepa__chemberta__mlp
pairzs_withleak,gene_jepa,chemberta,mlp,drug_only,cell_emb,within_cell_line,MCC,0.584105987961887,0.0,3,38.0,results/tahoe/bal15_drugs_drugonly/pairzs_withleak__gene_jepa__chemberta__mlp
pairzs_withleak,gene_jepa,chemberta,mlp,drug_only,cell_emb,within_cell_line,AUROC,0.8637966443887496,0.002870605848675342,3,38.0,results/tahoe/bal15_drugs_drugonly/pairzs_withleak__gene_jepa__chemberta__mlp
pairzs_withleak,gene_jepa,chemberta,mlp,drug_only,cell_emb,overall,MCC,0.4521390752064226,0.0283996602861048,10,,results/tahoe/bal15_drugs_drugonly/pairzs_withleak__gene_jepa__chemberta__mlp
pairzs_withleak,gene_jepa,chemberta,mlp,drug_only,cell_emb,overall,AUROC,0.7425344146092986,0.0161350521785556,10,,results/tahoe/bal15_drugs_drugonly/pairzs_withleak__gene_jepa__chemberta__mlp
pairzs_withleak,gene_jepa,chemberta,xrfm,drug_only,cell_emb,within_drug,MCC,0.0,0.0,3,10.0,results/tahoe/bal15_drugs_drugonly/pairzs_withleak__gene_jepa__chemberta__xrfm
pairzs_withleak,gene_jepa,chemberta,xrfm,drug_only,cell_emb,within_drug,AUROC,0.2656177919946982,0.01642511338981393,3,10.0,results/tahoe/bal15_drugs_drugonly/pairzs_withleak__gene_jepa__chemberta__xrfm
pairzs_withleak,gene_jepa,chemberta,xrfm,drug_only,cell_emb,within_cell_line,MCC,0.584105987961887,0.0,3,38.0,results/tahoe/bal15_drugs_drugonly/pairzs_withleak__gene_jepa__chemberta__xrfm
pairzs_withleak,gene_jepa,chemberta,xrfm,drug_only,cell_emb,within_cell_line,AUROC,0.8625027847396268,0.0006516562203524064,3,38.0,results/tahoe/bal15_drugs_drugonly/pairzs_withleak__gene_jepa__chemberta__xrfm
pairzs_withleak,gene_jepa,chemberta,xrfm,drug_only,cell_emb,overall,MCC,0.4521390752064226,0.0283996602861048,10,,results/tahoe/bal15_drugs_drugonly/pairzs_withleak__gene_jepa__chemberta__xrfm
pairzs_withleak,gene_jepa,chemberta,xrfm,drug_only,cell_emb,overall,AUROC,0.7430949465481198,0.0156728515324195,10,,results/tahoe/bal15_drugs_drugonly/pairzs_withleak__gene_jepa__chemberta__xrfm
pairzs_withleak,gene_jepa,maccs,lightgbm,drug_only,cell_emb,within_drug,MCC,-0.025444535349917228,0.013909669059388965,3,10.0,results/tahoe/bal15_drugs_drugonly/pairzs_withleak__gene_jepa__maccs__lightgbm
pairzs_withleak,gene_jepa,maccs,lightgbm,drug_only,cell_emb,within_drug,AUROC,0.3000869272806151,0.01576245551386746,3,10.0,results/tahoe/bal15_drugs_drugonly/pairzs_withleak__gene_jepa__maccs__lightgbm
pairzs_withleak,gene_jepa,maccs,lightgbm,drug_only,cell_emb,within_cell_line,MCC,0.025081146019031938,0.012730724010704336,3,38.0,results/tahoe/bal15_drugs_drugonly/pairzs_withleak__gene_jepa__maccs__lightgbm
pairzs_withleak,gene_jepa,maccs,lightgbm,drug_only,cell_emb,within_cell_line,AUROC,0.8505454608744083,0.009093449434381472,3,38.0,results/tahoe/bal15_drugs_drugonly/pairzs_withleak__gene_jepa__maccs__lightgbm
pairzs_withleak,gene_jepa,maccs,lightgbm,drug_only,cell_emb,overall,MCC,0.0066511472701177,0.0066511472701177,10,,results/tahoe/bal15_drugs_drugonly/pairzs_withleak__gene_jepa__maccs__lightgbm
pairzs_withleak,gene_jepa,maccs,lightgbm,drug_only,cell_emb,overall,AUROC,0.7430934134450001,0.0168664486077515,10,,results/tahoe/bal15_drugs_drugonly/pairzs_withleak__gene_jepa__maccs__lightgbm
pairzs_withleak,gene_jepa,maccs,mlp,drug_only,cell_emb,within_drug,MCC,0.0,0.0,3,10.0,results/tahoe/bal15_drugs_drugonly/pairzs_withleak__gene_jepa__maccs__mlp
pairzs_withleak,gene_jepa,maccs,mlp,drug_only,cell_emb,within_drug,AUROC,0.2508795153650184,0.01671873131632751,3,10.0,results/tahoe/bal15_drugs_drugonly/pairzs_withleak__gene_jepa__maccs__mlp
pairzs_withleak,gene_jepa,maccs,mlp,drug_only,cell_emb,within_cell_line,MCC,0.584105987961887,0.0,3,38.0,results/tahoe/bal15_drugs_drugonly/pairzs_withleak__gene_jepa__maccs__mlp
pairzs_withleak,gene_jepa,maccs,mlp,drug_only,cell_emb,within_cell_line,AUROC,0.8634224450013924,0.004011769013397205,3,38.0,results/tahoe/bal15_drugs_drugonly/pairzs_withleak__gene_jepa__maccs__mlp
pairzs_withleak,gene_jepa,maccs,mlp,drug_only,cell_emb,overall,MCC,0.4521390752064226,0.0283996602861048,10,,results/tahoe/bal15_drugs_drugonly/pairzs_withleak__gene_jepa__maccs__mlp
pairzs_withleak,gene_jepa,maccs,mlp,drug_only,cell_emb,overall,AUROC,0.7439044415336984,0.0171935184297937,10,,results/tahoe/bal15_drugs_drugonly/pairzs_withleak__gene_jepa__maccs__mlp
pairzs_withleak,gene_jepa,maccs,xrfm,drug_only,cell_emb,within_drug,MCC,-0.005103726682339683,0.005103726682339683,3,10.0,results/tahoe/bal15_drugs_drugonly/pairzs_withleak__gene_jepa__maccs__xrfm
pairzs_withleak,gene_jepa,maccs,xrfm,drug_only,cell_emb,within_drug,AUROC,0.2745909080267748,0.024332109415794955,3,10.0,results/tahoe/bal15_drugs_drugonly/pairzs_withleak__gene_jepa__maccs__xrfm
pairzs_withleak,gene_jepa,maccs,xrfm,drug_only,cell_emb,within_cell_line,MCC,0.5765733575444715,0.0075326304174154765,3,38.0,results/tahoe/bal15_drugs_drugonly/pairzs_withleak__gene_jepa__maccs__xrfm
pairzs_withleak,gene_jepa,maccs,xrfm,drug_only,cell_emb,within_cell_line,AUROC,0.8633385547201337,0.0018323991106695906,3,38.0,results/tahoe/bal15_drugs_drugonly/pairzs_withleak__gene_jepa__maccs__xrfm
pairzs_withleak,gene_jepa,maccs,xrfm,drug_only,cell_emb,overall,MCC,0.4444845167302037,0.026833891982791,10,,results/tahoe/bal15_drugs_drugonly/pairzs_withleak__gene_jepa__maccs__xrfm
pairzs_withleak,gene_jepa,maccs,xrfm,drug_only,cell_emb,overall,AUROC,0.7405155112989865,0.0157763100836,10,,results/tahoe/bal15_drugs_drugonly/pairzs_withleak__gene_jepa__maccs__xrfm
pairzs_withleak,gene_jepa,materials,lightgbm,drug_only,cell_emb,within_drug,MCC,-0.009475587393582686,0.009475587393582688,3,10.0,results/tahoe/bal15_drugs_drugonly/pairzs_withleak__gene_jepa__materials__lightgbm
pairzs_withleak,gene_jepa,materials,lightgbm,drug_only,cell_emb,within_drug,AUROC,0.29088073120843233,0.02331551812129076,3,10.0,results/tahoe/bal15_drugs_drugonly/pairzs_withleak__gene_jepa__materials__lightgbm
pairzs_withleak,gene_jepa,materials,lightgbm,drug_only,cell_emb,within_cell_line,MCC,0.011274955580521528,0.011274955580521526,3,38.0,results/tahoe/bal15_drugs_drugonly/pairzs_withleak__gene_jepa__materials__lightgbm
pairzs_withleak,gene_jepa,materials,lightgbm,drug_only,cell_emb,within_cell_line,AUROC,0.8530837510442774,0.009388229408856948,3,38.0,results/tahoe/bal15_drugs_drugonly/pairzs_withleak__gene_jepa__materials__lightgbm
pairzs_withleak,gene_jepa,materials,lightgbm,drug_only,cell_emb,overall,MCC,0.0023914335132647,0.0023914335132647,10,,results/tahoe/bal15_drugs_drugonly/pairzs_withleak__gene_jepa__materials__lightgbm
pairzs_withleak,gene_jepa,materials,lightgbm,drug_only,cell_emb,overall,AUROC,0.7429684134450001,0.016797173051086,10,,results/tahoe/bal15_drugs_drugonly/pairzs_withleak__gene_jepa__materials__lightgbm
pairzs_withleak,gene_jepa,materials,mlp,drug_only,cell_emb,within_drug,MCC,0.0,0.0,3,10.0,results/tahoe/bal15_drugs_drugonly/pairzs_withleak__gene_jepa__materials__mlp
pairzs_withleak,gene_jepa,materials,mlp,drug_only,cell_emb,within_drug,AUROC,0.24652047630913418,0.010655873551877132,3,10.0,results/tahoe/bal15_drugs_drugonly/pairzs_withleak__gene_jepa__materials__mlp
pairzs_withleak,gene_jepa,materials,mlp,drug_only,cell_emb,within_cell_line,MCC,0.584105987961887,0.0,3,38.0,results/tahoe/bal15_drugs_drugonly/pairzs_withleak__gene_jepa__materials__mlp
pairzs_withleak,gene_jepa,materials,mlp,drug_only,cell_emb,within_cell_line,AUROC,0.8622942773600668,0.0034620663111199364,3,38.0,results/tahoe/bal15_drugs_drugonly/pairzs_withleak__gene_jepa__materials__mlp
pairzs_withleak,gene_jepa,materials,mlp,drug_only,cell_emb,overall,MCC,0.4521390752064226,0.0283996602861048,10,,results/tahoe/bal15_drugs_drugonly/pairzs_withleak__gene_jepa__materials__mlp
pairzs_withleak,gene_jepa,materials,mlp,drug_only,cell_emb,overall,AUROC,0.7456204503056283,0.0163974730566606,10,,results/tahoe/bal15_drugs_drugonly/pairzs_withleak__gene_jepa__materials__mlp
pairzs_withleak,gene_jepa,materials,xrfm,drug_only,cell_emb,within_drug,MCC,0.0,0.0,3,10.0,results/tahoe/bal15_drugs_drugonly/pairzs_withleak__gene_jepa__materials__xrfm
pairzs_withleak,gene_jepa,materials,xrfm,drug_only,cell_emb,within_drug,AUROC,0.2830873423082763,0.006336148140487062,3,10.0,results/tahoe/bal15_drugs_drugonly/pairzs_withleak__gene_jepa__materials__xrfm
pairzs_withleak,gene_jepa,materials,xrfm,drug_only,cell_emb,within_cell_line,MCC,0.584105987961887,0.0,3,38.0,results/tahoe/bal15_drugs_drugonly/pairzs_withleak__gene_jepa__materials__xrfm
pairzs_withleak,gene_jepa,materials,xrfm,drug_only,cell_emb,within_cell_line,AUROC,0.8612061403508772,0.0010495444654772298,3,38.0,results/tahoe/bal15_drugs_drugonly/pairzs_withleak__gene_jepa__materials__xrfm
pairzs_withleak,gene_jepa,materials,xrfm,drug_only,cell_emb,overall,MCC,0.4521390752064226,0.0283996602861048,10,,results/tahoe/bal15_drugs_drugonly/pairzs_withleak__gene_jepa__materials__xrfm
pairzs_withleak,gene_jepa,materials,xrfm,drug_only,cell_emb,overall,AUROC,0.7434371857717446,0.017161346414436,10,,results/tahoe/bal15_drugs_drugonly/pairzs_withleak__gene_jepa__materials__xrfm
pairzs_withleak,gene_jepa,molformer,lightgbm,drug_only,cell_emb,within_drug,MCC,-0.009475587393582686,0.009475587393582688,3,10.0,results/tahoe/bal15_drugs_drugonly/pairzs_withleak__gene_jepa__molformer__lightgbm
pairzs_withleak,gene_jepa,molformer,lightgbm,drug_only,cell_emb,within_drug,AUROC,0.29088073120843233,0.02331551812129076,3,10.0,results/tahoe/bal15_drugs_drugonly/pairzs_withleak__gene_jepa__molformer__lightgbm
pairzs_withleak,gene_jepa,molformer,lightgbm,drug_only,cell_emb,within_cell_line,MCC,0.011274955580521528,0.011274955580521526,3,38.0,results/tahoe/bal15_drugs_drugonly/pairzs_withleak__gene_jepa__molformer__lightgbm
pairzs_withleak,gene_jepa,molformer,lightgbm,drug_only,cell_emb,within_cell_line,AUROC,0.8530837510442774,0.009388229408856948,3,38.0,results/tahoe/bal15_drugs_drugonly/pairzs_withleak__gene_jepa__molformer__lightgbm
pairzs_withleak,gene_jepa,molformer,lightgbm,drug_only,cell_emb,overall,MCC,0.0023914335132647,0.0023914335132647,10,,results/tahoe/bal15_drugs_drugonly/pairzs_withleak__gene_jepa__molformer__lightgbm
pairzs_withleak,gene_jepa,molformer,lightgbm,drug_only,cell_emb,overall,AUROC,0.7429684134450001,0.016797173051086,10,,results/tahoe/bal15_drugs_drugonly/pairzs_withleak__gene_jepa__molformer__lightgbm
pairzs_withleak,gene_jepa,molformer,mlp,drug_only,cell_emb,within_drug,MCC,0.0,0.0,3,10.0,results/tahoe/bal15_drugs_drugonly/pairzs_withleak__gene_jepa__molformer__mlp
pairzs_withleak,gene_jepa,molformer,mlp,drug_only,cell_emb,within_drug,AUROC,0.24527950879983992,0.012391706465272458,3,10.0,results/tahoe/bal15_drugs_drugonly/pairzs_withleak__gene_jepa__molformer__mlp
pairzs_withleak,gene_jepa,molformer,mlp,drug_only,cell_emb,within_cell_line,MCC,0.584105987961887,0.0,3,38.0,results/tahoe/bal15_drugs_drugonly/pairzs_withleak__gene_jepa__molformer__mlp
pairzs_withleak,gene_jepa,molformer,mlp,drug_only,cell_emb,within_cell_line,AUROC,0.8634516847674742,0.0017291341522778071,3,38.0,results/tahoe/bal15_drugs_drugonly/pairzs_withleak__gene_jepa__molformer__mlp
pairzs_withleak,gene_jepa,molformer,mlp,drug_only,cell_emb,overall,MCC,0.4521390752064226,0.0283996602861048,10,,results/tahoe/bal15_drugs_drugonly/pairzs_withleak__gene_jepa__molformer__mlp
pairzs_withleak,gene_jepa,molformer,mlp,drug_only,cell_emb,overall,AUROC,0.7442916187055119,0.0164145911386101,10,,results/tahoe/bal15_drugs_drugonly/pairzs_withleak__gene_jepa__molformer__mlp
pairzs_withleak,gene_jepa,molformer,xrfm,drug_only,cell_emb,within_drug,MCC,0.0,0.0,3,10.0,results/tahoe/bal15_drugs_drugonly/pairzs_withleak__gene_jepa__molformer__xrfm
pairzs_withleak,gene_jepa,molformer,xrfm,drug_only,cell_emb,within_drug,AUROC,0.26571961560583224,0.005121449507590919,3,10.0,results/tahoe/bal15_drugs_drugonly/pairzs_withleak__gene_jepa__molformer__xrfm
pairzs_withleak,gene_jepa,molformer,xrfm,drug_only,cell_emb,within_cell_line,MCC,0.584105987961887,0.0,3,38.0,results/tahoe/bal15_drugs_drugonly/pairzs_withleak__gene_jepa__molformer__xrfm
pairzs_withleak,gene_jepa,molformer,xrfm,drug_only,cell_emb,within_cell_line,AUROC,0.8633441241993873,0.0010716206383693206,3,38.0,results/tahoe/bal15_drugs_drugonly/pairzs_withleak__gene_jepa__molformer__xrfm
pairzs_withleak,gene_jepa,molformer,xrfm,drug_only,cell_emb,overall,MCC,0.4521390752064226,0.0283996602861048,10,,results/tahoe/bal15_drugs_drugonly/pairzs_withleak__gene_jepa__molformer__xrfm
pairzs_withleak,gene_jepa,molformer,xrfm,drug_only,cell_emb,overall,AUROC,0.738942408576116,0.0167754888710246,10,,results/tahoe/bal15_drugs_drugonly/pairzs_withleak__gene_jepa__molformer__xrfm
pairzs_withleak,gene_jepa,morgan,lightgbm,drug_only,cell_emb,within_drug,MCC,-0.009475587393582686,0.009475587393582688,3,10.0,results/tahoe/bal15_drugs_drugonly/pairzs_withleak__gene_jepa__morgan__lightgbm
pairzs_withleak,gene_jepa,morgan,lightgbm,drug_only,cell_emb,within_drug,AUROC,0.29088073120843233,0.02331551812129076,3,10.0,results/tahoe/bal15_drugs_drugonly/pairzs_withleak__gene_jepa__morgan__lightgbm
pairzs_withleak,gene_jepa,morgan,lightgbm,drug_only,cell_emb,within_cell_line,MCC,0.011274955580521528,0.011274955580521526,3,38.0,results/tahoe/bal15_drugs_drugonly/pairzs_withleak__gene_jepa__morgan__lightgbm
pairzs_withleak,gene_jepa,morgan,lightgbm,drug_only,cell_emb,within_cell_line,AUROC,0.8530837510442774,0.009388229408856948,3,38.0,results/tahoe/bal15_drugs_drugonly/pairzs_withleak__gene_jepa__morgan__lightgbm
pairzs_withleak,gene_jepa,morgan,lightgbm,drug_only,cell_emb,overall,MCC,0.0023914335132647,0.0023914335132647,10,,results/tahoe/bal15_drugs_drugonly/pairzs_withleak__gene_jepa__morgan__lightgbm
pairzs_withleak,gene_jepa,morgan,lightgbm,drug_only,cell_emb,overall,AUROC,0.7432184134450001,0.0168104538286972,10,,results/tahoe/bal15_drugs_drugonly/pairzs_withleak__gene_jepa__morgan__lightgbm
pairzs_withleak,gene_jepa,morgan,mlp,drug_only,cell_emb,within_drug,MCC,0.0,0.0,3,10.0,results/tahoe/bal15_drugs_drugonly/pairzs_withleak__gene_jepa__morgan__mlp
pairzs_withleak,gene_jepa,morgan,mlp,drug_only,cell_emb,within_drug,AUROC,0.24647309936321704,0.007574559307726381,3,10.0,results/tahoe/bal15_drugs_drugonly/pairzs_withleak__gene_jepa__morgan__mlp
pairzs_withleak,gene_jepa,morgan,mlp,drug_only,cell_emb,within_cell_line,MCC,0.584105987961887,0.0,3,38.0,results/tahoe/bal15_drugs_drugonly/pairzs_withleak__gene_jepa__morgan__mlp
pairzs_withleak,gene_jepa,morgan,mlp,drug_only,cell_emb,within_cell_line,AUROC,0.8634516847674742,0.004141109372064371,3,38.0,results/tahoe/bal15_drugs_drugonly/pairzs_withleak__gene_jepa__morgan__mlp
pairzs_withleak,gene_jepa,morgan,mlp,drug_only,cell_emb,overall,MCC,0.4521390752064226,0.0283996602861048,10,,results/tahoe/bal15_drugs_drugonly/pairzs_withleak__gene_jepa__morgan__mlp
pairzs_withleak,gene_jepa,morgan,mlp,drug_only,cell_emb,overall,AUROC,0.7455670943478606,0.0165631507334042,10,,results/tahoe/bal15_drugs_drugonly/pairzs_withleak__gene_jepa__morgan__mlp
pairzs_withleak,gene_jepa,morgan,xrfm,drug_only,cell_emb,within_drug,MCC,0.00209837193430569,0.00209837193430569,3,10.0,results/tahoe/bal15_drugs_drugonly/pairzs_withleak__gene_jepa__morgan__xrfm
pairzs_withleak,gene_jepa,morgan,xrfm,drug_only,cell_emb,within_drug,AUROC,0.2774504063046455,0.010411496803475176,3,10.0,results/tahoe/bal15_drugs_drugonly/pairzs_withleak__gene_jepa__morgan__xrfm
pairzs_withleak,gene_jepa,morgan,xrfm,drug_only,cell_emb,within_cell_line,MCC,0.5847737127725962,0.0006677248107091657,3,38.0,results/tahoe/bal15_drugs_drugonly/pairzs_withleak__gene_jepa__morgan__xrfm
pairzs_withleak,gene_jepa,morgan,xrfm,drug_only,cell_emb,within_cell_line,AUROC,0.858061821219716,0.0019256101694659189,3,38.0,results/tahoe/bal15_drugs_drugonly/pairzs_withleak__gene_jepa__morgan__xrfm
pairzs_withleak,gene_jepa,morgan,xrfm,drug_only,cell_emb,overall,MCC,0.4532415593370648,0.0284161095302818,10,,results/tahoe/bal15_drugs_drugonly/pairzs_withleak__gene_jepa__morgan__xrfm
pairzs_withleak,gene_jepa,morgan,xrfm,drug_only,cell_emb,overall,AUROC,0.7392412859543278,0.0171454915036555,10,,results/tahoe/bal15_drugs_drugonly/pairzs_withleak__gene_jepa__morgan__xrfm
pairzs_withoutleak,gene_jepa,biomed,lightgbm,drug_only,cell_emb,within_drug,MCC,0.0,0.0,3,10.0,results/tahoe/bal15_drugs_drugonly/pairzs_withoutleak__gene_jepa__biomed__lightgbm
pairzs_withoutleak,gene_jepa,biomed,lightgbm,drug_only,cell_emb,within_drug,AUROC,0.3457226168420437,0.027911512024523476,3,10.0,results/tahoe/bal15_drugs_drugonly/pairzs_withoutleak__gene_jepa__biomed__lightgbm
pairzs_withoutleak,gene_jepa,biomed,lightgbm,drug_only,cell_emb,within_cell_line,MCC,0.0,0.0,3,38.0,results/tahoe/bal15_drugs_drugonly/pairzs_withoutleak__gene_jepa__biomed__lightgbm
pairzs_withoutleak,gene_jepa,biomed,lightgbm,drug_only,cell_emb,within_cell_line,AUROC,0.8412903787245892,0.001637345795402458,3,38.0,results/tahoe/bal15_drugs_drugonly/pairzs_withoutleak__gene_jepa__biomed__lightgbm
pairzs_withoutleak,gene_jepa,biomed,lightgbm,drug_only,cell_emb,overall,MCC,0.0,0.0,5,,results/tahoe/bal15_drugs_drugonly/pairzs_withoutleak__gene_jepa__biomed__lightgbm
pairzs_withoutleak,gene_jepa,biomed,lightgbm,drug_only,cell_emb,overall,AUROC,0.7303664325759164,0.0194347656502798,5,,results/tahoe/bal15_drugs_drugonly/pairzs_withoutleak__gene_jepa__biomed__lightgbm
pairzs_withoutleak,gene_jepa,biomed,mlp,drug_only,cell_emb,within_drug,MCC,0.0,0.0,3,10.0,results/tahoe/bal15_drugs_drugonly/pairzs_withoutleak__gene_jepa__biomed__mlp
pairzs_withoutleak,gene_jepa,biomed,mlp,drug_only,cell_emb,within_drug,AUROC,0.3324737999737187,0.015110946151251617,3,10.0,results/tahoe/bal15_drugs_drugonly/pairzs_withoutleak__gene_jepa__biomed__mlp
pairzs_withoutleak,gene_jepa,biomed,mlp,drug_only,cell_emb,within_cell_line,MCC,0.584105987961887,0.0,3,38.0,results/tahoe/bal15_drugs_drugonly/pairzs_withoutleak__gene_jepa__biomed__mlp
pairzs_withoutleak,gene_jepa,biomed,mlp,drug_only,cell_emb,within_cell_line,AUROC,0.8421487747145641,0.007009376814026211,3,38.0,results/tahoe/bal15_drugs_drugonly/pairzs_withoutleak__gene_jepa__biomed__mlp
pairzs_withoutleak,gene_jepa,biomed,mlp,drug_only,cell_emb,overall,MCC,0.4541745157583958,0.029721963694768,5,,results/tahoe/bal15_drugs_drugonly/pairzs_withoutleak__gene_jepa__biomed__mlp
pairzs_withoutleak,gene_jepa,biomed,mlp,drug_only,cell_emb,overall,AUROC,0.7284764222427789,0.0179577560457968,5,,results/tahoe/bal15_drugs_drugonly/pairzs_withoutleak__gene_jepa__biomed__mlp
pairzs_withoutleak,gene_jepa,biomed,xrfm,drug_only,cell_emb,within_drug,MCC,0.0,0.0,3,10.0,results/tahoe/bal15_drugs_drugonly/pairzs_withoutleak__gene_jepa__biomed__xrfm
pairzs_withoutleak,gene_jepa,biomed,xrfm,drug_only,cell_emb,within_drug,AUROC,0.3415655077577216,0.009058733078879694,3,10.0,results/tahoe/bal15_drugs_drugonly/pairzs_withoutleak__gene_jepa__biomed__xrfm
pairzs_withoutleak,gene_jepa,biomed,xrfm,drug_only,cell_emb,within_cell_line,MCC,0.584105987961887,0.0,3,38.0,results/tahoe/bal15_drugs_drugonly/pairzs_withoutleak__gene_jepa__biomed__xrfm
pairzs_withoutleak,gene_jepa,biomed,xrfm,drug_only,cell_emb,within_cell_line,AUROC,0.8423085491506545,0.0029252148299524325,3,38.0,results/tahoe/bal15_drugs_drugonly/pairzs_withoutleak__gene_jepa__biomed__xrfm
pairzs_withoutleak,gene_jepa,biomed,xrfm,drug_only,cell_emb,overall,MCC,0.4541745157583958,0.029721963694768,5,,results/tahoe/bal15_drugs_drugonly/pairzs_withoutleak__gene_jepa__biomed__xrfm
pairzs_withoutleak,gene_jepa,biomed,xrfm,drug_only,cell_emb,overall,AUROC,0.7303077764294751,0.0198371013144734,5,,results/tahoe/bal15_drugs_drugonly/pairzs_withoutleak__gene_jepa__biomed__xrfm
pairzs_withoutleak,gene_jepa,chemberta,lightgbm,drug_only,cell_emb,within_drug,MCC,0.0,0.0,3,10.0,results/tahoe/bal15_drugs_drugonly/pairzs_withoutleak__gene_jepa__chemberta__lightgbm
pairzs_withoutleak,gene_jepa,chemberta,lightgbm,drug_only,cell_emb,within_drug,AUROC,0.3457226168420437,0.027911512024523476,3,10.0,results/tahoe/bal15_drugs_drugonly/pairzs_withoutleak__gene_jepa__chemberta__lightgbm
pairzs_withoutleak,gene_jepa,chemberta,lightgbm,drug_only,cell_emb,within_cell_line,MCC,0.0,0.0,3,38.0,results/tahoe/bal15_drugs_drugonly/pairzs_withoutleak__gene_jepa__chemberta__lightgbm
pairzs_withoutleak,gene_jepa,chemberta,lightgbm,drug_only,cell_emb,within_cell_line,AUROC,0.8412903787245892,0.001637345795402458,3,38.0,results/tahoe/bal15_drugs_drugonly/pairzs_withoutleak__gene_jepa__chemberta__lightgbm
pairzs_withoutleak,gene_jepa,chemberta,lightgbm,drug_only,cell_emb,overall,MCC,0.0,0.0,5,,results/tahoe/bal15_drugs_drugonly/pairzs_withoutleak__gene_jepa__chemberta__lightgbm
pairzs_withoutleak,gene_jepa,chemberta,lightgbm,drug_only,cell_emb,overall,AUROC,0.7303664325759164,0.0194347656502798,5,,results/tahoe/bal15_drugs_drugonly/pairzs_withoutleak__gene_jepa__chemberta__lightgbm
pairzs_withoutleak,gene_jepa,chemberta,mlp,drug_only,cell_emb,within_drug,MCC,0.0,0.0,3,10.0,results/tahoe/bal15_drugs_drugonly/pairzs_withoutleak__gene_jepa__chemberta__mlp
pairzs_withoutleak,gene_jepa,chemberta,mlp,drug_only,cell_emb,within_drug,AUROC,0.3245445713418624,0.013267010609004455,3,10.0,results/tahoe/bal15_drugs_drugonly/pairzs_withoutleak__gene_jepa__chemberta__mlp
pairzs_withoutleak,gene_jepa,chemberta,mlp,drug_only,cell_emb,within_cell_line,MCC,0.584105987961887,0.0,3,38.0,results/tahoe/bal15_drugs_drugonly/pairzs_withoutleak__gene_jepa__chemberta__mlp
pairzs_withoutleak,gene_jepa,chemberta,mlp,drug_only,cell_emb,within_cell_line,AUROC,0.8442293233082707,0.003581317804811097,3,38.0,results/tahoe/bal15_drugs_drugonly/pairzs_withoutleak__gene_jepa__chemberta__mlp
pairzs_withoutleak,gene_jepa,chemberta,mlp,drug_only,cell_emb,overall,MCC,0.4541745157583958,0.029721963694768,5,,results/tahoe/bal15_drugs_drugonly/pairzs_withoutleak__gene_jepa__chemberta__mlp
pairzs_withoutleak,gene_jepa,chemberta,mlp,drug_only,cell_emb,overall,AUROC,0.7254320905851518,0.0164527847211202,5,,results/tahoe/bal15_drugs_drugonly/pairzs_withoutleak__gene_jepa__chemberta__mlp
pairzs_withoutleak,gene_jepa,chemberta,xrfm,drug_only,cell_emb,within_drug,MCC,0.0,0.0,3,10.0,results/tahoe/bal15_drugs_drugonly/pairzs_withoutleak__gene_jepa__chemberta__xrfm
pairzs_withoutleak,gene_jepa,chemberta,xrfm,drug_only,cell_emb,within_drug,AUROC,0.34241236151711923,0.00916554908343244,3,10.0,results/tahoe/bal15_drugs_drugonly/pairzs_withoutleak__gene_jepa__chemberta__xrfm
pairzs_withoutleak,gene_jepa,chemberta,xrfm,drug_only,cell_emb,within_cell_line,MCC,0.584105987961887,0.0,3,38.0,results/tahoe/bal15_drugs_drugonly/pairzs_withoutleak__gene_jepa__chemberta__xrfm
pairzs_withoutleak,gene_jepa,chemberta,xrfm,drug_only,cell_emb,within_cell_line,AUROC,0.8443654274575328,0.002658390544094417,3,38.0,results/tahoe/bal15_drugs_drugonly/pairzs_withoutleak__gene_jepa__chemberta__xrfm
pairzs_withoutleak,gene_jepa,chemberta,xrfm,drug_only,cell_emb,overall,MCC,0.4541745157583958,0.029721963694768,5,,results/tahoe/bal15_drugs_drugonly/pairzs_withoutleak__gene_jepa__chemberta__xrfm
pairzs_withoutleak,gene_jepa,chemberta,xrfm,drug_only,cell_emb,overall,AUROC,0.72569074447961,0.0185986429307338,5,,results/tahoe/bal15_drugs_drugonly/pairzs_withoutleak__gene_jepa__chemberta__xrfm
pairzs_withoutleak,gene_jepa,maccs,lightgbm,drug_only,cell_emb,within_drug,MCC,-0.00395547799663044,0.00395547799663044,3,10.0,results/tahoe/bal15_drugs_drugonly/pairzs_withoutleak__gene_jepa__maccs__lightgbm
pairzs_withoutleak,gene_jepa,maccs,lightgbm,drug_only,cell_emb,within_drug,AUROC,0.34907741907733386,0.031249409393822355,3,10.0,results/tahoe/bal15_drugs_drugonly/pairzs_withoutleak__gene_jepa__maccs__lightgbm
pairzs_withoutleak,gene_jepa,maccs,lightgbm,drug_only,cell_emb,within_cell_line,MCC,0.0439146908184109,0.0439146908184109,3,38.0,results/tahoe/bal15_drugs_drugonly/pairzs_withoutleak__gene_jepa__maccs__lightgbm
pairzs_withoutleak,gene_jepa,maccs,lightgbm,drug_only,cell_emb,within_cell_line,AUROC,0.8374641464773044,0.004650905982775583,3,38.0,results/tahoe/bal15_drugs_drugonly/pairzs_withoutleak__gene_jepa__maccs__lightgbm
pairzs_withoutleak,gene_jepa,maccs,lightgbm,drug_only,cell_emb,overall,MCC,0.026740183389014,0.0267401833890139,5,,results/tahoe/bal15_drugs_drugonly/pairzs_withoutleak__gene_jepa__maccs__lightgbm
pairzs_withoutleak,gene_jepa,maccs,lightgbm,drug_only,cell_emb,overall,AUROC,0.7305960951480159,0.0193274096398217,5,,results/tahoe/bal15_drugs_drugonly/pairzs_withoutleak__gene_jepa__maccs__lightgbm
pairzs_withoutleak,gene_jepa,maccs,mlp,drug_only,cell_emb,within_drug,MCC,0.0,0.0,3,10.0,results/tahoe/bal15_drugs_drugonly/pairzs_withoutleak__gene_jepa__maccs__mlp
pairzs_withoutleak,gene_jepa,maccs,mlp,drug_only,cell_emb,within_drug,AUROC,0.32687717171553987,0.01129215417099679,3,10.0,results/tahoe/bal15_drugs_drugonly/pairzs_withoutleak__gene_jepa__maccs__mlp
pairzs_withoutleak,gene_jepa,maccs,mlp,drug_only,cell_emb,within_cell_line,MCC,0.584105987961887,0.0,3,38.0,results/tahoe/bal15_drugs_drugonly/pairzs_withoutleak__gene_jepa__maccs__mlp
pairzs_withoutleak,gene_jepa,maccs,mlp,drug_only,cell_emb,within_cell_line,AUROC,0.8464710387078808,0.004112853485979793,3,38.0,results/tahoe/bal15_drugs_drugonly/pairzs_withoutleak__gene_jepa__maccs__mlp
pairzs_withoutleak,gene_jepa,maccs,mlp,drug_only,cell_emb,overall,MCC,0.4541745157583958,0.029721963694768,5,,results/tahoe/bal15_drugs_drugonly/pairzs_withoutleak__gene_jepa__maccs__mlp
pairzs_withoutleak,gene_jepa,maccs,mlp,drug_only,cell_emb,overall,AUROC,0.728481095973743,0.0196647046228281,5,,results/tahoe/bal15_drugs_drugonly/pairzs_withoutleak__gene_jepa__maccs__mlp
pairzs_withoutleak,gene_jepa,maccs,xrfm,drug_only,cell_emb,within_drug,MCC,0.0,0.0,3,10.0,results/tahoe/bal15_drugs_drugonly/pairzs_withoutleak__gene_jepa__maccs__xrfm
pairzs_withoutleak,gene_jepa,maccs,xrfm,drug_only,cell_emb,within_drug,AUROC,0.3371546723531174,0.01249564895859076,3,10.0,results/tahoe/bal15_drugs_drugonly/pairzs_withoutleak__gene_jepa__maccs__xrfm
pairzs_withoutleak,gene_jepa,maccs,xrfm,drug_only,cell_emb,within_cell_line,MCC,0.584105987961887,0.0,3,38.0,results/tahoe/bal15_drugs_drugonly/pairzs_withoutleak__gene_jepa__maccs__xrfm
pairzs_withoutleak,gene_jepa,maccs,xrfm,drug_only,cell_emb,within_cell_line,AUROC,0.8457052353104985,0.0022962115184310705,3,38.0,results/tahoe/bal15_drugs_drugonly/pairzs_withoutleak__gene_jepa__maccs__xrfm
pairzs_withoutleak,gene_jepa,maccs,xrfm,drug_only,cell_emb,overall,MCC,0.4541745157583958,0.029721963694768,5,,results/tahoe/bal15_drugs_drugonly/pairzs_withoutleak__gene_jepa__maccs__xrfm
pairzs_withoutleak,gene_jepa,maccs,xrfm,drug_only,cell_emb,overall,AUROC,0.7280784945291248,0.0180563653920581,5,,results/tahoe/bal15_drugs_drugonly/pairzs_withoutleak__gene_jepa__maccs__xrfm
pairzs_withoutleak,gene_jepa,materials,lightgbm,drug_only,cell_emb,within_drug,MCC,0.0,0.0,3,10.0,results/tahoe/bal15_drugs_drugonly/pairzs_withoutleak__gene_jepa__materials__lightgbm
pairzs_withoutleak,gene_jepa,materials,lightgbm,drug_only,cell_emb,within_drug,AUROC,0.3457226168420437,0.027911512024523476,3,10.0,results/tahoe/bal15_drugs_drugonly/pairzs_withoutleak__gene_jepa__materials__lightgbm
pairzs_withoutleak,gene_jepa,materials,lightgbm,drug_only,cell_emb,within_cell_line,MCC,0.0,0.0,3,38.0,results/tahoe/bal15_drugs_drugonly/pairzs_withoutleak__gene_jepa__materials__lightgbm
pairzs_withoutleak,gene_jepa,materials,lightgbm,drug_only,cell_emb,within_cell_line,AUROC,0.8412903787245892,0.001637345795402458,3,38.0,results/tahoe/bal15_drugs_drugonly/pairzs_withoutleak__gene_jepa__materials__lightgbm
pairzs_withoutleak,gene_jepa,materials,lightgbm,drug_only,cell_emb,overall,MCC,0.0,0.0,5,,results/tahoe/bal15_drugs_drugonly/pairzs_withoutleak__gene_jepa__materials__lightgbm
pairzs_withoutleak,gene_jepa,materials,lightgbm,drug_only,cell_emb,overall,AUROC,0.7303664325759164,0.0194347656502798,5,,results/tahoe/bal15_drugs_drugonly/pairzs_withoutleak__gene_jepa__materials__lightgbm
pairzs_withoutleak,gene_jepa,materials,mlp,drug_only,cell_emb,within_drug,MCC,0.0,0.0,3,10.0,results/tahoe/bal15_drugs_drugonly/pairzs_withoutleak__gene_jepa__materials__mlp
pairzs_withoutleak,gene_jepa,materials,mlp,drug_only,cell_emb,within_drug,AUROC,0.331799345340601,0.007583841411236566,3,10.0,results/tahoe/bal15_drugs_drugonly/pairzs_withoutleak__gene_jepa__materials__mlp
pairzs_withoutleak,gene_jepa,materials,mlp,drug_only,cell_emb,within_cell_line,MCC,0.584105987961887,0.0,3,38.0,results/tahoe/bal15_drugs_drugonly/pairzs_withoutleak__gene_jepa__materials__mlp
pairzs_withoutleak,gene_jepa,materials,mlp,drug_only,cell_emb,within_cell_line,AUROC,0.8492331523252576,0.0013751355692512358,3,38.0,results/tahoe/bal15_drugs_drugonly/pairzs_withoutleak__gene_jepa__materials__mlp
pairzs_withoutleak,gene_jepa,materials,mlp,drug_only,cell_emb,overall,MCC,0.4541745157583958,0.029721963694768,5,,results/tahoe/bal15_drugs_drugonly/pairzs_withoutleak__gene_jepa__materials__mlp
pairzs_withoutleak,gene_jepa,materials,mlp,drug_only,cell_emb,overall,AUROC,0.7301781626070342,0.0201579997293236,5,,results/tahoe/bal15_drugs_drugonly/pairzs_withoutleak__gene_jepa__materials__mlp
pairzs_withoutleak,gene_jepa,materials,xrfm,drug_only,cell_emb,within_drug,MCC,-0.009018707782478751,0.009018707782478751,3,10.0,results/tahoe/bal15_drugs_drugonly/pairzs_withoutleak__gene_jepa__materials__xrfm
pairzs_withoutleak,gene_jepa,materials,xrfm,drug_only,cell_emb,within_drug,AUROC,0.33615917861232153,0.009184169772701924,3,10.0,results/tahoe/bal15_drugs_drugonly/pairzs_withoutleak__gene_jepa__materials__xrfm
pairzs_withoutleak,gene_jepa,materials,xrfm,drug_only,cell_emb,within_cell_line,MCC,0.5725216799456735,0.011584308016213537,3,38.0,results/tahoe/bal15_drugs_drugonly/pairzs_withoutleak__gene_jepa__materials__xrfm
pairzs_withoutleak,gene_jepa,materials,xrfm,drug_only,cell_emb,within_cell_line,AUROC,0.8442484683932053,0.002679891366686443,3,38.0,results/tahoe/bal15_drugs_drugonly/pairzs_withoutleak__gene_jepa__materials__xrfm
pairzs_withoutleak,gene_jepa,materials,xrfm,drug_only,cell_emb,overall,MCC,0.4440512347718206,0.0284978970093775,5,,results/tahoe/bal15_drugs_drugonly/pairzs_withoutleak__gene_jepa__materials__xrfm
pairzs_withoutleak,gene_jepa,materials,xrfm,drug_only,cell_emb,overall,AUROC,0.7286723296100547,0.0180651496974875,5,,results/tahoe/bal15_drugs_drugonly/pairzs_withoutleak__gene_jepa__materials__xrfm
pairzs_withoutleak,gene_jepa,molformer,lightgbm,drug_only,cell_emb,within_drug,MCC,0.0,0.0,3,10.0,results/tahoe/bal15_drugs_drugonly/pairzs_withoutleak__gene_jepa__molformer__lightgbm
pairzs_withoutleak,gene_jepa,molformer,lightgbm,drug_only,cell_emb,within_drug,AUROC,0.3457226168420437,0.027911512024523476,3,10.0,results/tahoe/bal15_drugs_drugonly/pairzs_withoutleak__gene_jepa__molformer__lightgbm
pairzs_withoutleak,gene_jepa,molformer,lightgbm,drug_only,cell_emb,within_cell_line,MCC,0.0,0.0,3,38.0,results/tahoe/bal15_drugs_drugonly/pairzs_withoutleak__gene_jepa__molformer__lightgbm
pairzs_withoutleak,gene_jepa,molformer,lightgbm,drug_only,cell_emb,within_cell_line,AUROC,0.8412903787245892,0.001637345795402458,3,38.0,results/tahoe/bal15_drugs_drugonly/pairzs_withoutleak__gene_jepa__molformer__lightgbm
pairzs_withoutleak,gene_jepa,molformer,lightgbm,drug_only,cell_emb,overall,MCC,0.0,0.0,5,,results/tahoe/bal15_drugs_drugonly/pairzs_withoutleak__gene_jepa__molformer__lightgbm
pairzs_withoutleak,gene_jepa,molformer,lightgbm,drug_only,cell_emb,overall,AUROC,0.7303664325759164,0.0194347656502798,5,,results/tahoe/bal15_drugs_drugonly/pairzs_withoutleak__gene_jepa__molformer__lightgbm
pairzs_withoutleak,gene_jepa,molformer,mlp,drug_only,cell_emb,within_drug,MCC,0.0,0.0,3,10.0,results/tahoe/bal15_drugs_drugonly/pairzs_withoutleak__gene_jepa__molformer__mlp
pairzs_withoutleak,gene_jepa,molformer,mlp,drug_only,cell_emb,within_drug,AUROC,0.32533383932842797,0.00890706930191165,3,10.0,results/tahoe/bal15_drugs_drugonly/pairzs_withoutleak__gene_jepa__molformer__mlp
pairzs_withoutleak,gene_jepa,molformer,mlp,drug_only,cell_emb,within_cell_line,MCC,0.584105987961887,0.0,3,38.0,results/tahoe/bal15_drugs_drugonly/pairzs_withoutleak__gene_jepa__molformer__mlp
pairzs_withoutleak,gene_jepa,molformer,mlp,drug_only,cell_emb,within_cell_line,AUROC,0.8459520328599277,0.0020036304119526818,3,38.0,results/tahoe/bal15_drugs_drugonly/pairzs_withoutleak__gene_jepa__molformer__mlp
pairzs_withoutleak,gene_jepa,molformer,mlp,drug_only,cell_emb,overall,MCC,0.4541745157583958,0.029721963694768,5,,results/tahoe/bal15_drugs_drugonly/pairzs_withoutleak__gene_jepa__molformer__mlp
pairzs_withoutleak,gene_jepa,molformer,mlp,drug_only,cell_emb,overall,AUROC,0.727566135833843,0.0197463367623442,5,,results/tahoe/bal15_drugs_drugonly/pairzs_withoutleak__gene_jepa__molformer__mlp
pairzs_withoutleak,gene_jepa,molformer,xrfm,drug_only,cell_emb,within_drug,MCC,0.0,0.0,3,10.0,results/tahoe/bal15_drugs_drugonly/pairzs_withoutleak__gene_jepa__molformer__xrfm
pairzs_withoutleak,gene_jepa,molformer,xrfm,drug_only,cell_emb,within_drug,AUROC,0.33948704914044564,0.010433094781811973,3,10.0,results/tahoe/bal15_drugs_drugonly/pairzs_withoutleak__gene_jepa__molformer__xrfm
pairzs_withoutleak,gene_jepa,molformer,xrfm,drug_only,cell_emb,within_cell_line,MCC,0.584105987961887,0.0,3,38.0,results/tahoe/bal15_drugs_drugonly/pairzs_withoutleak__gene_jepa__molformer__xrfm
pairzs_withoutleak,gene_jepa,molformer,xrfm,drug_only,cell_emb,within_cell_line,AUROC,0.8483747563352827,0.002111808063716803,3,38.0,results/tahoe/bal15_drugs_drugonly/pairzs_withoutleak__gene_jepa__molformer__xrfm
pairzs_withoutleak,gene_jepa,molformer,xrfm,drug_only,cell_emb,overall,MCC,0.4541745157583958,0.029721963694768,5,,results/tahoe/bal15_drugs_drugonly/pairzs_withoutleak__gene_jepa__molformer__xrfm
pairzs_withoutleak,gene_jepa,molformer,xrfm,drug_only,cell_emb,overall,AUROC,0.732297856444165,0.0203659906686153,5,,results/tahoe/bal15_drugs_drugonly/pairzs_withoutleak__gene_jepa__molformer__xrfm
pairzs_withoutleak,gene_jepa,morgan,lightgbm,drug_only,cell_emb,within_drug,MCC,0.0,0.0,3,10.0,results/tahoe/bal15_drugs_drugonly/pairzs_withoutleak__gene_jepa__morgan__lightgbm
pairzs_withoutleak,gene_jepa,morgan,lightgbm,drug_only,cell_emb,within_drug,AUROC,0.3457226168420437,0.027911512024523476,3,10.0,results/tahoe/bal15_drugs_drugonly/pairzs_withoutleak__gene_jepa__morgan__lightgbm
pairzs_withoutleak,gene_jepa,morgan,lightgbm,drug_only,cell_emb,within_cell_line,MCC,0.0,0.0,3,38.0,results/tahoe/bal15_drugs_drugonly/pairzs_withoutleak__gene_jepa__morgan__lightgbm
pairzs_withoutleak,gene_jepa,morgan,lightgbm,drug_only,cell_emb,within_cell_line,AUROC,0.8412903787245892,0.001637345795402458,3,38.0,results/tahoe/bal15_drugs_drugonly/pairzs_withoutleak__gene_jepa__morgan__lightgbm
pairzs_withoutleak,gene_jepa,morgan,lightgbm,drug_only,cell_emb,overall,MCC,0.0,0.0,5,,results/tahoe/bal15_drugs_drugonly/pairzs_withoutleak__gene_jepa__morgan__lightgbm
pairzs_withoutleak,gene_jepa,morgan,lightgbm,drug_only,cell_emb,overall,AUROC,0.7302674030651222,0.0193835389771764,5,,results/tahoe/bal15_drugs_drugonly/pairzs_withoutleak__gene_jepa__morgan__lightgbm
pairzs_withoutleak,gene_jepa,morgan,mlp,drug_only,cell_emb,within_drug,MCC,0.0,0.0,3,10.0,results/tahoe/bal15_drugs_drugonly/pairzs_withoutleak__gene_jepa__morgan__mlp
pairzs_withoutleak,gene_jepa,morgan,mlp,drug_only,cell_emb,within_drug,AUROC,0.33018758969730994,0.013417769079082468,3,10.0,results/tahoe/bal15_drugs_drugonly/pairzs_withoutleak__gene_jepa__morgan__mlp
pairzs_withoutleak,gene_jepa,morgan,mlp,drug_only,cell_emb,within_cell_line,MCC,0.584105987961887,0.0,3,38.0,results/tahoe/bal15_drugs_drugonly/pairzs_withoutleak__gene_jepa__morgan__mlp
pairzs_withoutleak,gene_jepa,morgan,mlp,drug_only,cell_emb,within_cell_line,AUROC,0.8434889306599832,0.003937982386335988,3,38.0,results/tahoe/bal15_drugs_drugonly/pairzs_withoutleak__gene_jepa__morgan__mlp
pairzs_withoutleak,gene_jepa,morgan,mlp,drug_only,cell_emb,overall,MCC,0.4541745157583958,0.029721963694768,5,,results/tahoe/bal15_drugs_drugonly/pairzs_withoutleak__gene_jepa__morgan__mlp
pairzs_withoutleak,gene_jepa,morgan,mlp,drug_only,cell_emb,overall,AUROC,0.7282535511318525,0.0196737628521791,5,,results/tahoe/bal15_drugs_drugonly/pairzs_withoutleak__gene_jepa__morgan__mlp
pairzs_withoutleak,gene_jepa,morgan,xrfm,drug_only,cell_emb,within_drug,MCC,-0.006600983619844493,0.006600983619844494,3,10.0,results/tahoe/bal15_drugs_drugonly/pairzs_withoutleak__gene_jepa__morgan__xrfm
pairzs_withoutleak,gene_jepa,morgan,xrfm,drug_only,cell_emb,within_drug,AUROC,0.3466208756144414,0.00906081988768639,3,10.0,results/tahoe/bal15_drugs_drugonly/pairzs_withoutleak__gene_jepa__morgan__xrfm
pairzs_withoutleak,gene_jepa,morgan,xrfm,drug_only,cell_emb,within_cell_line,MCC,0.5791449899539582,0.0049609980079287075,3,38.0,results/tahoe/bal15_drugs_drugonly/pairzs_withoutleak__gene_jepa__morgan__xrfm
pairzs_withoutleak,gene_jepa,morgan,xrfm,drug_only,cell_emb,within_cell_line,AUROC,0.8495659287106655,0.0036936664634334357,3,38.0,results/tahoe/bal15_drugs_drugonly/pairzs_withoutleak__gene_jepa__morgan__xrfm
pairzs_withoutleak,gene_jepa,morgan,xrfm,drug_only,cell_emb,overall,MCC,0.4469191759029395,0.0275850254466222,5,,results/tahoe/bal15_drugs_drugonly/pairzs_withoutleak__gene_jepa__morgan__xrfm
pairzs_withoutleak,gene_jepa,morgan,xrfm,drug_only,cell_emb,overall,AUROC,0.7288653463549923,0.0157311521673249,5,,results/tahoe/bal15_drugs_drugonly/pairzs_withoutleak__gene_jepa__morgan__xrfm
random,gene_jepa,biomed,lightgbm,drug_only,cell_emb,within_drug,MCC,0.0,0.0,3,10.0,results/tahoe/bal15_drugs_drugonly/random__gene_jepa__biomed__lightgbm
random,gene_jepa,biomed,lightgbm,drug_only,cell_emb,within_drug,AUROC,0.5,0.0,3,10.0,results/tahoe/bal15_drugs_drugonly/random__gene_jepa__biomed__lightgbm
random,gene_jepa,biomed,lightgbm,drug_only,cell_emb,within_cell_line,MCC,0.0,0.0,3,38.0,results/tahoe/bal15_drugs_drugonly/random__gene_jepa__biomed__lightgbm
random,gene_jepa,biomed,lightgbm,drug_only,cell_emb,within_cell_line,AUROC,0.8745112781954888,0.0,3,38.0,results/tahoe/bal15_drugs_drugonly/random__gene_jepa__biomed__lightgbm
random,gene_jepa,biomed,lightgbm,drug_only,cell_emb,overall,MCC,0.0,0.0,3,,results/tahoe/bal15_drugs_drugonly/random__gene_jepa__biomed__lightgbm
random,gene_jepa,biomed,lightgbm,drug_only,cell_emb,overall,AUROC,0.7625783132530121,0.0,3,,results/tahoe/bal15_drugs_drugonly/random__gene_jepa__biomed__lightgbm
random,gene_jepa,biomed,mlp,drug_only,cell_emb,within_drug,MCC,0.0,0.0,3,10.0,results/tahoe/bal15_drugs_drugonly/random__gene_jepa__biomed__mlp
random,gene_jepa,biomed,mlp,drug_only,cell_emb,within_drug,AUROC,0.5024801908824337,0.0022109290625526336,3,10.0,results/tahoe/bal15_drugs_drugonly/random__gene_jepa__biomed__mlp
random,gene_jepa,biomed,mlp,drug_only,cell_emb,within_cell_line,MCC,0.584105987961887,0.0,3,38.0,results/tahoe/bal15_drugs_drugonly/random__gene_jepa__biomed__mlp
random,gene_jepa,biomed,mlp,drug_only,cell_emb,within_cell_line,AUROC,0.8749528914879793,0.0004416132924904837,3,38.0,results/tahoe/bal15_drugs_drugonly/random__gene_jepa__biomed__mlp
random,gene_jepa,biomed,mlp,drug_only,cell_emb,overall,MCC,0.4509062541340126,0.0,3,,results/tahoe/bal15_drugs_drugonly/random__gene_jepa__biomed__mlp
random,gene_jepa,biomed,mlp,drug_only,cell_emb,overall,AUROC,0.7630709504685408,0.0007427595967678,3,,results/tahoe/bal15_drugs_drugonly/random__gene_jepa__biomed__mlp
random,gene_jepa,biomed,xrfm,drug_only,cell_emb,within_drug,MCC,0.0,0.0,3,10.0,results/tahoe/bal15_drugs_drugonly/random__gene_jepa__biomed__xrfm
random,gene_jepa,biomed,xrfm,drug_only,cell_emb,within_drug,AUROC,0.49917333073847364,0.0019591180870220065,3,10.0,results/tahoe/bal15_drugs_drugonly/random__gene_jepa__biomed__xrfm
random,gene_jepa,biomed,xrfm,drug_only,cell_emb,within_cell_line,MCC,0.5592339401521903,0.015450810214585352,3,38.0,results/tahoe/bal15_drugs_drugonly/random__gene_jepa__biomed__xrfm
random,gene_jepa,biomed,xrfm,drug_only,cell_emb,within_cell_line,AUROC,0.8737493424920326,0.003465174264470795,3,38.0,results/tahoe/bal15_drugs_drugonly/random__gene_jepa__biomed__xrfm
random,gene_jepa,biomed,xrfm,drug_only,cell_emb,overall,MCC,0.4339001450007914,0.0170061091332211,3,,results/tahoe/bal15_drugs_drugonly/random__gene_jepa__biomed__xrfm
random,gene_jepa,biomed,xrfm,drug_only,cell_emb,overall,AUROC,0.758958500669344,0.0035358105240016,3,,results/tahoe/bal15_drugs_drugonly/random__gene_jepa__biomed__xrfm
random,gene_jepa,chemberta,lightgbm,drug_only,cell_emb,within_drug,MCC,0.0,0.0,3,10.0,results/tahoe/bal15_drugs_drugonly/random__gene_jepa__chemberta__lightgbm
random,gene_jepa,chemberta,lightgbm,drug_only,cell_emb,within_drug,AUROC,0.5,0.0,3,10.0,results/tahoe/bal15_drugs_drugonly/random__gene_jepa__chemberta__lightgbm
random,gene_jepa,chemberta,lightgbm,drug_only,cell_emb,within_cell_line,MCC,0.0,0.0,3,38.0,results/tahoe/bal15_drugs_drugonly/random__gene_jepa__chemberta__lightgbm
random,gene_jepa,chemberta,lightgbm,drug_only,cell_emb,within_cell_line,AUROC,0.8745112781954888,0.0,3,38.0,results/tahoe/bal15_drugs_drugonly/random__gene_jepa__chemberta__lightgbm
random,gene_jepa,chemberta,lightgbm,drug_only,cell_emb,overall,MCC,0.0,0.0,3,,results/tahoe/bal15_drugs_drugonly/random__gene_jepa__chemberta__lightgbm
random,gene_jepa,chemberta,lightgbm,drug_only,cell_emb,overall,AUROC,0.7625783132530121,0.0,3,,results/tahoe/bal15_drugs_drugonly/random__gene_jepa__chemberta__lightgbm
random,gene_jepa,chemberta,mlp,drug_only,cell_emb,within_drug,MCC,0.0,0.0,3,10.0,results/tahoe/bal15_drugs_drugonly/random__gene_jepa__chemberta__mlp
random,gene_jepa,chemberta,mlp,drug_only,cell_emb,within_drug,AUROC,0.5006968797459279,0.0023429955701688293,3,10.0,results/tahoe/bal15_drugs_drugonly/random__gene_jepa__chemberta__mlp
random,gene_jepa,chemberta,mlp,drug_only,cell_emb,within_cell_line,MCC,0.584105987961887,0.0,3,38.0,results/tahoe/bal15_drugs_drugonly/random__gene_jepa__chemberta__mlp
random,gene_jepa,chemberta,mlp,drug_only,cell_emb,within_cell_line,AUROC,0.8749340944954981,0.00021140815000464386,3,38.0,results/tahoe/bal15_drugs_drugonly/random__gene_jepa__chemberta__mlp
random,gene_jepa,chemberta,mlp,drug_only,cell_emb,overall,MCC,0.4509062541340126,0.0,3,,results/tahoe/bal15_drugs_drugonly/random__gene_jepa__chemberta__mlp
random,gene_jepa,chemberta,mlp,drug_only,cell_emb,overall,AUROC,0.7625435073627845,0.0005138173669745,3,,results/tahoe/bal15_drugs_drugonly/random__gene_jepa__chemberta__mlp
random,gene_jepa,chemberta,xrfm,drug_only,cell_emb,within_drug,MCC,0.0,0.0,3,10.0,results/tahoe/bal15_drugs_drugonly/random__gene_jepa__chemberta__xrfm
random,gene_jepa,chemberta,xrfm,drug_only,cell_emb,within_drug,AUROC,0.4989609397988776,0.00073843150280695,3,10.0,results/tahoe/bal15_drugs_drugonly/random__gene_jepa__chemberta__xrfm
random,gene_jepa,chemberta,xrfm,drug_only,cell_emb,within_cell_line,MCC,0.584105987961887,0.0,3,38.0,results/tahoe/bal15_drugs_drugonly/random__gene_jepa__chemberta__xrfm
random,gene_jepa,chemberta,xrfm,drug_only,cell_emb,within_cell_line,AUROC,0.875114947863486,0.00021965842640653372,3,38.0,results/tahoe/bal15_drugs_drugonly/random__gene_jepa__chemberta__xrfm
random,gene_jepa,chemberta,xrfm,drug_only,cell_emb,overall,MCC,0.4509062541340126,0.0,3,,results/tahoe/bal15_drugs_drugonly/random__gene_jepa__chemberta__xrfm
random,gene_jepa,chemberta,xrfm,drug_only,cell_emb,overall,AUROC,0.7621191432396253,0.0003783375058899,3,,results/tahoe/bal15_drugs_drugonly/random__gene_jepa__chemberta__xrfm
random,gene_jepa,maccs,lightgbm,drug_only,cell_emb,within_drug,MCC,0.0,0.0,3,10.0,results/tahoe/bal15_drugs_drugonly/random__gene_jepa__maccs__lightgbm
random,gene_jepa,maccs,lightgbm,drug_only,cell_emb,within_drug,AUROC,0.5000544662309369,5.446623093681898e-05,3,10.0,results/tahoe/bal15_drugs_drugonly/random__gene_jepa__maccs__lightgbm
random,gene_jepa,maccs,lightgbm,drug_only,cell_emb,within_cell_line,MCC,0.0,0.0,3,38.0,results/tahoe/bal15_drugs_drugonly/random__gene_jepa__maccs__lightgbm
random,gene_jepa,maccs,lightgbm,drug_only,cell_emb,within_cell_line,AUROC,0.871956047526223,0.0025552306692657734,3,38.0,results/tahoe/bal15_drugs_drugonly/random__gene_jepa__maccs__lightgbm
random,gene_jepa,maccs,lightgbm,drug_only,cell_emb,overall,MCC,0.0,0.0,3,,results/tahoe/bal15_drugs_drugonly/random__gene_jepa__maccs__lightgbm
random,gene_jepa,maccs,lightgbm,drug_only,cell_emb,overall,AUROC,0.7625890227576976,1.0709504685402216e-05,3,,results/tahoe/bal15_drugs_drugonly/random__gene_jepa__maccs__lightgbm
random,gene_jepa,maccs,mlp,drug_only,cell_emb,within_drug,MCC,0.0,0.0,3,10.0,results/tahoe/bal15_drugs_drugonly/random__gene_jepa__maccs__mlp
random,gene_jepa,maccs,mlp,drug_only,cell_emb,within_drug,AUROC,0.5019716028504027,0.0017905915517041565,3,10.0,results/tahoe/bal15_drugs_drugonly/random__gene_jepa__maccs__mlp
random,gene_jepa,maccs,mlp,drug_only,cell_emb,within_cell_line,MCC,0.584105987961887,0.0,3,38.0,results/tahoe/bal15_drugs_drugonly/random__gene_jepa__maccs__mlp
random,gene_jepa,maccs,mlp,drug_only,cell_emb,within_cell_line,AUROC,0.8749738157121199,0.00046253751663101933,3,38.0,results/tahoe/bal15_drugs_drugonly/random__gene_jepa__maccs__mlp
random,gene_jepa,maccs,mlp,drug_only,cell_emb,overall,MCC,0.4509062541340126,0.0,3,,results/tahoe/bal15_drugs_drugonly/random__gene_jepa__maccs__mlp
random,gene_jepa,maccs,mlp,drug_only,cell_emb,overall,AUROC,0.7628299866131192,0.0002761107053764,3,,results/tahoe/bal15_drugs_drugonly/random__gene_jepa__maccs__mlp
random,gene_jepa,maccs,xrfm,drug_only,cell_emb,within_drug,MCC,0.0,0.0,3,10.0,results/tahoe/bal15_drugs_drugonly/random__gene_jepa__maccs__xrfm
random,gene_jepa,maccs,xrfm,drug_only,cell_emb,within_drug,AUROC,0.4980554512397796,0.0011739464952304154,3,10.0,results/tahoe/bal15_drugs_drugonly/random__gene_jepa__maccs__xrfm
random,gene_jepa,maccs,xrfm,drug_only,cell_emb,within_cell_line,MCC,0.584105987961887,0.0,3,38.0,results/tahoe/bal15_drugs_drugonly/random__gene_jepa__maccs__xrfm
random,gene_jepa,maccs,xrfm,drug_only,cell_emb,within_cell_line,AUROC,0.8781413796837773,0.001254252334409672,3,38.0,results/tahoe/bal15_drugs_drugonly/random__gene_jepa__maccs__xrfm
random,gene_jepa,maccs,xrfm,drug_only,cell_emb,overall,MCC,0.4509062541340126,0.0,3,,results/tahoe/bal15_drugs_drugonly/random__gene_jepa__maccs__xrfm
random,gene_jepa,maccs,xrfm,drug_only,cell_emb,overall,AUROC,0.7613882195448461,0.0002879860036689,3,,results/tahoe/bal15_drugs_drugonly/random__gene_jepa__maccs__xrfm
random,gene_jepa,materials,lightgbm,drug_only,cell_emb,within_drug,MCC,0.0,0.0,3,10.0,results/tahoe/bal15_drugs_drugonly/random__gene_jepa__materials__lightgbm
random,gene_jepa,materials,lightgbm,drug_only,cell_emb,within_drug,AUROC,0.5,0.0,3,10.0,results/tahoe/bal15_drugs_drugonly/random__gene_jepa__materials__lightgbm
random,gene_jepa,materials,lightgbm,drug_only,cell_emb,within_cell_line,MCC,0.0,0.0,3,38.0,results/tahoe/bal15_drugs_drugonly/random__gene_jepa__materials__lightgbm
random,gene_jepa,materials,lightgbm,drug_only,cell_emb,within_cell_line,AUROC,0.8745112781954888,0.0,3,38.0,results/tahoe/bal15_drugs_drugonly/random__gene_jepa__materials__lightgbm
random,gene_jepa,materials,lightgbm,drug_only,cell_emb,overall,MCC,0.0,0.0,3,,results/tahoe/bal15_drugs_drugonly/random__gene_jepa__materials__lightgbm
random,gene_jepa,materials,lightgbm,drug_only,cell_emb,overall,AUROC,0.7625783132530121,0.0,3,,results/tahoe/bal15_drugs_drugonly/random__gene_jepa__materials__lightgbm
random,gene_jepa,materials,mlp,drug_only,cell_emb,within_drug,MCC,0.0,0.0,3,10.0,results/tahoe/bal15_drugs_drugonly/random__gene_jepa__materials__mlp
random,gene_jepa,materials,mlp,drug_only,cell_emb,within_drug,AUROC,0.50046902401201,0.0034656944828051544,3,10.0,results/tahoe/bal15_drugs_drugonly/random__gene_jepa__materials__mlp
random,gene_jepa,materials,mlp,drug_only,cell_emb,within_cell_line,MCC,0.584105987961887,0.0,3,38.0,results/tahoe/bal15_drugs_drugonly/random__gene_jepa__materials__mlp
random,gene_jepa,materials,mlp,drug_only,cell_emb,within_cell_line,AUROC,0.8745112781954888,0.0,3,38.0,results/tahoe/bal15_drugs_drugonly/random__gene_jepa__materials__mlp
random,gene_jepa,materials,mlp,drug_only,cell_emb,overall,MCC,0.4509062541340126,0.0,3,,results/tahoe/bal15_drugs_drugonly/random__gene_jepa__materials__mlp
random,gene_jepa,materials,mlp,drug_only,cell_emb,overall,AUROC,0.7627724230254351,0.0002035334251137,3,,results/tahoe/bal15_drugs_drugonly/random__gene_jepa__materials__mlp
random,gene_jepa,materials,xrfm,drug_only,cell_emb,within_drug,MCC,0.0,0.0,3,10.0,results/tahoe/bal15_drugs_drugonly/random__gene_jepa__materials__xrfm
random,gene_jepa,materials,xrfm,drug_only,cell_emb,within_drug,AUROC,0.5008336957725924,0.001589148504246955,3,10.0,results/tahoe/bal15_drugs_drugonly/random__gene_jepa__materials__xrfm
random,gene_jepa,materials,xrfm,drug_only,cell_emb,within_cell_line,MCC,0.584105987961887,0.0,3,38.0,results/tahoe/bal15_drugs_drugonly/random__gene_jepa__materials__xrfm
random,gene_jepa,materials,xrfm,drug_only,cell_emb,within_cell_line,AUROC,0.8740614847303444,0.0013752039809439723,3,38.0,results/tahoe/bal15_drugs_drugonly/random__gene_jepa__materials__xrfm
random,gene_jepa,materials,xrfm,drug_only,cell_emb,overall,MCC,0.4509062541340126,0.0,3,,results/tahoe/bal15_drugs_drugonly/random__gene_jepa__materials__xrfm
random,gene_jepa,materials,xrfm,drug_only,cell_emb,overall,AUROC,0.760710843373494,0.0014358482843955,3,,results/tahoe/bal15_drugs_drugonly/random__gene_jepa__materials__xrfm
random,gene_jepa,molformer,lightgbm,drug_only,cell_emb,within_drug,MCC,0.0,0.0,3,10.0,results/tahoe/bal15_drugs_drugonly/random__gene_jepa__molformer__lightgbm
random,gene_jepa,molformer,lightgbm,drug_only,cell_emb,within_drug,AUROC,0.5,0.0,3,10.0,results/tahoe/bal15_drugs_drugonly/random__gene_jepa__molformer__lightgbm
random,gene_jepa,molformer,lightgbm,drug_only,cell_emb,within_cell_line,MCC,0.0,0.0,3,38.0,results/tahoe/bal15_drugs_drugonly/random__gene_jepa__molformer__lightgbm
random,gene_jepa,molformer,lightgbm,drug_only,cell_emb,within_cell_line,AUROC,0.8745112781954888,0.0,3,38.0,results/tahoe/bal15_drugs_drugonly/random__gene_jepa__molformer__lightgbm
random,gene_jepa,molformer,lightgbm,drug_only,cell_emb,overall,MCC,0.0,0.0,3,,results/tahoe/bal15_drugs_drugonly/random__gene_jepa__molformer__lightgbm
random,gene_jepa,molformer,lightgbm,drug_only,cell_emb,overall,AUROC,0.7625783132530121,0.0,3,,results/tahoe/bal15_drugs_drugonly/random__gene_jepa__molformer__lightgbm
random,gene_jepa,molformer,mlp,drug_only,cell_emb,within_drug,MCC,0.0,0.0,3,10.0,results/tahoe/bal15_drugs_drugonly/random__gene_jepa__molformer__mlp
random,gene_jepa,molformer,mlp,drug_only,cell_emb,within_drug,AUROC,0.5028172680531954,0.004485352153099702,3,10.0,results/tahoe/bal15_drugs_drugonly/random__gene_jepa__molformer__mlp
random,gene_jepa,molformer,mlp,drug_only,cell_emb,within_cell_line,MCC,0.584105987961887,0.0,3,38.0,results/tahoe/bal15_drugs_drugonly/random__gene_jepa__molformer__mlp
random,gene_jepa,molformer,mlp,drug_only,cell_emb,within_cell_line,AUROC,0.8750585955629816,0.00039939369923041364,3,38.0,results/tahoe/bal15_drugs_drugonly/random__gene_jepa__molformer__mlp
random,gene_jepa,molformer,mlp,drug_only,cell_emb,overall,MCC,0.4509062541340126,0.0,3,,results/tahoe/bal15_drugs_drugonly/random__gene_jepa__molformer__mlp
random,gene_jepa,molformer,mlp,drug_only,cell_emb,overall,AUROC,0.7629196787148594,0.0003555143239911,3,,results/tahoe/bal15_drugs_drugonly/random__gene_jepa__molformer__mlp
random,gene_jepa,molformer,xrfm,drug_only,cell_emb,within_drug,MCC,0.0,0.0,3,10.0,results/tahoe/bal15_drugs_drugonly/random__gene_jepa__molformer__xrfm
random,gene_jepa,molformer,xrfm,drug_only,cell_emb,within_drug,AUROC,0.501730570758787,0.001730570758786946,3,10.0,results/tahoe/bal15_drugs_drugonly/random__gene_jepa__molformer__xrfm
random,gene_jepa,molformer,xrfm,drug_only,cell_emb,within_cell_line,MCC,0.584105987961887,0.0,3,38.0,results/tahoe/bal15_drugs_drugonly/random__gene_jepa__molformer__xrfm
random,gene_jepa,molformer,xrfm,drug_only,cell_emb,within_cell_line,AUROC,0.8756582428292954,0.0009977625585372398,3,38.0,results/tahoe/bal15_drugs_drugonly/random__gene_jepa__molformer__xrfm
random,gene_jepa,molformer,xrfm,drug_only,cell_emb,overall,MCC,0.4509062541340126,0.0,3,,results/tahoe/bal15_drugs_drugonly/random__gene_jepa__molformer__xrfm
random,gene_jepa,molformer,xrfm,drug_only,cell_emb,overall,AUROC,0.7627684069611781,0.0003684968446747,3,,results/tahoe/bal15_drugs_drugonly/random__gene_jepa__molformer__xrfm
random,gene_jepa,morgan,lightgbm,drug_only,cell_emb,within_drug,MCC,0.0,0.0,3,10.0,results/tahoe/bal15_drugs_drugonly/random__gene_jepa__morgan__lightgbm
random,gene_jepa,morgan,lightgbm,drug_only,cell_emb,within_drug,AUROC,0.5,0.0,3,10.0,results/tahoe/bal15_drugs_drugonly/random__gene_jepa__morgan__lightgbm
random,gene_jepa,morgan,lightgbm,drug_only,cell_emb,within_cell_line,MCC,0.0,0.0,3,38.0,results/tahoe/bal15_drugs_drugonly/random__gene_jepa__morgan__lightgbm
random,gene_jepa,morgan,lightgbm,drug_only,cell_emb,within_cell_line,AUROC,0.8745112781954888,0.0,3,38.0,results/tahoe/bal15_drugs_drugonly/random__gene_jepa__morgan__lightgbm
random,gene_jepa,morgan,lightgbm,drug_only,cell_emb,overall,MCC,0.0,0.0,3,,results/tahoe/bal15_drugs_drugonly/random__gene_jepa__morgan__lightgbm
random,gene_jepa,morgan,lightgbm,drug_only,cell_emb,overall,AUROC,0.7625783132530121,0.0,3,,results/tahoe/bal15_drugs_drugonly/random__gene_jepa__morgan__lightgbm
random,gene_jepa,morgan,mlp,drug_only,cell_emb,within_drug,MCC,0.0,0.0,3,10.0,results/tahoe/bal15_drugs_drugonly/random__gene_jepa__morgan__mlp
random,gene_jepa,morgan,mlp,drug_only,cell_emb,within_drug,AUROC,0.49882104844884895,0.003776597466805138,3,10.0,results/tahoe/bal15_drugs_drugonly/random__gene_jepa__morgan__mlp
random,gene_jepa,morgan,mlp,drug_only,cell_emb,within_cell_line,MCC,0.584105987961887,0.0,3,38.0,results/tahoe/bal15_drugs_drugonly/random__gene_jepa__morgan__mlp
random,gene_jepa,morgan,mlp,drug_only,cell_emb,within_cell_line,AUROC,0.8754908103592314,0.0005121120668266785,3,38.0,results/tahoe/bal15_drugs_drugonly/random__gene_jepa__morgan__mlp
random,gene_jepa,morgan,mlp,drug_only,cell_emb,overall,MCC,0.4509062541340126,0.0,3,,results/tahoe/bal15_drugs_drugonly/random__gene_jepa__morgan__mlp
random,gene_jepa,morgan,mlp,drug_only,cell_emb,overall,AUROC,0.7622677376171353,0.0007019360905508,3,,results/tahoe/bal15_drugs_drugonly/random__gene_jepa__morgan__mlp
random,gene_jepa,morgan,xrfm,drug_only,cell_emb,within_drug,MCC,0.0,0.0,3,10.0,results/tahoe/bal15_drugs_drugonly/random__gene_jepa__morgan__xrfm
random,gene_jepa,morgan,xrfm,drug_only,cell_emb,within_drug,AUROC,0.4974154472838404,0.0023439556818908303,3,10.0,results/tahoe/bal15_drugs_drugonly/random__gene_jepa__morgan__xrfm
random,gene_jepa,morgan,xrfm,drug_only,cell_emb,within_cell_line,MCC,0.584105987961887,0.0,3,38.0,results/tahoe/bal15_drugs_drugonly/random__gene_jepa__morgan__xrfm
random,gene_jepa,morgan,xrfm,drug_only,cell_emb,within_cell_line,AUROC,0.8749857668863518,0.0005613537920803586,3,38.0,results/tahoe/bal15_drugs_drugonly/random__gene_jepa__morgan__xrfm
random,gene_jepa,morgan,xrfm,drug_only,cell_emb,overall,MCC,0.4509062541340126,0.0,3,,results/tahoe/bal15_drugs_drugonly/random__gene_jepa__morgan__xrfm
random,gene_jepa,morgan,xrfm,drug_only,cell_emb,overall,AUROC,0.7611807228915662,0.0005046356932963,3,,results/tahoe/bal15_drugs_drugonly/random__gene_jepa__morgan__xrfm
