split,cell_emb,drug_emb,model,variant,inert_embedding,grouping,metric,value,se,n_seeds_or_folds,n_units,run_dir
loclo_loo,gene_jepa,biomed,lightgbm,full,none,within_drug,MCC,-0.03415870840822193,0.0043130378353945795,3,10.0,results/zenodo/grid/loclo_loo__gene_jepa__biomed__lightgbm
loclo_loo,gene_jepa,biomed,lightgbm,full,none,within_drug,AUROC,0.4885376040726041,0.003701367075609851,3,10.0,results/zenodo/grid/loclo_loo__gene_jepa__biomed__lightgbm
loclo_loo,gene_jepa,biomed,lightgbm,full,none,within_cell_line,MCC,0.04757029449200941,0.007582894150700975,3,12.0,results/zenodo/grid/loclo_loo__gene_jepa__biomed__lightgbm
loclo_loo,gene_jepa,biomed,lightgbm,full,none,within_cell_line,AUROC,0.5373058425383984,0.0013618157666645434,3,12.0,results/zenodo/grid/loclo_loo__gene_jepa__biomed__lightgbm
loclo_loo,gene_jepa,biomed,lightgbm,full,none,overall,MCC,0.0475702944920094,0.0245079251078889,12,,results/zenodo/grid/loclo_loo__gene_jepa__biomed__lightgbm
loclo_loo,gene_jepa,biomed,lightgbm,full,none,overall,AUROC,0.5373058425383984,0.0267450247041957,12,,results/zenodo/grid/loclo_loo__gene_jepa__biomed__lightgbm
loclo_loo,gene_jepa,biomed,mlp,full,none,within_drug,MCC,-0.03396815177866246,0.00692596002308884,3,10.0,results/zenodo/grid/loclo_loo__gene_jepa__biomed__mlp
loclo_loo,gene_jepa,biomed,mlp,full,none,within_drug,AUROC,0.4626734518507307,0.0012631602418259288,3,10.0,results/zenodo/grid/loclo_loo__gene_jepa__biomed__mlp
loclo_loo,gene_jepa,biomed,mlp,full,none,within_cell_line,MCC,0.0362532338147419,0.0005770778028582841,3,12.0,results/zenodo/grid/loclo_loo__gene_jepa__biomed__mlp
loclo_loo,gene_jepa,biomed,mlp,full,none,within_cell_line,AUROC,0.5153627976503669,0.002761985830975263,3,12.0,results/zenodo/grid/loclo_loo__gene_jepa__biomed__mlp
loclo_loo,gene_jepa,biomed,mlp,full,none,overall,MCC,0.0362532338147419,0.0192757926609403,12,,results/zenodo/grid/loclo_loo__gene_jepa__biomed__mlp
loclo_loo,gene_jepa,biomed,mlp,full,none,overall,AUROC,0.5153627976503669,0.0302591343767811,12,,results/zenodo/grid/loclo_loo__gene_jepa__biomed__mlp
loclo_loo,gene_jepa,biomed,xrfm,full,none,within_drug,MCC,-0.019145945668783523,0.011196358154515246,3,10.0,results/zenodo/grid/loclo_loo__gene_jepa__biomed__xrfm
loclo_loo,gene_jepa,biomed,xrfm,full,none,within_drug,AUROC,0.49856110577002094,0.008735716728485209,3,10.0,results/zenodo/grid/loclo_loo__gene_jepa__biomed__xrfm
loclo_loo,gene_jepa,biomed,xrfm,full,none,within_cell_line,MCC,0.07420139271428183,0.004840990715898724,3,12.0,results/zenodo/grid/loclo_loo__gene_jepa__biomed__xrfm
loclo_loo,gene_jepa,biomed,xrfm,full,none,within_cell_line,AUROC,0.5640797809920438,0.0009733644498305369,3,12.0,results/zenodo/grid/loclo_loo__gene_jepa__biomed__xrfm
loclo_loo,gene_jepa,biomed,xrfm,full,none,overall,MCC,0.0742013927142818,0.0296882392383286,12,,results/zenodo/grid/loclo_loo__gene_jepa__biomed__xrfm
loclo_loo,gene_jepa,biomed,xrfm,full,none,overall,AUROC,0.5640797809920438,0.032051565193035,12,,results/zenodo/grid/loclo_loo__gene_jepa__biomed__xrfm
loclo_loo,gene_jepa,chemberta,lightgbm,full,none,within_drug,MCC,-0.03168841951437452,0.0017544543960097228,3,10.0,results/zenodo/grid/loclo_loo__gene_jepa__chemberta__lightgbm
loclo_loo,gene_jepa,chemberta,lightgbm,full,none,within_drug,AUROC,0.4784203922971481,0.002178301545439022,3,10.0,results/zenodo/grid/loclo_loo__gene_jepa__chemberta__lightgbm
loclo_loo,gene_jepa,chemberta,lightgbm,full,none,within_cell_line,MCC,0.03731394010525347,0.002397618635375413,3,12.0,results/zenodo/grid/loclo_loo__gene_jepa__chemberta__lightgbm
loclo_loo,gene_jepa,chemberta,lightgbm,full,none,within_cell_line,AUROC,0.5214956865547977,0.00041394417410901114,3,12.0,results/zenodo/grid/loclo_loo__gene_jepa__chemberta__lightgbm
loclo_loo,gene_jepa,chemberta,lightgbm,full,none,overall,MCC,0.0373139401052534,0.029914509769058,12,,results/zenodo/grid/loclo_loo__gene_jepa__chemberta__lightgbm
loclo_loo,gene_jepa,chemberta,lightgbm,full,none,overall,AUROC,0.5214956865547977,0.0282156463586199,12,,results/zenodo/grid/loclo_loo__gene_jepa__chemberta__lightgbm
loclo_loo,gene_jepa,chemberta,mlp,full,none,within_drug,MCC,-0.037794569093382795,0.007903742854499393,3,10.0,results/zenodo/grid/loclo_loo__gene_jepa__chemberta__mlp
loclo_loo,gene_jepa,chemberta,mlp,full,none,within_drug,AUROC,0.47368655121711756,0.0009513389652389702,3,10.0,results/zenodo/grid/loclo_loo__gene_jepa__chemberta__mlp
loclo_loo,gene_jepa,chemberta,mlp,full,none,within_cell_line,MCC,0.022416058041975728,0.008312684913663005,3,12.0,results/zenodo/grid/loclo_loo__gene_jepa__chemberta__mlp
loclo_loo,gene_jepa,chemberta,mlp,full,none,within_cell_line,AUROC,0.5176205414139087,0.0014720185621683486,3,12.0,results/zenodo/grid/loclo_loo__gene_jepa__chemberta__mlp
loclo_loo,gene_jepa,chemberta,mlp,full,none,overall,MCC,0.0224160580419757,0.0164960952992079,12,,results/zenodo/grid/loclo_loo__gene_jepa__chemberta__mlp
loclo_loo,gene_jepa,chemberta,mlp,full,none,overall,AUROC,0.5176205414139087,0.0200368588581736,12,,results/zenodo/grid/loclo_loo__gene_jepa__chemberta__mlp
loclo_loo,gene_jepa,chemberta,xrfm,full,none,within_drug,MCC,0.0036341634230886433,0.0033326282270871167,3,10.0,results/zenodo/grid/loclo_loo__gene_jepa__chemberta__xrfm
loclo_loo,gene_jepa,chemberta,xrfm,full,none,within_drug,AUROC,0.49789776523049123,0.0005301505847513175,3,10.0,results/zenodo/grid/loclo_loo__gene_jepa__chemberta__xrfm
loclo_loo,gene_jepa,chemberta,xrfm,full,none,within_cell_line,MCC,0.06434190664783565,0.0055233798547550984,3,12.0,results/zenodo/grid/loclo_loo__gene_jepa__chemberta__xrfm
loclo_loo,gene_jepa,chemberta,xrfm,full,none,within_cell_line,AUROC,0.5473428409884226,0.00503542524520818,3,12.0,results/zenodo/grid/loclo_loo__gene_jepa__chemberta__xrfm
loclo_loo,gene_jepa,chemberta,xrfm,full,none,overall,MCC,0.0643419066478356,0.0302698366769427,12,,results/zenodo/grid/loclo_loo__gene_jepa__chemberta__xrfm
loclo_loo,gene_jepa,chemberta,xrfm,full,none,overall,AUROC,0.5473428409884228,0.0318311866766857,12,,results/zenodo/grid/loclo_loo__gene_jepa__chemberta__xrfm
loclo_loo,gene_jepa,maccs,lightgbm,full,none,within_drug,MCC,-0.043506135207552345,0.0070517320573372155,3,10.0,results/zenodo/grid/loclo_loo__gene_jepa__maccs__lightgbm
loclo_loo,gene_jepa,maccs,lightgbm,full,none,within_drug,AUROC,0.4797195497775368,0.002043137762902378,3,10.0,results/zenodo/grid/loclo_loo__gene_jepa__maccs__lightgbm
loclo_loo,gene_jepa,maccs,lightgbm,full,none,within_cell_line,MCC,0.03996921296109985,0.004010749983380281,3,12.0,results/zenodo/grid/loclo_loo__gene_jepa__maccs__lightgbm
loclo_loo,gene_jepa,maccs,lightgbm,full,none,within_cell_line,AUROC,0.5195894645934279,0.002757079430435996,3,12.0,results/zenodo/grid/loclo_loo__gene_jepa__maccs__lightgbm
loclo_loo,gene_jepa,maccs,lightgbm,full,none,overall,MCC,0.0399692129610998,0.0266532565406726,12,,results/zenodo/grid/loclo_loo__gene_jepa__maccs__lightgbm
loclo_loo,gene_jepa,maccs,lightgbm,full,none,overall,AUROC,0.5195894645934279,0.0279431101189327,12,,results/zenodo/grid/loclo_loo__gene_jepa__maccs__lightgbm
loclo_loo,gene_jepa,maccs,mlp,full,none,within_drug,MCC,-0.05256224196435986,0.007178414171033878,3,10.0,results/zenodo/grid/loclo_loo__gene_jepa__maccs__mlp
loclo_loo,gene_jepa,maccs,mlp,full,none,within_drug,AUROC,0.48407896475486156,0.00569605236854972,3,10.0,results/zenodo/grid/loclo_loo__gene_jepa__maccs__mlp
loclo_loo,gene_jepa,maccs,mlp,full,none,within_cell_line,MCC,0.01905335978647909,0.01017583632073695,3,12.0,results/zenodo/grid/loclo_loo__gene_jepa__maccs__mlp
loclo_loo,gene_jepa,maccs,mlp,full,none,within_cell_line,AUROC,0.5219681172939229,0.0049102519377590016,3,12.0,results/zenodo/grid/loclo_loo__gene_jepa__maccs__mlp
loclo_loo,gene_jepa,maccs,mlp,full,none,overall,MCC,0.0190533597864791,0.0212701184395648,12,,results/zenodo/grid/loclo_loo__gene_jepa__maccs__mlp
loclo_loo,gene_jepa,maccs,mlp,full,none,overall,AUROC,0.5219681172939229,0.0205590518496471,12,,results/zenodo/grid/loclo_loo__gene_jepa__maccs__mlp
loclo_loo,gene_jepa,maccs,xrfm,full,none,within_drug,MCC,-0.022969536936396473,0.0018742794378185385,3,10.0,results/zenodo/grid/loclo_loo__gene_jepa__maccs__xrfm
loclo_loo,gene_jepa,maccs,xrfm,full,none,within_drug,AUROC,0.4746613950350738,0.0025077039717326926,3,10.0,results/zenodo/grid/loclo_loo__gene_jepa__maccs__xrfm
loclo_loo,gene_jepa,maccs,xrfm,full,none,within_cell_line,MCC,0.07393624974192196,0.006269544877059549,3,12.0,results/zenodo/grid/loclo_loo__gene_jepa__maccs__xrfm
loclo_loo,gene_jepa,maccs,xrfm,full,none,within_cell_line,AUROC,0.5423321338314625,0.00436109247505824,3,12.0,results/zenodo/grid/loclo_loo__gene_jepa__maccs__xrfm
loclo_loo,gene_jepa,maccs,xrfm,full,none,overall,MCC,0.0739362497419219,0.0352781589223905,12,,results/zenodo/grid/loclo_loo__gene_jepa__maccs__xrfm
loclo_loo,gene_jepa,maccs,xrfm,full,none,overall,AUROC,0.5423321338314625,0.0329787934959387,12,,results/zenodo/grid/loclo_loo__gene_jepa__maccs__xrfm
loclo_loo,gene_jepa,materials,lightgbm,full,none,within_drug,MCC,-0.028183313962437895,0.005228790094032341,3,10.0,results/zenodo/grid/loclo_loo__gene_jepa__materials__lightgbm
loclo_loo,gene_jepa,materials,lightgbm,full,none,within_drug,AUROC,0.4814723353381714,0.001994353360311559,3,10.0,results/zenodo/grid/loclo_loo__gene_jepa__materials__lightgbm
loclo_loo,gene_jepa,materials,lightgbm,full,none,within_cell_line,MCC,0.039277163627552396,0.0030393771532287784,3,12.0,results/zenodo/grid/loclo_loo__gene_jepa__materials__lightgbm
loclo_loo,gene_jepa,materials,lightgbm,full,none,within_cell_line,AUROC,0.5175712047678968,0.00045377104108291344,3,12.0,results/zenodo/grid/loclo_loo__gene_jepa__materials__lightgbm
loclo_loo,gene_jepa,materials,lightgbm,full,none,overall,MCC,0.0392771636275524,0.0279577498238515,12,,results/zenodo/grid/loclo_loo__gene_jepa__materials__lightgbm
loclo_loo,gene_jepa,materials,lightgbm,full,none,overall,AUROC,0.5175712047678968,0.0275043341105519,12,,results/zenodo/grid/loclo_loo__gene_jepa__materials__lightgbm
loclo_loo,gene_jepa,materials,mlp,full,none,within_drug,MCC,-0.0624340097264266,0.004809940264467205,3,10.0,results/zenodo/grid/loclo_loo__gene_jepa__materials__mlp
loclo_loo,gene_jepa,materials,mlp,full,none,within_drug,AUROC,0.45938049880858195,0.0037502176612710454,3,10.0,results/zenodo/grid/loclo_loo__gene_jepa__materials__mlp
loclo_loo,gene_jepa,materials,mlp,full,none,within_cell_line,MCC,0.006056036549301172,0.0033082234087071813,3,12.0,results/zenodo/grid/loclo_loo__gene_jepa__materials__mlp
loclo_loo,gene_jepa,materials,mlp,full,none,within_cell_line,AUROC,0.495010967603797,0.005378248659397181,3,12.0,results/zenodo/grid/loclo_loo__gene_jepa__materials__mlp
loclo_loo,gene_jepa,materials,mlp,full,none,overall,MCC,0.0060560365493011,0.0210934343985399,12,,results/zenodo/grid/loclo_loo__gene_jepa__materials__mlp
loclo_loo,gene_jepa,materials,mlp,full,none,overall,AUROC,0.4950109676037968,0.0210875968154384,12,,results/zenodo/grid/loclo_loo__gene_jepa__materials__mlp
loclo_loo,gene_jepa,materials,xrfm,full,none,within_drug,MCC,-0.041333866056645914,0.011865091948565389,3,10.0,results/zenodo/grid/loclo_loo__gene_jepa__materials__xrfm
loclo_loo,gene_jepa,materials,xrfm,full,none,within_drug,AUROC,0.474262126649158,0.011749992762894545,3,10.0,results/zenodo/grid/loclo_loo__gene_jepa__materials__xrfm
loclo_loo,gene_jepa,materials,xrfm,full,none,within_cell_line,MCC,0.04224334600335452,0.008625607286082313,3,12.0,results/zenodo/grid/loclo_loo__gene_jepa__materials__xrfm
loclo_loo,gene_jepa,materials,xrfm,full,none,within_cell_line,AUROC,0.5351087283204919,0.00786270807400209,3,12.0,results/zenodo/grid/loclo_loo__gene_jepa__materials__xrfm
loclo_loo,gene_jepa,materials,xrfm,full,none,overall,MCC,0.0422433460033545,0.0321939949687829,12,,results/zenodo/grid/loclo_loo__gene_jepa__materials__xrfm
loclo_loo,gene_jepa,materials,xrfm,full,none,overall,AUROC,0.535108728320492,0.0307788866995945,12,,results/zenodo/grid/loclo_loo__gene_jepa__materials__xrfm
loclo_loo,gene_jepa,molformer,lightgbm,full,none,within_drug,MCC,-0.03658872208348184,0.005448968496696308,3,10.0,results/zenodo/grid/loclo_loo__gene_jepa__molformer__lightgbm
loclo_loo,gene_jepa,molformer,lightgbm,full,none,within_drug,AUROC,0.4798978507367944,0.003741698287766762,3,10.0,results/zenodo/grid/loclo_loo__gene_jepa__molformer__lightgbm
loclo_loo,gene_jepa,molformer,lightgbm,full,none,within_cell_line,MCC,0.03428572100341159,0.00662278225522666,3,12.0,results/zenodo/grid/loclo_loo__gene_jepa__molformer__lightgbm
loclo_loo,gene_jepa,molformer,lightgbm,full,none,within_cell_line,AUROC,0.5224769374701861,0.003600407970971891,3,12.0,results/zenodo/grid/loclo_loo__gene_jepa__molformer__lightgbm
loclo_loo,gene_jepa,molformer,lightgbm,full,none,overall,MCC,0.0342857210034116,0.0244371675205987,12,,results/zenodo/grid/loclo_loo__gene_jepa__molformer__lightgbm
loclo_loo,gene_jepa,molformer,lightgbm,full,none,overall,AUROC,0.5224769374701861,0.0277146362495399,12,,results/zenodo/grid/loclo_loo__gene_jepa__molformer__lightgbm
loclo_loo,gene_jepa,molformer,mlp,full,none,within_drug,MCC,-0.04565111753469355,0.006317876698553212,3,10.0,results/zenodo/grid/loclo_loo__gene_jepa__molformer__mlp
loclo_loo,gene_jepa,molformer,mlp,full,none,within_drug,AUROC,0.47795416086609016,0.0026324465670255434,3,10.0,results/zenodo/grid/loclo_loo__gene_jepa__molformer__mlp
loclo_loo,gene_jepa,molformer,mlp,full,none,within_cell_line,MCC,0.016195840487229714,0.006657677497031057,3,12.0,results/zenodo/grid/loclo_loo__gene_jepa__molformer__mlp
loclo_loo,gene_jepa,molformer,mlp,full,none,within_cell_line,AUROC,0.5200550315731491,0.0020391855719883124,3,12.0,results/zenodo/grid/loclo_loo__gene_jepa__molformer__mlp
loclo_loo,gene_jepa,molformer,mlp,full,none,overall,MCC,0.0161958404872297,0.0202462506926135,12,,results/zenodo/grid/loclo_loo__gene_jepa__molformer__mlp
loclo_loo,gene_jepa,molformer,mlp,full,none,overall,AUROC,0.520055031573149,0.0202790894580268,12,,results/zenodo/grid/loclo_loo__gene_jepa__molformer__mlp
loclo_loo,gene_jepa,molformer,xrfm,full,none,within_drug,MCC,-0.0004224235663795913,0.007580944762505943,3,10.0,results/zenodo/grid/loclo_loo__gene_jepa__molformer__xrfm
loclo_loo,gene_jepa,molformer,xrfm,full,none,within_drug,AUROC,0.4949264028487282,0.0048901378695302405,3,10.0,results/zenodo/grid/loclo_loo__gene_jepa__molformer__xrfm
loclo_loo,gene_jepa,molformer,xrfm,full,none,within_cell_line,MCC,0.0635833559474497,0.006599163063176486,3,12.0,results/zenodo/grid/loclo_loo__gene_jepa__molformer__xrfm
loclo_loo,gene_jepa,molformer,xrfm,full,none,within_cell_line,AUROC,0.5532302684560427,0.004843596921073975,3,12.0,results/zenodo/grid/loclo_loo__gene_jepa__molformer__xrfm
loclo_loo,gene_jepa,molformer,xrfm,full,none,overall,MCC,0.0635833559474497,0.0375619416605685,12,,results/zenodo/grid/loclo_loo__gene_jepa__molformer__xrfm
loclo_loo,gene_jepa,molformer,xrfm,full,none,overall,AUROC,0.5532302684560426,0.0338031743951421,12,,results/zenodo/grid/loclo_loo__gene_jepa__molformer__xrfm
loclo_loo,gene_jepa,morgan,lightgbm,full,none,within_drug,MCC,-0.034011090503689986,0.005613939932308225,3,10.0,results/zenodo/grid/loclo_loo__gene_jepa__morgan__lightgbm
loclo_loo,gene_jepa,morgan,lightgbm,full,none,within_drug,AUROC,0.4728391389826061,0.0021260798026204123,3,10.0,results/zenodo/grid/loclo_loo__gene_jepa__morgan__lightgbm
loclo_loo,gene_jepa,morgan,lightgbm,full,none,within_cell_line,MCC,0.033202741766777406,0.002978646740708456,3,12.0,results/zenodo/grid/loclo_loo__gene_jepa__morgan__lightgbm
loclo_loo,gene_jepa,morgan,lightgbm,full,none,within_cell_line,AUROC,0.5126913848966463,0.001800656722614955,3,12.0,results/zenodo/grid/loclo_loo__gene_jepa__morgan__lightgbm
loclo_loo,gene_jepa,morgan,lightgbm,full,none,overall,MCC,0.0332027417667774,0.0291086002771749,12,,results/zenodo/grid/loclo_loo__gene_jepa__morgan__lightgbm
loclo_loo,gene_jepa,morgan,lightgbm,full,none,overall,AUROC,0.5126913848966463,0.0276513454227077,12,,results/zenodo/grid/loclo_loo__gene_jepa__morgan__lightgbm
loclo_loo,gene_jepa,morgan,mlp,full,none,within_drug,MCC,-0.020226220863962394,0.005154880044313541,3,10.0,results/zenodo/grid/loclo_loo__gene_jepa__morgan__mlp
loclo_loo,gene_jepa,morgan,mlp,full,none,within_drug,AUROC,0.48309942155913577,0.001428699515393944,3,10.0,results/zenodo/grid/loclo_loo__gene_jepa__morgan__mlp
loclo_loo,gene_jepa,morgan,mlp,full,none,within_cell_line,MCC,0.04381598697187083,0.005099990545538568,3,12.0,results/zenodo/grid/loclo_loo__gene_jepa__morgan__mlp
loclo_loo,gene_jepa,morgan,mlp,full,none,within_cell_line,AUROC,0.5301969852638614,0.006046171461868848,3,12.0,results/zenodo/grid/loclo_loo__gene_jepa__morgan__mlp
loclo_loo,gene_jepa,morgan,mlp,full,none,overall,MCC,0.0438159869718708,0.0201401793711925,12,,results/zenodo/grid/loclo_loo__gene_jepa__morgan__mlp
loclo_loo,gene_jepa,morgan,mlp,full,none,overall,AUROC,0.5301969852638614,0.0219763171798048,12,,results/zenodo/grid/loclo_loo__gene_jepa__morgan__mlp
loclo_loo,gene_jepa,morgan,xrfm,full,none,within_drug,MCC,0.011023262283192928,0.011073449580408018,3,10.0,results/zenodo/grid/loclo_loo__gene_jepa__morgan__xrfm
loclo_loo,gene_jepa,morgan,xrfm,full,none,within_drug,AUROC,0.5135241133919696,0.005912965595061775,3,10.0,results/zenodo/grid/loclo_loo__gene_jepa__morgan__xrfm
loclo_loo,gene_jepa,morgan,xrfm,full,none,within_cell_line,MCC,0.08925813500004826,0.0035788572146431925,3,12.0,results/zenodo/grid/loclo_loo__gene_jepa__morgan__xrfm
loclo_loo,gene_jepa,morgan,xrfm,full,none,within_cell_line,AUROC,0.5582131111374468,0.004834573154328676,3,12.0,results/zenodo/grid/loclo_loo__gene_jepa__morgan__xrfm
loclo_loo,gene_jepa,morgan,xrfm,full,none,overall,MCC,0.0892581350000483,0.0287406763683573,12,,results/zenodo/grid/loclo_loo__gene_jepa__morgan__xrfm
loclo_loo,gene_jepa,morgan,xrfm,full,none,overall,AUROC,0.5582131111374468,0.0267749648341154,12,,results/zenodo/grid/loclo_loo__gene_jepa__morgan__xrfm
loclo_loo,gformer_cancer,biomed,lightgbm,full,none,within_drug,MCC,0.03875537499062047,0.0066047568517942105,3,10.0,results/zenodo/grid/loclo_loo__gformer_cancer__biomed__lightgbm
loclo_loo,gformer_cancer,biomed,lightgbm,full,none,within_drug,AUROC,0.506257678676368,0.006483299146802178,3,10.0,results/zenodo/grid/loclo_loo__gformer_cancer__biomed__lightgbm
loclo_loo,gformer_cancer,biomed,lightgbm,full,none,within_cell_line,MCC,0.17709219234300141,0.0021222357186814404,3,12.0,results/zenodo/grid/loclo_loo__gformer_cancer__biomed__lightgbm
loclo_loo,gformer_cancer,biomed,lightgbm,full,none,within_cell_line,AUROC,0.6308535923485113,0.004237210328067716,3,12.0,results/zenodo/grid/loclo_loo__gformer_cancer__biomed__lightgbm
loclo_loo,gformer_cancer,biomed,lightgbm,full,none,overall,MCC,0.1770921923430014,0.0835082048586845,12,,results/zenodo/grid/loclo_loo__gformer_cancer__biomed__lightgbm
loclo_loo,gformer_cancer,biomed,lightgbm,full,none,overall,AUROC,0.6308535923485113,0.0589669883171997,12,,results/zenodo/grid/loclo_loo__gformer_cancer__biomed__lightgbm
loclo_loo,gformer_cancer,biomed,mlp,full,none,within_drug,MCC,-0.013960480202139839,0.02240842782632813,3,10.0,results/zenodo/grid/loclo_loo__gformer_cancer__biomed__mlp
loclo_loo,gformer_cancer,biomed,mlp,full,none,within_drug,AUROC,0.5025702773099432,0.0098877872454933,3,10.0,results/zenodo/grid/loclo_loo__gformer_cancer__biomed__mlp
loclo_loo,gformer_cancer,biomed,mlp,full,none,within_cell_line,MCC,0.1195865243294647,0.014253663440085504,3,12.0,results/zenodo/grid/loclo_loo__gformer_cancer__biomed__mlp
loclo_loo,gformer_cancer,biomed,mlp,full,none,within_cell_line,AUROC,0.5904726588393289,0.00879359505118413,3,12.0,results/zenodo/grid/loclo_loo__gformer_cancer__biomed__mlp
loclo_loo,gformer_cancer,biomed,mlp,full,none,overall,MCC,0.1195865243294647,0.0557059466997491,12,,results/zenodo/grid/loclo_loo__gformer_cancer__biomed__mlp
loclo_loo,gformer_cancer,biomed,mlp,full,none,overall,AUROC,0.5904726588393289,0.0611711009733329,12,,results/zenodo/grid/loclo_loo__gformer_cancer__biomed__mlp
loclo_loo,gformer_cancer,biomed,xrfm,full,none,within_drug,MCC,-0.030307882368643273,0.009101033362593243,3,10.0,results/zenodo/grid/loclo_loo__gformer_cancer__biomed__xrfm
loclo_loo,gformer_cancer,biomed,xrfm,full,none,within_drug,AUROC,0.5047256765922433,0.003780565562374392,3,10.0,results/zenodo/grid/loclo_loo__gformer_cancer__biomed__xrfm
loclo_loo,gformer_cancer,biomed,xrfm,full,none,within_cell_line,MCC,0.16902928879994597,0.0038117397032209938,3,12.0,results/zenodo/grid/loclo_loo__gformer_cancer__biomed__xrfm
loclo_loo,gformer_cancer,biomed,xrfm,full,none,within_cell_line,AUROC,0.6481560825556105,0.0026042127256391007,3,12.0,results/zenodo/grid/loclo_loo__gformer_cancer__biomed__xrfm
loclo_loo,gformer_cancer,biomed,xrfm,full,none,overall,MCC,0.169029288799946,0.0717390464127686,12,,results/zenodo/grid/loclo_loo__gformer_cancer__biomed__xrfm
loclo_loo,gformer_cancer,biomed,xrfm,full,none,overall,AUROC,0.6481560825556105,0.0727615548529975,12,,results/zenodo/grid/loclo_loo__gformer_cancer__biomed__xrfm
loclo_loo,gformer_cancer,chemberta,lightgbm,full,none,within_drug,MCC,0.03180304066230114,0.004787160875309935,3,10.0,results/zenodo/grid/loclo_loo__gformer_cancer__chemberta__lightgbm
loclo_loo,gformer_cancer,chemberta,lightgbm,full,none,within_drug,AUROC,0.5103989047217993,0.00608376309905364,3,10.0,results/zenodo/grid/loclo_loo__gformer_cancer__chemberta__lightgbm
loclo_loo,gformer_cancer,chemberta,lightgbm,full,none,within_cell_line,MCC,0.1697307949711314,0.00857874127224319,3,12.0,results/zenodo/grid/loclo_loo__gformer_cancer__chemberta__lightgbm
loclo_loo,gformer_cancer,chemberta,lightgbm,full,none,within_cell_line,AUROC,0.6316705371934689,0.006787710439222686,3,12.0,results/zenodo/grid/loclo_loo__gformer_cancer__chemberta__lightgbm
loclo_loo,gformer_cancer,chemberta,lightgbm,full,none,overall,MCC,0.1697307949711314,0.0866464035680543,12,,results/zenodo/grid/loclo_loo__gformer_cancer__chemberta__lightgbm
loclo_loo,gformer_cancer,chemberta,lightgbm,full,none,overall,AUROC,0.6316705371934689,0.0601766475648098,12,,results/zenodo/grid/loclo_loo__gformer_cancer__chemberta__lightgbm
loclo_loo,gformer_cancer,chemberta,mlp,full,none,within_drug,MCC,0.03993544672477734,0.014907651267164604,3,10.0,results/zenodo/grid/loclo_loo__gformer_cancer__chemberta__mlp
loclo_loo,gformer_cancer,chemberta,mlp,full,none,within_drug,AUROC,0.5073621700708718,0.004651185405676168,3,10.0,results/zenodo/grid/loclo_loo__gformer_cancer__chemberta__mlp
loclo_loo,gformer_cancer,chemberta,mlp,full,none,within_cell_line,MCC,0.12129178448555634,0.01789958660402217,3,12.0,results/zenodo/grid/loclo_loo__gformer_cancer__chemberta__mlp
loclo_loo,gformer_cancer,chemberta,mlp,full,none,within_cell_line,AUROC,0.5724987714984421,0.0101846553343228,3,12.0,results/zenodo/grid/loclo_loo__gformer_cancer__chemberta__mlp
loclo_loo,gformer_cancer,chemberta,mlp,full,none,overall,MCC,0.1212917844855563,0.0682149113741514,12,,results/zenodo/grid/loclo_loo__gformer_cancer__chemberta__mlp
loclo_loo,gformer_cancer,chemberta,mlp,full,none,overall,AUROC,0.5724987714984421,0.0570178836484394,12,,results/zenodo/grid/loclo_loo__gformer_cancer__chemberta__mlp
loclo_loo,gformer_cancer,chemberta,xrfm,full,none,within_drug,MCC,-0.012132851739824492,0.013035202961956852,3,10.0,results/zenodo/grid/loclo_loo__gformer_cancer__chemberta__xrfm
loclo_loo,gformer_cancer,chemberta,xrfm,full,none,within_drug,AUROC,0.5001265813857761,0.010228655373771552,3,10.0,results/zenodo/grid/loclo_loo__gformer_cancer__chemberta__xrfm
loclo_loo,gformer_cancer,chemberta,xrfm,full,none,within_cell_line,MCC,0.1364613576430135,0.015539295899837598,3,12.0,results/zenodo/grid/loclo_loo__gformer_cancer__chemberta__xrfm
loclo_loo,gformer_cancer,chemberta,xrfm,full,none,within_cell_line,AUROC,0.6193472326129936,0.0056699308973830785,3,12.0,results/zenodo/grid/loclo_loo__gformer_cancer__chemberta__xrfm
loclo_loo,gformer_cancer,chemberta,xrfm,full,none,overall,MCC,0.1364613576430135,0.0932271502939496,12,,results/zenodo/grid/loclo_loo__gformer_cancer__chemberta__xrfm
loclo_loo,gformer_cancer,chemberta,xrfm,full,none,overall,AUROC,0.6193472326129936,0.074965593384783,12,,results/zenodo/grid/loclo_loo__gformer_cancer__chemberta__xrfm
loclo_loo,gformer_cancer,maccs,lightgbm,full,none,within_drug,MCC,0.034600484530203424,0.012128540738490056,3,10.0,results/zenodo/grid/loclo_loo__gformer_cancer__maccs__lightgbm
loclo_loo,gformer_cancer,maccs,lightgbm,full,none,within_drug,AUROC,0.5025409365819913,0.009455200785527371,3,10.0,results/zenodo/grid/loclo_loo__gformer_cancer__maccs__lightgbm
loclo_loo,gformer_cancer,maccs,lightgbm,full,none,within_cell_line,MCC,0.17891716300219282,0.007238162461073522,3,12.0,results/zenodo/grid/loclo_loo__gformer_cancer__maccs__lightgbm
loclo_loo,gformer_cancer,maccs,lightgbm,full,none,within_cell_line,AUROC,0.6279827763474469,0.005920534904075494,3,12.0,results/zenodo/grid/loclo_loo__gformer_cancer__maccs__lightgbm
loclo_loo,gformer_cancer,maccs,lightgbm,full,none,overall,MCC,0.1789171630021928,0.0886787358570303,12,,results/zenodo/grid/loclo_loo__gformer_cancer__maccs__lightgbm
loclo_loo,gformer_cancer,maccs,lightgbm,full,none,overall,AUROC,0.6279827763474469,0.0608367051423944,12,,results/zenodo/grid/loclo_loo__gformer_cancer__maccs__lightgbm
loclo_loo,gformer_cancer,maccs,mlp,full,none,within_drug,MCC,-0.035016036673838936,0.035088428785115144,3,10.0,results/zenodo/grid/loclo_loo__gformer_cancer__maccs__mlp
loclo_loo,gformer_cancer,maccs,mlp,full,none,within_drug,AUROC,0.4882866700262103,0.00642269342882408,3,10.0,results/zenodo/grid/loclo_loo__gformer_cancer__maccs__mlp
loclo_loo,gformer_cancer,maccs,mlp,full,none,within_cell_line,MCC,0.12163929487949131,0.02102345225893898,3,12.0,results/zenodo/grid/loclo_loo__gformer_cancer__maccs__mlp
loclo_loo,gformer_cancer,maccs,mlp,full,none,within_cell_line,AUROC,0.5719354963120994,0.006411232840276551,3,12.0,results/zenodo/grid/loclo_loo__gformer_cancer__maccs__mlp
loclo_loo,gformer_cancer,maccs,mlp,full,none,overall,MCC,0.1216392948794912,0.0607609960877889,12,,results/zenodo/grid/loclo_loo__gformer_cancer__maccs__mlp
loclo_loo,gformer_cancer,maccs,mlp,full,none,overall,AUROC,0.5719354963120994,0.0561451444928069,12,,results/zenodo/grid/loclo_loo__gformer_cancer__maccs__mlp
loclo_loo,gformer_cancer,maccs,xrfm,full,none,within_drug,MCC,0.007648896105466023,0.012115387016058176,3,10.0,results/zenodo/grid/loclo_loo__gformer_cancer__maccs__xrfm
loclo_loo,gformer_cancer,maccs,xrfm,full,none,within_drug,AUROC,0.48607243023826424,0.012194712766742716,3,10.0,results/zenodo/grid/loclo_loo__gformer_cancer__maccs__xrfm
loclo_loo,gformer_cancer,maccs,xrfm,full,none,within_cell_line,MCC,0.15452103559741817,0.011193505566914121,3,12.0,results/zenodo/grid/loclo_loo__gformer_cancer__maccs__xrfm
loclo_loo,gformer_cancer,maccs,xrfm,full,none,within_cell_line,AUROC,0.6137739387787593,0.008513262993950648,3,12.0,results/zenodo/grid/loclo_loo__gformer_cancer__maccs__xrfm
loclo_loo,gformer_cancer,maccs,xrfm,full,none,overall,MCC,0.1545210355974182,0.0840876909139886,12,,results/zenodo/grid/loclo_loo__gformer_cancer__maccs__xrfm
loclo_loo,gformer_cancer,maccs,xrfm,full,none,overall,AUROC,0.6137739387787592,0.0740139833764038,12,,results/zenodo/grid/loclo_loo__gformer_cancer__maccs__xrfm
loclo_loo,gformer_cancer,materials,lightgbm,full,none,within_drug,MCC,0.021745022110361157,0.008470547558397806,3,10.0,results/zenodo/grid/loclo_loo__gformer_cancer__materials__lightgbm
loclo_loo,gformer_cancer,materials,lightgbm,full,none,within_drug,AUROC,0.5013408920614872,0.007718371563602127,3,10.0,results/zenodo/grid/loclo_loo__gformer_cancer__materials__lightgbm
loclo_loo,gformer_cancer,materials,lightgbm,full,none,within_cell_line,MCC,0.15897656118749445,0.0016499553290366129,3,12.0,results/zenodo/grid/loclo_loo__gformer_cancer__materials__lightgbm
loclo_loo,gformer_cancer,materials,lightgbm,full,none,within_cell_line,AUROC,0.6247829468414096,0.004295086023930906,3,12.0,results/zenodo/grid/loclo_loo__gformer_cancer__materials__lightgbm
loclo_loo,gformer_cancer,materials,lightgbm,full,none,overall,MCC,0.1589765611874944,0.0837697469117661,12,,results/zenodo/grid/loclo_loo__gformer_cancer__materials__lightgbm
loclo_loo,gformer_cancer,materials,lightgbm,full,none,overall,AUROC,0.6247829468414096,0.0603133504479587,12,,results/zenodo/grid/loclo_loo__gformer_cancer__materials__lightgbm
loclo_loo,gformer_cancer,materials,mlp,full,none,within_drug,MCC,-0.00022571554469103783,0.012728344907136056,3,10.0,results/zenodo/grid/loclo_loo__gformer_cancer__materials__mlp
loclo_loo,gformer_cancer,materials,mlp,full,none,within_drug,AUROC,0.49261060081526215,0.0018923915193239573,3,10.0,results/zenodo/grid/loclo_loo__gformer_cancer__materials__mlp
loclo_loo,gformer_cancer,materials,mlp,full,none,within_cell_line,MCC,0.13534098864583444,0.0046069440376998415,3,12.0,results/zenodo/grid/loclo_loo__gformer_cancer__materials__mlp
loclo_loo,gformer_cancer,materials,mlp,full,none,within_cell_line,AUROC,0.5855820454253626,0.0035639516592357026,3,12.0,results/zenodo/grid/loclo_loo__gformer_cancer__materials__mlp
loclo_loo,gformer_cancer,materials,mlp,full,none,overall,MCC,0.1353409886458344,0.0737632130900705,12,,results/zenodo/grid/loclo_loo__gformer_cancer__materials__mlp
loclo_loo,gformer_cancer,materials,mlp,full,none,overall,AUROC,0.5855820454253625,0.0591122230566475,12,,results/zenodo/grid/loclo_loo__gformer_cancer__materials__mlp
loclo_loo,gformer_cancer,materials,xrfm,full,none,within_drug,MCC,-0.018802725034514273,0.009388600640187894,3,10.0,results/zenodo/grid/loclo_loo__gformer_cancer__materials__xrfm
loclo_loo,gformer_cancer,materials,xrfm,full,none,within_drug,AUROC,0.5016071065579922,0.0064572541989792835,3,10.0,results/zenodo/grid/loclo_loo__gformer_cancer__materials__xrfm
loclo_loo,gformer_cancer,materials,xrfm,full,none,within_cell_line,MCC,0.12041202750759787,0.0105565624016348,3,12.0,results/zenodo/grid/loclo_loo__gformer_cancer__materials__xrfm
loclo_loo,gformer_cancer,materials,xrfm,full,none,within_cell_line,AUROC,0.6190064472941605,0.012806707202988895,3,12.0,results/zenodo/grid/loclo_loo__gformer_cancer__materials__xrfm
loclo_loo,gformer_cancer,materials,xrfm,full,none,overall,MCC,0.1204120275075978,0.0915895425527788,12,,results/zenodo/grid/loclo_loo__gformer_cancer__materials__xrfm
loclo_loo,gformer_cancer,materials,xrfm,full,none,overall,AUROC,0.6190064472941607,0.0765248655297169,12,,results/zenodo/grid/loclo_loo__gformer_cancer__materials__xrfm
loclo_loo,gformer_cancer,molformer,lightgbm,full,none,within_drug,MCC,0.028909201009969566,0.011145697788885507,3,10.0,results/zenodo/grid/loclo_loo__gformer_cancer__molformer__lightgbm
loclo_loo,gformer_cancer,molformer,lightgbm,full,none,within_drug,AUROC,0.5022449535857428,0.008229494989220975,3,10.0,results/zenodo/grid/loclo_loo__gformer_cancer__molformer__lightgbm
loclo_loo,gformer_cancer,molformer,lightgbm,full,none,within_cell_line,MCC,0.16073115940476834,0.006104513082887817,3,12.0,results/zenodo/grid/loclo_loo__gformer_cancer__molformer__lightgbm
loclo_loo,gformer_cancer,molformer,lightgbm,full,none,within_cell_line,AUROC,0.6228804806582023,0.0061341951585069734,3,12.0,results/zenodo/grid/loclo_loo__gformer_cancer__molformer__lightgbm
loclo_loo,gformer_cancer,molformer,lightgbm,full,none,overall,MCC,0.1607311594047684,0.0849408489543952,12,,results/zenodo/grid/loclo_loo__gformer_cancer__molformer__lightgbm
loclo_loo,gformer_cancer,molformer,lightgbm,full,none,overall,AUROC,0.6228804806582023,0.0599385799911868,12,,results/zenodo/grid/loclo_loo__gformer_cancer__molformer__lightgbm
loclo_loo,gformer_cancer,molformer,mlp,full,none,within_drug,MCC,0.009805711075440775,0.0024705511169469617,3,10.0,results/zenodo/grid/loclo_loo__gformer_cancer__molformer__mlp
loclo_loo,gformer_cancer,molformer,mlp,full,none,within_drug,AUROC,0.5067313609389404,0.006609461877128505,3,10.0,results/zenodo/grid/loclo_loo__gformer_cancer__molformer__mlp
loclo_loo,gformer_cancer,molformer,mlp,full,none,within_cell_line,MCC,0.0869649793210862,0.0075105617174231485,3,12.0,results/zenodo/grid/loclo_loo__gformer_cancer__molformer__mlp
loclo_loo,gformer_cancer,molformer,mlp,full,none,within_cell_line,AUROC,0.5658205551601928,0.0025755944007989674,3,12.0,results/zenodo/grid/loclo_loo__gformer_cancer__molformer__mlp
loclo_loo,gformer_cancer,molformer,mlp,full,none,overall,MCC,0.0869649793210861,0.0618739504967435,12,,results/zenodo/grid/loclo_loo__gformer_cancer__molformer__mlp
loclo_loo,gformer_cancer,molformer,mlp,full,none,overall,AUROC,0.5658205551601928,0.0534056576821737,12,,results/zenodo/grid/loclo_loo__gformer_cancer__molformer__mlp
loclo_loo,gformer_cancer,molformer,xrfm,full,none,within_drug,MCC,-0.015257565432140748,0.003337168997103385,3,10.0,results/zenodo/grid/loclo_loo__gformer_cancer__molformer__xrfm
loclo_loo,gformer_cancer,molformer,xrfm,full,none,within_drug,AUROC,0.499980420466032,0.012502803103163467,3,10.0,results/zenodo/grid/loclo_loo__gformer_cancer__molformer__xrfm
loclo_loo,gformer_cancer,molformer,xrfm,full,none,within_cell_line,MCC,0.12581074954568047,0.017447095043447505,3,12.0,results/zenodo/grid/loclo_loo__gformer_cancer__molformer__xrfm
loclo_loo,gformer_cancer,molformer,xrfm,full,none,within_cell_line,AUROC,0.6249798846027863,0.011964147975095317,3,12.0,results/zenodo/grid/loclo_loo__gformer_cancer__molformer__xrfm
loclo_loo,gformer_cancer,molformer,xrfm,full,none,overall,MCC,0.1258107495456805,0.0943239537024983,12,,results/zenodo/grid/loclo_loo__gformer_cancer__molformer__xrfm
loclo_loo,gformer_cancer,molformer,xrfm,full,none,overall,AUROC,0.6249798846027863,0.0717706194647326,12,,results/zenodo/grid/loclo_loo__gformer_cancer__molformer__xrfm
loclo_loo,gformer_cancer,morgan,lightgbm,full,none,within_drug,MCC,0.04403887954156693,0.007929786774079848,3,10.0,results/zenodo/grid/loclo_loo__gformer_cancer__morgan__lightgbm
loclo_loo,gformer_cancer,morgan,lightgbm,full,none,within_drug,AUROC,0.5076368766178624,0.005422787871718102,3,10.0,results/zenodo/grid/loclo_loo__gformer_cancer__morgan__lightgbm
loclo_loo,gformer_cancer,morgan,lightgbm,full,none,within_cell_line,MCC,0.17255815441620972,0.005951149766498052,3,12.0,results/zenodo/grid/loclo_loo__gformer_cancer__morgan__lightgbm
loclo_loo,gformer_cancer,morgan,lightgbm,full,none,within_cell_line,AUROC,0.6246988977833795,0.0038770077496409214,3,12.0,results/zenodo/grid/loclo_loo__gformer_cancer__morgan__lightgbm
loclo_loo,gformer_cancer,morgan,lightgbm,full,none,overall,MCC,0.1725581544162097,0.0880816308003834,12,,results/zenodo/grid/loclo_loo__gformer_cancer__morgan__lightgbm
loclo_loo,gformer_cancer,morgan,lightgbm,full,none,overall,AUROC,0.6246988977833795,0.0618744516649238,12,,results/zenodo/grid/loclo_loo__gformer_cancer__morgan__lightgbm
loclo_loo,gformer_cancer,morgan,mlp,full,none,within_drug,MCC,-0.026261904753349396,0.023212360894569628,3,10.0,results/zenodo/grid/loclo_loo__gformer_cancer__morgan__mlp
loclo_loo,gformer_cancer,morgan,mlp,full,none,within_drug,AUROC,0.477449787259889,0.004059701034526255,3,10.0,results/zenodo/grid/loclo_loo__gformer_cancer__morgan__mlp
loclo_loo,gformer_cancer,morgan,mlp,full,none,within_cell_line,MCC,0.04548522785453069,0.004074490791058109,3,12.0,results/zenodo/grid/loclo_loo__gformer_cancer__morgan__mlp
loclo_loo,gformer_cancer,morgan,mlp,full,none,within_cell_line,AUROC,0.531161880704401,0.0010535882486702825,3,12.0,results/zenodo/grid/loclo_loo__gformer_cancer__morgan__mlp
loclo_loo,gformer_cancer,morgan,mlp,full,none,overall,MCC,0.0454852278545306,0.045231356011095,12,,results/zenodo/grid/loclo_loo__gformer_cancer__morgan__mlp
loclo_loo,gformer_cancer,morgan,mlp,full,none,overall,AUROC,0.5311618807044008,0.0511775375127421,12,,results/zenodo/grid/loclo_loo__gformer_cancer__morgan__mlp
loclo_loo,gformer_cancer,morgan,xrfm,full,none,within_drug,MCC,-0.04574296871323787,0.014119375360935795,3,10.0,results/zenodo/grid/loclo_loo__gformer_cancer__morgan__xrfm
loclo_loo,gformer_cancer,morgan,xrfm,full,none,within_drug,AUROC,0.4753774515411635,0.00320946326265018,3,10.0,results/zenodo/grid/loclo_loo__gformer_cancer__morgan__xrfm
loclo_loo,gformer_cancer,morgan,xrfm,full,none,within_cell_line,MCC,0.10880801619277364,0.009793359086799585,3,12.0,results/zenodo/grid/loclo_loo__gformer_cancer__morgan__xrfm
loclo_loo,gformer_cancer,morgan,xrfm,full,none,within_cell_line,AUROC,0.6025260608781806,0.0033545819129467366,3,12.0,results/zenodo/grid/loclo_loo__gformer_cancer__morgan__xrfm
loclo_loo,gformer_cancer,morgan,xrfm,full,none,overall,MCC,0.1088080161927736,0.0733373458302362,12,,results/zenodo/grid/loclo_loo__gformer_cancer__morgan__xrfm
loclo_loo,gformer_cancer,morgan,xrfm,full,none,overall,AUROC,0.6025260608781805,0.0692733546202307,12,,results/zenodo/grid/loclo_loo__gformer_cancer__morgan__xrfm
loclo_loo,pca,biomed,lightgbm,full,none,within_drug,MCC,-0.08214720590923337,0.011215580579919794,3,10.0,results/zenodo/grid/loclo_loo__pca__biomed__lightgbm
loclo_loo,pca,biomed,lightgbm,full,none,within_drug,AUROC,0.44298761081003163,0.0038568536045315766,3,10.0,results/zenodo/grid/loclo_loo__pca__biomed__lightgbm
loclo_loo,pca,biomed,lightgbm,full,none,within_cell_line,MCC,0.13972678301214636,0.006867274713744549,3,12.0,results/zenodo/grid/loclo_loo__pca__biomed__lightgbm
loclo_loo,pca,biomed,lightgbm,full,none,within_cell_line,AUROC,0.6067475753150338,0.005038124369276597,3,12.0,results/zenodo/grid/loclo_loo__pca__biomed__lightgbm
loclo_loo,pca,biomed,lightgbm,full,none,overall,MCC,0.1397267830121463,0.0907411547548653,12,,results/zenodo/grid/loclo_loo__pca__biomed__lightgbm
loclo_loo,pca,biomed,lightgbm,full,none,overall,AUROC,0.6067475753150338,0.0712312592446624,12,,results/zenodo/grid/loclo_loo__pca__biomed__lightgbm
loclo_loo,pca,biomed,mlp,full,none,within_drug,MCC,-0.1310461523595709,0.012415101920265823,3,10.0,results/zenodo/grid/loclo_loo__pca__biomed__mlp
loclo_loo,pca,biomed,mlp,full,none,within_drug,AUROC,0.42605203668015745,0.00742652672873374,3,10.0,results/zenodo/grid/loclo_loo__pca__biomed__mlp
loclo_loo,pca,biomed,mlp,full,none,within_cell_line,MCC,0.0466823582030721,0.003473658604716539,3,12.0,results/zenodo/grid/loclo_loo__pca__biomed__mlp
loclo_loo,pca,biomed,mlp,full,none,within_cell_line,AUROC,0.5584758741227455,0.005059172800523218,3,12.0,results/zenodo/grid/loclo_loo__pca__biomed__mlp
loclo_loo,pca,biomed,mlp,full,none,overall,MCC,0.0466823582030721,0.0826367024333738,12,,results/zenodo/grid/loclo_loo__pca__biomed__mlp
loclo_loo,pca,biomed,mlp,full,none,overall,AUROC,0.5584758741227455,0.0731136097535201,12,,results/zenodo/grid/loclo_loo__pca__biomed__mlp
loclo_loo,pca,biomed,xrfm,full,none,within_drug,MCC,-0.08715277967756918,0.010712404666284472,3,10.0,results/zenodo/grid/loclo_loo__pca__biomed__xrfm
loclo_loo,pca,biomed,xrfm,full,none,within_drug,AUROC,0.452145269012821,0.01033562718524602,3,10.0,results/zenodo/grid/loclo_loo__pca__biomed__xrfm
loclo_loo,pca,biomed,xrfm,full,none,within_cell_line,MCC,0.06698276182554387,0.007140327804531347,3,12.0,results/zenodo/grid/loclo_loo__pca__biomed__xrfm
loclo_loo,pca,biomed,xrfm,full,none,within_cell_line,AUROC,0.548772467479855,0.009308112151333293,3,12.0,results/zenodo/grid/loclo_loo__pca__biomed__xrfm
loclo_loo,pca,biomed,xrfm,full,none,overall,MCC,0.0669827618255439,0.063121053231626,12,,results/zenodo/grid/loclo_loo__pca__biomed__xrfm
loclo_loo,pca,biomed,xrfm,full,none,overall,AUROC,0.5487724674798552,0.065931275002189,12,,results/zenodo/grid/loclo_loo__pca__biomed__xrfm
loclo_loo,pca,chemberta,lightgbm,full,none,within_drug,MCC,-0.07219000658056578,0.00171045846863834,3,10.0,results/zenodo/grid/loclo_loo__pca__chemberta__lightgbm
loclo_loo,pca,chemberta,lightgbm,full,none,within_drug,AUROC,0.44851725591933334,0.0023223447228916615,3,10.0,results/zenodo/grid/loclo_loo__pca__chemberta__lightgbm
loclo_loo,pca,chemberta,lightgbm,full,none,within_cell_line,MCC,0.13857094102385906,0.015012593490813384,3,12.0,results/zenodo/grid/loclo_loo__pca__chemberta__lightgbm
loclo_loo,pca,chemberta,lightgbm,full,none,within_cell_line,AUROC,0.609445996759652,0.006996654888144346,3,12.0,results/zenodo/grid/loclo_loo__pca__chemberta__lightgbm
loclo_loo,pca,chemberta,lightgbm,full,none,overall,MCC,0.138570941023859,0.0946290448773946,12,,results/zenodo/grid/loclo_loo__pca__chemberta__lightgbm
loclo_loo,pca,chemberta,lightgbm,full,none,overall,AUROC,0.609445996759652,0.0726486726756489,12,,results/zenodo/grid/loclo_loo__pca__chemberta__lightgbm
loclo_loo,pca,chemberta,mlp,full,none,within_drug,MCC,-0.09741469116417274,0.01010178743238505,3,10.0,results/zenodo/grid/loclo_loo__pca__chemberta__mlp
loclo_loo,pca,chemberta,mlp,full,none,within_drug,AUROC,0.4366408065138272,0.009735362789556523,3,10.0,results/zenodo/grid/loclo_loo__pca__chemberta__mlp
loclo_loo,pca,chemberta,mlp,full,none,within_cell_line,MCC,0.09252831982010712,0.01069918481494371,3,12.0,results/zenodo/grid/loclo_loo__pca__chemberta__mlp
loclo_loo,pca,chemberta,mlp,full,none,within_cell_line,AUROC,0.5618371232221308,0.007204449957201941,3,12.0,results/zenodo/grid/loclo_loo__pca__chemberta__mlp
loclo_loo,pca,chemberta,mlp,full,none,overall,MCC,0.0925283198201071,0.0898750397983589,12,,results/zenodo/grid/loclo_loo__pca__chemberta__mlp
loclo_loo,pca,chemberta,mlp,full,none,overall,AUROC,0.5618371232221306,0.0719170225851571,12,,results/zenodo/grid/loclo_loo__pca__chemberta__mlp
loclo_loo,pca,chemberta,xrfm,full,none,within_drug,MCC,-0.13040180659157186,0.023831586183928506,3,10.0,results/zenodo/grid/loclo_loo__pca__chemberta__xrfm
loclo_loo,pca,chemberta,xrfm,full,none,within_drug,AUROC,0.36906830923843975,0.007853120197118004,3,10.0,results/zenodo/grid/loclo_loo__pca__chemberta__xrfm
loclo_loo,pca,chemberta,xrfm,full,none,within_cell_line,MCC,0.028867298707171325,0.014679242436198999,3,12.0,results/zenodo/grid/loclo_loo__pca__chemberta__xrfm
loclo_loo,pca,chemberta,xrfm,full,none,within_cell_line,AUROC,0.5082725869524465,0.0019167075860706641,3,12.0,results/zenodo/grid/loclo_loo__pca__chemberta__xrfm
loclo_loo,pca,chemberta,xrfm,full,none,overall,MCC,0.0288672987071713,0.0681375200997456,12,,results/zenodo/grid/loclo_loo__pca__chemberta__xrfm
loclo_loo,pca,chemberta,xrfm,full,none,overall,AUROC,0.5082725869524465,0.0642606781291032,12,,results/zenodo/grid/loclo_loo__pca__chemberta__xrfm
loclo_loo,pca,maccs,lightgbm,full,none,within_drug,MCC,-0.07287639127021776,0.005428969059021269,3,10.0,results/zenodo/grid/loclo_loo__pca__maccs__lightgbm
loclo_loo,pca,maccs,lightgbm,full,none,within_drug,AUROC,0.45832136877710977,0.0063670620763179985,3,10.0,results/zenodo/grid/loclo_loo__pca__maccs__lightgbm
loclo_loo,pca,maccs,lightgbm,full,none,within_cell_line,MCC,0.13850187271490508,0.01735307221413903,3,12.0,results/zenodo/grid/loclo_loo__pca__maccs__lightgbm
loclo_loo,pca,maccs,lightgbm,full,none,within_cell_line,AUROC,0.6179464945315168,0.008793044589697986,3,12.0,results/zenodo/grid/loclo_loo__pca__maccs__lightgbm
loclo_loo,pca,maccs,lightgbm,full,none,overall,MCC,0.138501872714905,0.086723732447948,12,,results/zenodo/grid/loclo_loo__pca__maccs__lightgbm
loclo_loo,pca,maccs,lightgbm,full,none,overall,AUROC,0.6179464945315168,0.0683372666116831,12,,results/zenodo/grid/loclo_loo__pca__maccs__lightgbm
loclo_loo,pca,maccs,mlp,full,none,within_drug,MCC,-0.13160848888212506,0.003120817511998192,3,10.0,results/zenodo/grid/loclo_loo__pca__maccs__mlp
loclo_loo,pca,maccs,mlp,full,none,within_drug,AUROC,0.4165258496174126,0.004968752842693945,3,10.0,results/zenodo/grid/loclo_loo__pca__maccs__mlp
loclo_loo,pca,maccs,mlp,full,none,within_cell_line,MCC,0.05053606767622231,0.009644591270161582,3,12.0,results/zenodo/grid/loclo_loo__pca__maccs__mlp
loclo_loo,pca,maccs,mlp,full,none,within_cell_line,AUROC,0.533697000238811,0.003036267059627698,3,12.0,results/zenodo/grid/loclo_loo__pca__maccs__mlp
loclo_loo,pca,maccs,mlp,full,none,overall,MCC,0.0505360676762223,0.0835195086798735,12,,results/zenodo/grid/loclo_loo__pca__maccs__mlp
loclo_loo,pca,maccs,mlp,full,none,overall,AUROC,0.5336970002388108,0.0689854848122622,12,,results/zenodo/grid/loclo_loo__pca__maccs__mlp
loclo_loo,pca,maccs,xrfm,full,none,within_drug,MCC,-0.109649620963109,0.031626963980039925,3,10.0,results/zenodo/grid/loclo_loo__pca__maccs__xrfm
loclo_loo,pca,maccs,xrfm,full,none,within_drug,AUROC,0.4284699824947162,0.009887591890597404,3,10.0,results/zenodo/grid/loclo_loo__pca__maccs__xrfm
loclo_loo,pca,maccs,xrfm,full,none,within_cell_line,MCC,0.08205257165711567,0.018857986985726168,3,12.0,results/zenodo/grid/loclo_loo__pca__maccs__xrfm
loclo_loo,pca,maccs,xrfm,full,none,within_cell_line,AUROC,0.5800826770029239,0.00834483913550101,3,12.0,results/zenodo/grid/loclo_loo__pca__maccs__xrfm
loclo_loo,pca,maccs,xrfm,full,none,overall,MCC,0.0820525716571156,0.0731488289323994,12,,results/zenodo/grid/loclo_loo__pca__maccs__xrfm
loclo_loo,pca,maccs,xrfm,full,none,overall,AUROC,0.5800826770029239,0.0675224485454438,12,,results/zenodo/grid/loclo_loo__pca__maccs__xrfm
loclo_loo,pca,materials,lightgbm,full,none,within_drug,MCC,-0.0914703746835011,0.008900545637861745,3,10.0,results/zenodo/grid/loclo_loo__pca__materials__lightgbm
loclo_loo,pca,materials,lightgbm,full,none,within_drug,AUROC,0.44682375401819047,0.009610533569218418,3,10.0,results/zenodo/grid/loclo_loo__pca__materials__lightgbm
loclo_loo,pca,materials,lightgbm,full,none,within_cell_line,MCC,0.1256127518288479,0.020850184963419297,3,12.0,results/zenodo/grid/loclo_loo__pca__materials__lightgbm
loclo_loo,pca,materials,lightgbm,full,none,within_cell_line,AUROC,0.6071144701122524,0.013968859314444738,3,12.0,results/zenodo/grid/loclo_loo__pca__materials__lightgbm
loclo_loo,pca,materials,lightgbm,full,none,overall,MCC,0.1256127518288479,0.0920479758020518,12,,results/zenodo/grid/loclo_loo__pca__materials__lightgbm
loclo_loo,pca,materials,lightgbm,full,none,overall,AUROC,0.6071144701122523,0.0695438428750526,12,,results/zenodo/grid/loclo_loo__pca__materials__lightgbm
loclo_loo,pca,materials,mlp,full,none,within_drug,MCC,-0.11671857672723603,0.011039372683489347,3,10.0,results/zenodo/grid/loclo_loo__pca__materials__mlp
loclo_loo,pca,materials,mlp,full,none,within_drug,AUROC,0.4230727558706904,0.01025178281826816,3,10.0,results/zenodo/grid/loclo_loo__pca__materials__mlp
loclo_loo,pca,materials,mlp,full,none,within_cell_line,MCC,0.07522951624765455,0.004105298729289487,3,12.0,results/zenodo/grid/loclo_loo__pca__materials__mlp
loclo_loo,pca,materials,mlp,full,none,within_cell_line,AUROC,0.5534983028689932,0.0030394729102355593,3,12.0,results/zenodo/grid/loclo_loo__pca__materials__mlp
loclo_loo,pca,materials,mlp,full,none,overall,MCC,0.0752295162476545,0.0921487274296869,12,,results/zenodo/grid/loclo_loo__pca__materials__mlp
loclo_loo,pca,materials,mlp,full,none,overall,AUROC,0.5534983028689932,0.0753182931390333,12,,results/zenodo/grid/loclo_loo__pca__materials__mlp
loclo_loo,pca,materials,xrfm,full,none,within_drug,MCC,-0.08248746533774835,0.032027856738279646,3,10.0,results/zenodo/grid/loclo_loo__pca__materials__xrfm
loclo_loo,pca,materials,xrfm,full,none,within_drug,AUROC,0.39593981474725853,0.011689618678656654,3,10.0,results/zenodo/grid/loclo_loo__pca__materials__xrfm
loclo_loo,pca,materials,xrfm,full,none,within_cell_line,MCC,0.05901659933535671,0.005615655391742279,3,12.0,results/zenodo/grid/loclo_loo__pca__materials__xrfm
loclo_loo,pca,materials,xrfm,full,none,within_cell_line,AUROC,0.5371019734195545,0.009028916159302295,3,12.0,results/zenodo/grid/loclo_loo__pca__materials__xrfm
loclo_loo,pca,materials,xrfm,full,none,overall,MCC,0.0590165993353567,0.0596777608618923,12,,results/zenodo/grid/loclo_loo__pca__materials__xrfm
loclo_loo,pca,materials,xrfm,full,none,overall,AUROC,0.5371019734195545,0.0622243876682181,12,,results/zenodo/grid/loclo_loo__pca__materials__xrfm
loclo_loo,pca,molformer,lightgbm,full,none,within_drug,MCC,-0.08292200783916658,0.01158073699516163,3,10.0,results/zenodo/grid/loclo_loo__pca__molformer__lightgbm
loclo_loo,pca,molformer,lightgbm,full,none,within_drug,AUROC,0.44021090440098937,0.007760040537291143,3,10.0,results/zenodo/grid/loclo_loo__pca__molformer__lightgbm
loclo_loo,pca,molformer,lightgbm,full,none,within_cell_line,MCC,0.12926296801685572,0.02145028228468672,3,12.0,results/zenodo/grid/loclo_loo__pca__molformer__lightgbm
loclo_loo,pca,molformer,lightgbm,full,none,within_cell_line,AUROC,0.6011108606164259,0.011542536869797924,3,12.0,results/zenodo/grid/loclo_loo__pca__molformer__lightgbm
loclo_loo,pca,molformer,lightgbm,full,none,overall,MCC,0.1292629680168557,0.093370662434899,12,,results/zenodo/grid/loclo_loo__pca__molformer__lightgbm
loclo_loo,pca,molformer,lightgbm,full,none,overall,AUROC,0.6011108606164259,0.0716037599624694,12,,results/zenodo/grid/loclo_loo__pca__molformer__lightgbm
loclo_loo,pca,molformer,mlp,full,none,within_drug,MCC,-0.12129257535750824,0.004914633949562267,3,10.0,results/zenodo/grid/loclo_loo__pca__molformer__mlp
loclo_loo,pca,molformer,mlp,full,none,within_drug,AUROC,0.42426722068031597,0.008831716374778266,3,10.0,results/zenodo/grid/loclo_loo__pca__molformer__mlp
loclo_loo,pca,molformer,mlp,full,none,within_cell_line,MCC,0.061100575190059236,0.0068055806823207,3,12.0,results/zenodo/grid/loclo_loo__pca__molformer__mlp
loclo_loo,pca,molformer,mlp,full,none,within_cell_line,AUROC,0.5371455594158974,0.005109583243232565,3,12.0,results/zenodo/grid/loclo_loo__pca__molformer__mlp
loclo_loo,pca,molformer,mlp,full,none,overall,MCC,0.0611005751900592,0.0838657763502434,12,,results/zenodo/grid/loclo_loo__pca__molformer__mlp
loclo_loo,pca,molformer,mlp,full,none,overall,AUROC,0.5371455594158973,0.0687127570501849,12,,results/zenodo/grid/loclo_loo__pca__molformer__mlp
loclo_loo,pca,molformer,xrfm,full,none,within_drug,MCC,-0.03962457635409076,0.010693788194897995,3,10.0,results/zenodo/grid/loclo_loo__pca__molformer__xrfm
loclo_loo,pca,molformer,xrfm,full,none,within_drug,AUROC,0.4270709780460438,0.03399872034452873,3,10.0,results/zenodo/grid/loclo_loo__pca__molformer__xrfm
loclo_loo,pca,molformer,xrfm,full,none,within_cell_line,MCC,0.10431318006369346,0.000636839430340157,3,12.0,results/zenodo/grid/loclo_loo__pca__molformer__xrfm
loclo_loo,pca,molformer,xrfm,full,none,within_cell_line,AUROC,0.5627872193332802,0.016448267867708023,3,12.0,results/zenodo/grid/loclo_loo__pca__molformer__xrfm
loclo_loo,pca,molformer,xrfm,full,none,overall,MCC,0.1043131800636934,0.0583193897267473,12,,results/zenodo/grid/loclo_loo__pca__molformer__xrfm
loclo_loo,pca,molformer,xrfm,full,none,overall,AUROC,0.5627872193332802,0.0574544735422323,12,,results/zenodo/grid/loclo_loo__pca__molformer__xrfm
loclo_loo,pca,morgan,lightgbm,full,none,within_drug,MCC,-0.0912782147495634,0.007772519962629022,3,10.0,results/zenodo/grid/loclo_loo__pca__morgan__lightgbm
loclo_loo,pca,morgan,lightgbm,full,none,within_drug,AUROC,0.4454743431909847,0.006563589135430048,3,10.0,results/zenodo/grid/loclo_loo__pca__morgan__lightgbm
loclo_loo,pca,morgan,lightgbm,full,none,within_cell_line,MCC,0.13233829107817108,0.014532086848934256,3,12.0,results/zenodo/grid/loclo_loo__pca__morgan__lightgbm
loclo_loo,pca,morgan,lightgbm,full,none,within_cell_line,AUROC,0.6109916727856723,0.009864399209599872,3,12.0,results/zenodo/grid/loclo_loo__pca__morgan__lightgbm
loclo_loo,pca,morgan,lightgbm,full,none,overall,MCC,0.1323382910781711,0.0941264871858582,12,,results/zenodo/grid/loclo_loo__pca__morgan__lightgbm
loclo_loo,pca,morgan,lightgbm,full,none,overall,AUROC,0.6109916727856725,0.0705099184528518,12,,results/zenodo/grid/loclo_loo__pca__morgan__lightgbm
loclo_loo,pca,morgan,mlp,full,none,within_drug,MCC,-0.10579410335410262,0.0023893435876557894,3,10.0,results/zenodo/grid/loclo_loo__pca__morgan__mlp
loclo_loo,pca,morgan,mlp,full,none,within_drug,AUROC,0.42767119476576804,0.0019272415785483836,3,10.0,results/zenodo/grid/loclo_loo__pca__morgan__mlp
loclo_loo,pca,morgan,mlp,full,none,within_cell_line,MCC,0.08023886942461766,0.0040171085776710865,3,12.0,results/zenodo/grid/loclo_loo__pca__morgan__mlp
loclo_loo,pca,morgan,mlp,full,none,within_cell_line,AUROC,0.5463757016840628,0.0030063108813954548,3,12.0,results/zenodo/grid/loclo_loo__pca__morgan__mlp
loclo_loo,pca,morgan,mlp,full,none,overall,MCC,0.0802388694246177,0.0810143289454453,12,,results/zenodo/grid/loclo_loo__pca__morgan__mlp
loclo_loo,pca,morgan,mlp,full,none,overall,AUROC,0.5463757016840627,0.0635869661849585,12,,results/zenodo/grid/loclo_loo__pca__morgan__mlp
loclo_loo,pca,morgan,xrfm,full,none,within_drug,MCC,-0.042398073266779246,0.010176050445408862,3,10.0,results/zenodo/grid/loclo_loo__pca__morgan__xrfm
loclo_loo,pca,morgan,xrfm,full,none,within_drug,AUROC,0.433136063075271,0.029572514301335607,3,10.0,results/zenodo/grid/loclo_loo__pca__morgan__xrfm
loclo_loo,pca,morgan,xrfm,full,none,within_cell_line,MCC,0.09761029746213905,0.02841142204861324,3,12.0,results/zenodo/grid/loclo_loo__pca__morgan__xrfm
loclo_loo,pca,morgan,xrfm,full,none,within_cell_line,AUROC,0.5817698705393884,0.0179116997557476,3,12.0,results/zenodo/grid/loclo_loo__pca__morgan__xrfm
loclo_loo,pca,morgan,xrfm,full,none,overall,MCC,0.097610297462139,0.0584305078059568,12,,results/zenodo/grid/loclo_loo__pca__morgan__xrfm
loclo_loo,pca,morgan,xrfm,full,none,overall,AUROC,0.5817698705393884,0.0578178324822102,12,,results/zenodo/grid/loclo_loo__pca__morgan__xrfm
loclo_loo,scgpt_pan,biomed,lightgbm,full,none,within_drug,MCC,-0.07528586146078385,0.011550219704681973,3,10.0,results/zenodo/grid/loclo_loo__scgpt_pan__biomed__lightgbm
loclo_loo,scgpt_pan,biomed,lightgbm,full,none,within_drug,AUROC,0.4515828475363964,0.009499925199762487,3,10.0,results/zenodo/grid/loclo_loo__scgpt_pan__biomed__lightgbm
loclo_loo,scgpt_pan,biomed,lightgbm,full,none,within_cell_line,MCC,0.14025351636275743,0.012407942118361647,3,12.0,results/zenodo/grid/loclo_loo__scgpt_pan__biomed__lightgbm
loclo_loo,scgpt_pan,biomed,lightgbm,full,none,within_cell_line,AUROC,0.5971269104763012,0.00897600715069608,3,12.0,results/zenodo/grid/loclo_loo__scgpt_pan__biomed__lightgbm
loclo_loo,scgpt_pan,biomed,lightgbm,full,none,overall,MCC,0.1402535163627574,0.0910117528948161,12,,results/zenodo/grid/loclo_loo__scgpt_pan__biomed__lightgbm
loclo_loo,scgpt_pan,biomed,lightgbm,full,none,overall,AUROC,0.5971269104763011,0.0673180299927143,12,,results/zenodo/grid/loclo_loo__scgpt_pan__biomed__lightgbm
loclo_loo,scgpt_pan,biomed,mlp,full,none,within_drug,MCC,-0.1032501689330597,0.01044817272506028,3,10.0,results/zenodo/grid/loclo_loo__scgpt_pan__biomed__mlp
loclo_loo,scgpt_pan,biomed,mlp,full,none,within_drug,AUROC,0.32770686816166794,0.006817081225460309,3,10.0,results/zenodo/grid/loclo_loo__scgpt_pan__biomed__mlp
loclo_loo,scgpt_pan,biomed,mlp,full,none,within_cell_line,MCC,0.005578379091262163,0.013501456597070175,3,12.0,results/zenodo/grid/loclo_loo__scgpt_pan__biomed__mlp
loclo_loo,scgpt_pan,biomed,mlp,full,none,within_cell_line,AUROC,0.444220769944702,0.00877661497028878,3,12.0,results/zenodo/grid/loclo_loo__scgpt_pan__biomed__mlp
loclo_loo,scgpt_pan,biomed,mlp,full,none,overall,MCC,0.0055783790912621,0.0246808477441925,12,,results/zenodo/grid/loclo_loo__scgpt_pan__biomed__mlp
loclo_loo,scgpt_pan,biomed,mlp,full,none,overall,AUROC,0.444220769944702,0.059503089642904,12,,results/zenodo/grid/loclo_loo__scgpt_pan__biomed__mlp
loclo_loo,scgpt_pan,biomed,xrfm,full,none,within_drug,MCC,-0.09062067125608524,0.014012913621969866,3,10.0,results/zenodo/grid/loclo_loo__scgpt_pan__biomed__xrfm
loclo_loo,scgpt_pan,biomed,xrfm,full,none,within_drug,AUROC,0.4297905026679711,0.018651213410443082,3,10.0,results/zenodo/grid/loclo_loo__scgpt_pan__biomed__xrfm
loclo_loo,scgpt_pan,biomed,xrfm,full,none,within_cell_line,MCC,0.10240107916856071,0.021364617792052915,3,12.0,results/zenodo/grid/loclo_loo__scgpt_pan__biomed__xrfm
loclo_loo,scgpt_pan,biomed,xrfm,full,none,within_cell_line,AUROC,0.5703614425260589,0.006969309346750911,3,12.0,results/zenodo/grid/loclo_loo__scgpt_pan__biomed__xrfm
loclo_loo,scgpt_pan,biomed,xrfm,full,none,overall,MCC,0.1024010791685607,0.0503642115387183,12,,results/zenodo/grid/loclo_loo__scgpt_pan__biomed__xrfm
loclo_loo,scgpt_pan,biomed,xrfm,full,none,overall,AUROC,0.5703614425260589,0.056278819383693,12,,results/zenodo/grid/loclo_loo__scgpt_pan__biomed__xrfm
loclo_loo,scgpt_pan,chemberta,lightgbm,full,none,within_drug,MCC,-0.05125261760813491,0.005517193375139982,3,10.0,results/zenodo/grid/loclo_loo__scgpt_pan__chemberta__lightgbm
loclo_loo,scgpt_pan,chemberta,lightgbm,full,none,within_drug,AUROC,0.46477753183633946,0.005967909651451288,3,10.0,results/zenodo/grid/loclo_loo__scgpt_pan__chemberta__lightgbm
loclo_loo,scgpt_pan,chemberta,lightgbm,full,none,within_cell_line,MCC,0.1594310407009899,0.005358203123394194,3,12.0,results/zenodo/grid/loclo_loo__scgpt_pan__chemberta__lightgbm
loclo_loo,scgpt_pan,chemberta,lightgbm,full,none,within_cell_line,AUROC,0.6054228239297935,0.005073498056975822,3,12.0,results/zenodo/grid/loclo_loo__scgpt_pan__chemberta__lightgbm
loclo_loo,scgpt_pan,chemberta,lightgbm,full,none,overall,MCC,0.1594310407009899,0.093667427606413,12,,results/zenodo/grid/loclo_loo__scgpt_pan__chemberta__lightgbm
loclo_loo,scgpt_pan,chemberta,lightgbm,full,none,overall,AUROC,0.6054228239297936,0.0672506562299517,12,,results/zenodo/grid/loclo_loo__scgpt_pan__chemberta__lightgbm
loclo_loo,scgpt_pan,chemberta,mlp,full,none,within_drug,MCC,-0.11434050975646,0.012073945474277183,3,10.0,results/zenodo/grid/loclo_loo__scgpt_pan__chemberta__mlp
loclo_loo,scgpt_pan,chemberta,mlp,full,none,within_drug,AUROC,0.42655036089646076,0.016675943343210927,3,10.0,results/zenodo/grid/loclo_loo__scgpt_pan__chemberta__mlp
loclo_loo,scgpt_pan,chemberta,mlp,full,none,within_cell_line,MCC,0.040585679191594816,0.011037250793127831,3,12.0,results/zenodo/grid/loclo_loo__scgpt_pan__chemberta__mlp
loclo_loo,scgpt_pan,chemberta,mlp,full,none,within_cell_line,AUROC,0.5191826073539553,0.007014068773156602,3,12.0,results/zenodo/grid/loclo_loo__scgpt_pan__chemberta__mlp
loclo_loo,scgpt_pan,chemberta,mlp,full,none,overall,MCC,0.0405856791915948,0.0358160725363763,12,,results/zenodo/grid/loclo_loo__scgpt_pan__chemberta__mlp
loclo_loo,scgpt_pan,chemberta,mlp,full,none,overall,AUROC,0.5191826073539553,0.0470297777439726,12,,results/zenodo/grid/loclo_loo__scgpt_pan__chemberta__mlp
loclo_loo,scgpt_pan,chemberta,xrfm,full,none,within_drug,MCC,-0.05865819041904966,0.00581270134034394,3,10.0,results/zenodo/grid/loclo_loo__scgpt_pan__chemberta__xrfm
loclo_loo,scgpt_pan,chemberta,xrfm,full,none,within_drug,AUROC,0.4547244945202921,0.006279949939023891,3,10.0,results/zenodo/grid/loclo_loo__scgpt_pan__chemberta__xrfm
loclo_loo,scgpt_pan,chemberta,xrfm,full,none,within_cell_line,MCC,0.08470643802197136,0.006603935801843701,3,12.0,results/zenodo/grid/loclo_loo__scgpt_pan__chemberta__xrfm
loclo_loo,scgpt_pan,chemberta,xrfm,full,none,within_cell_line,AUROC,0.56859473731769,0.005183450913455982,3,12.0,results/zenodo/grid/loclo_loo__scgpt_pan__chemberta__xrfm
loclo_loo,scgpt_pan,chemberta,xrfm,full,none,overall,MCC,0.0847064380219713,0.0681240318305509,12,,results/zenodo/grid/loclo_loo__scgpt_pan__chemberta__xrfm
loclo_loo,scgpt_pan,chemberta,xrfm,full,none,overall,AUROC,0.56859473731769,0.0603054547388414,12,,results/zenodo/grid/loclo_loo__scgpt_pan__chemberta__xrfm
loclo_loo,scgpt_pan,maccs,lightgbm,full,none,within_drug,MCC,-0.0756146097227832,0.0019791140132479038,3,10.0,results/zenodo/grid/loclo_loo__scgpt_pan__maccs__lightgbm
loclo_loo,scgpt_pan,maccs,lightgbm,full,none,within_drug,AUROC,0.45747651266952283,0.0030347509651666607,3,10.0,results/zenodo/grid/loclo_loo__scgpt_pan__maccs__lightgbm
loclo_loo,scgpt_pan,maccs,lightgbm,full,none,within_cell_line,MCC,0.13696949366238698,0.002392508098557668,3,12.0,results/zenodo/grid/loclo_loo__scgpt_pan__maccs__lightgbm
loclo_loo,scgpt_pan,maccs,lightgbm,full,none,within_cell_line,AUROC,0.5946373734423646,0.003389617607717782,3,12.0,results/zenodo/grid/loclo_loo__scgpt_pan__maccs__lightgbm
loclo_loo,scgpt_pan,maccs,lightgbm,full,none,overall,MCC,0.1369694936623869,0.0967684239015495,12,,results/zenodo/grid/loclo_loo__scgpt_pan__maccs__lightgbm
loclo_loo,scgpt_pan,maccs,lightgbm,full,none,overall,AUROC,0.5946373734423646,0.0693870685443066,12,,results/zenodo/grid/loclo_loo__scgpt_pan__maccs__lightgbm
loclo_loo,scgpt_pan,maccs,mlp,full,none,within_drug,MCC,-0.1397467100701188,0.01706942105798933,3,10.0,results/zenodo/grid/loclo_loo__scgpt_pan__maccs__mlp
loclo_loo,scgpt_pan,maccs,mlp,full,none,within_drug,AUROC,0.4070104439567201,0.011097583604521075,3,10.0,results/zenodo/grid/loclo_loo__scgpt_pan__maccs__mlp
loclo_loo,scgpt_pan,maccs,mlp,full,none,within_cell_line,MCC,0.026672133015831146,0.02070639727773429,3,12.0,results/zenodo/grid/loclo_loo__scgpt_pan__maccs__mlp
loclo_loo,scgpt_pan,maccs,mlp,full,none,within_cell_line,AUROC,0.5081236313352202,0.0070060724035313805,3,12.0,results/zenodo/grid/loclo_loo__scgpt_pan__maccs__mlp
loclo_loo,scgpt_pan,maccs,mlp,full,none,overall,MCC,0.0266721330158311,0.053721599035915,12,,results/zenodo/grid/loclo_loo__scgpt_pan__maccs__mlp
loclo_loo,scgpt_pan,maccs,mlp,full,none,overall,AUROC,0.5081236313352202,0.0485512068492022,12,,results/zenodo/grid/loclo_loo__scgpt_pan__maccs__mlp
loclo_loo,scgpt_pan,maccs,xrfm,full,none,within_drug,MCC,-0.07591981679605607,0.01008131802083516,3,10.0,results/zenodo/grid/loclo_loo__scgpt_pan__maccs__xrfm
loclo_loo,scgpt_pan,maccs,xrfm,full,none,within_drug,AUROC,0.45226641957258523,0.007551465728903704,3,10.0,results/zenodo/grid/loclo_loo__scgpt_pan__maccs__xrfm
loclo_loo,scgpt_pan,maccs,xrfm,full,none,within_cell_line,MCC,0.10103314757109953,0.009323188140373176,3,12.0,results/zenodo/grid/loclo_loo__scgpt_pan__maccs__xrfm
loclo_loo,scgpt_pan,maccs,xrfm,full,none,within_cell_line,AUROC,0.5717403580605547,0.014991217978039545,3,12.0,results/zenodo/grid/loclo_loo__scgpt_pan__maccs__xrfm
loclo_loo,scgpt_pan,maccs,xrfm,full,none,overall,MCC,0.1010331475710995,0.0669216551324694,12,,results/zenodo/grid/loclo_loo__scgpt_pan__maccs__xrfm
loclo_loo,scgpt_pan,maccs,xrfm,full,none,overall,AUROC,0.5717403580605546,0.061172517332947,12,,results/zenodo/grid/loclo_loo__scgpt_pan__maccs__xrfm
loclo_loo,scgpt_pan,materials,lightgbm,full,none,within_drug,MCC,-0.05560481191561031,0.006469173733944973,3,10.0,results/zenodo/grid/loclo_loo__scgpt_pan__materials__lightgbm
loclo_loo,scgpt_pan,materials,lightgbm,full,none,within_drug,AUROC,0.46027979317875634,0.005009486000959741,3,10.0,results/zenodo/grid/loclo_loo__scgpt_pan__materials__lightgbm
loclo_loo,scgpt_pan,materials,lightgbm,full,none,within_cell_line,MCC,0.14575295890434556,0.008866680569286125,3,12.0,results/zenodo/grid/loclo_loo__scgpt_pan__materials__lightgbm
loclo_loo,scgpt_pan,materials,lightgbm,full,none,within_cell_line,AUROC,0.5989615839919181,0.006244101597434915,3,12.0,results/zenodo/grid/loclo_loo__scgpt_pan__materials__lightgbm
loclo_loo,scgpt_pan,materials,lightgbm,full,none,overall,MCC,0.1457529589043455,0.0922142754671998,12,,results/zenodo/grid/loclo_loo__scgpt_pan__materials__lightgbm
loclo_loo,scgpt_pan,materials,lightgbm,full,none,overall,AUROC,0.598961583991918,0.068389576349656,12,,results/zenodo/grid/loclo_loo__scgpt_pan__materials__lightgbm
loclo_loo,scgpt_pan,materials,mlp,full,none,within_drug,MCC,-0.0919377545509389,0.003394917851489809,3,10.0,results/zenodo/grid/loclo_loo__scgpt_pan__materials__mlp
loclo_loo,scgpt_pan,materials,mlp,full,none,within_drug,AUROC,0.43947048227996693,0.02029679050080448,3,10.0,results/zenodo/grid/loclo_loo__scgpt_pan__materials__mlp
loclo_loo,scgpt_pan,materials,mlp,full,none,within_cell_line,MCC,0.011269752518294993,0.003122983649328529,3,12.0,results/zenodo/grid/loclo_loo__scgpt_pan__materials__mlp
loclo_loo,scgpt_pan,materials,mlp,full,none,within_cell_line,AUROC,0.516003458259637,0.010704844301618078,3,12.0,results/zenodo/grid/loclo_loo__scgpt_pan__materials__mlp
loclo_loo,scgpt_pan,materials,mlp,full,none,overall,MCC,0.0112697525182949,0.0380212354403256,12,,results/zenodo/grid/loclo_loo__scgpt_pan__materials__mlp
loclo_loo,scgpt_pan,materials,mlp,full,none,overall,AUROC,0.516003458259637,0.0540411689012716,12,,results/zenodo/grid/loclo_loo__scgpt_pan__materials__mlp
loclo_loo,scgpt_pan,materials,xrfm,full,none,within_drug,MCC,-0.08782313605849375,0.011473967943933693,3,10.0,results/zenodo/grid/loclo_loo__scgpt_pan__materials__xrfm
loclo_loo,scgpt_pan,materials,xrfm,full,none,within_drug,AUROC,0.4789066483561233,0.005830378808943996,3,10.0,results/zenodo/grid/loclo_loo__scgpt_pan__materials__xrfm
loclo_loo,scgpt_pan,materials,xrfm,full,none,within_cell_line,MCC,0.07274982468810959,0.011685698257578878,3,12.0,results/zenodo/grid/loclo_loo__scgpt_pan__materials__xrfm
loclo_loo,scgpt_pan,materials,xrfm,full,none,within_cell_line,AUROC,0.5854630482919094,0.012419490291446388,3,12.0,results/zenodo/grid/loclo_loo__scgpt_pan__materials__xrfm
loclo_loo,scgpt_pan,materials,xrfm,full,none,overall,MCC,0.0727498246881096,0.0630644379931493,12,,results/zenodo/grid/loclo_loo__scgpt_pan__materials__xrfm
loclo_loo,scgpt_pan,materials,xrfm,full,none,overall,AUROC,0.5854630482919093,0.0590659893141431,12,,results/zenodo/grid/loclo_loo__scgpt_pan__materials__xrfm
loclo_loo,scgpt_pan,molformer,lightgbm,full,none,within_drug,MCC,-0.06107684301832853,0.003055659659383005,3,10.0,results/zenodo/grid/loclo_loo__scgpt_pan__molformer__lightgbm
loclo_loo,scgpt_pan,molformer,lightgbm,full,none,within_drug,AUROC,0.45041154529301,0.0016490653869652226,3,10.0,results/zenodo/grid/loclo_loo__scgpt_pan__molformer__lightgbm
loclo_loo,scgpt_pan,molformer,lightgbm,full,none,within_cell_line,MCC,0.1469448045360239,0.002235044903990836,3,12.0,results/zenodo/grid/loclo_loo__scgpt_pan__molformer__lightgbm
loclo_loo,scgpt_pan,molformer,lightgbm,full,none,within_cell_line,AUROC,0.5904062527196702,0.0026444926127128245,3,12.0,results/zenodo/grid/loclo_loo__scgpt_pan__molformer__lightgbm
loclo_loo,scgpt_pan,molformer,lightgbm,full,none,overall,MCC,0.1469448045360239,0.0937824697203011,12,,results/zenodo/grid/loclo_loo__scgpt_pan__molformer__lightgbm
loclo_loo,scgpt_pan,molformer,lightgbm,full,none,overall,AUROC,0.5904062527196702,0.0687335110182228,12,,results/zenodo/grid/loclo_loo__scgpt_pan__molformer__lightgbm
loclo_loo,scgpt_pan,molformer,mlp,full,none,within_drug,MCC,-0.0580529185812009,0.008728871381637292,3,10.0,results/zenodo/grid/loclo_loo__scgpt_pan__molformer__mlp
loclo_loo,scgpt_pan,molformer,mlp,full,none,within_drug,AUROC,0.37966058386083107,0.004618806556484795,3,10.0,results/zenodo/grid/loclo_loo__scgpt_pan__molformer__mlp
loclo_loo,scgpt_pan,molformer,mlp,full,none,within_cell_line,MCC,0.029686128419472352,0.014165084159099534,3,12.0,results/zenodo/grid/loclo_loo__scgpt_pan__molformer__mlp
loclo_loo,scgpt_pan,molformer,mlp,full,none,within_cell_line,AUROC,0.47817735088488905,0.006591314563208582,3,12.0,results/zenodo/grid/loclo_loo__scgpt_pan__molformer__mlp
loclo_loo,scgpt_pan,molformer,mlp,full,none,overall,MCC,0.0296861284194723,0.0305966663536831,12,,results/zenodo/grid/loclo_loo__scgpt_pan__molformer__mlp
loclo_loo,scgpt_pan,molformer,mlp,full,none,overall,AUROC,0.4781773508848891,0.0599210784193129,12,,results/zenodo/grid/loclo_loo__scgpt_pan__molformer__mlp
loclo_loo,scgpt_pan,molformer,xrfm,full,none,within_drug,MCC,-0.04774588555711861,0.02483870155119424,3,10.0,results/zenodo/grid/loclo_loo__scgpt_pan__molformer__xrfm
loclo_loo,scgpt_pan,molformer,xrfm,full,none,within_drug,AUROC,0.4760142235933553,0.0043241061613882754,3,10.0,results/zenodo/grid/loclo_loo__scgpt_pan__molformer__xrfm
loclo_loo,scgpt_pan,molformer,xrfm,full,none,within_cell_line,MCC,0.08617634361574299,0.012211940424573922,3,12.0,results/zenodo/grid/loclo_loo__scgpt_pan__molformer__xrfm
loclo_loo,scgpt_pan,molformer,xrfm,full,none,within_cell_line,AUROC,0.5910687792899328,0.008007025191249658,3,12.0,results/zenodo/grid/loclo_loo__scgpt_pan__molformer__xrfm
loclo_loo,scgpt_pan,molformer,xrfm,full,none,overall,MCC,0.0861763436157429,0.0624570820014642,12,,results/zenodo/grid/loclo_loo__scgpt_pan__molformer__xrfm
loclo_loo,scgpt_pan,molformer,xrfm,full,none,overall,AUROC,0.5910687792899328,0.0578333205092583,12,,results/zenodo/grid/loclo_loo__scgpt_pan__molformer__xrfm
loclo_loo,scgpt_pan,morgan,lightgbm,full,none,within_drug,MCC,-0.024986708641337545,0.008101410086528656,3,10.0,results/zenodo/grid/loclo_loo__scgpt_pan__morgan__lightgbm
loclo_loo,scgpt_pan,morgan,lightgbm,full,none,within_drug,AUROC,0.46689983981004796,0.004902006085711374,3,10.0,results/zenodo/grid/loclo_loo__scgpt_pan__morgan__lightgbm
loclo_loo,scgpt_pan,morgan,lightgbm,full,none,within_cell_line,MCC,0.15286905344466165,0.004757155887902896,3,12.0,results/zenodo/grid/loclo_loo__scgpt_pan__morgan__lightgbm
loclo_loo,scgpt_pan,morgan,lightgbm,full,none,within_cell_line,AUROC,0.6001178081595203,0.0028284248872659803,3,12.0,results/zenodo/grid/loclo_loo__scgpt_pan__morgan__lightgbm
loclo_loo,scgpt_pan,morgan,lightgbm,full,none,overall,MCC,0.1528690534446617,0.0905004558272233,12,,results/zenodo/grid/loclo_loo__scgpt_pan__morgan__lightgbm
loclo_loo,scgpt_pan,morgan,lightgbm,full,none,overall,AUROC,0.6001178081595204,0.0650293464677616,12,,results/zenodo/grid/loclo_loo__scgpt_pan__morgan__lightgbm
loclo_loo,scgpt_pan,morgan,mlp,full,none,within_drug,MCC,-0.10955672787601685,0.0070860714942571415,3,10.0,results/zenodo/grid/loclo_loo__scgpt_pan__morgan__mlp
loclo_loo,scgpt_pan,morgan,mlp,full,none,within_drug,AUROC,0.40401901744964436,0.012923924750982455,3,10.0,results/zenodo/grid/loclo_loo__scgpt_pan__morgan__mlp
loclo_loo,scgpt_pan,morgan,mlp,full,none,within_cell_line,MCC,0.012973847852219453,0.010968770416835298,3,12.0,results/zenodo/grid/loclo_loo__scgpt_pan__morgan__mlp
loclo_loo,scgpt_pan,morgan,mlp,full,none,within_cell_line,AUROC,0.48149245962471715,0.011747583847773191,3,12.0,results/zenodo/grid/loclo_loo__scgpt_pan__morgan__mlp
loclo_loo,scgpt_pan,morgan,mlp,full,none,overall,MCC,0.0129738478522194,0.0435282407264603,12,,results/zenodo/grid/loclo_loo__scgpt_pan__morgan__mlp
loclo_loo,scgpt_pan,morgan,mlp,full,none,overall,AUROC,0.4814924596247171,0.0530992975823296,12,,results/zenodo/grid/loclo_loo__scgpt_pan__morgan__mlp
loclo_loo,scgpt_pan,morgan,xrfm,full,none,within_drug,MCC,-0.06514729545339575,0.009145790496235203,3,10.0,results/zenodo/grid/loclo_loo__scgpt_pan__morgan__xrfm
loclo_loo,scgpt_pan,morgan,xrfm,full,none,within_drug,AUROC,0.45053700879791725,0.01056591810973696,3,10.0,results/zenodo/grid/loclo_loo__scgpt_pan__morgan__xrfm
loclo_loo,scgpt_pan,morgan,xrfm,full,none,within_cell_line,MCC,0.06276287445534975,0.005416494839356345,3,12.0,results/zenodo/grid/loclo_loo__scgpt_pan__morgan__xrfm
loclo_loo,scgpt_pan,morgan,xrfm,full,none,within_cell_line,AUROC,0.5570266818689863,0.008660584600199712,3,12.0,results/zenodo/grid/loclo_loo__scgpt_pan__morgan__xrfm
loclo_loo,scgpt_pan,morgan,xrfm,full,none,overall,MCC,0.0627628744553497,0.060644820967755,12,,results/zenodo/grid/loclo_loo__scgpt_pan__morgan__xrfm
loclo_loo,scgpt_pan,morgan,xrfm,full,none,overall,AUROC,0.5570266818689863,0.0616989831573539,12,,results/zenodo/grid/loclo_loo__scgpt_pan__morgan__xrfm
loclo_loo,scvi,biomed,lightgbm,full,none,within_drug,MCC,-0.08604800594484618,0.012363534335716206,3,10.0,results/zenodo/grid/loclo_loo__scvi__biomed__lightgbm
loclo_loo,scvi,biomed,lightgbm,full,none,within_drug,AUROC,0.44270017606731576,0.012045463057095543,3,10.0,results/zenodo/grid/loclo_loo__scvi__biomed__lightgbm
loclo_loo,scvi,biomed,lightgbm,full,none,within_cell_line,MCC,0.020437865451229928,0.010093361871056295,3,12.0,results/zenodo/grid/loclo_loo__scvi__biomed__lightgbm
loclo_loo,scvi,biomed,lightgbm,full,none,within_cell_line,AUROC,0.5247480675137245,0.018348091323071036,3,12.0,results/zenodo/grid/loclo_loo__scvi__biomed__lightgbm
loclo_loo,scvi,biomed,lightgbm,full,none,overall,MCC,0.0204378654512299,0.0490728390135494,12,,results/zenodo/grid/loclo_loo__scvi__biomed__lightgbm
loclo_loo,scvi,biomed,lightgbm,full,none,overall,AUROC,0.5247480675137244,0.0413488875316657,12,,results/zenodo/grid/loclo_loo__scvi__biomed__lightgbm
loclo_loo,scvi,biomed,mlp,full,none,within_drug,MCC,-0.15033428697022352,0.006536319058663578,3,10.0,results/zenodo/grid/loclo_loo__scvi__biomed__mlp
loclo_loo,scvi,biomed,mlp,full,none,within_drug,AUROC,0.3828577821610181,0.0028434627944936234,3,10.0,results/zenodo/grid/loclo_loo__scvi__biomed__mlp
loclo_loo,scvi,biomed,mlp,full,none,within_cell_line,MCC,-0.045248178473087985,0.01256182722953686,3,12.0,results/zenodo/grid/loclo_loo__scvi__biomed__mlp
loclo_loo,scvi,biomed,mlp,full,none,within_cell_line,AUROC,0.4665843599121333,0.013820040686261201,3,12.0,results/zenodo/grid/loclo_loo__scvi__biomed__mlp
loclo_loo,scvi,biomed,mlp,full,none,overall,MCC,-0.045248178473088,0.0388268927450204,12,,results/zenodo/grid/loclo_loo__scvi__biomed__mlp
loclo_loo,scvi,biomed,mlp,full,none,overall,AUROC,0.4665843599121332,0.0428542096976851,12,,results/zenodo/grid/loclo_loo__scvi__biomed__mlp
loclo_loo,scvi,biomed,xrfm,full,none,within_drug,MCC,-0.10505040109984537,0.005771151974198946,3,10.0,results/zenodo/grid/loclo_loo__scvi__biomed__xrfm
loclo_loo,scvi,biomed,xrfm,full,none,within_drug,AUROC,0.4462770352095892,0.00494372184331231,3,10.0,results/zenodo/grid/loclo_loo__scvi__biomed__xrfm
loclo_loo,scvi,biomed,xrfm,full,none,within_cell_line,MCC,-0.01894602686145199,0.007551002901589074,3,12.0,results/zenodo/grid/loclo_loo__scvi__biomed__xrfm
loclo_loo,scvi,biomed,xrfm,full,none,within_cell_line,AUROC,0.5111854603790952,0.015541075680482056,3,12.0,results/zenodo/grid/loclo_loo__scvi__biomed__xrfm
loclo_loo,scvi,biomed,xrfm,full,none,overall,MCC,-0.0189460268614519,0.0453899156126906,12,,results/zenodo/grid/loclo_loo__scvi__biomed__xrfm
loclo_loo,scvi,biomed,xrfm,full,none,overall,AUROC,0.5111854603790952,0.0417551606431199,12,,results/zenodo/grid/loclo_loo__scvi__biomed__xrfm
loclo_loo,scvi,chemberta,lightgbm,full,none,within_drug,MCC,-0.10495174998274855,0.011881277187412515,3,10.0,results/zenodo/grid/loclo_loo__scvi__chemberta__lightgbm
loclo_loo,scvi,chemberta,lightgbm,full,none,within_drug,AUROC,0.4352332341100576,0.014747475907155043,3,10.0,results/zenodo/grid/loclo_loo__scvi__chemberta__lightgbm
loclo_loo,scvi,chemberta,lightgbm,full,none,within_cell_line,MCC,0.005633723717665893,0.016192801655660054,3,12.0,results/zenodo/grid/loclo_loo__scvi__chemberta__lightgbm
loclo_loo,scvi,chemberta,lightgbm,full,none,within_cell_line,AUROC,0.5206131266227785,0.0238317709868911,3,12.0,results/zenodo/grid/loclo_loo__scvi__chemberta__lightgbm
loclo_loo,scvi,chemberta,lightgbm,full,none,overall,MCC,0.0056337237176659,0.0543334379825499,12,,results/zenodo/grid/loclo_loo__scvi__chemberta__lightgbm
loclo_loo,scvi,chemberta,lightgbm,full,none,overall,AUROC,0.5206131266227785,0.0436849786043502,12,,results/zenodo/grid/loclo_loo__scvi__chemberta__lightgbm
loclo_loo,scvi,chemberta,mlp,full,none,within_drug,MCC,-0.09445267567733623,0.013320954935480021,3,10.0,results/zenodo/grid/loclo_loo__scvi__chemberta__mlp
loclo_loo,scvi,chemberta,mlp,full,none,within_drug,AUROC,0.44019484951906795,0.00501018694650461,3,10.0,results/zenodo/grid/loclo_loo__scvi__chemberta__mlp
loclo_loo,scvi,chemberta,mlp,full,none,within_cell_line,MCC,-0.015570752477175225,0.009397459316575875,3,12.0,results/zenodo/grid/loclo_loo__scvi__chemberta__mlp
loclo_loo,scvi,chemberta,mlp,full,none,within_cell_line,AUROC,0.49053330273816415,0.01339392337576565,3,12.0,results/zenodo/grid/loclo_loo__scvi__chemberta__mlp
loclo_loo,scvi,chemberta,mlp,full,none,overall,MCC,-0.0155707524771752,0.0265390832168496,12,,results/zenodo/grid/loclo_loo__scvi__chemberta__mlp
loclo_loo,scvi,chemberta,mlp,full,none,overall,AUROC,0.4905333027381642,0.0436168958828234,12,,results/zenodo/grid/loclo_loo__scvi__chemberta__mlp
loclo_loo,scvi,chemberta,xrfm,full,none,within_drug,MCC,-0.11227943850236466,0.01369644344499556,3,10.0,results/zenodo/grid/loclo_loo__scvi__chemberta__xrfm
loclo_loo,scvi,chemberta,xrfm,full,none,within_drug,AUROC,0.45797681416627284,0.011956602077307477,3,10.0,results/zenodo/grid/loclo_loo__scvi__chemberta__xrfm
loclo_loo,scvi,chemberta,xrfm,full,none,within_cell_line,MCC,0.004046205746375387,0.042037189735337606,3,12.0,results/zenodo/grid/loclo_loo__scvi__chemberta__xrfm
loclo_loo,scvi,chemberta,xrfm,full,none,within_cell_line,AUROC,0.5332568430556116,0.027885051940783428,3,12.0,results/zenodo/grid/loclo_loo__scvi__chemberta__xrfm
loclo_loo,scvi,chemberta,xrfm,full,none,overall,MCC,0.0040462057463753,0.0467343868698039,12,,results/zenodo/grid/loclo_loo__scvi__chemberta__xrfm
loclo_loo,scvi,chemberta,xrfm,full,none,overall,AUROC,0.5332568430556115,0.0415740725626776,12,,results/zenodo/grid/loclo_loo__scvi__chemberta__xrfm
loclo_loo,scvi,maccs,lightgbm,full,none,within_drug,MCC,-0.08392145281924547,0.014285510033361667,3,10.0,results/zenodo/grid/loclo_loo__scvi__maccs__lightgbm
loclo_loo,scvi,maccs,lightgbm,full,none,within_drug,AUROC,0.44568924235606205,0.01084606067762911,3,10.0,results/zenodo/grid/loclo_loo__scvi__maccs__lightgbm
loclo_loo,scvi,maccs,lightgbm,full,none,within_cell_line,MCC,0.02930314403226522,0.016942499210128893,3,12.0,results/zenodo/grid/loclo_loo__scvi__maccs__lightgbm
loclo_loo,scvi,maccs,lightgbm,full,none,within_cell_line,AUROC,0.5302547019682283,0.023291932746717307,3,12.0,results/zenodo/grid/loclo_loo__scvi__maccs__lightgbm
loclo_loo,scvi,maccs,lightgbm,full,none,overall,MCC,0.0293031440322652,0.0467426508565802,12,,results/zenodo/grid/loclo_loo__scvi__maccs__lightgbm
loclo_loo,scvi,maccs,lightgbm,full,none,overall,AUROC,0.5302547019682285,0.0415640924029334,12,,results/zenodo/grid/loclo_loo__scvi__maccs__lightgbm
loclo_loo,scvi,maccs,mlp,full,none,within_drug,MCC,-0.07398053006665926,0.011789763463765522,3,10.0,results/zenodo/grid/loclo_loo__scvi__maccs__mlp
loclo_loo,scvi,maccs,mlp,full,none,within_drug,AUROC,0.4550293413592221,0.007175906170720339,3,10.0,results/zenodo/grid/loclo_loo__scvi__maccs__mlp
loclo_loo,scvi,maccs,mlp,full,none,within_cell_line,MCC,-0.0007342978640854508,0.015525369883802178,3,12.0,results/zenodo/grid/loclo_loo__scvi__maccs__mlp
loclo_loo,scvi,maccs,mlp,full,none,within_cell_line,AUROC,0.4909512752939582,0.017960964975971494,3,12.0,results/zenodo/grid/loclo_loo__scvi__maccs__mlp
loclo_loo,scvi,maccs,mlp,full,none,overall,MCC,-0.0007342978640854,0.0168969487712991,12,,results/zenodo/grid/loclo_loo__scvi__maccs__mlp
loclo_loo,scvi,maccs,mlp,full,none,overall,AUROC,0.4909512752939582,0.042730300888405,12,,results/zenodo/grid/loclo_loo__scvi__maccs__mlp
loclo_loo,scvi,maccs,xrfm,full,none,within_drug,MCC,-0.12477186514427518,0.018965204750762424,3,10.0,results/zenodo/grid/loclo_loo__scvi__maccs__xrfm
loclo_loo,scvi,maccs,xrfm,full,none,within_drug,AUROC,0.4412828897217178,0.010100602390237745,3,10.0,results/zenodo/grid/loclo_loo__scvi__maccs__xrfm
loclo_loo,scvi,maccs,xrfm,full,none,within_cell_line,MCC,0.008927775526041492,0.014997408973717334,3,12.0,results/zenodo/grid/loclo_loo__scvi__maccs__xrfm
loclo_loo,scvi,maccs,xrfm,full,none,within_cell_line,AUROC,0.5215614721858582,0.021132840468907146,3,12.0,results/zenodo/grid/loclo_loo__scvi__maccs__xrfm
loclo_loo,scvi,maccs,xrfm,full,none,overall,MCC,0.0089277755260414,0.0533094065450345,12,,results/zenodo/grid/loclo_loo__scvi__maccs__xrfm
loclo_loo,scvi,maccs,xrfm,full,none,overall,AUROC,0.5215614721858582,0.0451822935056491,12,,results/zenodo/grid/loclo_loo__scvi__maccs__xrfm
loclo_loo,scvi,materials,lightgbm,full,none,within_drug,MCC,-0.0905849700520092,0.0013880600502147941,3,10.0,results/zenodo/grid/loclo_loo__scvi__materials__lightgbm
loclo_loo,scvi,materials,lightgbm,full,none,within_drug,AUROC,0.4397086987358954,0.009479068345751062,3,10.0,results/zenodo/grid/loclo_loo__scvi__materials__lightgbm
loclo_loo,scvi,materials,lightgbm,full,none,within_cell_line,MCC,0.010071117292711136,0.008752694535420448,3,12.0,results/zenodo/grid/loclo_loo__scvi__materials__lightgbm
loclo_loo,scvi,materials,lightgbm,full,none,within_cell_line,AUROC,0.5213791008893899,0.017086031575532373,3,12.0,results/zenodo/grid/loclo_loo__scvi__materials__lightgbm
loclo_loo,scvi,materials,lightgbm,full,none,overall,MCC,0.0100711172927111,0.0550323000775159,12,,results/zenodo/grid/loclo_loo__scvi__materials__lightgbm
loclo_loo,scvi,materials,lightgbm,full,none,overall,AUROC,0.5213791008893901,0.0432200697860218,12,,results/zenodo/grid/loclo_loo__scvi__materials__lightgbm
loclo_loo,scvi,materials,mlp,full,none,within_drug,MCC,-0.10762224433958643,0.02076307996008049,3,10.0,results/zenodo/grid/loclo_loo__scvi__materials__mlp
loclo_loo,scvi,materials,mlp,full,none,within_drug,AUROC,0.43505492024072207,0.0034050884399271573,3,10.0,results/zenodo/grid/loclo_loo__scvi__materials__mlp
loclo_loo,scvi,materials,mlp,full,none,within_cell_line,MCC,-0.020960752921074705,0.029678877779387325,3,12.0,results/zenodo/grid/loclo_loo__scvi__materials__mlp
loclo_loo,scvi,materials,mlp,full,none,within_cell_line,AUROC,0.4751029808783728,0.011027658284651623,3,12.0,results/zenodo/grid/loclo_loo__scvi__materials__mlp
loclo_loo,scvi,materials,mlp,full,none,overall,MCC,-0.0209607529210747,0.0233785616113498,12,,results/zenodo/grid/loclo_loo__scvi__materials__mlp
loclo_loo,scvi,materials,mlp,full,none,overall,AUROC,0.4751029808783728,0.0446679092543723,12,,results/zenodo/grid/loclo_loo__scvi__materials__mlp
loclo_loo,scvi,materials,xrfm,full,none,within_drug,MCC,-0.08796859652983913,0.03894121223410076,3,10.0,results/zenodo/grid/loclo_loo__scvi__materials__xrfm
loclo_loo,scvi,materials,xrfm,full,none,within_drug,AUROC,0.4308399810426449,0.008112092035902662,3,10.0,results/zenodo/grid/loclo_loo__scvi__materials__xrfm
loclo_loo,scvi,materials,xrfm,full,none,within_cell_line,MCC,0.0031002346540931897,0.039131476503546085,3,12.0,results/zenodo/grid/loclo_loo__scvi__materials__xrfm
loclo_loo,scvi,materials,xrfm,full,none,within_cell_line,AUROC,0.5004158208053345,0.024152446201042666,3,12.0,results/zenodo/grid/loclo_loo__scvi__materials__xrfm
loclo_loo,scvi,materials,xrfm,full,none,overall,MCC,0.0031002346540931,0.0429649847957278,12,,results/zenodo/grid/loclo_loo__scvi__materials__xrfm
loclo_loo,scvi,materials,xrfm,full,none,overall,AUROC,0.5004158208053346,0.039164759975622,12,,results/zenodo/grid/loclo_loo__scvi__materials__xrfm
loclo_loo,scvi,molformer,lightgbm,full,none,within_drug,MCC,-0.11225053540939837,0.017390626621771165,3,10.0,results/zenodo/grid/loclo_loo__scvi__molformer__lightgbm
loclo_loo,scvi,molformer,lightgbm,full,none,within_drug,AUROC,0.4431202176221327,0.013667546619996638,3,10.0,results/zenodo/grid/loclo_loo__scvi__molformer__lightgbm
loclo_loo,scvi,molformer,lightgbm,full,none,within_cell_line,MCC,0.001642173670674589,0.018881236338326633,3,12.0,results/zenodo/grid/loclo_loo__scvi__molformer__lightgbm
loclo_loo,scvi,molformer,lightgbm,full,none,within_cell_line,AUROC,0.5211014171644984,0.02203309376795004,3,12.0,results/zenodo/grid/loclo_loo__scvi__molformer__lightgbm
loclo_loo,scvi,molformer,lightgbm,full,none,overall,MCC,0.0016421736706746,0.0472519426986193,12,,results/zenodo/grid/loclo_loo__scvi__molformer__lightgbm
loclo_loo,scvi,molformer,lightgbm,full,none,overall,AUROC,0.5211014171644984,0.0435048960813858,12,,results/zenodo/grid/loclo_loo__scvi__molformer__lightgbm
loclo_loo,scvi,molformer,mlp,full,none,within_drug,MCC,-0.08118481181419492,0.007937707941371684,3,10.0,results/zenodo/grid/loclo_loo__scvi__molformer__mlp
loclo_loo,scvi,molformer,mlp,full,none,within_drug,AUROC,0.4255841368901618,0.007772236891918002,3,10.0,results/zenodo/grid/loclo_loo__scvi__molformer__mlp
loclo_loo,scvi,molformer,mlp,full,none,within_cell_line,MCC,-0.01962512320628725,0.016799996991573158,3,12.0,results/zenodo/grid/loclo_loo__scvi__molformer__mlp
loclo_loo,scvi,molformer,mlp,full,none,within_cell_line,AUROC,0.4616634121351988,0.012262402498848024,3,12.0,results/zenodo/grid/loclo_loo__scvi__molformer__mlp
loclo_loo,scvi,molformer,mlp,full,none,overall,MCC,-0.0196251232062872,0.021274953215076,12,,results/zenodo/grid/loclo_loo__scvi__molformer__mlp
loclo_loo,scvi,molformer,mlp,full,none,overall,AUROC,0.4616634121351988,0.0379222963665747,12,,results/zenodo/grid/loclo_loo__scvi__molformer__mlp
loclo_loo,scvi,molformer,xrfm,full,none,within_drug,MCC,-0.08898870207832503,0.017550135515313717,3,10.0,results/zenodo/grid/loclo_loo__scvi__molformer__xrfm
loclo_loo,scvi,molformer,xrfm,full,none,within_drug,AUROC,0.45075035496264065,0.0055136957901410575,3,10.0,results/zenodo/grid/loclo_loo__scvi__molformer__xrfm
loclo_loo,scvi,molformer,xrfm,full,none,within_cell_line,MCC,0.006821068127687205,0.03255991169244426,3,12.0,results/zenodo/grid/loclo_loo__scvi__molformer__xrfm
loclo_loo,scvi,molformer,xrfm,full,none,within_cell_line,AUROC,0.5264547842297085,0.015147071095522746,3,12.0,results/zenodo/grid/loclo_loo__scvi__molformer__xrfm
loclo_loo,scvi,molformer,xrfm,full,none,overall,MCC,0.0068210681276872,0.0441333632492455,12,,results/zenodo/grid/loclo_loo__scvi__molformer__xrfm
loclo_loo,scvi,molformer,xrfm,full,none,overall,AUROC,0.5264547842297085,0.040395057450731,12,,results/zenodo/grid/loclo_loo__scvi__molformer__xrfm
loclo_loo,scvi,morgan,lightgbm,full,none,within_drug,MCC,-0.07913906080510208,0.002996171468268996,3,10.0,results/zenodo/grid/loclo_loo__scvi__morgan__lightgbm
loclo_loo,scvi,morgan,lightgbm,full,none,within_drug,AUROC,0.4479144505303065,0.009682649419339199,3,10.0,results/zenodo/grid/loclo_loo__scvi__morgan__lightgbm
loclo_loo,scvi,morgan,lightgbm,full,none,within_cell_line,MCC,0.017575516638818952,0.01474848302013214,3,12.0,results/zenodo/grid/loclo_loo__scvi__morgan__lightgbm
loclo_loo,scvi,morgan,lightgbm,full,none,within_cell_line,AUROC,0.5265234099953869,0.02248937920052378,3,12.0,results/zenodo/grid/loclo_loo__scvi__morgan__lightgbm
loclo_loo,scvi,morgan,lightgbm,full,none,overall,MCC,0.0175755166388189,0.0556247706837625,12,,results/zenodo/grid/loclo_loo__scvi__morgan__lightgbm
loclo_loo,scvi,morgan,lightgbm,full,none,overall,AUROC,0.5265234099953869,0.0434221997733029,12,,results/zenodo/grid/loclo_loo__scvi__morgan__lightgbm
loclo_loo,scvi,morgan,mlp,full,none,within_drug,MCC,-0.04670543411660677,0.010259628665271995,3,10.0,results/zenodo/grid/loclo_loo__scvi__morgan__mlp
loclo_loo,scvi,morgan,mlp,full,none,within_drug,AUROC,0.45901575076292156,0.01051282412446694,3,10.0,results/zenodo/grid/loclo_loo__scvi__morgan__mlp
loclo_loo,scvi,morgan,mlp,full,none,within_cell_line,MCC,0.0167934663111664,0.02387189141980222,3,12.0,results/zenodo/grid/loclo_loo__scvi__morgan__mlp
loclo_loo,scvi,morgan,mlp,full,none,within_cell_line,AUROC,0.5022268957583227,0.017025001913743558,3,12.0,results/zenodo/grid/loclo_loo__scvi__morgan__mlp
loclo_loo,scvi,morgan,mlp,full,none,overall,MCC,0.0167934663111664,0.0225186613987617,12,,results/zenodo/grid/loclo_loo__scvi__morgan__mlp
loclo_loo,scvi,morgan,mlp,full,none,overall,AUROC,0.5022268957583226,0.0398644826782376,12,,results/zenodo/grid/loclo_loo__scvi__morgan__mlp
loclo_loo,scvi,morgan,xrfm,full,none,within_drug,MCC,-0.08237639547374277,0.026706550138308173,3,10.0,results/zenodo/grid/loclo_loo__scvi__morgan__xrfm
loclo_loo,scvi,morgan,xrfm,full,none,within_drug,AUROC,0.44451099810645617,0.014770569413756068,3,10.0,results/zenodo/grid/loclo_loo__scvi__morgan__xrfm
loclo_loo,scvi,morgan,xrfm,full,none,within_cell_line,MCC,-0.006857608792464495,0.03660913180740353,3,12.0,results/zenodo/grid/loclo_loo__scvi__morgan__xrfm
loclo_loo,scvi,morgan,xrfm,full,none,within_cell_line,AUROC,0.512420223432294,0.024035070321541972,3,12.0,results/zenodo/grid/loclo_loo__scvi__morgan__xrfm
loclo_loo,scvi,morgan,xrfm,full,none,overall,MCC,-0.0068576087924644,0.0328446136037245,12,,results/zenodo/grid/loclo_loo__scvi__morgan__xrfm
loclo_loo,scvi,morgan,xrfm,full,none,overall,AUROC,0.512420223432294,0.027303581442329,12,,results/zenodo/grid/loclo_loo__scvi__morgan__xrfm
lodo_loo,gene_jepa,biomed,lightgbm,full,none,within_drug,MCC,0.2449529052965936,0.003688705542285228,3,10.0,results/zenodo/grid/lodo_loo__gene_jepa__biomed__lightgbm
lodo_loo,gene_jepa,biomed,lightgbm,full,none,within_drug,AUROC,0.6651428941492731,0.001302879384050598,3,10.0,results/zenodo/grid/lodo_loo__gene_jepa__biomed__lightgbm
lodo_loo,gene_jepa,biomed,lightgbm,full,none,within_cell_line,MCC,0.22012822897361142,0.005438329414646374,3,12.0,results/zenodo/grid/lodo_loo__gene_jepa__biomed__lightgbm
lodo_loo,gene_jepa,biomed,lightgbm,full,none,within_cell_line,AUROC,0.6514140123785577,0.004348149998843689,3,12.0,results/zenodo/grid/lodo_loo__gene_jepa__biomed__lightgbm
lodo_loo,gene_jepa,biomed,lightgbm,full,none,overall,MCC,0.2449529052965936,0.0867832185313792,10,,results/zenodo/grid/lodo_loo__gene_jepa__biomed__lightgbm
lodo_loo,gene_jepa,biomed,lightgbm,full,none,overall,AUROC,0.665142894149273,0.0535312751564518,10,,results/zenodo/grid/lodo_loo__gene_jepa__biomed__lightgbm
lodo_loo,gene_jepa,biomed,mlp,full,none,within_drug,MCC,0.0760033829038303,0.0036262808088735757,3,10.0,results/zenodo/grid/lodo_loo__gene_jepa__biomed__mlp
lodo_loo,gene_jepa,biomed,mlp,full,none,within_drug,AUROC,0.5696311205987644,0.001963178721464198,3,10.0,results/zenodo/grid/lodo_loo__gene_jepa__biomed__mlp
lodo_loo,gene_jepa,biomed,mlp,full,none,within_cell_line,MCC,0.06056877058097693,0.0035923103454309118,3,12.0,results/zenodo/grid/lodo_loo__gene_jepa__biomed__mlp
lodo_loo,gene_jepa,biomed,mlp,full,none,within_cell_line,AUROC,0.5798181024196442,0.0035364300285211686,3,12.0,results/zenodo/grid/lodo_loo__gene_jepa__biomed__mlp
lodo_loo,gene_jepa,biomed,mlp,full,none,overall,MCC,0.0760033829038303,0.0260531110786673,10,,results/zenodo/grid/lodo_loo__gene_jepa__biomed__mlp
lodo_loo,gene_jepa,biomed,mlp,full,none,overall,AUROC,0.5696311205987645,0.0336539417128044,10,,results/zenodo/grid/lodo_loo__gene_jepa__biomed__mlp
lodo_loo,gene_jepa,biomed,xrfm,full,none,within_drug,MCC,0.1569396340479808,0.009779370554838655,3,10.0,results/zenodo/grid/lodo_loo__gene_jepa__biomed__xrfm
lodo_loo,gene_jepa,biomed,xrfm,full,none,within_drug,AUROC,0.61001562284684,0.005841176274840735,3,10.0,results/zenodo/grid/lodo_loo__gene_jepa__biomed__xrfm
lodo_loo,gene_jepa,biomed,xrfm,full,none,within_cell_line,MCC,0.13784903274540428,0.013500889988932329,3,12.0,results/zenodo/grid/lodo_loo__gene_jepa__biomed__xrfm
lodo_loo,gene_jepa,biomed,xrfm,full,none,within_cell_line,AUROC,0.5970861099083562,0.010438897228200959,3,12.0,results/zenodo/grid/lodo_loo__gene_jepa__biomed__xrfm
lodo_loo,gene_jepa,biomed,xrfm,full,none,overall,MCC,0.1569396340479808,0.0778856272912949,10,,results/zenodo/grid/lodo_loo__gene_jepa__biomed__xrfm
lodo_loo,gene_jepa,biomed,xrfm,full,none,overall,AUROC,0.61001562284684,0.0490864911554408,10,,results/zenodo/grid/lodo_loo__gene_jepa__biomed__xrfm
lodo_loo,gene_jepa,chemberta,lightgbm,full,none,within_drug,MCC,0.23454709799324325,0.0018147174524360608,3,10.0,results/zenodo/grid/lodo_loo__gene_jepa__chemberta__lightgbm
lodo_loo,gene_jepa,chemberta,lightgbm,full,none,within_drug,AUROC,0.6565468803141586,0.0022827727709501065,3,10.0,results/zenodo/grid/lodo_loo__gene_jepa__chemberta__lightgbm
lodo_loo,gene_jepa,chemberta,lightgbm,full,none,within_cell_line,MCC,0.18950368722095004,0.00288672637135696,3,12.0,results/zenodo/grid/lodo_loo__gene_jepa__chemberta__lightgbm
lodo_loo,gene_jepa,chemberta,lightgbm,full,none,within_cell_line,AUROC,0.6444552489961475,0.0007640509989060316,3,12.0,results/zenodo/grid/lodo_loo__gene_jepa__chemberta__lightgbm
lodo_loo,gene_jepa,chemberta,lightgbm,full,none,overall,MCC,0.2345470979932432,0.1022795772383331,10,,results/zenodo/grid/lodo_loo__gene_jepa__chemberta__lightgbm
lodo_loo,gene_jepa,chemberta,lightgbm,full,none,overall,AUROC,0.6565468803141588,0.0596032083053871,10,,results/zenodo/grid/lodo_loo__gene_jepa__chemberta__lightgbm
lodo_loo,gene_jepa,chemberta,mlp,full,none,within_drug,MCC,0.04552763466329288,0.007272696473180608,3,10.0,results/zenodo/grid/lodo_loo__gene_jepa__chemberta__mlp
lodo_loo,gene_jepa,chemberta,mlp,full,none,within_drug,AUROC,0.5492710979939851,0.0049089477303917144,3,10.0,results/zenodo/grid/lodo_loo__gene_jepa__chemberta__mlp
lodo_loo,gene_jepa,chemberta,mlp,full,none,within_cell_line,MCC,0.025337070691894118,0.002460051510394193,3,12.0,results/zenodo/grid/lodo_loo__gene_jepa__chemberta__mlp
lodo_loo,gene_jepa,chemberta,mlp,full,none,within_cell_line,AUROC,0.5219437921913115,0.003753811664903474,3,12.0,results/zenodo/grid/lodo_loo__gene_jepa__chemberta__mlp
lodo_loo,gene_jepa,chemberta,mlp,full,none,overall,MCC,0.0455276346632929,0.0268336593483255,10,,results/zenodo/grid/lodo_loo__gene_jepa__chemberta__mlp
lodo_loo,gene_jepa,chemberta,mlp,full,none,overall,AUROC,0.5492710979939851,0.0254348498351045,10,,results/zenodo/grid/lodo_loo__gene_jepa__chemberta__mlp
lodo_loo,gene_jepa,chemberta,xrfm,full,none,within_drug,MCC,0.17204671024907173,0.00801839313610347,3,10.0,results/zenodo/grid/lodo_loo__gene_jepa__chemberta__xrfm
lodo_loo,gene_jepa,chemberta,xrfm,full,none,within_drug,AUROC,0.6218249380813483,0.0018030465974820634,3,10.0,results/zenodo/grid/lodo_loo__gene_jepa__chemberta__xrfm
lodo_loo,gene_jepa,chemberta,xrfm,full,none,within_cell_line,MCC,0.14766232597006532,0.006889212756841779,3,12.0,results/zenodo/grid/lodo_loo__gene_jepa__chemberta__xrfm
lodo_loo,gene_jepa,chemberta,xrfm,full,none,within_cell_line,AUROC,0.5988272926046706,0.004462206046267171,3,12.0,results/zenodo/grid/lodo_loo__gene_jepa__chemberta__xrfm
lodo_loo,gene_jepa,chemberta,xrfm,full,none,overall,MCC,0.1720467102490717,0.0630542038804416,10,,results/zenodo/grid/lodo_loo__gene_jepa__chemberta__xrfm
lodo_loo,gene_jepa,chemberta,xrfm,full,none,overall,AUROC,0.6218249380813482,0.0489891040836286,10,,results/zenodo/grid/lodo_loo__gene_jepa__chemberta__xrfm
lodo_loo,gene_jepa,maccs,lightgbm,full,none,within_drug,MCC,0.23318232267481687,0.0026065725021080658,3,10.0,results/zenodo/grid/lodo_loo__gene_jepa__maccs__lightgbm
lodo_loo,gene_jepa,maccs,lightgbm,full,none,within_drug,AUROC,0.6644113475965354,0.001400811425439956,3,10.0,results/zenodo/grid/lodo_loo__gene_jepa__maccs__lightgbm
lodo_loo,gene_jepa,maccs,lightgbm,full,none,within_cell_line,MCC,0.1847147044300408,0.002959330687573597,3,12.0,results/zenodo/grid/lodo_loo__gene_jepa__maccs__lightgbm
lodo_loo,gene_jepa,maccs,lightgbm,full,none,within_cell_line,AUROC,0.6316713399434305,0.0013642781627474065,3,12.0,results/zenodo/grid/lodo_loo__gene_jepa__maccs__lightgbm
lodo_loo,gene_jepa,maccs,lightgbm,full,none,overall,MCC,0.2331823226748169,0.0780750762458019,10,,results/zenodo/grid/lodo_loo__gene_jepa__maccs__lightgbm
lodo_loo,gene_jepa,maccs,lightgbm,full,none,overall,AUROC,0.6644113475965354,0.0637750698536606,10,,results/zenodo/grid/lodo_loo__gene_jepa__maccs__lightgbm
lodo_loo,gene_jepa,maccs,mlp,full,none,within_drug,MCC,0.06557550878608158,0.0040543163066521235,3,10.0,results/zenodo/grid/lodo_loo__gene_jepa__maccs__mlp
lodo_loo,gene_jepa,maccs,mlp,full,none,within_drug,AUROC,0.5688761850422602,0.0015986722428602137,3,10.0,results/zenodo/grid/lodo_loo__gene_jepa__maccs__mlp
lodo_loo,gene_jepa,maccs,mlp,full,none,within_cell_line,MCC,0.04334048868284774,0.005594933478277461,3,12.0,results/zenodo/grid/lodo_loo__gene_jepa__maccs__mlp
lodo_loo,gene_jepa,maccs,mlp,full,none,within_cell_line,AUROC,0.5716064101424175,0.002599753993530396,3,12.0,results/zenodo/grid/lodo_loo__gene_jepa__maccs__mlp
lodo_loo,gene_jepa,maccs,mlp,full,none,overall,MCC,0.0655755087860816,0.0353547869475335,10,,results/zenodo/grid/lodo_loo__gene_jepa__maccs__mlp
lodo_loo,gene_jepa,maccs,mlp,full,none,overall,AUROC,0.5688761850422602,0.0253414827141408,10,,results/zenodo/grid/lodo_loo__gene_jepa__maccs__mlp
lodo_loo,gene_jepa,maccs,xrfm,full,none,within_drug,MCC,0.1751070886414591,0.0037952871322229505,3,10.0,results/zenodo/grid/lodo_loo__gene_jepa__maccs__xrfm
lodo_loo,gene_jepa,maccs,xrfm,full,none,within_drug,AUROC,0.6150311503490603,0.002558256319594107,3,10.0,results/zenodo/grid/lodo_loo__gene_jepa__maccs__xrfm
lodo_loo,gene_jepa,maccs,xrfm,full,none,within_cell_line,MCC,0.11820227054968997,0.009698657249715508,3,12.0,results/zenodo/grid/lodo_loo__gene_jepa__maccs__xrfm
lodo_loo,gene_jepa,maccs,xrfm,full,none,within_cell_line,AUROC,0.5863936826466324,0.0026434197152095727,3,12.0,results/zenodo/grid/lodo_loo__gene_jepa__maccs__xrfm
lodo_loo,gene_jepa,maccs,xrfm,full,none,overall,MCC,0.1751070886414591,0.0751892884111524,10,,results/zenodo/grid/lodo_loo__gene_jepa__maccs__xrfm
lodo_loo,gene_jepa,maccs,xrfm,full,none,overall,AUROC,0.6150311503490603,0.0533180942963289,10,,results/zenodo/grid/lodo_loo__gene_jepa__maccs__xrfm
lodo_loo,gene_jepa,materials,lightgbm,full,none,within_drug,MCC,0.14666649452194522,0.009083262897990283,3,10.0,results/zenodo/grid/lodo_loo__gene_jepa__materials__lightgbm
lodo_loo,gene_jepa,materials,lightgbm,full,none,within_drug,AUROC,0.6418400407255903,0.0022784585254732133,3,10.0,results/zenodo/grid/lodo_loo__gene_jepa__materials__lightgbm
lodo_loo,gene_jepa,materials,lightgbm,full,none,within_cell_line,MCC,0.16847105080892635,0.0065861755541345894,3,12.0,results/zenodo/grid/lodo_loo__gene_jepa__materials__lightgbm
lodo_loo,gene_jepa,materials,lightgbm,full,none,within_cell_line,AUROC,0.6174536360578379,0.007479431814709596,3,12.0,results/zenodo/grid/lodo_loo__gene_jepa__materials__lightgbm
lodo_loo,gene_jepa,materials,lightgbm,full,none,overall,MCC,0.1466664945219452,0.0587775894687386,10,,results/zenodo/grid/lodo_loo__gene_jepa__materials__lightgbm
lodo_loo,gene_jepa,materials,lightgbm,full,none,overall,AUROC,0.6418400407255904,0.0554245184587005,10,,results/zenodo/grid/lodo_loo__gene_jepa__materials__lightgbm
lodo_loo,gene_jepa,materials,mlp,full,none,within_drug,MCC,0.02119557352420308,0.0003641211055489762,3,10.0,results/zenodo/grid/lodo_loo__gene_jepa__materials__mlp
lodo_loo,gene_jepa,materials,mlp,full,none,within_drug,AUROC,0.5256618816378303,0.0021179951504566408,3,10.0,results/zenodo/grid/lodo_loo__gene_jepa__materials__mlp
lodo_loo,gene_jepa,materials,mlp,full,none,within_cell_line,MCC,-0.0020192558518137916,0.004998774766806611,3,12.0,results/zenodo/grid/lodo_loo__gene_jepa__materials__mlp
lodo_loo,gene_jepa,materials,mlp,full,none,within_cell_line,AUROC,0.48373308854691377,0.00538326236278318,3,12.0,results/zenodo/grid/lodo_loo__gene_jepa__materials__mlp
lodo_loo,gene_jepa,materials,mlp,full,none,overall,MCC,0.021195573524203,0.0317336758363081,10,,results/zenodo/grid/lodo_loo__gene_jepa__materials__mlp
lodo_loo,gene_jepa,materials,mlp,full,none,overall,AUROC,0.5256618816378303,0.0344994148343303,10,,results/zenodo/grid/lodo_loo__gene_jepa__materials__mlp
lodo_loo,gene_jepa,materials,xrfm,full,none,within_drug,MCC,0.11083837697478716,0.007772865132734377,3,10.0,results/zenodo/grid/lodo_loo__gene_jepa__materials__xrfm
lodo_loo,gene_jepa,materials,xrfm,full,none,within_drug,AUROC,0.590692284337385,0.004067783793252562,3,10.0,results/zenodo/grid/lodo_loo__gene_jepa__materials__xrfm
lodo_loo,gene_jepa,materials,xrfm,full,none,within_cell_line,MCC,0.11108834180469261,0.010907505519349782,3,12.0,results/zenodo/grid/lodo_loo__gene_jepa__materials__xrfm
lodo_loo,gene_jepa,materials,xrfm,full,none,within_cell_line,AUROC,0.5840183178345092,0.01814596308407125,3,12.0,results/zenodo/grid/lodo_loo__gene_jepa__materials__xrfm
lodo_loo,gene_jepa,materials,xrfm,full,none,overall,MCC,0.1108383769747871,0.0439442172872536,10,,results/zenodo/grid/lodo_loo__gene_jepa__materials__xrfm
lodo_loo,gene_jepa,materials,xrfm,full,none,overall,AUROC,0.590692284337385,0.0441674707704008,10,,results/zenodo/grid/lodo_loo__gene_jepa__materials__xrfm
lodo_loo,gene_jepa,molformer,lightgbm,full,none,within_drug,MCC,0.25950881535094517,0.00026486479571994823,3,10.0,results/zenodo/grid/lodo_loo__gene_jepa__molformer__lightgbm
lodo_loo,gene_jepa,molformer,lightgbm,full,none,within_drug,AUROC,0.6663315880361976,0.0019911850641718327,3,10.0,results/zenodo/grid/lodo_loo__gene_jepa__molformer__lightgbm
lodo_loo,gene_jepa,molformer,lightgbm,full,none,within_cell_line,MCC,0.20176752484396207,0.002902000735333244,3,12.0,results/zenodo/grid/lodo_loo__gene_jepa__molformer__lightgbm
lodo_loo,gene_jepa,molformer,lightgbm,full,none,within_cell_line,AUROC,0.6453713368987907,0.0012104842375297675,3,12.0,results/zenodo/grid/lodo_loo__gene_jepa__molformer__lightgbm
lodo_loo,gene_jepa,molformer,lightgbm,full,none,overall,MCC,0.2595088153509452,0.0900551417002719,10,,results/zenodo/grid/lodo_loo__gene_jepa__molformer__lightgbm
lodo_loo,gene_jepa,molformer,lightgbm,full,none,overall,AUROC,0.6663315880361976,0.0572468881209808,10,,results/zenodo/grid/lodo_loo__gene_jepa__molformer__lightgbm
lodo_loo,gene_jepa,molformer,mlp,full,none,within_drug,MCC,0.0518906297435261,0.005358061324892763,3,10.0,results/zenodo/grid/lodo_loo__gene_jepa__molformer__mlp
lodo_loo,gene_jepa,molformer,mlp,full,none,within_drug,AUROC,0.5461980741419937,0.006244625599062765,3,10.0,results/zenodo/grid/lodo_loo__gene_jepa__molformer__mlp
lodo_loo,gene_jepa,molformer,mlp,full,none,within_cell_line,MCC,0.02290245795273819,0.004929106956013966,3,12.0,results/zenodo/grid/lodo_loo__gene_jepa__molformer__mlp
lodo_loo,gene_jepa,molformer,mlp,full,none,within_cell_line,AUROC,0.5247847945322449,0.004278207796322162,3,12.0,results/zenodo/grid/lodo_loo__gene_jepa__molformer__mlp
lodo_loo,gene_jepa,molformer,mlp,full,none,overall,MCC,0.0518906297435261,0.0276524762894613,10,,results/zenodo/grid/lodo_loo__gene_jepa__molformer__mlp
lodo_loo,gene_jepa,molformer,mlp,full,none,overall,AUROC,0.5461980741419936,0.026150184102964,10,,results/zenodo/grid/lodo_loo__gene_jepa__molformer__mlp
lodo_loo,gene_jepa,molformer,xrfm,full,none,within_drug,MCC,0.17325331482946793,0.01080934187029877,3,10.0,results/zenodo/grid/lodo_loo__gene_jepa__molformer__xrfm
lodo_loo,gene_jepa,molformer,xrfm,full,none,within_drug,AUROC,0.6102082339461221,0.0065714972147696915,3,10.0,results/zenodo/grid/lodo_loo__gene_jepa__molformer__xrfm
lodo_loo,gene_jepa,molformer,xrfm,full,none,within_cell_line,MCC,0.13798536786263407,0.004418561864294509,3,12.0,results/zenodo/grid/lodo_loo__gene_jepa__molformer__xrfm
lodo_loo,gene_jepa,molformer,xrfm,full,none,within_cell_line,AUROC,0.599375752090087,0.005524880346983114,3,12.0,results/zenodo/grid/lodo_loo__gene_jepa__molformer__xrfm
lodo_loo,gene_jepa,molformer,xrfm,full,none,overall,MCC,0.1732533148294679,0.0902686581950966,10,,results/zenodo/grid/lodo_loo__gene_jepa__molformer__xrfm
lodo_loo,gene_jepa,molformer,xrfm,full,none,overall,AUROC,0.6102082339461221,0.055955884901772,10,,results/zenodo/grid/lodo_loo__gene_jepa__molformer__xrfm
lodo_loo,gene_jepa,morgan,lightgbm,full,none,within_drug,MCC,0.1810454445923675,0.004893086639514095,3,10.0,results/zenodo/grid/lodo_loo__gene_jepa__morgan__lightgbm
lodo_loo,gene_jepa,morgan,lightgbm,full,none,within_drug,AUROC,0.6451762903527106,0.0011267474683490613,3,10.0,results/zenodo/grid/lodo_loo__gene_jepa__morgan__lightgbm
lodo_loo,gene_jepa,morgan,lightgbm,full,none,within_cell_line,MCC,0.2001094284232019,0.004565880239402152,3,12.0,results/zenodo/grid/lodo_loo__gene_jepa__morgan__lightgbm
lodo_loo,gene_jepa,morgan,lightgbm,full,none,within_cell_line,AUROC,0.6196841164778791,0.002407827853474777,3,12.0,results/zenodo/grid/lodo_loo__gene_jepa__morgan__lightgbm
lodo_loo,gene_jepa,morgan,lightgbm,full,none,overall,MCC,0.1810454445923675,0.0596847445159761,10,,results/zenodo/grid/lodo_loo__gene_jepa__morgan__lightgbm
lodo_loo,gene_jepa,morgan,lightgbm,full,none,overall,AUROC,0.6451762903527107,0.0621419259050527,10,,results/zenodo/grid/lodo_loo__gene_jepa__morgan__lightgbm
lodo_loo,gene_jepa,morgan,mlp,full,none,within_drug,MCC,0.07305135112807397,0.004686272953832958,3,10.0,results/zenodo/grid/lodo_loo__gene_jepa__morgan__mlp
lodo_loo,gene_jepa,morgan,mlp,full,none,within_drug,AUROC,0.5558147707810265,0.0031695851618326236,3,10.0,results/zenodo/grid/lodo_loo__gene_jepa__morgan__mlp
lodo_loo,gene_jepa,morgan,mlp,full,none,within_cell_line,MCC,0.06175103245619105,0.00845858882910228,3,12.0,results/zenodo/grid/lodo_loo__gene_jepa__morgan__mlp
lodo_loo,gene_jepa,morgan,mlp,full,none,within_cell_line,AUROC,0.5564617841288014,0.0063390940480637665,3,12.0,results/zenodo/grid/lodo_loo__gene_jepa__morgan__mlp
lodo_loo,gene_jepa,morgan,mlp,full,none,overall,MCC,0.0730513511280739,0.0275932173564425,10,,results/zenodo/grid/lodo_loo__gene_jepa__morgan__mlp
lodo_loo,gene_jepa,morgan,mlp,full,none,overall,AUROC,0.5558147707810266,0.0308795921665113,10,,results/zenodo/grid/lodo_loo__gene_jepa__morgan__mlp
lodo_loo,gene_jepa,morgan,xrfm,full,none,within_drug,MCC,0.14255189426063,0.0024778683572993735,3,10.0,results/zenodo/grid/lodo_loo__gene_jepa__morgan__xrfm
lodo_loo,gene_jepa,morgan,xrfm,full,none,within_drug,AUROC,0.603957391781723,0.004060169998244084,3,10.0,results/zenodo/grid/lodo_loo__gene_jepa__morgan__xrfm
lodo_loo,gene_jepa,morgan,xrfm,full,none,within_cell_line,MCC,0.12330019612179567,0.0029482982932608824,3,12.0,results/zenodo/grid/lodo_loo__gene_jepa__morgan__xrfm
lodo_loo,gene_jepa,morgan,xrfm,full,none,within_cell_line,AUROC,0.610681268406407,0.0071735421765225585,3,12.0,results/zenodo/grid/lodo_loo__gene_jepa__morgan__xrfm
lodo_loo,gene_jepa,morgan,xrfm,full,none,overall,MCC,0.14255189426063,0.0473496059150866,10,,results/zenodo/grid/lodo_loo__gene_jepa__morgan__xrfm
lodo_loo,gene_jepa,morgan,xrfm,full,none,overall,AUROC,0.6039573917817231,0.0413908494250903,10,,results/zenodo/grid/lodo_loo__gene_jepa__morgan__xrfm
lodo_loo,gformer_cancer,biomed,lightgbm,full,none,within_drug,MCC,0.25204246184044693,0.010921449590772157,3,10.0,results/zenodo/grid/lodo_loo__gformer_cancer__biomed__lightgbm
lodo_loo,gformer_cancer,biomed,lightgbm,full,none,within_drug,AUROC,0.6529471331351835,0.005575800000247237,3,10.0,results/zenodo/grid/lodo_loo__gformer_cancer__biomed__lightgbm
lodo_loo,gformer_cancer,biomed,lightgbm,full,none,within_cell_line,MCC,0.17947170466823784,0.0055799462592119676,3,12.0,results/zenodo/grid/lodo_loo__gformer_cancer__biomed__lightgbm
lodo_loo,gformer_cancer,biomed,lightgbm,full,none,within_cell_line,AUROC,0.57968674638427,0.00623096825532251,3,12.0,results/zenodo/grid/lodo_loo__gformer_cancer__biomed__lightgbm
lodo_loo,gformer_cancer,biomed,lightgbm,full,none,overall,MCC,0.252042461840447,0.1246192574967604,10,,results/zenodo/grid/lodo_loo__gformer_cancer__biomed__lightgbm
lodo_loo,gformer_cancer,biomed,lightgbm,full,none,overall,AUROC,0.6529471331351836,0.0792501546262665,10,,results/zenodo/grid/lodo_loo__gformer_cancer__biomed__lightgbm
lodo_loo,gformer_cancer,biomed,mlp,full,none,within_drug,MCC,0.12956720868382524,0.015644309521068607,3,10.0,results/zenodo/grid/lodo_loo__gformer_cancer__biomed__mlp
lodo_loo,gformer_cancer,biomed,mlp,full,none,within_drug,AUROC,0.6289081745589946,0.004705431677663257,3,10.0,results/zenodo/grid/lodo_loo__gformer_cancer__biomed__mlp
lodo_loo,gformer_cancer,biomed,mlp,full,none,within_cell_line,MCC,0.14679493641405658,0.0009902823337010111,3,12.0,results/zenodo/grid/lodo_loo__gformer_cancer__biomed__mlp
lodo_loo,gformer_cancer,biomed,mlp,full,none,within_cell_line,AUROC,0.5941676359972817,0.008875865093184292,3,12.0,results/zenodo/grid/lodo_loo__gformer_cancer__biomed__mlp
lodo_loo,gformer_cancer,biomed,mlp,full,none,overall,MCC,0.1295672086838252,0.1051927519315532,10,,results/zenodo/grid/lodo_loo__gformer_cancer__biomed__mlp
lodo_loo,gformer_cancer,biomed,mlp,full,none,overall,AUROC,0.6289081745589946,0.0777873300326322,10,,results/zenodo/grid/lodo_loo__gformer_cancer__biomed__mlp
lodo_loo,gformer_cancer,biomed,xrfm,full,none,within_drug,MCC,0.11085876122277234,0.014690719807261334,3,10.0,results/zenodo/grid/lodo_loo__gformer_cancer__biomed__xrfm
lodo_loo,gformer_cancer,biomed,xrfm,full,none,within_drug,AUROC,0.6218300493359182,0.0011804937616146512,3,10.0,results/zenodo/grid/lodo_loo__gformer_cancer__biomed__xrfm
lodo_loo,gformer_cancer,biomed,xrfm,full,none,within_cell_line,MCC,0.161990592261878,0.0040193542547929005,3,12.0,results/zenodo/grid/lodo_loo__gformer_cancer__biomed__xrfm
lodo_loo,gformer_cancer,biomed,xrfm,full,none,within_cell_line,AUROC,0.6327300424827141,0.0019742870988643485,3,12.0,results/zenodo/grid/lodo_loo__gformer_cancer__biomed__xrfm
lodo_loo,gformer_cancer,biomed,xrfm,full,none,overall,MCC,0.1108587612227723,0.0887496461011411,10,,results/zenodo/grid/lodo_loo__gformer_cancer__biomed__xrfm
lodo_loo,gformer_cancer,biomed,xrfm,full,none,overall,AUROC,0.6218300493359181,0.0620190909814343,10,,results/zenodo/grid/lodo_loo__gformer_cancer__biomed__xrfm
lodo_loo,gformer_cancer,chemberta,lightgbm,full,none,within_drug,MCC,0.2532855789232668,0.0018633874867416175,3,10.0,results/zenodo/grid/lodo_loo__gformer_cancer__chemberta__lightgbm
lodo_loo,gformer_cancer,chemberta,lightgbm,full,none,within_drug,AUROC,0.6520503900709084,0.003952858090659617,3,10.0,results/zenodo/grid/lodo_loo__gformer_cancer__chemberta__lightgbm
lodo_loo,gformer_cancer,chemberta,lightgbm,full,none,within_cell_line,MCC,0.15272805319294347,0.00554596222081771,3,12.0,results/zenodo/grid/lodo_loo__gformer_cancer__chemberta__lightgbm
lodo_loo,gformer_cancer,chemberta,lightgbm,full,none,within_cell_line,AUROC,0.5801214986135165,0.002965957703972754,3,12.0,results/zenodo/grid/lodo_loo__gformer_cancer__chemberta__lightgbm
lodo_loo,gformer_cancer,chemberta,lightgbm,full,none,overall,MCC,0.2532855789232669,0.1260316530277759,10,,results/zenodo/grid/lodo_loo__gformer_cancer__chemberta__lightgbm
lodo_loo,gformer_cancer,chemberta,lightgbm,full,none,overall,AUROC,0.6520503900709084,0.0782839388579939,10,,results/zenodo/grid/lodo_loo__gformer_cancer__chemberta__lightgbm
lodo_loo,gformer_cancer,chemberta,mlp,full,none,within_drug,MCC,0.17261846055433283,0.00681434932812355,3,10.0,results/zenodo/grid/lodo_loo__gformer_cancer__chemberta__mlp
lodo_loo,gformer_cancer,chemberta,mlp,full,none,within_drug,AUROC,0.6358618156395623,0.006700241522487941,3,10.0,results/zenodo/grid/lodo_loo__gformer_cancer__chemberta__mlp
lodo_loo,gformer_cancer,chemberta,mlp,full,none,within_cell_line,MCC,0.1399911362309064,0.00743028591250792,3,12.0,results/zenodo/grid/lodo_loo__gformer_cancer__chemberta__mlp
lodo_loo,gformer_cancer,chemberta,mlp,full,none,within_cell_line,AUROC,0.5831638635525921,0.002309951297505586,3,12.0,results/zenodo/grid/lodo_loo__gformer_cancer__chemberta__mlp
lodo_loo,gformer_cancer,chemberta,mlp,full,none,overall,MCC,0.1726184605543329,0.0944156399708449,10,,results/zenodo/grid/lodo_loo__gformer_cancer__chemberta__mlp
lodo_loo,gformer_cancer,chemberta,mlp,full,none,overall,AUROC,0.6358618156395622,0.0778782530998844,10,,results/zenodo/grid/lodo_loo__gformer_cancer__chemberta__mlp
lodo_loo,gformer_cancer,chemberta,xrfm,full,none,within_drug,MCC,0.17316604032244007,0.03520688762733143,3,10.0,results/zenodo/grid/lodo_loo__gformer_cancer__chemberta__xrfm
lodo_loo,gformer_cancer,chemberta,xrfm,full,none,within_drug,AUROC,0.6599929392905612,0.011674831153473491,3,10.0,results/zenodo/grid/lodo_loo__gformer_cancer__chemberta__xrfm
lodo_loo,gformer_cancer,chemberta,xrfm,full,none,within_cell_line,MCC,0.12237925821502012,0.020181214857956452,3,12.0,results/zenodo/grid/lodo_loo__gformer_cancer__chemberta__xrfm
lodo_loo,gformer_cancer,chemberta,xrfm,full,none,within_cell_line,AUROC,0.6002497163618105,0.016840971837863337,3,12.0,results/zenodo/grid/lodo_loo__gformer_cancer__chemberta__xrfm
lodo_loo,gformer_cancer,chemberta,xrfm,full,none,overall,MCC,0.17316604032244,0.093733741987073,10,,results/zenodo/grid/lodo_loo__gformer_cancer__chemberta__xrfm
lodo_loo,gformer_cancer,chemberta,xrfm,full,none,overall,AUROC,0.6599929392905612,0.0738109505284766,10,,results/zenodo/grid/lodo_loo__gformer_cancer__chemberta__xrfm
lodo_loo,gformer_cancer,maccs,lightgbm,full,none,within_drug,MCC,0.24201917751719107,0.0027932285186412966,3,10.0,results/zenodo/grid/lodo_loo__gformer_cancer__maccs__lightgbm
lodo_loo,gformer_cancer,maccs,lightgbm,full,none,within_drug,AUROC,0.6364122997670988,0.0027744583219674788,3,10.0,results/zenodo/grid/lodo_loo__gformer_cancer__maccs__lightgbm
lodo_loo,gformer_cancer,maccs,lightgbm,full,none,within_cell_line,MCC,0.17336168879445565,0.006694945839044874,3,12.0,results/zenodo/grid/lodo_loo__gformer_cancer__maccs__lightgbm
lodo_loo,gformer_cancer,maccs,lightgbm,full,none,within_cell_line,AUROC,0.5690973992904053,0.005468251107838264,3,12.0,results/zenodo/grid/lodo_loo__gformer_cancer__maccs__lightgbm
lodo_loo,gformer_cancer,maccs,lightgbm,full,none,overall,MCC,0.242019177517191,0.131814994283956,10,,results/zenodo/grid/lodo_loo__gformer_cancer__maccs__lightgbm
lodo_loo,gformer_cancer,maccs,lightgbm,full,none,overall,AUROC,0.6364122997670988,0.082514347460213,10,,results/zenodo/grid/lodo_loo__gformer_cancer__maccs__lightgbm
lodo_loo,gformer_cancer,maccs,mlp,full,none,within_drug,MCC,0.1869792670554836,0.017271380023675082,3,10.0,results/zenodo/grid/lodo_loo__gformer_cancer__maccs__mlp
lodo_loo,gformer_cancer,maccs,mlp,full,none,within_drug,AUROC,0.6341302365559267,0.0058693937742992,3,10.0,results/zenodo/grid/lodo_loo__gformer_cancer__maccs__mlp
lodo_loo,gformer_cancer,maccs,mlp,full,none,within_cell_line,MCC,0.1568562220717653,0.005062434130855069,3,12.0,results/zenodo/grid/lodo_loo__gformer_cancer__maccs__mlp
lodo_loo,gformer_cancer,maccs,mlp,full,none,within_cell_line,AUROC,0.5701038388547331,0.007579118273825869,3,12.0,results/zenodo/grid/lodo_loo__gformer_cancer__maccs__mlp
lodo_loo,gformer_cancer,maccs,mlp,full,none,overall,MCC,0.1869792670554836,0.0902225458997026,10,,results/zenodo/grid/lodo_loo__gformer_cancer__maccs__mlp
lodo_loo,gformer_cancer,maccs,mlp,full,none,overall,AUROC,0.6341302365559267,0.0756380051773884,10,,results/zenodo/grid/lodo_loo__gformer_cancer__maccs__mlp
lodo_loo,gformer_cancer,maccs,xrfm,full,none,within_drug,MCC,0.221851693762897,0.01718483086474962,3,10.0,results/zenodo/grid/lodo_loo__gformer_cancer__maccs__xrfm
lodo_loo,gformer_cancer,maccs,xrfm,full,none,within_drug,AUROC,0.6512555412258015,0.014805229933102957,3,10.0,results/zenodo/grid/lodo_loo__gformer_cancer__maccs__xrfm
lodo_loo,gformer_cancer,maccs,xrfm,full,none,within_cell_line,MCC,0.16926735358900388,0.014022558065234635,3,12.0,results/zenodo/grid/lodo_loo__gformer_cancer__maccs__xrfm
lodo_loo,gformer_cancer,maccs,xrfm,full,none,within_cell_line,AUROC,0.6085938719369898,0.009997044360618988,3,12.0,results/zenodo/grid/lodo_loo__gformer_cancer__maccs__xrfm
lodo_loo,gformer_cancer,maccs,xrfm,full,none,overall,MCC,0.221851693762897,0.0939345092392881,10,,results/zenodo/grid/lodo_loo__gformer_cancer__maccs__xrfm
lodo_loo,gformer_cancer,maccs,xrfm,full,none,overall,AUROC,0.6512555412258016,0.0788229341477365,10,,results/zenodo/grid/lodo_loo__gformer_cancer__maccs__xrfm
lodo_loo,gformer_cancer,materials,lightgbm,full,none,within_drug,MCC,0.24330108541588458,0.005488856760451611,3,10.0,results/zenodo/grid/lodo_loo__gformer_cancer__materials__lightgbm
lodo_loo,gformer_cancer,materials,lightgbm,full,none,within_drug,AUROC,0.6483559782554337,0.006258384314764228,3,10.0,results/zenodo/grid/lodo_loo__gformer_cancer__materials__lightgbm
lodo_loo,gformer_cancer,materials,lightgbm,full,none,within_cell_line,MCC,0.1857967526442679,0.002881533257406576,3,12.0,results/zenodo/grid/lodo_loo__gformer_cancer__materials__lightgbm
lodo_loo,gformer_cancer,materials,lightgbm,full,none,within_cell_line,AUROC,0.5761867712611932,0.00495956332667293,3,12.0,results/zenodo/grid/lodo_loo__gformer_cancer__materials__lightgbm
lodo_loo,gformer_cancer,materials,lightgbm,full,none,overall,MCC,0.2433010854158845,0.1251146548894792,10,,results/zenodo/grid/lodo_loo__gformer_cancer__materials__lightgbm
lodo_loo,gformer_cancer,materials,lightgbm,full,none,overall,AUROC,0.6483559782554338,0.0797144856313502,10,,results/zenodo/grid/lodo_loo__gformer_cancer__materials__lightgbm
lodo_loo,gformer_cancer,materials,mlp,full,none,within_drug,MCC,0.17528291186788583,0.01330679376326416,3,10.0,results/zenodo/grid/lodo_loo__gformer_cancer__materials__mlp
lodo_loo,gformer_cancer,materials,mlp,full,none,within_drug,AUROC,0.6395567622688222,0.0020299146381709413,3,10.0,results/zenodo/grid/lodo_loo__gformer_cancer__materials__mlp
lodo_loo,gformer_cancer,materials,mlp,full,none,within_cell_line,MCC,0.1661248756814635,0.002781846707047974,3,12.0,results/zenodo/grid/lodo_loo__gformer_cancer__materials__mlp
lodo_loo,gformer_cancer,materials,mlp,full,none,within_cell_line,AUROC,0.5808736509619971,0.00499341028327693,3,12.0,results/zenodo/grid/lodo_loo__gformer_cancer__materials__mlp
lodo_loo,gformer_cancer,materials,mlp,full,none,overall,MCC,0.1752829118678858,0.0960124658822063,10,,results/zenodo/grid/lodo_loo__gformer_cancer__materials__mlp
lodo_loo,gformer_cancer,materials,mlp,full,none,overall,AUROC,0.6395567622688223,0.0767956132005614,10,,results/zenodo/grid/lodo_loo__gformer_cancer__materials__mlp
lodo_loo,gformer_cancer,materials,xrfm,full,none,within_drug,MCC,0.1661190311615439,0.03127023540559013,3,10.0,results/zenodo/grid/lodo_loo__gformer_cancer__materials__xrfm
lodo_loo,gformer_cancer,materials,xrfm,full,none,within_drug,AUROC,0.6653966172371701,0.009874968822155552,3,10.0,results/zenodo/grid/lodo_loo__gformer_cancer__materials__xrfm
lodo_loo,gformer_cancer,materials,xrfm,full,none,within_cell_line,MCC,0.13697915760619386,0.015485918093313483,3,12.0,results/zenodo/grid/lodo_loo__gformer_cancer__materials__xrfm
lodo_loo,gformer_cancer,materials,xrfm,full,none,within_cell_line,AUROC,0.6238282241664221,0.01554677409104769,3,12.0,results/zenodo/grid/lodo_loo__gformer_cancer__materials__xrfm
lodo_loo,gformer_cancer,materials,xrfm,full,none,overall,MCC,0.1661190311615439,0.085940428608537,10,,results/zenodo/grid/lodo_loo__gformer_cancer__materials__xrfm
lodo_loo,gformer_cancer,materials,xrfm,full,none,overall,AUROC,0.6653966172371703,0.071488828382653,10,,results/zenodo/grid/lodo_loo__gformer_cancer__materials__xrfm
lodo_loo,gformer_cancer,molformer,lightgbm,full,none,within_drug,MCC,0.2386354956309967,0.007595394785915284,3,10.0,results/zenodo/grid/lodo_loo__gformer_cancer__molformer__lightgbm
lodo_loo,gformer_cancer,molformer,lightgbm,full,none,within_drug,AUROC,0.6395375358090675,0.007373330934729597,3,10.0,results/zenodo/grid/lodo_loo__gformer_cancer__molformer__lightgbm
lodo_loo,gformer_cancer,molformer,lightgbm,full,none,within_cell_line,MCC,0.15361631044845878,0.004340430424120015,3,12.0,results/zenodo/grid/lodo_loo__gformer_cancer__molformer__lightgbm
lodo_loo,gformer_cancer,molformer,lightgbm,full,none,within_cell_line,AUROC,0.5714080854920476,0.005605893384830191,3,12.0,results/zenodo/grid/lodo_loo__gformer_cancer__molformer__lightgbm
lodo_loo,gformer_cancer,molformer,lightgbm,full,none,overall,MCC,0.2386354956309967,0.1315688901990049,10,,results/zenodo/grid/lodo_loo__gformer_cancer__molformer__lightgbm
lodo_loo,gformer_cancer,molformer,lightgbm,full,none,overall,AUROC,0.6395375358090675,0.0814340824163525,10,,results/zenodo/grid/lodo_loo__gformer_cancer__molformer__lightgbm
lodo_loo,gformer_cancer,molformer,mlp,full,none,within_drug,MCC,0.18879860365330967,0.027017230283521623,3,10.0,results/zenodo/grid/lodo_loo__gformer_cancer__molformer__mlp
lodo_loo,gformer_cancer,molformer,mlp,full,none,within_drug,AUROC,0.6217161637893875,0.009018089418894547,3,10.0,results/zenodo/grid/lodo_loo__gformer_cancer__molformer__mlp
lodo_loo,gformer_cancer,molformer,mlp,full,none,within_cell_line,MCC,0.1262802117431021,0.019342794039746345,3,12.0,results/zenodo/grid/lodo_loo__gformer_cancer__molformer__mlp
lodo_loo,gformer_cancer,molformer,mlp,full,none,within_cell_line,AUROC,0.5908924477591531,0.010702900443917956,3,12.0,results/zenodo/grid/lodo_loo__gformer_cancer__molformer__mlp
lodo_loo,gformer_cancer,molformer,mlp,full,none,overall,MCC,0.1887986036533097,0.0749919969104396,10,,results/zenodo/grid/lodo_loo__gformer_cancer__molformer__mlp
lodo_loo,gformer_cancer,molformer,mlp,full,none,overall,AUROC,0.6217161637893875,0.0636710511716567,10,,results/zenodo/grid/lodo_loo__gformer_cancer__molformer__mlp
lodo_loo,gformer_cancer,molformer,xrfm,full,none,within_drug,MCC,0.1839714223141724,0.028751049214105557,3,10.0,results/zenodo/grid/lodo_loo__gformer_cancer__molformer__xrfm
lodo_loo,gformer_cancer,molformer,xrfm,full,none,within_drug,AUROC,0.6428122886639412,0.0059883464878870245,3,10.0,results/zenodo/grid/lodo_loo__gformer_cancer__molformer__xrfm
lodo_loo,gformer_cancer,molformer,xrfm,full,none,within_cell_line,MCC,0.12532488524082794,0.027968154640258168,3,12.0,results/zenodo/grid/lodo_loo__gformer_cancer__molformer__xrfm
lodo_loo,gformer_cancer,molformer,xrfm,full,none,within_cell_line,AUROC,0.593507197987864,0.01057754186812384,3,12.0,results/zenodo/grid/lodo_loo__gformer_cancer__molformer__xrfm
lodo_loo,gformer_cancer,molformer,xrfm,full,none,overall,MCC,0.1839714223141724,0.1027072288049989,10,,results/zenodo/grid/lodo_loo__gformer_cancer__molformer__xrfm
lodo_loo,gformer_cancer,molformer,xrfm,full,none,overall,AUROC,0.6428122886639411,0.0786533340579115,10,,results/zenodo/grid/lodo_loo__gformer_cancer__molformer__xrfm
lodo_loo,gformer_cancer,morgan,lightgbm,full,none,within_drug,MCC,0.2557688889846769,0.0031624956222771074,3,10.0,results/zenodo/grid/lodo_loo__gformer_cancer__morgan__lightgbm
lodo_loo,gformer_cancer,morgan,lightgbm,full,none,within_drug,AUROC,0.6513864028764726,0.0032618691841206247,3,10.0,results/zenodo/grid/lodo_loo__gformer_cancer__morgan__lightgbm
lodo_loo,gformer_cancer,morgan,lightgbm,full,none,within_cell_line,MCC,0.17208001305523665,0.0030256130465955364,3,12.0,results/zenodo/grid/lodo_loo__gformer_cancer__morgan__lightgbm
lodo_loo,gformer_cancer,morgan,lightgbm,full,none,within_cell_line,AUROC,0.581005811303759,0.005662240043709381,3,12.0,results/zenodo/grid/lodo_loo__gformer_cancer__morgan__lightgbm
lodo_loo,gformer_cancer,morgan,lightgbm,full,none,overall,MCC,0.255768888984677,0.1282435566350468,10,,results/zenodo/grid/lodo_loo__gformer_cancer__morgan__lightgbm
lodo_loo,gformer_cancer,morgan,lightgbm,full,none,overall,AUROC,0.6513864028764726,0.0794046769242975,10,,results/zenodo/grid/lodo_loo__gformer_cancer__morgan__lightgbm
lodo_loo,gformer_cancer,morgan,mlp,full,none,within_drug,MCC,0.14681752836388798,0.021769200379743555,3,10.0,results/zenodo/grid/lodo_loo__gformer_cancer__morgan__mlp
lodo_loo,gformer_cancer,morgan,mlp,full,none,within_drug,AUROC,0.6254476834443213,0.0051274302685523215,3,10.0,results/zenodo/grid/lodo_loo__gformer_cancer__morgan__mlp
lodo_loo,gformer_cancer,morgan,mlp,full,none,within_cell_line,MCC,0.09775753731563959,0.009338399925264584,3,12.0,results/zenodo/grid/lodo_loo__gformer_cancer__morgan__mlp
lodo_loo,gformer_cancer,morgan,mlp,full,none,within_cell_line,AUROC,0.5503557600195476,0.002342394061400917,3,12.0,results/zenodo/grid/lodo_loo__gformer_cancer__morgan__mlp
lodo_loo,gformer_cancer,morgan,mlp,full,none,overall,MCC,0.146817528363888,0.073733391934536,10,,results/zenodo/grid/lodo_loo__gformer_cancer__morgan__mlp
lodo_loo,gformer_cancer,morgan,mlp,full,none,overall,AUROC,0.6254476834443212,0.0711304951740909,10,,results/zenodo/grid/lodo_loo__gformer_cancer__morgan__mlp
lodo_loo,gformer_cancer,morgan,xrfm,full,none,within_drug,MCC,0.13940677948064287,0.03319056625023004,3,10.0,results/zenodo/grid/lodo_loo__gformer_cancer__morgan__xrfm
lodo_loo,gformer_cancer,morgan,xrfm,full,none,within_drug,AUROC,0.6329024146699952,0.005837513497016965,3,10.0,results/zenodo/grid/lodo_loo__gformer_cancer__morgan__xrfm
lodo_loo,gformer_cancer,morgan,xrfm,full,none,within_cell_line,MCC,0.08418715062681352,0.03296489941274417,3,12.0,results/zenodo/grid/lodo_loo__gformer_cancer__morgan__xrfm
lodo_loo,gformer_cancer,morgan,xrfm,full,none,within_cell_line,AUROC,0.5702569914952752,0.013795893298980984,3,12.0,results/zenodo/grid/lodo_loo__gformer_cancer__morgan__xrfm
lodo_loo,gformer_cancer,morgan,xrfm,full,none,overall,MCC,0.1394067794806429,0.060158397039878,10,,results/zenodo/grid/lodo_loo__gformer_cancer__morgan__xrfm
lodo_loo,gformer_cancer,morgan,xrfm,full,none,overall,AUROC,0.6329024146699952,0.0726539125966103,10,,results/zenodo/grid/lodo_loo__gformer_cancer__morgan__xrfm
lodo_loo,pca,biomed,lightgbm,full,none,within_drug,MCC,0.1738792928027407,0.0031647037616639026,3,10.0,results/zenodo/grid/lodo_loo__pca__biomed__lightgbm
lodo_loo,pca,biomed,lightgbm,full,none,within_drug,AUROC,0.643903757351453,0.00381673875380494,3,10.0,results/zenodo/grid/lodo_loo__pca__biomed__lightgbm
lodo_loo,pca,biomed,lightgbm,full,none,within_cell_line,MCC,0.13548000379097327,0.007040659355788131,3,12.0,results/zenodo/grid/lodo_loo__pca__biomed__lightgbm
lodo_loo,pca,biomed,lightgbm,full,none,within_cell_line,AUROC,0.5772561000083668,0.008878210134571836,3,12.0,results/zenodo/grid/lodo_loo__pca__biomed__lightgbm
lodo_loo,pca,biomed,lightgbm,full,none,overall,MCC,0.1738792928027407,0.0972439287540647,10,,results/zenodo/grid/lodo_loo__pca__biomed__lightgbm
lodo_loo,pca,biomed,lightgbm,full,none,overall,AUROC,0.643903757351453,0.0761029340602669,10,,results/zenodo/grid/lodo_loo__pca__biomed__lightgbm
lodo_loo,pca,biomed,mlp,full,none,within_drug,MCC,0.12712800018544143,0.01930506899096792,3,10.0,results/zenodo/grid/lodo_loo__pca__biomed__mlp
lodo_loo,pca,biomed,mlp,full,none,within_drug,AUROC,0.5877282335917331,0.012274685869630977,3,10.0,results/zenodo/grid/lodo_loo__pca__biomed__mlp
lodo_loo,pca,biomed,mlp,full,none,within_cell_line,MCC,0.09377794571831988,0.008986397248098446,3,12.0,results/zenodo/grid/lodo_loo__pca__biomed__mlp
lodo_loo,pca,biomed,mlp,full,none,within_cell_line,AUROC,0.5061607204525398,0.009245919358883812,3,12.0,results/zenodo/grid/lodo_loo__pca__biomed__mlp
lodo_loo,pca,biomed,mlp,full,none,overall,MCC,0.1271280001854414,0.1015678079536331,10,,results/zenodo/grid/lodo_loo__pca__biomed__mlp
lodo_loo,pca,biomed,mlp,full,none,overall,AUROC,0.5877282335917331,0.0798991788825432,10,,results/zenodo/grid/lodo_loo__pca__biomed__mlp
lodo_loo,pca,biomed,xrfm,full,none,within_drug,MCC,-0.01397550504943181,0.010684535641533687,3,10.0,results/zenodo/grid/lodo_loo__pca__biomed__xrfm
lodo_loo,pca,biomed,xrfm,full,none,within_drug,AUROC,0.5121194177649211,0.0016268178886155984,3,10.0,results/zenodo/grid/lodo_loo__pca__biomed__xrfm
lodo_loo,pca,biomed,xrfm,full,none,within_cell_line,MCC,0.007861957232580577,0.018735523749466527,3,12.0,results/zenodo/grid/lodo_loo__pca__biomed__xrfm
lodo_loo,pca,biomed,xrfm,full,none,within_cell_line,AUROC,0.5146968619675524,0.026491134297896575,3,12.0,results/zenodo/grid/lodo_loo__pca__biomed__xrfm
lodo_loo,pca,biomed,xrfm,full,none,overall,MCC,-0.0139755050494318,0.0338487104338766,10,,results/zenodo/grid/lodo_loo__pca__biomed__xrfm
lodo_loo,pca,biomed,xrfm,full,none,overall,AUROC,0.5121194177649212,0.0628402537049631,10,,results/zenodo/grid/lodo_loo__pca__biomed__xrfm
lodo_loo,pca,chemberta,lightgbm,full,none,within_drug,MCC,0.16616663225519293,0.0038151773515392173,3,10.0,results/zenodo/grid/lodo_loo__pca__chemberta__lightgbm
lodo_loo,pca,chemberta,lightgbm,full,none,within_drug,AUROC,0.6395404180761135,0.0041923973912110545,3,10.0,results/zenodo/grid/lodo_loo__pca__chemberta__lightgbm
lodo_loo,pca,chemberta,lightgbm,full,none,within_cell_line,MCC,0.15481893116690248,0.0014198895224797558,3,12.0,results/zenodo/grid/lodo_loo__pca__chemberta__lightgbm
lodo_loo,pca,chemberta,lightgbm,full,none,within_cell_line,AUROC,0.5912233512762128,0.003341671871538378,3,12.0,results/zenodo/grid/lodo_loo__pca__chemberta__lightgbm
lodo_loo,pca,chemberta,lightgbm,full,none,overall,MCC,0.1661666322551929,0.1258909533290108,10,,results/zenodo/grid/lodo_loo__pca__chemberta__lightgbm
lodo_loo,pca,chemberta,lightgbm,full,none,overall,AUROC,0.6395404180761135,0.0815230671527179,10,,results/zenodo/grid/lodo_loo__pca__chemberta__lightgbm
lodo_loo,pca,chemberta,mlp,full,none,within_drug,MCC,0.07176636248952747,0.010561731132408096,3,10.0,results/zenodo/grid/lodo_loo__pca__chemberta__mlp
lodo_loo,pca,chemberta,mlp,full,none,within_drug,AUROC,0.5806873527294282,0.005649111305672763,3,10.0,results/zenodo/grid/lodo_loo__pca__chemberta__mlp
lodo_loo,pca,chemberta,mlp,full,none,within_cell_line,MCC,0.09005323313641735,0.00305920669573804,3,12.0,results/zenodo/grid/lodo_loo__pca__chemberta__mlp
lodo_loo,pca,chemberta,mlp,full,none,within_cell_line,AUROC,0.5318862772414216,0.0027077028036307264,3,12.0,results/zenodo/grid/lodo_loo__pca__chemberta__mlp
lodo_loo,pca,chemberta,mlp,full,none,overall,MCC,0.0717663624895274,0.0959613584405055,10,,results/zenodo/grid/lodo_loo__pca__chemberta__mlp
lodo_loo,pca,chemberta,mlp,full,none,overall,AUROC,0.5806873527294283,0.0809674552936394,10,,results/zenodo/grid/lodo_loo__pca__chemberta__mlp
lodo_loo,pca,chemberta,xrfm,full,none,within_drug,MCC,-0.031213950920063963,0.015124947587619519,3,10.0,results/zenodo/grid/lodo_loo__pca__chemberta__xrfm
lodo_loo,pca,chemberta,xrfm,full,none,within_drug,AUROC,0.46594164591292064,0.01911415449538094,3,10.0,results/zenodo/grid/lodo_loo__pca__chemberta__xrfm
lodo_loo,pca,chemberta,xrfm,full,none,within_cell_line,MCC,-0.00907280031881305,0.015787821200922147,3,12.0,results/zenodo/grid/lodo_loo__pca__chemberta__xrfm
lodo_loo,pca,chemberta,xrfm,full,none,within_cell_line,AUROC,0.4632362306330926,0.015972761170163087,3,12.0,results/zenodo/grid/lodo_loo__pca__chemberta__xrfm
lodo_loo,pca,chemberta,xrfm,full,none,overall,MCC,-0.0312139509200639,0.077199011906398,10,,results/zenodo/grid/lodo_loo__pca__chemberta__xrfm
lodo_loo,pca,chemberta,xrfm,full,none,overall,AUROC,0.4659416459129207,0.0630176497447728,10,,results/zenodo/grid/lodo_loo__pca__chemberta__xrfm
lodo_loo,pca,maccs,lightgbm,full,none,within_drug,MCC,0.1957083980220509,0.003113111661282865,3,10.0,results/zenodo/grid/lodo_loo__pca__maccs__lightgbm
lodo_loo,pca,maccs,lightgbm,full,none,within_drug,AUROC,0.6373425067298516,0.002730662654654395,3,10.0,results/zenodo/grid/lodo_loo__pca__maccs__lightgbm
lodo_loo,pca,maccs,lightgbm,full,none,within_cell_line,MCC,0.16894113958184276,0.002374239338355563,3,12.0,results/zenodo/grid/lodo_loo__pca__maccs__lightgbm
lodo_loo,pca,maccs,lightgbm,full,none,within_cell_line,AUROC,0.5945942387414647,0.005069258698947972,3,12.0,results/zenodo/grid/lodo_loo__pca__maccs__lightgbm
lodo_loo,pca,maccs,lightgbm,full,none,overall,MCC,0.1957083980220509,0.1227982841085552,10,,results/zenodo/grid/lodo_loo__pca__maccs__lightgbm
lodo_loo,pca,maccs,lightgbm,full,none,overall,AUROC,0.6373425067298516,0.0845375848165689,10,,results/zenodo/grid/lodo_loo__pca__maccs__lightgbm
lodo_loo,pca,maccs,mlp,full,none,within_drug,MCC,0.1162164031083245,0.005803021516364683,3,10.0,results/zenodo/grid/lodo_loo__pca__maccs__mlp
lodo_loo,pca,maccs,mlp,full,none,within_drug,AUROC,0.5902342816118477,0.0075878234232157945,3,10.0,results/zenodo/grid/lodo_loo__pca__maccs__mlp
lodo_loo,pca,maccs,mlp,full,none,within_cell_line,MCC,0.10723520802879451,0.012458354455607307,3,12.0,results/zenodo/grid/lodo_loo__pca__maccs__mlp
lodo_loo,pca,maccs,mlp,full,none,within_cell_line,AUROC,0.5394502062896872,0.013648658955993641,3,12.0,results/zenodo/grid/lodo_loo__pca__maccs__mlp
lodo_loo,pca,maccs,mlp,full,none,overall,MCC,0.1162164031083245,0.0999984657169426,10,,results/zenodo/grid/lodo_loo__pca__maccs__mlp
lodo_loo,pca,maccs,mlp,full,none,overall,AUROC,0.5902342816118477,0.0783116213937407,10,,results/zenodo/grid/lodo_loo__pca__maccs__mlp
lodo_loo,pca,maccs,xrfm,full,none,within_drug,MCC,0.06770158392192244,0.014702473722478742,3,10.0,results/zenodo/grid/lodo_loo__pca__maccs__xrfm
lodo_loo,pca,maccs,xrfm,full,none,within_drug,AUROC,0.5699762679821794,0.017430444301642728,3,10.0,results/zenodo/grid/lodo_loo__pca__maccs__xrfm
lodo_loo,pca,maccs,xrfm,full,none,within_cell_line,MCC,0.05068337794998029,0.008600150665253147,3,12.0,results/zenodo/grid/lodo_loo__pca__maccs__xrfm
lodo_loo,pca,maccs,xrfm,full,none,within_cell_line,AUROC,0.5618136327889215,0.01206093074181406,3,12.0,results/zenodo/grid/lodo_loo__pca__maccs__xrfm
lodo_loo,pca,maccs,xrfm,full,none,overall,MCC,0.0677015839219224,0.0791618374112849,10,,results/zenodo/grid/lodo_loo__pca__maccs__xrfm
lodo_loo,pca,maccs,xrfm,full,none,overall,AUROC,0.5699762679821794,0.0671675669322405,10,,results/zenodo/grid/lodo_loo__pca__maccs__xrfm
lodo_loo,pca,materials,lightgbm,full,none,within_drug,MCC,0.09289777270192272,0.016791378185282722,3,10.0,results/zenodo/grid/lodo_loo__pca__materials__lightgbm
lodo_loo,pca,materials,lightgbm,full,none,within_drug,AUROC,0.6185701303625672,0.004662224352951471,3,10.0,results/zenodo/grid/lodo_loo__pca__materials__lightgbm
lodo_loo,pca,materials,lightgbm,full,none,within_cell_line,MCC,0.12791849908982597,0.011294796536113287,3,12.0,results/zenodo/grid/lodo_loo__pca__materials__lightgbm
lodo_loo,pca,materials,lightgbm,full,none,within_cell_line,AUROC,0.5699049891635718,0.007440586942860051,3,12.0,results/zenodo/grid/lodo_loo__pca__materials__lightgbm
lodo_loo,pca,materials,lightgbm,full,none,overall,MCC,0.0928977727019227,0.103309638932696,10,,results/zenodo/grid/lodo_loo__pca__materials__lightgbm
lodo_loo,pca,materials,lightgbm,full,none,overall,AUROC,0.6185701303625674,0.0851221361565652,10,,results/zenodo/grid/lodo_loo__pca__materials__lightgbm
lodo_loo,pca,materials,mlp,full,none,within_drug,MCC,0.09188521043329417,0.005798350944684789,3,10.0,results/zenodo/grid/lodo_loo__pca__materials__mlp
lodo_loo,pca,materials,mlp,full,none,within_drug,AUROC,0.5753210683080735,0.010940634004998062,3,10.0,results/zenodo/grid/lodo_loo__pca__materials__mlp
lodo_loo,pca,materials,mlp,full,none,within_cell_line,MCC,0.09142601629056446,0.00867344186792146,3,12.0,results/zenodo/grid/lodo_loo__pca__materials__mlp
lodo_loo,pca,materials,mlp,full,none,within_cell_line,AUROC,0.5290728721633678,0.010065124809459884,3,12.0,results/zenodo/grid/lodo_loo__pca__materials__mlp
lodo_loo,pca,materials,mlp,full,none,overall,MCC,0.0918852104332942,0.1022785512215458,10,,results/zenodo/grid/lodo_loo__pca__materials__mlp
lodo_loo,pca,materials,mlp,full,none,overall,AUROC,0.5753210683080735,0.0822408614523471,10,,results/zenodo/grid/lodo_loo__pca__materials__mlp
lodo_loo,pca,materials,xrfm,full,none,within_drug,MCC,-0.05623001632816905,0.05002889052185399,3,10.0,results/zenodo/grid/lodo_loo__pca__materials__xrfm
lodo_loo,pca,materials,xrfm,full,none,within_drug,AUROC,0.4618800635387999,0.03943964518415198,3,10.0,results/zenodo/grid/lodo_loo__pca__materials__xrfm
lodo_loo,pca,materials,xrfm,full,none,within_cell_line,MCC,-0.03327457382385514,0.03190441592165789,3,12.0,results/zenodo/grid/lodo_loo__pca__materials__xrfm
lodo_loo,pca,materials,xrfm,full,none,within_cell_line,AUROC,0.4776682010400572,0.0475941377994082,3,12.0,results/zenodo/grid/lodo_loo__pca__materials__xrfm
lodo_loo,pca,materials,xrfm,full,none,overall,MCC,-0.056230016328169,0.0604922995703677,10,,results/zenodo/grid/lodo_loo__pca__materials__xrfm
lodo_loo,pca,materials,xrfm,full,none,overall,AUROC,0.4618800635387999,0.0519027974301761,10,,results/zenodo/grid/lodo_loo__pca__materials__xrfm
lodo_loo,pca,molformer,lightgbm,full,none,within_drug,MCC,0.22345367340968814,0.007105405380365766,3,10.0,results/zenodo/grid/lodo_loo__pca__molformer__lightgbm
lodo_loo,pca,molformer,lightgbm,full,none,within_drug,AUROC,0.6618378668444063,0.013196038722959252,3,10.0,results/zenodo/grid/lodo_loo__pca__molformer__lightgbm
lodo_loo,pca,molformer,lightgbm,full,none,within_cell_line,MCC,0.17027121743079435,0.001301090987233359,3,12.0,results/zenodo/grid/lodo_loo__pca__molformer__lightgbm
lodo_loo,pca,molformer,lightgbm,full,none,within_cell_line,AUROC,0.6002823370214171,0.007371354725827653,3,12.0,results/zenodo/grid/lodo_loo__pca__molformer__lightgbm
lodo_loo,pca,molformer,lightgbm,full,none,overall,MCC,0.2234536734096882,0.1185410287837644,10,,results/zenodo/grid/lodo_loo__pca__molformer__lightgbm
lodo_loo,pca,molformer,lightgbm,full,none,overall,AUROC,0.6618378668444062,0.0681255931177597,10,,results/zenodo/grid/lodo_loo__pca__molformer__lightgbm
lodo_loo,pca,molformer,mlp,full,none,within_drug,MCC,0.09800810949399481,0.008930668494266127,3,10.0,results/zenodo/grid/lodo_loo__pca__molformer__mlp
lodo_loo,pca,molformer,mlp,full,none,within_drug,AUROC,0.5701729627715894,0.013792593027793315,3,10.0,results/zenodo/grid/lodo_loo__pca__molformer__mlp
lodo_loo,pca,molformer,mlp,full,none,within_cell_line,MCC,0.06699854085717394,0.004142694010907618,3,12.0,results/zenodo/grid/lodo_loo__pca__molformer__mlp
lodo_loo,pca,molformer,mlp,full,none,within_cell_line,AUROC,0.5194399720958055,0.00839834192337749,3,12.0,results/zenodo/grid/lodo_loo__pca__molformer__mlp
lodo_loo,pca,molformer,mlp,full,none,overall,MCC,0.0980081094939948,0.1051716026757925,10,,results/zenodo/grid/lodo_loo__pca__molformer__mlp
lodo_loo,pca,molformer,mlp,full,none,overall,AUROC,0.5701729627715892,0.0763583045985073,10,,results/zenodo/grid/lodo_loo__pca__molformer__mlp
lodo_loo,pca,molformer,xrfm,full,none,within_drug,MCC,-0.017218878960218786,0.048678041990265195,3,10.0,results/zenodo/grid/lodo_loo__pca__molformer__xrfm
lodo_loo,pca,molformer,xrfm,full,none,within_drug,AUROC,0.4918222590079959,0.05120920508911526,3,10.0,results/zenodo/grid/lodo_loo__pca__molformer__xrfm
lodo_loo,pca,molformer,xrfm,full,none,within_cell_line,MCC,0.0402989917662346,0.013182993470479217,3,12.0,results/zenodo/grid/lodo_loo__pca__molformer__xrfm
lodo_loo,pca,molformer,xrfm,full,none,within_cell_line,AUROC,0.5315882163024971,0.027783335420684643,3,12.0,results/zenodo/grid/lodo_loo__pca__molformer__xrfm
lodo_loo,pca,molformer,xrfm,full,none,overall,MCC,-0.0172188789602187,0.0451267149121778,10,,results/zenodo/grid/lodo_loo__pca__molformer__xrfm
lodo_loo,pca,molformer,xrfm,full,none,overall,AUROC,0.4918222590079959,0.0526172346132755,10,,results/zenodo/grid/lodo_loo__pca__molformer__xrfm
lodo_loo,pca,morgan,lightgbm,full,none,within_drug,MCC,0.17858045050736912,0.008458976968997785,3,10.0,results/zenodo/grid/lodo_loo__pca__morgan__lightgbm
lodo_loo,pca,morgan,lightgbm,full,none,within_drug,AUROC,0.6427905541774194,0.00381882194187422,3,10.0,results/zenodo/grid/lodo_loo__pca__morgan__lightgbm
lodo_loo,pca,morgan,lightgbm,full,none,within_cell_line,MCC,0.16275128619336268,0.005624055670259511,3,12.0,results/zenodo/grid/lodo_loo__pca__morgan__lightgbm
lodo_loo,pca,morgan,lightgbm,full,none,within_cell_line,AUROC,0.5879769545005877,0.0022514519826070003,3,12.0,results/zenodo/grid/lodo_loo__pca__morgan__lightgbm
lodo_loo,pca,morgan,lightgbm,full,none,overall,MCC,0.1785804505073691,0.1046593346973539,10,,results/zenodo/grid/lodo_loo__pca__morgan__lightgbm
lodo_loo,pca,morgan,lightgbm,full,none,overall,AUROC,0.6427905541774194,0.0798930846397472,10,,results/zenodo/grid/lodo_loo__pca__morgan__lightgbm
lodo_loo,pca,morgan,mlp,full,none,within_drug,MCC,0.08503292014686241,0.004684937234862713,3,10.0,results/zenodo/grid/lodo_loo__pca__morgan__mlp
lodo_loo,pca,morgan,mlp,full,none,within_drug,AUROC,0.5795542515758103,0.004884890996716074,3,10.0,results/zenodo/grid/lodo_loo__pca__morgan__mlp
lodo_loo,pca,morgan,mlp,full,none,within_cell_line,MCC,0.08259355534180375,0.00040780684569023055,3,12.0,results/zenodo/grid/lodo_loo__pca__morgan__mlp
lodo_loo,pca,morgan,mlp,full,none,within_cell_line,AUROC,0.5206463932018502,0.004083826102363581,3,12.0,results/zenodo/grid/lodo_loo__pca__morgan__mlp
lodo_loo,pca,morgan,mlp,full,none,overall,MCC,0.0850329201468624,0.0867624160068961,10,,results/zenodo/grid/lodo_loo__pca__morgan__mlp
lodo_loo,pca,morgan,mlp,full,none,overall,AUROC,0.5795542515758104,0.080970833309247,10,,results/zenodo/grid/lodo_loo__pca__morgan__mlp
lodo_loo,pca,morgan,xrfm,full,none,within_drug,MCC,0.031443313213499004,0.018679437721812412,3,10.0,results/zenodo/grid/lodo_loo__pca__morgan__xrfm
lodo_loo,pca,morgan,xrfm,full,none,within_drug,AUROC,0.4924919048827187,0.02461018079790383,3,10.0,results/zenodo/grid/lodo_loo__pca__morgan__xrfm
lodo_loo,pca,morgan,xrfm,full,none,within_cell_line,MCC,0.10544006324411019,0.0353042943082127,3,12.0,results/zenodo/grid/lodo_loo__pca__morgan__xrfm
lodo_loo,pca,morgan,xrfm,full,none,within_cell_line,AUROC,0.5497504299484912,0.0314934599806647,3,12.0,results/zenodo/grid/lodo_loo__pca__morgan__xrfm
lodo_loo,pca,morgan,xrfm,full,none,overall,MCC,0.031443313213499,0.0295243451671887,10,,results/zenodo/grid/lodo_loo__pca__morgan__xrfm
lodo_loo,pca,morgan,xrfm,full,none,overall,AUROC,0.4924919048827186,0.047362181655743,10,,results/zenodo/grid/lodo_loo__pca__morgan__xrfm
lodo_loo,scgpt_pan,biomed,lightgbm,full,none,within_drug,MCC,0.17993699095328938,0.01844710197825085,3,10.0,results/zenodo/grid/lodo_loo__scgpt_pan__biomed__lightgbm
lodo_loo,scgpt_pan,biomed,lightgbm,full,none,within_drug,AUROC,0.6093484238255245,0.009545401655107236,3,10.0,results/zenodo/grid/lodo_loo__scgpt_pan__biomed__lightgbm
lodo_loo,scgpt_pan,biomed,lightgbm,full,none,within_cell_line,MCC,0.054622226278408535,0.01164789165642322,3,12.0,results/zenodo/grid/lodo_loo__scgpt_pan__biomed__lightgbm
lodo_loo,scgpt_pan,biomed,lightgbm,full,none,within_cell_line,AUROC,0.501627401942531,0.005319224866853449,3,12.0,results/zenodo/grid/lodo_loo__scgpt_pan__biomed__lightgbm
lodo_loo,scgpt_pan,biomed,lightgbm,full,none,overall,MCC,0.1799369909532893,0.1352211912586418,10,,results/zenodo/grid/lodo_loo__scgpt_pan__biomed__lightgbm
lodo_loo,scgpt_pan,biomed,lightgbm,full,none,overall,AUROC,0.6093484238255245,0.0864857078954025,10,,results/zenodo/grid/lodo_loo__scgpt_pan__biomed__lightgbm
lodo_loo,scgpt_pan,biomed,mlp,full,none,within_drug,MCC,-0.08012785591277292,0.009817784042433473,3,10.0,results/zenodo/grid/lodo_loo__scgpt_pan__biomed__mlp
lodo_loo,scgpt_pan,biomed,mlp,full,none,within_drug,AUROC,0.39544179620552167,0.004393028718254175,3,10.0,results/zenodo/grid/lodo_loo__scgpt_pan__biomed__mlp
lodo_loo,scgpt_pan,biomed,mlp,full,none,within_cell_line,MCC,-0.030585507496356173,0.01184507796626968,3,12.0,results/zenodo/grid/lodo_loo__scgpt_pan__biomed__mlp
lodo_loo,scgpt_pan,biomed,mlp,full,none,within_cell_line,AUROC,0.4318018098428898,0.005273843888829783,3,12.0,results/zenodo/grid/lodo_loo__scgpt_pan__biomed__mlp
lodo_loo,scgpt_pan,biomed,mlp,full,none,overall,MCC,-0.0801278559127729,0.0403987469551279,10,,results/zenodo/grid/lodo_loo__scgpt_pan__biomed__mlp
lodo_loo,scgpt_pan,biomed,mlp,full,none,overall,AUROC,0.3954417962055216,0.0636837761055395,10,,results/zenodo/grid/lodo_loo__scgpt_pan__biomed__mlp
lodo_loo,scgpt_pan,biomed,xrfm,full,none,within_drug,MCC,0.06104505556303022,0.01453834573641325,3,10.0,results/zenodo/grid/lodo_loo__scgpt_pan__biomed__xrfm
lodo_loo,scgpt_pan,biomed,xrfm,full,none,within_drug,AUROC,0.5574054763935928,0.011304396758871592,3,10.0,results/zenodo/grid/lodo_loo__scgpt_pan__biomed__xrfm
lodo_loo,scgpt_pan,biomed,xrfm,full,none,within_cell_line,MCC,0.09442953051874887,0.007266797600461698,3,12.0,results/zenodo/grid/lodo_loo__scgpt_pan__biomed__xrfm
lodo_loo,scgpt_pan,biomed,xrfm,full,none,within_cell_line,AUROC,0.5636532388223706,0.0035710688044966812,3,12.0,results/zenodo/grid/lodo_loo__scgpt_pan__biomed__xrfm
lodo_loo,scgpt_pan,biomed,xrfm,full,none,overall,MCC,0.0610450555630302,0.0676184675686283,10,,results/zenodo/grid/lodo_loo__scgpt_pan__biomed__xrfm
lodo_loo,scgpt_pan,biomed,xrfm,full,none,overall,AUROC,0.557405476393593,0.0565523707484699,10,,results/zenodo/grid/lodo_loo__scgpt_pan__biomed__xrfm
lodo_loo,scgpt_pan,chemberta,lightgbm,full,none,within_drug,MCC,0.1834994886538653,0.006482493444933587,3,10.0,results/zenodo/grid/lodo_loo__scgpt_pan__chemberta__lightgbm
lodo_loo,scgpt_pan,chemberta,lightgbm,full,none,within_drug,AUROC,0.6246200993172616,0.003824565757080824,3,10.0,results/zenodo/grid/lodo_loo__scgpt_pan__chemberta__lightgbm
lodo_loo,scgpt_pan,chemberta,lightgbm,full,none,within_cell_line,MCC,0.07649340600285126,0.009027815032413051,3,12.0,results/zenodo/grid/lodo_loo__scgpt_pan__chemberta__lightgbm
lodo_loo,scgpt_pan,chemberta,lightgbm,full,none,within_cell_line,AUROC,0.5255387107319174,0.003227959178135157,3,12.0,results/zenodo/grid/lodo_loo__scgpt_pan__chemberta__lightgbm
lodo_loo,scgpt_pan,chemberta,lightgbm,full,none,overall,MCC,0.1834994886538653,0.137898445565632,10,,results/zenodo/grid/lodo_loo__scgpt_pan__chemberta__lightgbm
lodo_loo,scgpt_pan,chemberta,lightgbm,full,none,overall,AUROC,0.6246200993172615,0.0851243226407299,10,,results/zenodo/grid/lodo_loo__scgpt_pan__chemberta__lightgbm
lodo_loo,scgpt_pan,chemberta,mlp,full,none,within_drug,MCC,-0.061864815781463516,0.005731783954888426,3,10.0,results/zenodo/grid/lodo_loo__scgpt_pan__chemberta__mlp
lodo_loo,scgpt_pan,chemberta,mlp,full,none,within_drug,AUROC,0.4490068997865781,0.007200052338443632,3,10.0,results/zenodo/grid/lodo_loo__scgpt_pan__chemberta__mlp
lodo_loo,scgpt_pan,chemberta,mlp,full,none,within_cell_line,MCC,-0.031238271381593134,0.00755403553701119,3,12.0,results/zenodo/grid/lodo_loo__scgpt_pan__chemberta__mlp
lodo_loo,scgpt_pan,chemberta,mlp,full,none,within_cell_line,AUROC,0.47098724736087655,0.018992035744198037,3,12.0,results/zenodo/grid/lodo_loo__scgpt_pan__chemberta__mlp
lodo_loo,scgpt_pan,chemberta,mlp,full,none,overall,MCC,-0.0618648157814635,0.04809235456113,10,,results/zenodo/grid/lodo_loo__scgpt_pan__chemberta__mlp
lodo_loo,scgpt_pan,chemberta,mlp,full,none,overall,AUROC,0.449006899786578,0.0373224091476546,10,,results/zenodo/grid/lodo_loo__scgpt_pan__chemberta__mlp
lodo_loo,scgpt_pan,chemberta,xrfm,full,none,within_drug,MCC,0.021351207785262404,0.004329922166170648,3,10.0,results/zenodo/grid/lodo_loo__scgpt_pan__chemberta__xrfm
lodo_loo,scgpt_pan,chemberta,xrfm,full,none,within_drug,AUROC,0.5543971776340012,0.0011071876515225069,3,10.0,results/zenodo/grid/lodo_loo__scgpt_pan__chemberta__xrfm
lodo_loo,scgpt_pan,chemberta,xrfm,full,none,within_cell_line,MCC,0.023991484032363664,0.0016254996154682713,3,12.0,results/zenodo/grid/lodo_loo__scgpt_pan__chemberta__xrfm
lodo_loo,scgpt_pan,chemberta,xrfm,full,none,within_cell_line,AUROC,0.4779932790678527,0.007945359280006436,3,12.0,results/zenodo/grid/lodo_loo__scgpt_pan__chemberta__xrfm
lodo_loo,scgpt_pan,chemberta,xrfm,full,none,overall,MCC,0.0213512077852624,0.0817556110362909,10,,results/zenodo/grid/lodo_loo__scgpt_pan__chemberta__xrfm
lodo_loo,scgpt_pan,chemberta,xrfm,full,none,overall,AUROC,0.5543971776340013,0.0705483487664865,10,,results/zenodo/grid/lodo_loo__scgpt_pan__chemberta__xrfm
lodo_loo,scgpt_pan,maccs,lightgbm,full,none,within_drug,MCC,0.17910727284988126,0.00566449249435008,3,10.0,results/zenodo/grid/lodo_loo__scgpt_pan__maccs__lightgbm
lodo_loo,scgpt_pan,maccs,lightgbm,full,none,within_drug,AUROC,0.6163627181111643,0.004050044871341576,3,10.0,results/zenodo/grid/lodo_loo__scgpt_pan__maccs__lightgbm
lodo_loo,scgpt_pan,maccs,lightgbm,full,none,within_cell_line,MCC,0.05488937219483747,0.002929807668145179,3,12.0,results/zenodo/grid/lodo_loo__scgpt_pan__maccs__lightgbm
lodo_loo,scgpt_pan,maccs,lightgbm,full,none,within_cell_line,AUROC,0.5148148722929583,0.0034197984387155924,3,12.0,results/zenodo/grid/lodo_loo__scgpt_pan__maccs__lightgbm
lodo_loo,scgpt_pan,maccs,lightgbm,full,none,overall,MCC,0.1791072728498812,0.1440835400472299,10,,results/zenodo/grid/lodo_loo__scgpt_pan__maccs__lightgbm
lodo_loo,scgpt_pan,maccs,lightgbm,full,none,overall,AUROC,0.6163627181111643,0.087524805295841,10,,results/zenodo/grid/lodo_loo__scgpt_pan__maccs__lightgbm
lodo_loo,scgpt_pan,maccs,mlp,full,none,within_drug,MCC,-0.04332078540027203,0.011622558644532587,3,10.0,results/zenodo/grid/lodo_loo__scgpt_pan__maccs__mlp
lodo_loo,scgpt_pan,maccs,mlp,full,none,within_drug,AUROC,0.47264439549304127,0.014399776908538957,3,10.0,results/zenodo/grid/lodo_loo__scgpt_pan__maccs__mlp
lodo_loo,scgpt_pan,maccs,mlp,full,none,within_cell_line,MCC,-0.02278239289558041,0.01092643940151448,3,12.0,results/zenodo/grid/lodo_loo__scgpt_pan__maccs__mlp
lodo_loo,scgpt_pan,maccs,mlp,full,none,within_cell_line,AUROC,0.4760363111220551,0.010410340039683098,3,12.0,results/zenodo/grid/lodo_loo__scgpt_pan__maccs__mlp
lodo_loo,scgpt_pan,maccs,mlp,full,none,overall,MCC,-0.043320785400272,0.0397186699099834,10,,results/zenodo/grid/lodo_loo__scgpt_pan__maccs__mlp
lodo_loo,scgpt_pan,maccs,mlp,full,none,overall,AUROC,0.4726443954930412,0.0477403210392365,10,,results/zenodo/grid/lodo_loo__scgpt_pan__maccs__mlp
lodo_loo,scgpt_pan,maccs,xrfm,full,none,within_drug,MCC,0.04230372338835167,0.0171166903136037,3,10.0,results/zenodo/grid/lodo_loo__scgpt_pan__maccs__xrfm
lodo_loo,scgpt_pan,maccs,xrfm,full,none,within_drug,AUROC,0.5550215540447981,0.0033598300682961342,3,10.0,results/zenodo/grid/lodo_loo__scgpt_pan__maccs__xrfm
lodo_loo,scgpt_pan,maccs,xrfm,full,none,within_cell_line,MCC,0.0029171922680201745,0.010324438286476069,3,12.0,results/zenodo/grid/lodo_loo__scgpt_pan__maccs__xrfm
lodo_loo,scgpt_pan,maccs,xrfm,full,none,within_cell_line,AUROC,0.5042500501725563,0.006028162174755642,3,12.0,results/zenodo/grid/lodo_loo__scgpt_pan__maccs__xrfm
lodo_loo,scgpt_pan,maccs,xrfm,full,none,overall,MCC,0.0423037233883516,0.0880294439251268,10,,results/zenodo/grid/lodo_loo__scgpt_pan__maccs__xrfm
lodo_loo,scgpt_pan,maccs,xrfm,full,none,overall,AUROC,0.5550215540447981,0.0774437927110726,10,,results/zenodo/grid/lodo_loo__scgpt_pan__maccs__xrfm
lodo_loo,scgpt_pan,materials,lightgbm,full,none,within_drug,MCC,0.16690598348913654,0.016739308372922902,3,10.0,results/zenodo/grid/lodo_loo__scgpt_pan__materials__lightgbm
lodo_loo,scgpt_pan,materials,lightgbm,full,none,within_drug,AUROC,0.6176269979309077,0.006135791475966163,3,10.0,results/zenodo/grid/lodo_loo__scgpt_pan__materials__lightgbm
lodo_loo,scgpt_pan,materials,lightgbm,full,none,within_cell_line,MCC,0.06410255338637343,0.015849370142523075,3,12.0,results/zenodo/grid/lodo_loo__scgpt_pan__materials__lightgbm
lodo_loo,scgpt_pan,materials,lightgbm,full,none,within_cell_line,AUROC,0.5183824215496641,0.005974627810925357,3,12.0,results/zenodo/grid/lodo_loo__scgpt_pan__materials__lightgbm
lodo_loo,scgpt_pan,materials,lightgbm,full,none,overall,MCC,0.1669059834891365,0.1313440193861911,10,,results/zenodo/grid/lodo_loo__scgpt_pan__materials__lightgbm
lodo_loo,scgpt_pan,materials,lightgbm,full,none,overall,AUROC,0.6176269979309078,0.0863332750470707,10,,results/zenodo/grid/lodo_loo__scgpt_pan__materials__lightgbm
lodo_loo,scgpt_pan,materials,mlp,full,none,within_drug,MCC,-0.04658626242226488,0.012841218716773746,3,10.0,results/zenodo/grid/lodo_loo__scgpt_pan__materials__mlp
lodo_loo,scgpt_pan,materials,mlp,full,none,within_drug,AUROC,0.4520817118358664,0.006730800924144271,3,10.0,results/zenodo/grid/lodo_loo__scgpt_pan__materials__mlp
lodo_loo,scgpt_pan,materials,mlp,full,none,within_cell_line,MCC,-0.02083956714967471,0.01009085311978529,3,12.0,results/zenodo/grid/lodo_loo__scgpt_pan__materials__mlp
lodo_loo,scgpt_pan,materials,mlp,full,none,within_cell_line,AUROC,0.4870948485215047,0.005990874294937612,3,12.0,results/zenodo/grid/lodo_loo__scgpt_pan__materials__mlp
lodo_loo,scgpt_pan,materials,mlp,full,none,overall,MCC,-0.0465862624222648,0.0420044602483224,10,,results/zenodo/grid/lodo_loo__scgpt_pan__materials__mlp
lodo_loo,scgpt_pan,materials,mlp,full,none,overall,AUROC,0.4520817118358664,0.0446049612839131,10,,results/zenodo/grid/lodo_loo__scgpt_pan__materials__mlp
lodo_loo,scgpt_pan,materials,xrfm,full,none,within_drug,MCC,0.033957883174898375,0.03617018322451366,3,10.0,results/zenodo/grid/lodo_loo__scgpt_pan__materials__xrfm
lodo_loo,scgpt_pan,materials,xrfm,full,none,within_drug,AUROC,0.5797291014098087,0.0017444814126288438,3,10.0,results/zenodo/grid/lodo_loo__scgpt_pan__materials__xrfm
lodo_loo,scgpt_pan,materials,xrfm,full,none,within_cell_line,MCC,0.04309593306227096,0.017228176850927646,3,12.0,results/zenodo/grid/lodo_loo__scgpt_pan__materials__xrfm
lodo_loo,scgpt_pan,materials,xrfm,full,none,within_cell_line,AUROC,0.5287440031253986,0.013227626862208595,3,12.0,results/zenodo/grid/lodo_loo__scgpt_pan__materials__xrfm
lodo_loo,scgpt_pan,materials,xrfm,full,none,overall,MCC,0.0339578831748983,0.0470848841271419,10,,results/zenodo/grid/lodo_loo__scgpt_pan__materials__xrfm
lodo_loo,scgpt_pan,materials,xrfm,full,none,overall,AUROC,0.5797291014098086,0.0528089591993015,10,,results/zenodo/grid/lodo_loo__scgpt_pan__materials__xrfm
lodo_loo,scgpt_pan,molformer,lightgbm,full,none,within_drug,MCC,0.17353672193356195,0.0023711326408198392,3,10.0,results/zenodo/grid/lodo_loo__scgpt_pan__molformer__lightgbm
lodo_loo,scgpt_pan,molformer,lightgbm,full,none,within_drug,AUROC,0.6048597825384113,0.0018952885664507702,3,10.0,results/zenodo/grid/lodo_loo__scgpt_pan__molformer__lightgbm
lodo_loo,scgpt_pan,molformer,lightgbm,full,none,within_cell_line,MCC,0.06167975634128663,0.003954352981313005,3,12.0,results/zenodo/grid/lodo_loo__scgpt_pan__molformer__lightgbm
lodo_loo,scgpt_pan,molformer,lightgbm,full,none,within_cell_line,AUROC,0.509540653206235,0.0026527116873401183,3,12.0,results/zenodo/grid/lodo_loo__scgpt_pan__molformer__lightgbm
lodo_loo,scgpt_pan,molformer,lightgbm,full,none,overall,MCC,0.1735367219335619,0.143760140252633,10,,results/zenodo/grid/lodo_loo__scgpt_pan__molformer__lightgbm
lodo_loo,scgpt_pan,molformer,lightgbm,full,none,overall,AUROC,0.6048597825384114,0.0877832095066227,10,,results/zenodo/grid/lodo_loo__scgpt_pan__molformer__lightgbm
lodo_loo,scgpt_pan,molformer,mlp,full,none,within_drug,MCC,-0.013663671599633581,0.01849909587236359,3,10.0,results/zenodo/grid/lodo_loo__scgpt_pan__molformer__mlp
lodo_loo,scgpt_pan,molformer,mlp,full,none,within_drug,AUROC,0.4239797263980056,0.022716026271297974,3,10.0,results/zenodo/grid/lodo_loo__scgpt_pan__molformer__mlp
lodo_loo,scgpt_pan,molformer,mlp,full,none,within_cell_line,MCC,0.0114168237807765,0.011698386714538319,3,12.0,results/zenodo/grid/lodo_loo__scgpt_pan__molformer__mlp
lodo_loo,scgpt_pan,molformer,mlp,full,none,within_cell_line,AUROC,0.4730135244096741,0.008709599846082296,3,12.0,results/zenodo/grid/lodo_loo__scgpt_pan__molformer__mlp
lodo_loo,scgpt_pan,molformer,mlp,full,none,overall,MCC,-0.0136636715996335,0.0318058085620513,10,,results/zenodo/grid/lodo_loo__scgpt_pan__molformer__mlp
lodo_loo,scgpt_pan,molformer,mlp,full,none,overall,AUROC,0.4239797263980056,0.0569240083220015,10,,results/zenodo/grid/lodo_loo__scgpt_pan__molformer__mlp
lodo_loo,scgpt_pan,molformer,xrfm,full,none,within_drug,MCC,0.0759894217872435,0.007992383577709329,3,10.0,results/zenodo/grid/lodo_loo__scgpt_pan__molformer__xrfm
lodo_loo,scgpt_pan,molformer,xrfm,full,none,within_drug,AUROC,0.5517802700731378,0.013845997284450177,3,10.0,results/zenodo/grid/lodo_loo__scgpt_pan__molformer__xrfm
lodo_loo,scgpt_pan,molformer,xrfm,full,none,within_cell_line,MCC,0.03538341291592954,0.006453787029960817,3,12.0,results/zenodo/grid/lodo_loo__scgpt_pan__molformer__xrfm
lodo_loo,scgpt_pan,molformer,xrfm,full,none,within_cell_line,AUROC,0.4999480341089286,0.004741321875389304,3,12.0,results/zenodo/grid/lodo_loo__scgpt_pan__molformer__xrfm
lodo_loo,scgpt_pan,molformer,xrfm,full,none,overall,MCC,0.0759894217872435,0.0621500999717977,10,,results/zenodo/grid/lodo_loo__scgpt_pan__molformer__xrfm
lodo_loo,scgpt_pan,molformer,xrfm,full,none,overall,AUROC,0.5517802700731378,0.0560112805644336,10,,results/zenodo/grid/lodo_loo__scgpt_pan__molformer__xrfm
lodo_loo,scgpt_pan,morgan,lightgbm,full,none,within_drug,MCC,0.18524996127821738,0.00832989313819619,3,10.0,results/zenodo/grid/lodo_loo__scgpt_pan__morgan__lightgbm
lodo_loo,scgpt_pan,morgan,lightgbm,full,none,within_drug,AUROC,0.6201075693252089,0.00856642998870234,3,10.0,results/zenodo/grid/lodo_loo__scgpt_pan__morgan__lightgbm
lodo_loo,scgpt_pan,morgan,lightgbm,full,none,within_cell_line,MCC,0.06396450712146126,0.004898973092479759,3,12.0,results/zenodo/grid/lodo_loo__scgpt_pan__morgan__lightgbm
lodo_loo,scgpt_pan,morgan,lightgbm,full,none,within_cell_line,AUROC,0.5099161691364228,0.004590001521004971,3,12.0,results/zenodo/grid/lodo_loo__scgpt_pan__morgan__lightgbm
lodo_loo,scgpt_pan,morgan,lightgbm,full,none,overall,MCC,0.1852499612782174,0.1347547969828217,10,,results/zenodo/grid/lodo_loo__scgpt_pan__morgan__lightgbm
lodo_loo,scgpt_pan,morgan,lightgbm,full,none,overall,AUROC,0.6201075693252089,0.0859215502144498,10,,results/zenodo/grid/lodo_loo__scgpt_pan__morgan__lightgbm
lodo_loo,scgpt_pan,morgan,mlp,full,none,within_drug,MCC,-0.014707282083663982,0.023256317891012443,3,10.0,results/zenodo/grid/lodo_loo__scgpt_pan__morgan__mlp
lodo_loo,scgpt_pan,morgan,mlp,full,none,within_drug,AUROC,0.46443086259776845,0.012527523413803135,3,10.0,results/zenodo/grid/lodo_loo__scgpt_pan__morgan__mlp
lodo_loo,scgpt_pan,morgan,mlp,full,none,within_cell_line,MCC,-0.011719965501191662,0.015413595046569034,3,12.0,results/zenodo/grid/lodo_loo__scgpt_pan__morgan__mlp
lodo_loo,scgpt_pan,morgan,mlp,full,none,within_cell_line,AUROC,0.4793607165836637,0.0023608176756149887,3,12.0,results/zenodo/grid/lodo_loo__scgpt_pan__morgan__mlp
lodo_loo,scgpt_pan,morgan,mlp,full,none,overall,MCC,-0.0147072820836639,0.0380909128144726,10,,results/zenodo/grid/lodo_loo__scgpt_pan__morgan__mlp
lodo_loo,scgpt_pan,morgan,mlp,full,none,overall,AUROC,0.4644308625977684,0.0427346939673049,10,,results/zenodo/grid/lodo_loo__scgpt_pan__morgan__mlp
lodo_loo,scgpt_pan,morgan,xrfm,full,none,within_drug,MCC,0.02054941549934474,0.02288577313613995,3,10.0,results/zenodo/grid/lodo_loo__scgpt_pan__morgan__xrfm
lodo_loo,scgpt_pan,morgan,xrfm,full,none,within_drug,AUROC,0.539730207704479,0.013308260334697038,3,10.0,results/zenodo/grid/lodo_loo__scgpt_pan__morgan__xrfm
lodo_loo,scgpt_pan,morgan,xrfm,full,none,within_cell_line,MCC,-0.05896922491173129,0.019262558132092506,3,12.0,results/zenodo/grid/lodo_loo__scgpt_pan__morgan__xrfm
lodo_loo,scgpt_pan,morgan,xrfm,full,none,within_cell_line,AUROC,0.4463973822847531,0.013954080466135834,3,12.0,results/zenodo/grid/lodo_loo__scgpt_pan__morgan__xrfm
lodo_loo,scgpt_pan,morgan,xrfm,full,none,overall,MCC,0.0205494154993447,0.0720160156598495,10,,results/zenodo/grid/lodo_loo__scgpt_pan__morgan__xrfm
lodo_loo,scgpt_pan,morgan,xrfm,full,none,overall,AUROC,0.539730207704479,0.070199626225462,10,,results/zenodo/grid/lodo_loo__scgpt_pan__morgan__xrfm
lodo_loo,scvi,biomed,lightgbm,full,none,within_drug,MCC,0.1784167118458424,0.00549532359807995,3,10.0,results/zenodo/grid/lodo_loo__scvi__biomed__lightgbm
lodo_loo,scvi,biomed,lightgbm,full,none,within_drug,AUROC,0.6576125514632999,0.0024845361163304013,3,10.0,results/zenodo/grid/lodo_loo__scvi__biomed__lightgbm
lodo_loo,scvi,biomed,lightgbm,full,none,within_cell_line,MCC,0.1529593366090528,0.008112623198561349,3,12.0,results/zenodo/grid/lodo_loo__scvi__biomed__lightgbm
lodo_loo,scvi,biomed,lightgbm,full,none,within_cell_line,AUROC,0.6030534961344274,0.01112576383948118,3,12.0,results/zenodo/grid/lodo_loo__scvi__biomed__lightgbm
lodo_loo,scvi,biomed,lightgbm,full,none,overall,MCC,0.1784167118458424,0.0838939433427467,10,,results/zenodo/grid/lodo_loo__scvi__biomed__lightgbm
lodo_loo,scvi,biomed,lightgbm,full,none,overall,AUROC,0.6576125514632999,0.0672740341309554,10,,results/zenodo/grid/lodo_loo__scvi__biomed__lightgbm
lodo_loo,scvi,biomed,mlp,full,none,within_drug,MCC,0.061148296860181646,0.002872144174864914,3,10.0,results/zenodo/grid/lodo_loo__scvi__biomed__mlp
lodo_loo,scvi,biomed,mlp,full,none,within_drug,AUROC,0.5760708154487529,0.010657949910409093,3,10.0,results/zenodo/grid/lodo_loo__scvi__biomed__mlp
lodo_loo,scvi,biomed,mlp,full,none,within_cell_line,MCC,-0.009942613349762323,0.01451570981236699,3,12.0,results/zenodo/grid/lodo_loo__scvi__biomed__mlp
lodo_loo,scvi,biomed,mlp,full,none,within_cell_line,AUROC,0.5039338146888355,0.016770036623892898,3,12.0,results/zenodo/grid/lodo_loo__scvi__biomed__mlp
lodo_loo,scvi,biomed,mlp,full,none,overall,MCC,0.0611482968601816,0.0646033566195065,10,,results/zenodo/grid/lodo_loo__scvi__biomed__mlp
lodo_loo,scvi,biomed,mlp,full,none,overall,AUROC,0.5760708154487529,0.0555126252228082,10,,results/zenodo/grid/lodo_loo__scvi__biomed__mlp
lodo_loo,scvi,biomed,xrfm,full,none,within_drug,MCC,0.043737003790196106,0.00811120001655187,3,10.0,results/zenodo/grid/lodo_loo__scvi__biomed__xrfm
lodo_loo,scvi,biomed,xrfm,full,none,within_drug,AUROC,0.582152165011586,0.011344772422272527,3,10.0,results/zenodo/grid/lodo_loo__scvi__biomed__xrfm
lodo_loo,scvi,biomed,xrfm,full,none,within_cell_line,MCC,0.028620533984408045,0.010826213077830328,3,12.0,results/zenodo/grid/lodo_loo__scvi__biomed__xrfm
lodo_loo,scvi,biomed,xrfm,full,none,within_cell_line,AUROC,0.5448455086947187,0.018609098692801113,3,12.0,results/zenodo/grid/lodo_loo__scvi__biomed__xrfm
lodo_loo,scvi,biomed,xrfm,full,none,overall,MCC,0.0437370037901961,0.0354696662378145,10,,results/zenodo/grid/lodo_loo__scvi__biomed__xrfm
lodo_loo,scvi,biomed,xrfm,full,none,overall,AUROC,0.5821521650115861,0.0289282436526814,10,,results/zenodo/grid/lodo_loo__scvi__biomed__xrfm
lodo_loo,scvi,chemberta,lightgbm,full,none,within_drug,MCC,0.16095836541461023,0.0033603607369642593,3,10.0,results/zenodo/grid/lodo_loo__scvi__chemberta__lightgbm
lodo_loo,scvi,chemberta,lightgbm,full,none,within_drug,AUROC,0.646082398404848,0.0011696164049889162,3,10.0,results/zenodo/grid/lodo_loo__scvi__chemberta__lightgbm
lodo_loo,scvi,chemberta,lightgbm,full,none,within_cell_line,MCC,0.15173643467960185,0.017312305236398942,3,12.0,results/zenodo/grid/lodo_loo__scvi__chemberta__lightgbm
lodo_loo,scvi,chemberta,lightgbm,full,none,within_cell_line,AUROC,0.5995838775201189,0.007510250546584151,3,12.0,results/zenodo/grid/lodo_loo__scvi__chemberta__lightgbm
lodo_loo,scvi,chemberta,lightgbm,full,none,overall,MCC,0.1609583654146102,0.1037099255705996,10,,results/zenodo/grid/lodo_loo__scvi__chemberta__lightgbm
lodo_loo,scvi,chemberta,lightgbm,full,none,overall,AUROC,0.646082398404848,0.0746064546068191,10,,results/zenodo/grid/lodo_loo__scvi__chemberta__lightgbm
lodo_loo,scvi,chemberta,mlp,full,none,within_drug,MCC,0.032914091707577676,0.017268159253220994,3,10.0,results/zenodo/grid/lodo_loo__scvi__chemberta__mlp
lodo_loo,scvi,chemberta,mlp,full,none,within_drug,AUROC,0.5855399947560497,0.01662442766548697,3,10.0,results/zenodo/grid/lodo_loo__scvi__chemberta__mlp
lodo_loo,scvi,chemberta,mlp,full,none,within_cell_line,MCC,0.041462102140043054,0.028200723579385592,3,12.0,results/zenodo/grid/lodo_loo__scvi__chemberta__mlp
lodo_loo,scvi,chemberta,mlp,full,none,within_cell_line,AUROC,0.5314372111263228,0.02877883660429267,3,12.0,results/zenodo/grid/lodo_loo__scvi__chemberta__mlp
lodo_loo,scvi,chemberta,mlp,full,none,overall,MCC,0.0329140917075776,0.0441154904200865,10,,results/zenodo/grid/lodo_loo__scvi__chemberta__mlp
lodo_loo,scvi,chemberta,mlp,full,none,overall,AUROC,0.5855399947560498,0.0491164520926477,10,,results/zenodo/grid/lodo_loo__scvi__chemberta__mlp
lodo_loo,scvi,chemberta,xrfm,full,none,within_drug,MCC,0.024162775281337895,0.04658565449470756,3,10.0,results/zenodo/grid/lodo_loo__scvi__chemberta__xrfm
lodo_loo,scvi,chemberta,xrfm,full,none,within_drug,AUROC,0.5592317811535165,0.027769342849346602,3,10.0,results/zenodo/grid/lodo_loo__scvi__chemberta__xrfm
lodo_loo,scvi,chemberta,xrfm,full,none,within_cell_line,MCC,0.052544290285920024,0.03475634177153572,3,12.0,results/zenodo/grid/lodo_loo__scvi__chemberta__xrfm
lodo_loo,scvi,chemberta,xrfm,full,none,within_cell_line,AUROC,0.530327477173965,0.023444387164205143,3,12.0,results/zenodo/grid/lodo_loo__scvi__chemberta__xrfm
lodo_loo,scvi,chemberta,xrfm,full,none,overall,MCC,0.0241627752813379,0.0489174584854942,10,,results/zenodo/grid/lodo_loo__scvi__chemberta__xrfm
lodo_loo,scvi,chemberta,xrfm,full,none,overall,AUROC,0.5592317811535166,0.0480231277373052,10,,results/zenodo/grid/lodo_loo__scvi__chemberta__xrfm
lodo_loo,scvi,maccs,lightgbm,full,none,within_drug,MCC,0.16466097076361422,0.014607570659023286,3,10.0,results/zenodo/grid/lodo_loo__scvi__maccs__lightgbm
lodo_loo,scvi,maccs,lightgbm,full,none,within_drug,AUROC,0.6441651785226533,0.004238534900083702,3,10.0,results/zenodo/grid/lodo_loo__scvi__maccs__lightgbm
lodo_loo,scvi,maccs,lightgbm,full,none,within_cell_line,MCC,0.164339877447691,0.015742135660500808,3,12.0,results/zenodo/grid/lodo_loo__scvi__maccs__lightgbm
lodo_loo,scvi,maccs,lightgbm,full,none,within_cell_line,AUROC,0.6128721003358354,0.007682890001089467,3,12.0,results/zenodo/grid/lodo_loo__scvi__maccs__lightgbm
lodo_loo,scvi,maccs,lightgbm,full,none,overall,MCC,0.1646609707636142,0.1046624389185531,10,,results/zenodo/grid/lodo_loo__scvi__maccs__lightgbm
lodo_loo,scvi,maccs,lightgbm,full,none,overall,AUROC,0.6441651785226533,0.075447023111372,10,,results/zenodo/grid/lodo_loo__scvi__maccs__lightgbm
lodo_loo,scvi,maccs,mlp,full,none,within_drug,MCC,0.079794105169178,0.008302614783231892,3,10.0,results/zenodo/grid/lodo_loo__scvi__maccs__mlp
lodo_loo,scvi,maccs,mlp,full,none,within_drug,AUROC,0.6055894658509361,0.007840177068810137,3,10.0,results/zenodo/grid/lodo_loo__scvi__maccs__mlp
lodo_loo,scvi,maccs,mlp,full,none,within_cell_line,MCC,0.030241416377933178,0.014326878084835694,3,12.0,results/zenodo/grid/lodo_loo__scvi__maccs__mlp
lodo_loo,scvi,maccs,mlp,full,none,within_cell_line,AUROC,0.5425393115978178,0.025588121257400957,3,12.0,results/zenodo/grid/lodo_loo__scvi__maccs__mlp
lodo_loo,scvi,maccs,mlp,full,none,overall,MCC,0.079794105169178,0.0623073747953521,10,,results/zenodo/grid/lodo_loo__scvi__maccs__mlp
lodo_loo,scvi,maccs,mlp,full,none,overall,AUROC,0.605589465850936,0.0501667009092665,10,,results/zenodo/grid/lodo_loo__scvi__maccs__mlp
lodo_loo,scvi,maccs,xrfm,full,none,within_drug,MCC,0.04975638291906673,0.01711564952930025,3,10.0,results/zenodo/grid/lodo_loo__scvi__maccs__xrfm
lodo_loo,scvi,maccs,xrfm,full,none,within_drug,AUROC,0.5504933396207384,0.027217378930830424,3,10.0,results/zenodo/grid/lodo_loo__scvi__maccs__xrfm
lodo_loo,scvi,maccs,xrfm,full,none,within_cell_line,MCC,0.048334654289503044,0.0504208758249847,3,12.0,results/zenodo/grid/lodo_loo__scvi__maccs__xrfm
lodo_loo,scvi,maccs,xrfm,full,none,within_cell_line,AUROC,0.5432485520401041,0.0359247117035766,3,12.0,results/zenodo/grid/lodo_loo__scvi__maccs__xrfm
lodo_loo,scvi,maccs,xrfm,full,none,overall,MCC,0.0497563829190667,0.0517382738510671,10,,results/zenodo/grid/lodo_loo__scvi__maccs__xrfm
lodo_loo,scvi,maccs,xrfm,full,none,overall,AUROC,0.5504933396207383,0.0391867243182709,10,,results/zenodo/grid/lodo_loo__scvi__maccs__xrfm
lodo_loo,scvi,materials,lightgbm,full,none,within_drug,MCC,0.11109983177341813,0.009336838556416132,3,10.0,results/zenodo/grid/lodo_loo__scvi__materials__lightgbm
lodo_loo,scvi,materials,lightgbm,full,none,within_drug,AUROC,0.6350720024668709,0.004831426819385149,3,10.0,results/zenodo/grid/lodo_loo__scvi__materials__lightgbm
lodo_loo,scvi,materials,lightgbm,full,none,within_cell_line,MCC,0.13973324623420272,0.007763028317760391,3,12.0,results/zenodo/grid/lodo_loo__scvi__materials__lightgbm
lodo_loo,scvi,materials,lightgbm,full,none,within_cell_line,AUROC,0.5827673930726074,0.015540038463210623,3,12.0,results/zenodo/grid/lodo_loo__scvi__materials__lightgbm
lodo_loo,scvi,materials,lightgbm,full,none,overall,MCC,0.1110998317734181,0.0677924486967348,10,,results/zenodo/grid/lodo_loo__scvi__materials__lightgbm
lodo_loo,scvi,materials,lightgbm,full,none,overall,AUROC,0.6350720024668709,0.0721699105445969,10,,results/zenodo/grid/lodo_loo__scvi__materials__lightgbm
lodo_loo,scvi,materials,mlp,full,none,within_drug,MCC,0.014788976554541608,0.021871324076609886,3,10.0,results/zenodo/grid/lodo_loo__scvi__materials__mlp
lodo_loo,scvi,materials,mlp,full,none,within_drug,AUROC,0.5999149814489012,0.015171293368239082,3,10.0,results/zenodo/grid/lodo_loo__scvi__materials__mlp
lodo_loo,scvi,materials,mlp,full,none,within_cell_line,MCC,0.012887972817399186,0.020661886309758973,3,12.0,results/zenodo/grid/lodo_loo__scvi__materials__mlp
lodo_loo,scvi,materials,mlp,full,none,within_cell_line,AUROC,0.5227442037014821,0.030014080866229562,3,12.0,results/zenodo/grid/lodo_loo__scvi__materials__mlp
lodo_loo,scvi,materials,mlp,full,none,overall,MCC,0.0147889765545416,0.0577227701852814,10,,results/zenodo/grid/lodo_loo__scvi__materials__mlp
lodo_loo,scvi,materials,mlp,full,none,overall,AUROC,0.5999149814489012,0.050597392758069,10,,results/zenodo/grid/lodo_loo__scvi__materials__mlp
lodo_loo,scvi,materials,xrfm,full,none,within_drug,MCC,0.01847079539981039,0.030509967790968658,3,10.0,results/zenodo/grid/lodo_loo__scvi__materials__xrfm
lodo_loo,scvi,materials,xrfm,full,none,within_drug,AUROC,0.5536613219809214,0.023552148797724572,3,10.0,results/zenodo/grid/lodo_loo__scvi__materials__xrfm
lodo_loo,scvi,materials,xrfm,full,none,within_cell_line,MCC,0.031715215181985126,0.027906878392044778,3,12.0,results/zenodo/grid/lodo_loo__scvi__materials__xrfm
lodo_loo,scvi,materials,xrfm,full,none,within_cell_line,AUROC,0.5534945479257701,0.026852163448373552,3,12.0,results/zenodo/grid/lodo_loo__scvi__materials__xrfm
lodo_loo,scvi,materials,xrfm,full,none,overall,MCC,0.0184707953998104,0.0579303081145426,10,,results/zenodo/grid/lodo_loo__scvi__materials__xrfm
lodo_loo,scvi,materials,xrfm,full,none,overall,AUROC,0.5536613219809216,0.0409146827179885,10,,results/zenodo/grid/lodo_loo__scvi__materials__xrfm
lodo_loo,scvi,molformer,lightgbm,full,none,within_drug,MCC,0.17881232055842788,0.0031505616125329585,3,10.0,results/zenodo/grid/lodo_loo__scvi__molformer__lightgbm
lodo_loo,scvi,molformer,lightgbm,full,none,within_drug,AUROC,0.6471874035892263,0.0041479183333432415,3,10.0,results/zenodo/grid/lodo_loo__scvi__molformer__lightgbm
lodo_loo,scvi,molformer,lightgbm,full,none,within_cell_line,MCC,0.16058384211737742,0.01802502401915123,3,12.0,results/zenodo/grid/lodo_loo__scvi__molformer__lightgbm
lodo_loo,scvi,molformer,lightgbm,full,none,within_cell_line,AUROC,0.6115501697970838,0.006941406854862173,3,12.0,results/zenodo/grid/lodo_loo__scvi__molformer__lightgbm
lodo_loo,scvi,molformer,lightgbm,full,none,overall,MCC,0.1788123205584278,0.1081241472723743,10,,results/zenodo/grid/lodo_loo__scvi__molformer__lightgbm
lodo_loo,scvi,molformer,lightgbm,full,none,overall,AUROC,0.6471874035892263,0.0720710743277514,10,,results/zenodo/grid/lodo_loo__scvi__molformer__lightgbm
lodo_loo,scvi,molformer,mlp,full,none,within_drug,MCC,0.03709313432472506,0.021563103307367285,3,10.0,results/zenodo/grid/lodo_loo__scvi__molformer__mlp
lodo_loo,scvi,molformer,mlp,full,none,within_drug,AUROC,0.5462156447861083,0.026694872857251112,3,10.0,results/zenodo/grid/lodo_loo__scvi__molformer__mlp
lodo_loo,scvi,molformer,mlp,full,none,within_cell_line,MCC,0.004644256781490058,0.05284554069025445,3,12.0,results/zenodo/grid/lodo_loo__scvi__molformer__mlp
lodo_loo,scvi,molformer,mlp,full,none,within_cell_line,AUROC,0.5048448635818784,0.03559527530352419,3,12.0,results/zenodo/grid/lodo_loo__scvi__molformer__mlp
lodo_loo,scvi,molformer,mlp,full,none,overall,MCC,0.037093134324725,0.0416562086744677,10,,results/zenodo/grid/lodo_loo__scvi__molformer__mlp
lodo_loo,scvi,molformer,mlp,full,none,overall,AUROC,0.5462156447861084,0.0388388576101122,10,,results/zenodo/grid/lodo_loo__scvi__molformer__mlp
lodo_loo,scvi,molformer,xrfm,full,none,within_drug,MCC,0.03522226917187527,0.06296847911218163,3,10.0,results/zenodo/grid/lodo_loo__scvi__molformer__xrfm
lodo_loo,scvi,molformer,xrfm,full,none,within_drug,AUROC,0.5579577437328952,0.03227208332909652,3,10.0,results/zenodo/grid/lodo_loo__scvi__molformer__xrfm
lodo_loo,scvi,molformer,xrfm,full,none,within_cell_line,MCC,0.05556029631206024,0.01712334182878822,3,12.0,results/zenodo/grid/lodo_loo__scvi__molformer__xrfm
lodo_loo,scvi,molformer,xrfm,full,none,within_cell_line,AUROC,0.5571280981656979,0.014377947707017662,3,12.0,results/zenodo/grid/lodo_loo__scvi__molformer__xrfm
lodo_loo,scvi,molformer,xrfm,full,none,overall,MCC,0.0352222691718752,0.0667988570016176,10,,results/zenodo/grid/lodo_loo__scvi__molformer__xrfm
lodo_loo,scvi,molformer,xrfm,full,none,overall,AUROC,0.5579577437328952,0.0498226497654874,10,,results/zenodo/grid/lodo_loo__scvi__molformer__xrfm
lodo_loo,scvi,morgan,lightgbm,full,none,within_drug,MCC,0.1607678092238798,0.02154194287392902,3,10.0,results/zenodo/grid/lodo_loo__scvi__morgan__lightgbm
lodo_loo,scvi,morgan,lightgbm,full,none,within_drug,AUROC,0.654151961281704,0.007691943796952897,3,10.0,results/zenodo/grid/lodo_loo__scvi__morgan__lightgbm
lodo_loo,scvi,morgan,lightgbm,full,none,within_cell_line,MCC,0.16455783457353548,0.014389504780886153,3,12.0,results/zenodo/grid/lodo_loo__scvi__morgan__lightgbm
lodo_loo,scvi,morgan,lightgbm,full,none,within_cell_line,AUROC,0.5903911242103311,0.011635009529802216,3,12.0,results/zenodo/grid/lodo_loo__scvi__morgan__lightgbm
lodo_loo,scvi,morgan,lightgbm,full,none,overall,MCC,0.1607678092238798,0.07532682244265,10,,results/zenodo/grid/lodo_loo__scvi__morgan__lightgbm
lodo_loo,scvi,morgan,lightgbm,full,none,overall,AUROC,0.654151961281704,0.0672217705715317,10,,results/zenodo/grid/lodo_loo__scvi__morgan__lightgbm
lodo_loo,scvi,morgan,mlp,full,none,within_drug,MCC,0.09078157402820665,0.007451376444085464,3,10.0,results/zenodo/grid/lodo_loo__scvi__morgan__mlp
lodo_loo,scvi,morgan,mlp,full,none,within_drug,AUROC,0.5934883728662871,0.014457276744005211,3,10.0,results/zenodo/grid/lodo_loo__scvi__morgan__mlp
lodo_loo,scvi,morgan,mlp,full,none,within_cell_line,MCC,0.06507944988666339,0.023815631869238803,3,12.0,results/zenodo/grid/lodo_loo__scvi__morgan__mlp
lodo_loo,scvi,morgan,mlp,full,none,within_cell_line,AUROC,0.5427724207316736,0.03371846741375983,3,12.0,results/zenodo/grid/lodo_loo__scvi__morgan__mlp
lodo_loo,scvi,morgan,mlp,full,none,overall,MCC,0.0907815740282066,0.042448050449268,10,,results/zenodo/grid/lodo_loo__scvi__morgan__mlp
lodo_loo,scvi,morgan,mlp,full,none,overall,AUROC,0.5934883728662871,0.0372262432417755,10,,results/zenodo/grid/lodo_loo__scvi__morgan__mlp
lodo_loo,scvi,morgan,xrfm,full,none,within_drug,MCC,0.05395657466191245,0.005870555110804454,3,10.0,results/zenodo/grid/lodo_loo__scvi__morgan__xrfm
lodo_loo,scvi,morgan,xrfm,full,none,within_drug,AUROC,0.5444426632174761,0.012455357770418113,3,10.0,results/zenodo/grid/lodo_loo__scvi__morgan__xrfm
lodo_loo,scvi,morgan,xrfm,full,none,within_cell_line,MCC,0.034674918658607536,0.014137331416204926,3,12.0,results/zenodo/grid/lodo_loo__scvi__morgan__xrfm
lodo_loo,scvi,morgan,xrfm,full,none,within_cell_line,AUROC,0.5400151094741118,0.012764428579217547,3,12.0,results/zenodo/grid/lodo_loo__scvi__morgan__xrfm
lodo_loo,scvi,morgan,xrfm,full,none,overall,MCC,0.0539565746619124,0.0266607199951825,10,,results/zenodo/grid/lodo_loo__scvi__morgan__xrfm
lodo_loo,scvi,morgan,xrfm,full,none,overall,AUROC,0.5444426632174763,0.035117534739131,10,,results/zenodo/grid/lodo_loo__scvi__morgan__xrfm
pairzs_withleak,gene_jepa,biomed,lightgbm,full,none,within_drug,MCC,0.1143531354793846,0.03248383497579004,3,10.0,results/zenodo/grid/pairzs_withleak__gene_jepa__biomed__lightgbm
pairzs_withleak,gene_jepa,biomed,lightgbm,full,none,within_drug,AUROC,0.5859837658650539,0.012217748648848835,3,10.0,results/zenodo/grid/pairzs_withleak__gene_jepa__biomed__lightgbm
pairzs_withleak,gene_jepa,biomed,lightgbm,full,none,within_cell_line,MCC,0.10083838123182322,0.026695916515034994,3,12.0,results/zenodo/grid/pairzs_withleak__gene_jepa__biomed__lightgbm
pairzs_withleak,gene_jepa,biomed,lightgbm,full,none,within_cell_line,AUROC,0.5615992400452462,0.013024842522978681,3,12.0,results/zenodo/grid/pairzs_withleak__gene_jepa__biomed__lightgbm
pairzs_withleak,gene_jepa,biomed,lightgbm,full,none,overall,MCC,0.0506637054492433,0.0691850277731957,10,,results/zenodo/grid/pairzs_withleak__gene_jepa__biomed__lightgbm
pairzs_withleak,gene_jepa,biomed,lightgbm,full,none,overall,AUROC,0.5393795846868656,0.0550582919816377,10,,results/zenodo/grid/pairzs_withleak__gene_jepa__biomed__lightgbm
pairzs_withleak,gene_jepa,biomed,mlp,full,none,within_drug,MCC,0.011671386612497836,0.011221529044603395,3,10.0,results/zenodo/grid/pairzs_withleak__gene_jepa__biomed__mlp
pairzs_withleak,gene_jepa,biomed,mlp,full,none,within_drug,AUROC,0.4987555391739118,0.004689994108649664,3,10.0,results/zenodo/grid/pairzs_withleak__gene_jepa__biomed__mlp
pairzs_withleak,gene_jepa,biomed,mlp,full,none,within_cell_line,MCC,0.04020786528258615,0.006986491911458936,3,12.0,results/zenodo/grid/pairzs_withleak__gene_jepa__biomed__mlp
pairzs_withleak,gene_jepa,biomed,mlp,full,none,within_cell_line,AUROC,0.5161345596031316,0.006116725216774662,3,12.0,results/zenodo/grid/pairzs_withleak__gene_jepa__biomed__mlp
pairzs_withleak,gene_jepa,biomed,mlp,full,none,overall,MCC,0.0324691917075022,0.0467171151243984,10,,results/zenodo/grid/pairzs_withleak__gene_jepa__biomed__mlp
pairzs_withleak,gene_jepa,biomed,mlp,full,none,overall,AUROC,0.5096133461699357,0.0395368709703239,10,,results/zenodo/grid/pairzs_withleak__gene_jepa__biomed__mlp
pairzs_withleak,gene_jepa,biomed,xrfm,full,none,within_drug,MCC,0.049177393097005896,0.018592092403288688,3,10.0,results/zenodo/grid/pairzs_withleak__gene_jepa__biomed__xrfm
pairzs_withleak,gene_jepa,biomed,xrfm,full,none,within_drug,AUROC,0.5543811973761071,0.0064964352238957935,3,10.0,results/zenodo/grid/pairzs_withleak__gene_jepa__biomed__xrfm
pairzs_withleak,gene_jepa,biomed,xrfm,full,none,within_cell_line,MCC,0.10075566887877406,0.014783485815425674,3,12.0,results/zenodo/grid/pairzs_withleak__gene_jepa__biomed__xrfm
pairzs_withleak,gene_jepa,biomed,xrfm,full,none,within_cell_line,AUROC,0.5745795692142143,0.006556488054235322,3,12.0,results/zenodo/grid/pairzs_withleak__gene_jepa__biomed__xrfm
pairzs_withleak,gene_jepa,biomed,xrfm,full,none,overall,MCC,0.0366047306620357,0.0374977108947403,10,,results/zenodo/grid/pairzs_withleak__gene_jepa__biomed__xrfm
pairzs_withleak,gene_jepa,biomed,xrfm,full,none,overall,AUROC,0.5001202540483852,0.0362429059841127,10,,results/zenodo/grid/pairzs_withleak__gene_jepa__biomed__xrfm
pairzs_withleak,gene_jepa,chemberta,lightgbm,full,none,within_drug,MCC,0.10547382455733682,0.03197542109377115,3,10.0,results/zenodo/grid/pairzs_withleak__gene_jepa__chemberta__lightgbm
pairzs_withleak,gene_jepa,chemberta,lightgbm,full,none,within_drug,AUROC,0.5771538222787433,0.01817298717170039,3,10.0,results/zenodo/grid/pairzs_withleak__gene_jepa__chemberta__lightgbm
pairzs_withleak,gene_jepa,chemberta,lightgbm,full,none,within_cell_line,MCC,0.08234429411289333,0.024787948120168584,3,12.0,results/zenodo/grid/pairzs_withleak__gene_jepa__chemberta__lightgbm
pairzs_withleak,gene_jepa,chemberta,lightgbm,full,none,within_cell_line,AUROC,0.5495489494160047,0.015560591960388916,3,12.0,results/zenodo/grid/pairzs_withleak__gene_jepa__chemberta__lightgbm
pairzs_withleak,gene_jepa,chemberta,lightgbm,full,none,overall,MCC,0.0372494680189716,0.0698329785315123,10,,results/zenodo/grid/pairzs_withleak__gene_jepa__chemberta__lightgbm
pairzs_withleak,gene_jepa,chemberta,lightgbm,full,none,overall,AUROC,0.5365841835093287,0.0555671430697299,10,,results/zenodo/grid/pairzs_withleak__gene_jepa__chemberta__lightgbm
pairzs_withleak,gene_jepa,chemberta,mlp,full,none,within_drug,MCC,-0.0303126500574112,0.01577310952107814,3,10.0,results/zenodo/grid/pairzs_withleak__gene_jepa__chemberta__mlp
pairzs_withleak,gene_jepa,chemberta,mlp,full,none,within_drug,AUROC,0.4938581395204935,0.010370101972464997,3,10.0,results/zenodo/grid/pairzs_withleak__gene_jepa__chemberta__mlp
pairzs_withleak,gene_jepa,chemberta,mlp,full,none,within_cell_line,MCC,0.01979327072953496,0.003363590396321312,3,12.0,results/zenodo/grid/pairzs_withleak__gene_jepa__chemberta__mlp
pairzs_withleak,gene_jepa,chemberta,mlp,full,none,within_cell_line,AUROC,0.5098207320288022,0.005297176116409905,3,12.0,results/zenodo/grid/pairzs_withleak__gene_jepa__chemberta__mlp
pairzs_withleak,gene_jepa,chemberta,mlp,full,none,overall,MCC,-0.0225234659439633,0.0565369962611422,10,,results/zenodo/grid/pairzs_withleak__gene_jepa__chemberta__mlp
pairzs_withleak,gene_jepa,chemberta,mlp,full,none,overall,AUROC,0.4783635541666823,0.0472299081160958,10,,results/zenodo/grid/pairzs_withleak__gene_jepa__chemberta__mlp
pairzs_withleak,gene_jepa,chemberta,xrfm,full,none,within_drug,MCC,0.043077372203698096,0.03184839239113052,3,10.0,results/zenodo/grid/pairzs_withleak__gene_jepa__chemberta__xrfm
pairzs_withleak,gene_jepa,chemberta,xrfm,full,none,within_drug,AUROC,0.541431966488865,0.012971996739536026,3,10.0,results/zenodo/grid/pairzs_withleak__gene_jepa__chemberta__xrfm
pairzs_withleak,gene_jepa,chemberta,xrfm,full,none,within_cell_line,MCC,0.06125219594106183,0.02461288577927279,3,12.0,results/zenodo/grid/pairzs_withleak__gene_jepa__chemberta__xrfm
pairzs_withleak,gene_jepa,chemberta,xrfm,full,none,within_cell_line,AUROC,0.5412964555800323,0.011474441533989375,3,12.0,results/zenodo/grid/pairzs_withleak__gene_jepa__chemberta__xrfm
pairzs_withleak,gene_jepa,chemberta,xrfm,full,none,overall,MCC,0.0232689590959661,0.044186641586237,10,,results/zenodo/grid/pairzs_withleak__gene_jepa__chemberta__xrfm
pairzs_withleak,gene_jepa,chemberta,xrfm,full,none,overall,AUROC,0.4876192623454368,0.044060739644068,10,,results/zenodo/grid/pairzs_withleak__gene_jepa__chemberta__xrfm
pairzs_withleak,gene_jepa,maccs,lightgbm,full,none,within_drug,MCC,0.1004293087419823,0.021070645090096873,3,10.0,results/zenodo/grid/pairzs_withleak__gene_jepa__maccs__lightgbm
pairzs_withleak,gene_jepa,maccs,lightgbm,full,none,within_drug,AUROC,0.5861559979911161,0.015804992812866257,3,10.0,results/zenodo/grid/pairzs_withleak__gene_jepa__maccs__lightgbm
pairzs_withleak,gene_jepa,maccs,lightgbm,full,none,within_cell_line,MCC,0.08820742706149864,0.01999846057650299,3,12.0,results/zenodo/grid/pairzs_withleak__gene_jepa__maccs__lightgbm
pairzs_withleak,gene_jepa,maccs,lightgbm,full,none,within_cell_line,AUROC,0.5509316358875261,0.01371677052292403,3,12.0,results/zenodo/grid/pairzs_withleak__gene_jepa__maccs__lightgbm
pairzs_withleak,gene_jepa,maccs,lightgbm,full,none,overall,MCC,0.0672450454063748,0.0753365905612725,10,,results/zenodo/grid/pairzs_withleak__gene_jepa__maccs__lightgbm
pairzs_withleak,gene_jepa,maccs,lightgbm,full,none,overall,AUROC,0.5452090556590586,0.0578232939799937,10,,results/zenodo/grid/pairzs_withleak__gene_jepa__maccs__lightgbm
pairzs_withleak,gene_jepa,maccs,mlp,full,none,within_drug,MCC,-0.01795416595252342,0.0025687895614572554,3,10.0,results/zenodo/grid/pairzs_withleak__gene_jepa__maccs__mlp
pairzs_withleak,gene_jepa,maccs,mlp,full,none,within_drug,AUROC,0.507284525034752,0.004477195529347984,3,10.0,results/zenodo/grid/pairzs_withleak__gene_jepa__maccs__mlp
pairzs_withleak,gene_jepa,maccs,mlp,full,none,within_cell_line,MCC,0.0324852291311792,0.004299599716338098,3,12.0,results/zenodo/grid/pairzs_withleak__gene_jepa__maccs__mlp
pairzs_withleak,gene_jepa,maccs,mlp,full,none,within_cell_line,AUROC,0.5175190434449258,0.00496998746119621,3,12.0,results/zenodo/grid/pairzs_withleak__gene_jepa__maccs__mlp
pairzs_withleak,gene_jepa,maccs,mlp,full,none,overall,MCC,-0.0391412630181272,0.0607868802833856,10,,results/zenodo/grid/pairzs_withleak__gene_jepa__maccs__mlp
pairzs_withleak,gene_jepa,maccs,mlp,full,none,overall,AUROC,0.4829012425329831,0.0420750395455196,10,,results/zenodo/grid/pairzs_withleak__gene_jepa__maccs__mlp
pairzs_withleak,gene_jepa,maccs,xrfm,full,none,within_drug,MCC,0.08862708540727647,0.021855487861507306,3,10.0,results/zenodo/grid/pairzs_withleak__gene_jepa__maccs__xrfm
pairzs_withleak,gene_jepa,maccs,xrfm,full,none,within_drug,AUROC,0.5571875188620322,0.01845849124427431,3,10.0,results/zenodo/grid/pairzs_withleak__gene_jepa__maccs__xrfm
pairzs_withleak,gene_jepa,maccs,xrfm,full,none,within_cell_line,MCC,0.08647281296135878,0.02252556410210295,3,12.0,results/zenodo/grid/pairzs_withleak__gene_jepa__maccs__xrfm
pairzs_withleak,gene_jepa,maccs,xrfm,full,none,within_cell_line,AUROC,0.5547661099030127,0.016397374762187923,3,12.0,results/zenodo/grid/pairzs_withleak__gene_jepa__maccs__xrfm
pairzs_withleak,gene_jepa,maccs,xrfm,full,none,overall,MCC,0.0541760855395254,0.0653638113485904,10,,results/zenodo/grid/pairzs_withleak__gene_jepa__maccs__xrfm
pairzs_withleak,gene_jepa,maccs,xrfm,full,none,overall,AUROC,0.5034574170933424,0.0565422416990871,10,,results/zenodo/grid/pairzs_withleak__gene_jepa__maccs__xrfm
pairzs_withleak,gene_jepa,materials,lightgbm,full,none,within_drug,MCC,0.02490034263938389,0.014041678955654837,3,10.0,results/zenodo/grid/pairzs_withleak__gene_jepa__materials__lightgbm
pairzs_withleak,gene_jepa,materials,lightgbm,full,none,within_drug,AUROC,0.5647164865774185,0.01519873100820415,3,10.0,results/zenodo/grid/pairzs_withleak__gene_jepa__materials__lightgbm
pairzs_withleak,gene_jepa,materials,lightgbm,full,none,within_cell_line,MCC,0.05368152183226288,0.018074052296099152,3,12.0,results/zenodo/grid/pairzs_withleak__gene_jepa__materials__lightgbm
pairzs_withleak,gene_jepa,materials,lightgbm,full,none,within_cell_line,AUROC,0.5307103634107232,0.013204501473652848,3,12.0,results/zenodo/grid/pairzs_withleak__gene_jepa__materials__lightgbm
pairzs_withleak,gene_jepa,materials,lightgbm,full,none,overall,MCC,0.0076973141024101,0.0552156653644445,10,,results/zenodo/grid/pairzs_withleak__gene_jepa__materials__lightgbm
pairzs_withleak,gene_jepa,materials,lightgbm,full,none,overall,AUROC,0.5306125882014567,0.0501117684670718,10,,results/zenodo/grid/pairzs_withleak__gene_jepa__materials__lightgbm
pairzs_withleak,gene_jepa,materials,mlp,full,none,within_drug,MCC,-0.039909433377837256,0.01114063993029256,3,10.0,results/zenodo/grid/pairzs_withleak__gene_jepa__materials__mlp
pairzs_withleak,gene_jepa,materials,mlp,full,none,within_drug,AUROC,0.48428389369524494,0.004237504323636679,3,10.0,results/zenodo/grid/pairzs_withleak__gene_jepa__materials__mlp
pairzs_withleak,gene_jepa,materials,mlp,full,none,within_cell_line,MCC,0.01566038970432209,0.007595708187061302,3,12.0,results/zenodo/grid/pairzs_withleak__gene_jepa__materials__mlp
pairzs_withleak,gene_jepa,materials,mlp,full,none,within_cell_line,AUROC,0.5015490954795324,0.0031711171585839123,3,12.0,results/zenodo/grid/pairzs_withleak__gene_jepa__materials__mlp
pairzs_withleak,gene_jepa,materials,mlp,full,none,overall,MCC,-0.0194264252843061,0.0584656626723218,10,,results/zenodo/grid/pairzs_withleak__gene_jepa__materials__mlp
pairzs_withleak,gene_jepa,materials,mlp,full,none,overall,AUROC,0.4767552353673673,0.046691875932154,10,,results/zenodo/grid/pairzs_withleak__gene_jepa__materials__mlp
pairzs_withleak,gene_jepa,materials,xrfm,full,none,within_drug,MCC,0.03860649723441524,0.008070536626139274,3,10.0,results/zenodo/grid/pairzs_withleak__gene_jepa__materials__xrfm
pairzs_withleak,gene_jepa,materials,xrfm,full,none,within_drug,AUROC,0.5441807123529746,0.010070258429133332,3,10.0,results/zenodo/grid/pairzs_withleak__gene_jepa__materials__xrfm
pairzs_withleak,gene_jepa,materials,xrfm,full,none,within_cell_line,MCC,0.07587369303012716,0.006497231968313176,3,12.0,results/zenodo/grid/pairzs_withleak__gene_jepa__materials__xrfm
pairzs_withleak,gene_jepa,materials,xrfm,full,none,within_cell_line,AUROC,0.5533878499369892,0.004469680352341667,3,12.0,results/zenodo/grid/pairzs_withleak__gene_jepa__materials__xrfm
pairzs_withleak,gene_jepa,materials,xrfm,full,none,overall,MCC,0.0426062797604194,0.0479535858960472,10,,results/zenodo/grid/pairzs_withleak__gene_jepa__materials__xrfm
pairzs_withleak,gene_jepa,materials,xrfm,full,none,overall,AUROC,0.5111313412706087,0.0457431643757391,10,,results/zenodo/grid/pairzs_withleak__gene_jepa__materials__xrfm
pairzs_withleak,gene_jepa,molformer,lightgbm,full,none,within_drug,MCC,0.09157221519616887,0.027060287299375006,3,10.0,results/zenodo/grid/pairzs_withleak__gene_jepa__molformer__lightgbm
pairzs_withleak,gene_jepa,molformer,lightgbm,full,none,within_drug,AUROC,0.5814457565394301,0.013803124202433237,3,10.0,results/zenodo/grid/pairzs_withleak__gene_jepa__molformer__lightgbm
pairzs_withleak,gene_jepa,molformer,lightgbm,full,none,within_cell_line,MCC,0.0738940277837803,0.020313670766245497,3,12.0,results/zenodo/grid/pairzs_withleak__gene_jepa__molformer__lightgbm
pairzs_withleak,gene_jepa,molformer,lightgbm,full,none,within_cell_line,AUROC,0.5465285732116332,0.012010128782607625,3,12.0,results/zenodo/grid/pairzs_withleak__gene_jepa__molformer__lightgbm
pairzs_withleak,gene_jepa,molformer,lightgbm,full,none,overall,MCC,0.0508592643345879,0.0751635421112588,10,,results/zenodo/grid/pairzs_withleak__gene_jepa__molformer__lightgbm
pairzs_withleak,gene_jepa,molformer,lightgbm,full,none,overall,AUROC,0.5414951735543284,0.0547130497183906,10,,results/zenodo/grid/pairzs_withleak__gene_jepa__molformer__lightgbm
pairzs_withleak,gene_jepa,molformer,mlp,full,none,within_drug,MCC,-0.01043455009133955,0.005554728908264946,3,10.0,results/zenodo/grid/pairzs_withleak__gene_jepa__molformer__mlp
pairzs_withleak,gene_jepa,molformer,mlp,full,none,within_drug,AUROC,0.5031247714411718,0.003692606138728628,3,10.0,results/zenodo/grid/pairzs_withleak__gene_jepa__molformer__mlp
pairzs_withleak,gene_jepa,molformer,mlp,full,none,within_cell_line,MCC,0.041665736497949434,0.0060496037482041685,3,12.0,results/zenodo/grid/pairzs_withleak__gene_jepa__molformer__mlp
pairzs_withleak,gene_jepa,molformer,mlp,full,none,within_cell_line,AUROC,0.5234730773994899,0.002712887876211382,3,12.0,results/zenodo/grid/pairzs_withleak__gene_jepa__molformer__mlp
pairzs_withleak,gene_jepa,molformer,mlp,full,none,overall,MCC,-0.0083130179025348,0.0596723403704538,10,,results/zenodo/grid/pairzs_withleak__gene_jepa__molformer__mlp
pairzs_withleak,gene_jepa,molformer,mlp,full,none,overall,AUROC,0.4913068742425202,0.0456072293946903,10,,results/zenodo/grid/pairzs_withleak__gene_jepa__molformer__mlp
pairzs_withleak,gene_jepa,molformer,xrfm,full,none,within_drug,MCC,0.03799810516791636,0.017988836294709525,3,10.0,results/zenodo/grid/pairzs_withleak__gene_jepa__molformer__xrfm
pairzs_withleak,gene_jepa,molformer,xrfm,full,none,within_drug,AUROC,0.5452600910454949,0.01266561855002915,3,10.0,results/zenodo/grid/pairzs_withleak__gene_jepa__molformer__xrfm
pairzs_withleak,gene_jepa,molformer,xrfm,full,none,within_cell_line,MCC,0.06897944074860075,0.012500077260478951,3,12.0,results/zenodo/grid/pairzs_withleak__gene_jepa__molformer__xrfm
pairzs_withleak,gene_jepa,molformer,xrfm,full,none,within_cell_line,AUROC,0.5593425749662626,0.00854973498044487,3,12.0,results/zenodo/grid/pairzs_withleak__gene_jepa__molformer__xrfm
pairzs_withleak,gene_jepa,molformer,xrfm,full,none,overall,MCC,0.0237648669719186,0.0422565967339026,10,,results/zenodo/grid/pairzs_withleak__gene_jepa__molformer__xrfm
pairzs_withleak,gene_jepa,molformer,xrfm,full,none,overall,AUROC,0.5080800176809228,0.0396167986041518,10,,results/zenodo/grid/pairzs_withleak__gene_jepa__molformer__xrfm
pairzs_withleak,gene_jepa,morgan,lightgbm,full,none,within_drug,MCC,0.06542569884374394,0.01990138538482391,3,10.0,results/zenodo/grid/pairzs_withleak__gene_jepa__morgan__lightgbm
pairzs_withleak,gene_jepa,morgan,lightgbm,full,none,within_drug,AUROC,0.5761689626506158,0.014397020009382235,3,10.0,results/zenodo/grid/pairzs_withleak__gene_jepa__morgan__lightgbm
pairzs_withleak,gene_jepa,morgan,lightgbm,full,none,within_cell_line,MCC,0.06292811339793292,0.016264608943368383,3,12.0,results/zenodo/grid/pairzs_withleak__gene_jepa__morgan__lightgbm
pairzs_withleak,gene_jepa,morgan,lightgbm,full,none,within_cell_line,AUROC,0.540499157752099,0.00930097242271582,3,12.0,results/zenodo/grid/pairzs_withleak__gene_jepa__morgan__lightgbm
pairzs_withleak,gene_jepa,morgan,lightgbm,full,none,overall,MCC,0.0328559913921784,0.0718617534410893,10,,results/zenodo/grid/pairzs_withleak__gene_jepa__morgan__lightgbm
pairzs_withleak,gene_jepa,morgan,lightgbm,full,none,overall,AUROC,0.5345266848616067,0.0555614529339071,10,,results/zenodo/grid/pairzs_withleak__gene_jepa__morgan__lightgbm
pairzs_withleak,gene_jepa,morgan,mlp,full,none,within_drug,MCC,0.003395209128560662,0.0034307042226697517,3,10.0,results/zenodo/grid/pairzs_withleak__gene_jepa__morgan__mlp
pairzs_withleak,gene_jepa,morgan,mlp,full,none,within_drug,AUROC,0.509102640018838,0.0010318474183226417,3,10.0,results/zenodo/grid/pairzs_withleak__gene_jepa__morgan__mlp
pairzs_withleak,gene_jepa,morgan,mlp,full,none,within_cell_line,MCC,0.04345721015128438,0.0028943805944319796,3,12.0,results/zenodo/grid/pairzs_withleak__gene_jepa__morgan__mlp
pairzs_withleak,gene_jepa,morgan,mlp,full,none,within_cell_line,AUROC,0.5358171093402669,0.0044414906992789405,3,12.0,results/zenodo/grid/pairzs_withleak__gene_jepa__morgan__mlp
pairzs_withleak,gene_jepa,morgan,mlp,full,none,overall,MCC,0.0081868308541552,0.057451877679343,10,,results/zenodo/grid/pairzs_withleak__gene_jepa__morgan__mlp
pairzs_withleak,gene_jepa,morgan,mlp,full,none,overall,AUROC,0.5096667991337759,0.0420377295976418,10,,results/zenodo/grid/pairzs_withleak__gene_jepa__morgan__mlp
pairzs_withleak,gene_jepa,morgan,xrfm,full,none,within_drug,MCC,0.03024774733524969,0.0059325178871844865,3,10.0,results/zenodo/grid/pairzs_withleak__gene_jepa__morgan__xrfm
pairzs_withleak,gene_jepa,morgan,xrfm,full,none,within_drug,AUROC,0.5354177171055455,0.005221397988693195,3,10.0,results/zenodo/grid/pairzs_withleak__gene_jepa__morgan__xrfm
pairzs_withleak,gene_jepa,morgan,xrfm,full,none,within_cell_line,MCC,0.07548901356297243,0.006312991819033689,3,12.0,results/zenodo/grid/pairzs_withleak__gene_jepa__morgan__xrfm
pairzs_withleak,gene_jepa,morgan,xrfm,full,none,within_cell_line,AUROC,0.5536427464666365,0.0027426231959797355,3,12.0,results/zenodo/grid/pairzs_withleak__gene_jepa__morgan__xrfm
pairzs_withleak,gene_jepa,morgan,xrfm,full,none,overall,MCC,0.0269819169004762,0.0408712427257092,10,,results/zenodo/grid/pairzs_withleak__gene_jepa__morgan__xrfm
pairzs_withleak,gene_jepa,morgan,xrfm,full,none,overall,AUROC,0.4974538426027067,0.0429104313967261,10,,results/zenodo/grid/pairzs_withleak__gene_jepa__morgan__xrfm
pairzs_withleak,gformer_cancer,biomed,lightgbm,full,none,within_drug,MCC,0.15391656444844629,0.033965827029953134,3,10.0,results/zenodo/grid/pairzs_withleak__gformer_cancer__biomed__lightgbm
pairzs_withleak,gformer_cancer,biomed,lightgbm,full,none,within_drug,AUROC,0.6063542505874729,0.017725388347459865,3,10.0,results/zenodo/grid/pairzs_withleak__gformer_cancer__biomed__lightgbm
pairzs_withleak,gformer_cancer,biomed,lightgbm,full,none,within_cell_line,MCC,0.14783523279716834,0.04523971987522347,3,12.0,results/zenodo/grid/pairzs_withleak__gformer_cancer__biomed__lightgbm
pairzs_withleak,gformer_cancer,biomed,lightgbm,full,none,within_cell_line,AUROC,0.6227865851367831,0.01726039649961601,3,12.0,results/zenodo/grid/pairzs_withleak__gformer_cancer__biomed__lightgbm
pairzs_withleak,gformer_cancer,biomed,lightgbm,full,none,overall,MCC,0.0958529986515553,0.0860563859718111,10,,results/zenodo/grid/pairzs_withleak__gformer_cancer__biomed__lightgbm
pairzs_withleak,gformer_cancer,biomed,lightgbm,full,none,overall,AUROC,0.5715798122094341,0.0672609275197239,10,,results/zenodo/grid/pairzs_withleak__gformer_cancer__biomed__lightgbm
pairzs_withleak,gformer_cancer,biomed,mlp,full,none,within_drug,MCC,0.10930984329134989,0.03009108883677879,3,10.0,results/zenodo/grid/pairzs_withleak__gformer_cancer__biomed__mlp
pairzs_withleak,gformer_cancer,biomed,mlp,full,none,within_drug,AUROC,0.5933087006147151,0.020086431764830118,3,10.0,results/zenodo/grid/pairzs_withleak__gformer_cancer__biomed__mlp
pairzs_withleak,gformer_cancer,biomed,mlp,full,none,within_cell_line,MCC,0.11795125270500588,0.03627145848202447,3,12.0,results/zenodo/grid/pairzs_withleak__gformer_cancer__biomed__mlp
pairzs_withleak,gformer_cancer,biomed,mlp,full,none,within_cell_line,AUROC,0.5910519105169327,0.017839577868109923,3,12.0,results/zenodo/grid/pairzs_withleak__gformer_cancer__biomed__mlp
pairzs_withleak,gformer_cancer,biomed,mlp,full,none,overall,MCC,0.0881475470453453,0.0793793658808479,10,,results/zenodo/grid/pairzs_withleak__gformer_cancer__biomed__mlp
pairzs_withleak,gformer_cancer,biomed,mlp,full,none,overall,AUROC,0.5633666253906904,0.0701140579200356,10,,results/zenodo/grid/pairzs_withleak__gformer_cancer__biomed__mlp
pairzs_withleak,gformer_cancer,biomed,xrfm,full,none,within_drug,MCC,-0.01995881898545056,0.051587448506801976,3,10.0,results/zenodo/grid/pairzs_withleak__gformer_cancer__biomed__xrfm
pairzs_withleak,gformer_cancer,biomed,xrfm,full,none,within_drug,AUROC,0.523887516132748,0.025286030736925615,3,10.0,results/zenodo/grid/pairzs_withleak__gformer_cancer__biomed__xrfm
pairzs_withleak,gformer_cancer,biomed,xrfm,full,none,within_cell_line,MCC,0.1283428282185444,0.03211146828480114,3,12.0,results/zenodo/grid/pairzs_withleak__gformer_cancer__biomed__xrfm
pairzs_withleak,gformer_cancer,biomed,xrfm,full,none,within_cell_line,AUROC,0.6117560105044505,0.025826229724377692,3,12.0,results/zenodo/grid/pairzs_withleak__gformer_cancer__biomed__xrfm
pairzs_withleak,gformer_cancer,biomed,xrfm,full,none,overall,MCC,0.0018631890171533,0.0184961757425188,10,,results/zenodo/grid/pairzs_withleak__gformer_cancer__biomed__xrfm
pairzs_withleak,gformer_cancer,biomed,xrfm,full,none,overall,AUROC,0.5118050353239807,0.0546983795459595,10,,results/zenodo/grid/pairzs_withleak__gformer_cancer__biomed__xrfm
pairzs_withleak,gformer_cancer,chemberta,lightgbm,full,none,within_drug,MCC,0.16160230121617458,0.040176492304856946,3,10.0,results/zenodo/grid/pairzs_withleak__gformer_cancer__chemberta__lightgbm
pairzs_withleak,gformer_cancer,chemberta,lightgbm,full,none,within_drug,AUROC,0.6143834739202579,0.0245128872391356,3,10.0,results/zenodo/grid/pairzs_withleak__gformer_cancer__chemberta__lightgbm
pairzs_withleak,gformer_cancer,chemberta,lightgbm,full,none,within_cell_line,MCC,0.15665008366705055,0.04826814596881308,3,12.0,results/zenodo/grid/pairzs_withleak__gformer_cancer__chemberta__lightgbm
pairzs_withleak,gformer_cancer,chemberta,lightgbm,full,none,within_cell_line,AUROC,0.6293786350825695,0.028808082161643246,3,12.0,results/zenodo/grid/pairzs_withleak__gformer_cancer__chemberta__lightgbm
pairzs_withleak,gformer_cancer,chemberta,lightgbm,full,none,overall,MCC,0.1075384738957309,0.082735199016375,10,,results/zenodo/grid/pairzs_withleak__gformer_cancer__chemberta__lightgbm
pairzs_withleak,gformer_cancer,chemberta,lightgbm,full,none,overall,AUROC,0.5853144699619335,0.0639900849391426,10,,results/zenodo/grid/pairzs_withleak__gformer_cancer__chemberta__lightgbm
pairzs_withleak,gformer_cancer,chemberta,mlp,full,none,within_drug,MCC,0.09566043101624794,0.02065427354972111,3,10.0,results/zenodo/grid/pairzs_withleak__gformer_cancer__chemberta__mlp
pairzs_withleak,gformer_cancer,chemberta,mlp,full,none,within_drug,AUROC,0.5924598846043362,0.006711310740463946,3,10.0,results/zenodo/grid/pairzs_withleak__gformer_cancer__chemberta__mlp
pairzs_withleak,gformer_cancer,chemberta,mlp,full,none,within_cell_line,MCC,0.08330184192684982,0.02366442702651931,3,12.0,results/zenodo/grid/pairzs_withleak__gformer_cancer__chemberta__mlp
pairzs_withleak,gformer_cancer,chemberta,mlp,full,none,within_cell_line,AUROC,0.5638208141500122,0.011348029843007328,3,12.0,results/zenodo/grid/pairzs_withleak__gformer_cancer__chemberta__mlp
pairzs_withleak,gformer_cancer,chemberta,mlp,full,none,overall,MCC,0.1123970747252216,0.0690474901911967,10,,results/zenodo/grid/pairzs_withleak__gformer_cancer__chemberta__mlp
pairzs_withleak,gformer_cancer,chemberta,mlp,full,none,overall,AUROC,0.5574661872440121,0.0632715272740257,10,,results/zenodo/grid/pairzs_withleak__gformer_cancer__chemberta__mlp
pairzs_withleak,gformer_cancer,chemberta,xrfm,full,none,within_drug,MCC,0.07691129654968769,0.029867416547855657,3,10.0,results/zenodo/grid/pairzs_withleak__gformer_cancer__chemberta__xrfm
pairzs_withleak,gformer_cancer,chemberta,xrfm,full,none,within_drug,AUROC,0.5714517557496934,0.034364539605651306,3,10.0,results/zenodo/grid/pairzs_withleak__gformer_cancer__chemberta__xrfm
pairzs_withleak,gformer_cancer,chemberta,xrfm,full,none,within_cell_line,MCC,0.10927118594946268,0.03219922973065945,3,12.0,results/zenodo/grid/pairzs_withleak__gformer_cancer__chemberta__xrfm
pairzs_withleak,gformer_cancer,chemberta,xrfm,full,none,within_cell_line,AUROC,0.5955701053323165,0.029985321556975798,3,12.0,results/zenodo/grid/pairzs_withleak__gformer_cancer__chemberta__xrfm
pairzs_withleak,gformer_cancer,chemberta,xrfm,full,none,overall,MCC,0.0616228380069587,0.0637016800747426,10,,results/zenodo/grid/pairzs_withleak__gformer_cancer__chemberta__xrfm
pairzs_withleak,gformer_cancer,chemberta,xrfm,full,none,overall,AUROC,0.5386638748867134,0.0726610758891673,10,,results/zenodo/grid/pairzs_withleak__gformer_cancer__chemberta__xrfm
pairzs_withleak,gformer_cancer,maccs,lightgbm,full,none,within_drug,MCC,0.16374563762617675,0.04746760432065203,3,10.0,results/zenodo/grid/pairzs_withleak__gformer_cancer__maccs__lightgbm
pairzs_withleak,gformer_cancer,maccs,lightgbm,full,none,within_drug,AUROC,0.6040282702798933,0.02692686220696141,3,10.0,results/zenodo/grid/pairzs_withleak__gformer_cancer__maccs__lightgbm
pairzs_withleak,gformer_cancer,maccs,lightgbm,full,none,within_cell_line,MCC,0.15943876074624386,0.05061345529546983,3,12.0,results/zenodo/grid/pairzs_withleak__gformer_cancer__maccs__lightgbm
pairzs_withleak,gformer_cancer,maccs,lightgbm,full,none,within_cell_line,AUROC,0.6251309203279306,0.02285859598938196,3,12.0,results/zenodo/grid/pairzs_withleak__gformer_cancer__maccs__lightgbm
pairzs_withleak,gformer_cancer,maccs,lightgbm,full,none,overall,MCC,0.1065459796496489,0.0846635123630601,10,,results/zenodo/grid/pairzs_withleak__gformer_cancer__maccs__lightgbm
pairzs_withleak,gformer_cancer,maccs,lightgbm,full,none,overall,AUROC,0.5669572061926116,0.0669666095267786,10,,results/zenodo/grid/pairzs_withleak__gformer_cancer__maccs__lightgbm
pairzs_withleak,gformer_cancer,maccs,mlp,full,none,within_drug,MCC,0.10752676822162462,0.024710309130804495,3,10.0,results/zenodo/grid/pairzs_withleak__gformer_cancer__maccs__mlp
pairzs_withleak,gformer_cancer,maccs,mlp,full,none,within_drug,AUROC,0.5860118903133594,0.011093961397732152,3,10.0,results/zenodo/grid/pairzs_withleak__gformer_cancer__maccs__mlp
pairzs_withleak,gformer_cancer,maccs,mlp,full,none,within_cell_line,MCC,0.10754932129449823,0.0282947880684448,3,12.0,results/zenodo/grid/pairzs_withleak__gformer_cancer__maccs__mlp
pairzs_withleak,gformer_cancer,maccs,mlp,full,none,within_cell_line,AUROC,0.5747461512767337,0.013510273649793157,3,12.0,results/zenodo/grid/pairzs_withleak__gformer_cancer__maccs__mlp
pairzs_withleak,gformer_cancer,maccs,mlp,full,none,overall,MCC,0.1293314946191649,0.0883792871026328,10,,results/zenodo/grid/pairzs_withleak__gformer_cancer__maccs__mlp
pairzs_withleak,gformer_cancer,maccs,mlp,full,none,overall,AUROC,0.5385477549169988,0.0703373767338801,10,,results/zenodo/grid/pairzs_withleak__gformer_cancer__maccs__mlp
pairzs_withleak,gformer_cancer,maccs,xrfm,full,none,within_drug,MCC,0.09395350634770096,0.012783045738209027,3,10.0,results/zenodo/grid/pairzs_withleak__gformer_cancer__maccs__xrfm
pairzs_withleak,gformer_cancer,maccs,xrfm,full,none,within_drug,AUROC,0.584914005197969,0.027797757037148058,3,10.0,results/zenodo/grid/pairzs_withleak__gformer_cancer__maccs__xrfm
pairzs_withleak,gformer_cancer,maccs,xrfm,full,none,within_cell_line,MCC,0.0893401194108406,0.029595560125033324,3,12.0,results/zenodo/grid/pairzs_withleak__gformer_cancer__maccs__xrfm
pairzs_withleak,gformer_cancer,maccs,xrfm,full,none,within_cell_line,AUROC,0.6061196626787693,0.0226153846753956,3,12.0,results/zenodo/grid/pairzs_withleak__gformer_cancer__maccs__xrfm
pairzs_withleak,gformer_cancer,maccs,xrfm,full,none,overall,MCC,0.1094520394612736,0.0771671948967901,10,,results/zenodo/grid/pairzs_withleak__gformer_cancer__maccs__xrfm
pairzs_withleak,gformer_cancer,maccs,xrfm,full,none,overall,AUROC,0.5897029296459524,0.0793801600737373,10,,results/zenodo/grid/pairzs_withleak__gformer_cancer__maccs__xrfm
pairzs_withleak,gformer_cancer,materials,lightgbm,full,none,within_drug,MCC,0.15303533689993604,0.03648352288971869,3,10.0,results/zenodo/grid/pairzs_withleak__gformer_cancer__materials__lightgbm
pairzs_withleak,gformer_cancer,materials,lightgbm,full,none,within_drug,AUROC,0.610146432241467,0.023167387003282237,3,10.0,results/zenodo/grid/pairzs_withleak__gformer_cancer__materials__lightgbm
pairzs_withleak,gformer_cancer,materials,lightgbm,full,none,within_cell_line,MCC,0.15060288513772951,0.042961958470803814,3,12.0,results/zenodo/grid/pairzs_withleak__gformer_cancer__materials__lightgbm
pairzs_withleak,gformer_cancer,materials,lightgbm,full,none,within_cell_line,AUROC,0.6255836922430045,0.023275041756394856,3,12.0,results/zenodo/grid/pairzs_withleak__gformer_cancer__materials__lightgbm
pairzs_withleak,gformer_cancer,materials,lightgbm,full,none,overall,MCC,0.098669306966357,0.0800672648546853,10,,results/zenodo/grid/pairzs_withleak__gformer_cancer__materials__lightgbm
pairzs_withleak,gformer_cancer,materials,lightgbm,full,none,overall,AUROC,0.5725253214953613,0.06514762715782,10,,results/zenodo/grid/pairzs_withleak__gformer_cancer__materials__lightgbm
pairzs_withleak,gformer_cancer,materials,mlp,full,none,within_drug,MCC,0.10240928770059642,0.037758724971015206,3,10.0,results/zenodo/grid/pairzs_withleak__gformer_cancer__materials__mlp
pairzs_withleak,gformer_cancer,materials,mlp,full,none,within_drug,AUROC,0.5907105874683737,0.02050676823460025,3,10.0,results/zenodo/grid/pairzs_withleak__gformer_cancer__materials__mlp
pairzs_withleak,gformer_cancer,materials,mlp,full,none,within_cell_line,MCC,0.10789060928117422,0.03428527290584841,3,12.0,results/zenodo/grid/pairzs_withleak__gformer_cancer__materials__mlp
pairzs_withleak,gformer_cancer,materials,mlp,full,none,within_cell_line,AUROC,0.5734352527183073,0.01928190169660752,3,12.0,results/zenodo/grid/pairzs_withleak__gformer_cancer__materials__mlp
pairzs_withleak,gformer_cancer,materials,mlp,full,none,overall,MCC,0.113861353584211,0.0737067805161807,10,,results/zenodo/grid/pairzs_withleak__gformer_cancer__materials__mlp
pairzs_withleak,gformer_cancer,materials,mlp,full,none,overall,AUROC,0.5415965252890962,0.0688312807302309,10,,results/zenodo/grid/pairzs_withleak__gformer_cancer__materials__mlp
pairzs_withleak,gformer_cancer,materials,xrfm,full,none,within_drug,MCC,0.0482274087400715,0.011715048891487773,3,10.0,results/zenodo/grid/pairzs_withleak__gformer_cancer__materials__xrfm
pairzs_withleak,gformer_cancer,materials,xrfm,full,none,within_drug,AUROC,0.5888604327846729,0.030003123503195284,3,10.0,results/zenodo/grid/pairzs_withleak__gformer_cancer__materials__xrfm
pairzs_withleak,gformer_cancer,materials,xrfm,full,none,within_cell_line,MCC,0.0841684874058642,0.018555455946855953,3,12.0,results/zenodo/grid/pairzs_withleak__gformer_cancer__materials__xrfm
pairzs_withleak,gformer_cancer,materials,xrfm,full,none,within_cell_line,AUROC,0.60074938568198,0.030770701181271825,3,12.0,results/zenodo/grid/pairzs_withleak__gformer_cancer__materials__xrfm
pairzs_withleak,gformer_cancer,materials,xrfm,full,none,overall,MCC,0.0567205190433538,0.071145215442704,10,,results/zenodo/grid/pairzs_withleak__gformer_cancer__materials__xrfm
pairzs_withleak,gformer_cancer,materials,xrfm,full,none,overall,AUROC,0.5703054209177394,0.0713509575843904,10,,results/zenodo/grid/pairzs_withleak__gformer_cancer__materials__xrfm
pairzs_withleak,gformer_cancer,molformer,lightgbm,full,none,within_drug,MCC,0.15764831494465162,0.035615136416077976,3,10.0,results/zenodo/grid/pairzs_withleak__gformer_cancer__molformer__lightgbm
pairzs_withleak,gformer_cancer,molformer,lightgbm,full,none,within_drug,AUROC,0.6037952749835472,0.02317814155911787,3,10.0,results/zenodo/grid/pairzs_withleak__gformer_cancer__molformer__lightgbm
pairzs_withleak,gformer_cancer,molformer,lightgbm,full,none,within_cell_line,MCC,0.1506769498006749,0.0415516948147863,3,12.0,results/zenodo/grid/pairzs_withleak__gformer_cancer__molformer__lightgbm
pairzs_withleak,gformer_cancer,molformer,lightgbm,full,none,within_cell_line,AUROC,0.6216262469879107,0.022385552036746626,3,12.0,results/zenodo/grid/pairzs_withleak__gformer_cancer__molformer__lightgbm
pairzs_withleak,gformer_cancer,molformer,lightgbm,full,none,overall,MCC,0.1017160578134143,0.0841516277932489,10,,results/zenodo/grid/pairzs_withleak__gformer_cancer__molformer__lightgbm
pairzs_withleak,gformer_cancer,molformer,lightgbm,full,none,overall,AUROC,0.568502865784299,0.066806694000607,10,,results/zenodo/grid/pairzs_withleak__gformer_cancer__molformer__lightgbm
pairzs_withleak,gformer_cancer,molformer,mlp,full,none,within_drug,MCC,0.09535398566909097,0.03671299846294923,3,10.0,results/zenodo/grid/pairzs_withleak__gformer_cancer__molformer__mlp
pairzs_withleak,gformer_cancer,molformer,mlp,full,none,within_drug,AUROC,0.5853683450648153,0.031667721576359366,3,10.0,results/zenodo/grid/pairzs_withleak__gformer_cancer__molformer__mlp
pairzs_withleak,gformer_cancer,molformer,mlp,full,none,within_cell_line,MCC,0.07332526283831586,0.02298193950843147,3,12.0,results/zenodo/grid/pairzs_withleak__gformer_cancer__molformer__mlp
pairzs_withleak,gformer_cancer,molformer,mlp,full,none,within_cell_line,AUROC,0.5546981180940825,0.025542887560373515,3,12.0,results/zenodo/grid/pairzs_withleak__gformer_cancer__molformer__mlp
pairzs_withleak,gformer_cancer,molformer,mlp,full,none,overall,MCC,0.107183688198306,0.0683313949804286,10,,results/zenodo/grid/pairzs_withleak__gformer_cancer__molformer__mlp
pairzs_withleak,gformer_cancer,molformer,mlp,full,none,overall,AUROC,0.5467400745157931,0.069360890548772,10,,results/zenodo/grid/pairzs_withleak__gformer_cancer__molformer__mlp
pairzs_withleak,gformer_cancer,molformer,xrfm,full,none,within_drug,MCC,0.06546849438699465,0.029160992106886423,3,10.0,results/zenodo/grid/pairzs_withleak__gformer_cancer__molformer__xrfm
pairzs_withleak,gformer_cancer,molformer,xrfm,full,none,within_drug,AUROC,0.5999025824890579,0.03654785584995224,3,10.0,results/zenodo/grid/pairzs_withleak__gformer_cancer__molformer__xrfm
pairzs_withleak,gformer_cancer,molformer,xrfm,full,none,within_cell_line,MCC,0.07423577285265304,0.03271414090543345,3,12.0,results/zenodo/grid/pairzs_withleak__gformer_cancer__molformer__xrfm
pairzs_withleak,gformer_cancer,molformer,xrfm,full,none,within_cell_line,AUROC,0.6075474991887072,0.03794781282459605,3,12.0,results/zenodo/grid/pairzs_withleak__gformer_cancer__molformer__xrfm
pairzs_withleak,gformer_cancer,molformer,xrfm,full,none,overall,MCC,0.0625204660394597,0.061661921202007,10,,results/zenodo/grid/pairzs_withleak__gformer_cancer__molformer__xrfm
pairzs_withleak,gformer_cancer,molformer,xrfm,full,none,overall,AUROC,0.5777126204514025,0.0619224379114578,10,,results/zenodo/grid/pairzs_withleak__gformer_cancer__molformer__xrfm
pairzs_withleak,gformer_cancer,morgan,lightgbm,full,none,within_drug,MCC,0.16630236179566935,0.04388421290906445,3,10.0,results/zenodo/grid/pairzs_withleak__gformer_cancer__morgan__lightgbm
pairzs_withleak,gformer_cancer,morgan,lightgbm,full,none,within_drug,AUROC,0.6120161371929288,0.023945466515091423,3,10.0,results/zenodo/grid/pairzs_withleak__gformer_cancer__morgan__lightgbm
pairzs_withleak,gformer_cancer,morgan,lightgbm,full,none,within_cell_line,MCC,0.15804460108684606,0.04905000861022375,3,12.0,results/zenodo/grid/pairzs_withleak__gformer_cancer__morgan__lightgbm
pairzs_withleak,gformer_cancer,morgan,lightgbm,full,none,within_cell_line,AUROC,0.6306862719153603,0.024961662212742416,3,12.0,results/zenodo/grid/pairzs_withleak__gformer_cancer__morgan__lightgbm
pairzs_withleak,gformer_cancer,morgan,lightgbm,full,none,overall,MCC,0.1048592402050934,0.0851216746967812,10,,results/zenodo/grid/pairzs_withleak__gformer_cancer__morgan__lightgbm
pairzs_withleak,gformer_cancer,morgan,lightgbm,full,none,overall,AUROC,0.5751954811304731,0.0659122975896269,10,,results/zenodo/grid/pairzs_withleak__gformer_cancer__morgan__lightgbm
pairzs_withleak,gformer_cancer,morgan,mlp,full,none,within_drug,MCC,0.02574266532483398,0.011588185705546946,3,10.0,results/zenodo/grid/pairzs_withleak__gformer_cancer__morgan__mlp
pairzs_withleak,gformer_cancer,morgan,mlp,full,none,within_drug,AUROC,0.5683955484749617,0.020248604400051398,3,10.0,results/zenodo/grid/pairzs_withleak__gformer_cancer__morgan__mlp
pairzs_withleak,gformer_cancer,morgan,mlp,full,none,within_cell_line,MCC,0.04323308809598478,0.016423596286812142,3,12.0,results/zenodo/grid/pairzs_withleak__gformer_cancer__morgan__mlp
pairzs_withleak,gformer_cancer,morgan,mlp,full,none,within_cell_line,AUROC,0.5354705937203565,0.01794509013535459,3,12.0,results/zenodo/grid/pairzs_withleak__gformer_cancer__morgan__mlp
pairzs_withleak,gformer_cancer,morgan,mlp,full,none,overall,MCC,0.0586902620692804,0.0736921534606607,10,,results/zenodo/grid/pairzs_withleak__gformer_cancer__morgan__mlp
pairzs_withleak,gformer_cancer,morgan,mlp,full,none,overall,AUROC,0.5332148206293496,0.0665128121928949,10,,results/zenodo/grid/pairzs_withleak__gformer_cancer__morgan__mlp
pairzs_withleak,gformer_cancer,morgan,xrfm,full,none,within_drug,MCC,-0.022743030931404794,0.012422470614935288,3,10.0,results/zenodo/grid/pairzs_withleak__gformer_cancer__morgan__xrfm
pairzs_withleak,gformer_cancer,morgan,xrfm,full,none,within_drug,AUROC,0.5489108728946978,0.032825566740745854,3,10.0,results/zenodo/grid/pairzs_withleak__gformer_cancer__morgan__xrfm
pairzs_withleak,gformer_cancer,morgan,xrfm,full,none,within_cell_line,MCC,0.03896979589267725,0.024180206019118834,3,12.0,results/zenodo/grid/pairzs_withleak__gformer_cancer__morgan__xrfm
pairzs_withleak,gformer_cancer,morgan,xrfm,full,none,within_cell_line,AUROC,0.5585418923653137,0.029649555203597,3,12.0,results/zenodo/grid/pairzs_withleak__gformer_cancer__morgan__xrfm
pairzs_withleak,gformer_cancer,morgan,xrfm,full,none,overall,MCC,0.0228915823644316,0.0630188830497105,10,,results/zenodo/grid/pairzs_withleak__gformer_cancer__morgan__xrfm
pairzs_withleak,gformer_cancer,morgan,xrfm,full,none,overall,AUROC,0.5470779391515215,0.071605113608051,10,,results/zenodo/grid/pairzs_withleak__gformer_cancer__morgan__xrfm
pairzs_withleak,pca,biomed,lightgbm,full,none,within_drug,MCC,0.03490789314876524,0.042217697361254705,3,10.0,results/zenodo/grid/pairzs_withleak__pca__biomed__lightgbm
pairzs_withleak,pca,biomed,lightgbm,full,none,within_drug,AUROC,0.5472401550488982,0.029667028729299355,3,10.0,results/zenodo/grid/pairzs_withleak__pca__biomed__lightgbm
pairzs_withleak,pca,biomed,lightgbm,full,none,within_cell_line,MCC,0.13646739000329422,0.03970245132566453,3,12.0,results/zenodo/grid/pairzs_withleak__pca__biomed__lightgbm
pairzs_withleak,pca,biomed,lightgbm,full,none,within_cell_line,AUROC,0.5930863396794249,0.026851211491623946,3,12.0,results/zenodo/grid/pairzs_withleak__pca__biomed__lightgbm
pairzs_withleak,pca,biomed,lightgbm,full,none,overall,MCC,0.035751069119927,0.0506224702525667,10,,results/zenodo/grid/pairzs_withleak__pca__biomed__lightgbm
pairzs_withleak,pca,biomed,lightgbm,full,none,overall,AUROC,0.5128172386385289,0.0733370552320603,10,,results/zenodo/grid/pairzs_withleak__pca__biomed__lightgbm
pairzs_withleak,pca,biomed,mlp,full,none,within_drug,MCC,0.05920117957987797,0.036985214328333876,3,10.0,results/zenodo/grid/pairzs_withleak__pca__biomed__mlp
pairzs_withleak,pca,biomed,mlp,full,none,within_drug,AUROC,0.5377636258990101,0.027323883085121122,3,10.0,results/zenodo/grid/pairzs_withleak__pca__biomed__mlp
pairzs_withleak,pca,biomed,mlp,full,none,within_cell_line,MCC,0.05831631720878707,0.04782728020014798,3,12.0,results/zenodo/grid/pairzs_withleak__pca__biomed__mlp
pairzs_withleak,pca,biomed,mlp,full,none,within_cell_line,AUROC,0.5330412913481396,0.03739102749718331,3,12.0,results/zenodo/grid/pairzs_withleak__pca__biomed__mlp
pairzs_withleak,pca,biomed,mlp,full,none,overall,MCC,0.0427314747652061,0.0727450585952006,10,,results/zenodo/grid/pairzs_withleak__pca__biomed__mlp
pairzs_withleak,pca,biomed,mlp,full,none,overall,AUROC,0.5233212843373911,0.083990981345997,10,,results/zenodo/grid/pairzs_withleak__pca__biomed__mlp
pairzs_withleak,pca,biomed,xrfm,full,none,within_drug,MCC,-0.04110896518175859,0.018149815959699472,3,10.0,results/zenodo/grid/pairzs_withleak__pca__biomed__xrfm
pairzs_withleak,pca,biomed,xrfm,full,none,within_drug,AUROC,0.44785302077265426,0.032684014944476335,3,10.0,results/zenodo/grid/pairzs_withleak__pca__biomed__xrfm
pairzs_withleak,pca,biomed,xrfm,full,none,within_cell_line,MCC,0.07228097902802177,0.025562326815262056,3,12.0,results/zenodo/grid/pairzs_withleak__pca__biomed__xrfm
pairzs_withleak,pca,biomed,xrfm,full,none,within_cell_line,AUROC,0.5551386423490491,0.017665623952075042,3,12.0,results/zenodo/grid/pairzs_withleak__pca__biomed__xrfm
pairzs_withleak,pca,biomed,xrfm,full,none,overall,MCC,-0.0042374897139575,0.030907528280176,10,,results/zenodo/grid/pairzs_withleak__pca__biomed__xrfm
pairzs_withleak,pca,biomed,xrfm,full,none,overall,AUROC,0.4242124468322868,0.0482101904022666,10,,results/zenodo/grid/pairzs_withleak__pca__biomed__xrfm
pairzs_withleak,pca,chemberta,lightgbm,full,none,within_drug,MCC,0.052538028462005205,0.043868822426694855,3,10.0,results/zenodo/grid/pairzs_withleak__pca__chemberta__lightgbm
pairzs_withleak,pca,chemberta,lightgbm,full,none,within_drug,AUROC,0.5394543440140188,0.026766185258945033,3,10.0,results/zenodo/grid/pairzs_withleak__pca__chemberta__lightgbm
pairzs_withleak,pca,chemberta,lightgbm,full,none,within_cell_line,MCC,0.12454747642534326,0.04379408815238545,3,12.0,results/zenodo/grid/pairzs_withleak__pca__chemberta__lightgbm
pairzs_withleak,pca,chemberta,lightgbm,full,none,within_cell_line,AUROC,0.5902921719658306,0.025816315058442382,3,12.0,results/zenodo/grid/pairzs_withleak__pca__chemberta__lightgbm
pairzs_withleak,pca,chemberta,lightgbm,full,none,overall,MCC,0.0392848603475063,0.061822610646184,10,,results/zenodo/grid/pairzs_withleak__pca__chemberta__lightgbm
pairzs_withleak,pca,chemberta,lightgbm,full,none,overall,AUROC,0.5150767485330651,0.0773578988412227,10,,results/zenodo/grid/pairzs_withleak__pca__chemberta__lightgbm
pairzs_withleak,pca,chemberta,mlp,full,none,within_drug,MCC,0.039877735755832984,0.04158957364012842,3,10.0,results/zenodo/grid/pairzs_withleak__pca__chemberta__mlp
pairzs_withleak,pca,chemberta,mlp,full,none,within_drug,AUROC,0.5438930313456557,0.027239701230283526,3,10.0,results/zenodo/grid/pairzs_withleak__pca__chemberta__mlp
pairzs_withleak,pca,chemberta,mlp,full,none,within_cell_line,MCC,0.05940128784795973,0.037537802186356106,3,12.0,results/zenodo/grid/pairzs_withleak__pca__chemberta__mlp
pairzs_withleak,pca,chemberta,mlp,full,none,within_cell_line,AUROC,0.5334470751409514,0.024475053447845722,3,12.0,results/zenodo/grid/pairzs_withleak__pca__chemberta__mlp
pairzs_withleak,pca,chemberta,mlp,full,none,overall,MCC,0.0454488657409826,0.0713729057332785,10,,results/zenodo/grid/pairzs_withleak__pca__chemberta__mlp
pairzs_withleak,pca,chemberta,mlp,full,none,overall,AUROC,0.4987373380151114,0.0850976027334815,10,,results/zenodo/grid/pairzs_withleak__pca__chemberta__mlp
pairzs_withleak,pca,chemberta,xrfm,full,none,within_drug,MCC,-0.08604650144725456,0.003153485634833704,3,10.0,results/zenodo/grid/pairzs_withleak__pca__chemberta__xrfm
pairzs_withleak,pca,chemberta,xrfm,full,none,within_drug,AUROC,0.4272833354256605,0.012979781083802567,3,10.0,results/zenodo/grid/pairzs_withleak__pca__chemberta__xrfm
pairzs_withleak,pca,chemberta,xrfm,full,none,within_cell_line,MCC,0.044964162460807276,0.010958695979321595,3,12.0,results/zenodo/grid/pairzs_withleak__pca__chemberta__xrfm
pairzs_withleak,pca,chemberta,xrfm,full,none,within_cell_line,AUROC,0.5276240869292388,0.009212756429232121,3,12.0,results/zenodo/grid/pairzs_withleak__pca__chemberta__xrfm
pairzs_withleak,pca,chemberta,xrfm,full,none,overall,MCC,-0.0208914395976315,0.0274502780726841,10,,results/zenodo/grid/pairzs_withleak__pca__chemberta__xrfm
pairzs_withleak,pca,chemberta,xrfm,full,none,overall,AUROC,0.4235319899250401,0.0499093253345559,10,,results/zenodo/grid/pairzs_withleak__pca__chemberta__xrfm
pairzs_withleak,pca,maccs,lightgbm,full,none,within_drug,MCC,0.06541431588795442,0.0304939064036288,3,10.0,results/zenodo/grid/pairzs_withleak__pca__maccs__lightgbm
pairzs_withleak,pca,maccs,lightgbm,full,none,within_drug,AUROC,0.5566463324623191,0.027025057763181568,3,10.0,results/zenodo/grid/pairzs_withleak__pca__maccs__lightgbm
pairzs_withleak,pca,maccs,lightgbm,full,none,within_cell_line,MCC,0.14295737380081797,0.03906786686168739,3,12.0,results/zenodo/grid/pairzs_withleak__pca__maccs__lightgbm
pairzs_withleak,pca,maccs,lightgbm,full,none,within_cell_line,AUROC,0.6051931136665699,0.025468337282458064,3,12.0,results/zenodo/grid/pairzs_withleak__pca__maccs__lightgbm
pairzs_withleak,pca,maccs,lightgbm,full,none,overall,MCC,0.0296363327698061,0.072312701567703,10,,results/zenodo/grid/pairzs_withleak__pca__maccs__lightgbm
pairzs_withleak,pca,maccs,lightgbm,full,none,overall,AUROC,0.5218201037344208,0.0759681094705114,10,,results/zenodo/grid/pairzs_withleak__pca__maccs__lightgbm
pairzs_withleak,pca,maccs,mlp,full,none,within_drug,MCC,0.038269132915720504,0.027963651397293912,3,10.0,results/zenodo/grid/pairzs_withleak__pca__maccs__mlp
pairzs_withleak,pca,maccs,mlp,full,none,within_drug,AUROC,0.5302500182177253,0.01989027529861526,3,10.0,results/zenodo/grid/pairzs_withleak__pca__maccs__mlp
pairzs_withleak,pca,maccs,mlp,full,none,within_cell_line,MCC,0.05585667765342526,0.031471049105821214,3,12.0,results/zenodo/grid/pairzs_withleak__pca__maccs__mlp
pairzs_withleak,pca,maccs,mlp,full,none,within_cell_line,AUROC,0.523901281103773,0.02429887795255892,3,12.0,results/zenodo/grid/pairzs_withleak__pca__maccs__mlp
pairzs_withleak,pca,maccs,mlp,full,none,overall,MCC,0.0568844250022934,0.0754170155829818,10,,results/zenodo/grid/pairzs_withleak__pca__maccs__mlp
pairzs_withleak,pca,maccs,mlp,full,none,overall,AUROC,0.4924600330688377,0.0849867115769235,10,,results/zenodo/grid/pairzs_withleak__pca__maccs__mlp
pairzs_withleak,pca,maccs,xrfm,full,none,within_drug,MCC,0.009060026309225927,0.01943097066768137,3,10.0,results/zenodo/grid/pairzs_withleak__pca__maccs__xrfm
pairzs_withleak,pca,maccs,xrfm,full,none,within_drug,AUROC,0.4788585830228304,0.013762889856606484,3,10.0,results/zenodo/grid/pairzs_withleak__pca__maccs__xrfm
pairzs_withleak,pca,maccs,xrfm,full,none,within_cell_line,MCC,0.07172404635573319,0.0214478686527452,3,12.0,results/zenodo/grid/pairzs_withleak__pca__maccs__xrfm
pairzs_withleak,pca,maccs,xrfm,full,none,within_cell_line,AUROC,0.5672934118364298,0.008080972242359053,3,12.0,results/zenodo/grid/pairzs_withleak__pca__maccs__xrfm
pairzs_withleak,pca,maccs,xrfm,full,none,overall,MCC,0.0335204659743069,0.0598254248271721,10,,results/zenodo/grid/pairzs_withleak__pca__maccs__xrfm
pairzs_withleak,pca,maccs,xrfm,full,none,overall,AUROC,0.4788501818137513,0.0655510551245149,10,,results/zenodo/grid/pairzs_withleak__pca__maccs__xrfm
pairzs_withleak,pca,materials,lightgbm,full,none,within_drug,MCC,0.008637500768228204,0.037302636314204246,3,10.0,results/zenodo/grid/pairzs_withleak__pca__materials__lightgbm
pairzs_withleak,pca,materials,lightgbm,full,none,within_drug,AUROC,0.5376574564109904,0.03179454853403773,3,10.0,results/zenodo/grid/pairzs_withleak__pca__materials__lightgbm
pairzs_withleak,pca,materials,lightgbm,full,none,within_cell_line,MCC,0.1251386895042841,0.039318047222201925,3,12.0,results/zenodo/grid/pairzs_withleak__pca__materials__lightgbm
pairzs_withleak,pca,materials,lightgbm,full,none,within_cell_line,AUROC,0.5943190008094609,0.028192269661257072,3,12.0,results/zenodo/grid/pairzs_withleak__pca__materials__lightgbm
pairzs_withleak,pca,materials,lightgbm,full,none,overall,MCC,0.01508798713239,0.0433189143722575,10,,results/zenodo/grid/pairzs_withleak__pca__materials__lightgbm
pairzs_withleak,pca,materials,lightgbm,full,none,overall,AUROC,0.5110889494800515,0.0742247811694418,10,,results/zenodo/grid/pairzs_withleak__pca__materials__lightgbm
pairzs_withleak,pca,materials,mlp,full,none,within_drug,MCC,0.03499959972956789,0.04356263107082928,3,10.0,results/zenodo/grid/pairzs_withleak__pca__materials__mlp
pairzs_withleak,pca,materials,mlp,full,none,within_drug,AUROC,0.5382865624893375,0.025866326149142287,3,10.0,results/zenodo/grid/pairzs_withleak__pca__materials__mlp
pairzs_withleak,pca,materials,mlp,full,none,within_cell_line,MCC,0.06047545605426289,0.047709873417974925,3,12.0,results/zenodo/grid/pairzs_withleak__pca__materials__mlp
pairzs_withleak,pca,materials,mlp,full,none,within_cell_line,AUROC,0.5347543899849235,0.032758230727516026,3,12.0,results/zenodo/grid/pairzs_withleak__pca__materials__mlp
pairzs_withleak,pca,materials,mlp,full,none,overall,MCC,0.0265433070907993,0.0723177505230233,10,,results/zenodo/grid/pairzs_withleak__pca__materials__mlp
pairzs_withleak,pca,materials,mlp,full,none,overall,AUROC,0.4936151825275944,0.0885170845869825,10,,results/zenodo/grid/pairzs_withleak__pca__materials__mlp
pairzs_withleak,pca,materials,xrfm,full,none,within_drug,MCC,-0.11380902214975401,0.04255948979783064,3,10.0,results/zenodo/grid/pairzs_withleak__pca__materials__xrfm
pairzs_withleak,pca,materials,xrfm,full,none,within_drug,AUROC,0.4161269922856212,0.034977178006040645,3,10.0,results/zenodo/grid/pairzs_withleak__pca__materials__xrfm
pairzs_withleak,pca,materials,xrfm,full,none,within_cell_line,MCC,0.041262892255819215,0.03187443168156722,3,12.0,results/zenodo/grid/pairzs_withleak__pca__materials__xrfm
pairzs_withleak,pca,materials,xrfm,full,none,within_cell_line,AUROC,0.5145125718365795,0.021548082575954006,3,12.0,results/zenodo/grid/pairzs_withleak__pca__materials__xrfm
pairzs_withleak,pca,materials,xrfm,full,none,overall,MCC,-0.0365194108793482,0.0428345108711961,10,,results/zenodo/grid/pairzs_withleak__pca__materials__xrfm
pairzs_withleak,pca,materials,xrfm,full,none,overall,AUROC,0.4230865848312254,0.0503606424192931,10,,results/zenodo/grid/pairzs_withleak__pca__materials__xrfm
pairzs_withleak,pca,molformer,lightgbm,full,none,within_drug,MCC,0.10304989889612633,0.034433956082333475,3,10.0,results/zenodo/grid/pairzs_withleak__pca__molformer__lightgbm
pairzs_withleak,pca,molformer,lightgbm,full,none,within_drug,AUROC,0.5480849968467346,0.02892316974740689,3,10.0,results/zenodo/grid/pairzs_withleak__pca__molformer__lightgbm
pairzs_withleak,pca,molformer,lightgbm,full,none,within_cell_line,MCC,0.14948841100982357,0.0380156664767501,3,12.0,results/zenodo/grid/pairzs_withleak__pca__molformer__lightgbm
pairzs_withleak,pca,molformer,lightgbm,full,none,within_cell_line,AUROC,0.5979565354552819,0.027360493313052868,3,12.0,results/zenodo/grid/pairzs_withleak__pca__molformer__lightgbm
pairzs_withleak,pca,molformer,lightgbm,full,none,overall,MCC,0.0725953259425868,0.0646030773819092,10,,results/zenodo/grid/pairzs_withleak__pca__molformer__lightgbm
pairzs_withleak,pca,molformer,lightgbm,full,none,overall,AUROC,0.5165196436612529,0.0773973181577523,10,,results/zenodo/grid/pairzs_withleak__pca__molformer__lightgbm
pairzs_withleak,pca,molformer,mlp,full,none,within_drug,MCC,0.021737593051052478,0.03145524804235422,3,10.0,results/zenodo/grid/pairzs_withleak__pca__molformer__mlp
pairzs_withleak,pca,molformer,mlp,full,none,within_drug,AUROC,0.5338316570950392,0.022932481498483558,3,10.0,results/zenodo/grid/pairzs_withleak__pca__molformer__mlp
pairzs_withleak,pca,molformer,mlp,full,none,within_cell_line,MCC,0.033688315199354224,0.03195402473239421,3,12.0,results/zenodo/grid/pairzs_withleak__pca__molformer__mlp
pairzs_withleak,pca,molformer,mlp,full,none,within_cell_line,AUROC,0.5196934928237265,0.02871683974930773,3,12.0,results/zenodo/grid/pairzs_withleak__pca__molformer__mlp
pairzs_withleak,pca,molformer,mlp,full,none,overall,MCC,0.0188808537330778,0.0845714098295172,10,,results/zenodo/grid/pairzs_withleak__pca__molformer__mlp
pairzs_withleak,pca,molformer,mlp,full,none,overall,AUROC,0.4792215092443722,0.0847063482742204,10,,results/zenodo/grid/pairzs_withleak__pca__molformer__mlp
pairzs_withleak,pca,molformer,xrfm,full,none,within_drug,MCC,-0.04532985269923975,0.0365248911863657,3,10.0,results/zenodo/grid/pairzs_withleak__pca__molformer__xrfm
pairzs_withleak,pca,molformer,xrfm,full,none,within_drug,AUROC,0.42037727488749627,0.030353796952125135,3,10.0,results/zenodo/grid/pairzs_withleak__pca__molformer__xrfm
pairzs_withleak,pca,molformer,xrfm,full,none,within_cell_line,MCC,0.061530890806155834,0.019093880211788483,3,12.0,results/zenodo/grid/pairzs_withleak__pca__molformer__xrfm
pairzs_withleak,pca,molformer,xrfm,full,none,within_cell_line,AUROC,0.5370749075946305,0.021168445295293364,3,12.0,results/zenodo/grid/pairzs_withleak__pca__molformer__xrfm
pairzs_withleak,pca,molformer,xrfm,full,none,overall,MCC,0.0053326021963798,0.0394967549102614,10,,results/zenodo/grid/pairzs_withleak__pca__molformer__xrfm
pairzs_withleak,pca,molformer,xrfm,full,none,overall,AUROC,0.43825637720693,0.045360851029148,10,,results/zenodo/grid/pairzs_withleak__pca__molformer__xrfm
pairzs_withleak,pca,morgan,lightgbm,full,none,within_drug,MCC,0.04594613290655808,0.035671610361601803,3,10.0,results/zenodo/grid/pairzs_withleak__pca__morgan__lightgbm
pairzs_withleak,pca,morgan,lightgbm,full,none,within_drug,AUROC,0.5607359215957168,0.018368996573597165,3,10.0,results/zenodo/grid/pairzs_withleak__pca__morgan__lightgbm
pairzs_withleak,pca,morgan,lightgbm,full,none,within_cell_line,MCC,0.1363717278765196,0.03541443738259565,3,12.0,results/zenodo/grid/pairzs_withleak__pca__morgan__lightgbm
pairzs_withleak,pca,morgan,lightgbm,full,none,within_cell_line,AUROC,0.6048227606929829,0.021761172057939364,3,12.0,results/zenodo/grid/pairzs_withleak__pca__morgan__lightgbm
pairzs_withleak,pca,morgan,lightgbm,full,none,overall,MCC,0.029846420911333,0.0529705683368602,10,,results/zenodo/grid/pairzs_withleak__pca__morgan__lightgbm
pairzs_withleak,pca,morgan,lightgbm,full,none,overall,AUROC,0.5207548490196917,0.0752163248270238,10,,results/zenodo/grid/pairzs_withleak__pca__morgan__lightgbm
pairzs_withleak,pca,morgan,mlp,full,none,within_drug,MCC,0.021832055214994494,0.03857525064256365,3,10.0,results/zenodo/grid/pairzs_withleak__pca__morgan__mlp
pairzs_withleak,pca,morgan,mlp,full,none,within_drug,AUROC,0.5488944221718476,0.02269832454278333,3,10.0,results/zenodo/grid/pairzs_withleak__pca__morgan__mlp
pairzs_withleak,pca,morgan,mlp,full,none,within_cell_line,MCC,0.06924236048232763,0.03432120502232933,3,12.0,results/zenodo/grid/pairzs_withleak__pca__morgan__mlp
pairzs_withleak,pca,morgan,mlp,full,none,within_cell_line,AUROC,0.5399730696330568,0.024460760520981038,3,12.0,results/zenodo/grid/pairzs_withleak__pca__morgan__mlp
pairzs_withleak,pca,morgan,mlp,full,none,overall,MCC,0.0438781534883233,0.0697090866650082,10,,results/zenodo/grid/pairzs_withleak__pca__morgan__mlp
pairzs_withleak,pca,morgan,mlp,full,none,overall,AUROC,0.5027419580815045,0.0794742839682156,10,,results/zenodo/grid/pairzs_withleak__pca__morgan__mlp
pairzs_withleak,pca,morgan,xrfm,full,none,within_drug,MCC,-0.02851986219199476,0.02624257188376489,3,10.0,results/zenodo/grid/pairzs_withleak__pca__morgan__xrfm
pairzs_withleak,pca,morgan,xrfm,full,none,within_drug,AUROC,0.4407359234492884,0.03250882397147343,3,10.0,results/zenodo/grid/pairzs_withleak__pca__morgan__xrfm
pairzs_withleak,pca,morgan,xrfm,full,none,within_cell_line,MCC,0.06832963007647685,0.04806080677816699,3,12.0,results/zenodo/grid/pairzs_withleak__pca__morgan__xrfm
pairzs_withleak,pca,morgan,xrfm,full,none,within_cell_line,AUROC,0.5625055580894921,0.02566189547627624,3,12.0,results/zenodo/grid/pairzs_withleak__pca__morgan__xrfm
pairzs_withleak,pca,morgan,xrfm,full,none,overall,MCC,0.0228584649707459,0.0434780271259789,10,,results/zenodo/grid/pairzs_withleak__pca__morgan__xrfm
pairzs_withleak,pca,morgan,xrfm,full,none,overall,AUROC,0.4436386368625488,0.0475522395091969,10,,results/zenodo/grid/pairzs_withleak__pca__morgan__xrfm
pairzs_withleak,scgpt_pan,biomed,lightgbm,full,none,within_drug,MCC,0.0934245633703592,0.03879688268706591,3,10.0,results/zenodo/grid/pairzs_withleak__scgpt_pan__biomed__lightgbm
pairzs_withleak,scgpt_pan,biomed,lightgbm,full,none,within_drug,AUROC,0.5692122745866398,0.021170391367371616,3,10.0,results/zenodo/grid/pairzs_withleak__scgpt_pan__biomed__lightgbm
pairzs_withleak,scgpt_pan,biomed,lightgbm,full,none,within_cell_line,MCC,0.14994379886272857,0.044449115878191094,3,12.0,results/zenodo/grid/pairzs_withleak__scgpt_pan__biomed__lightgbm
pairzs_withleak,scgpt_pan,biomed,lightgbm,full,none,within_cell_line,AUROC,0.6004834347503246,0.02521140115902089,3,12.0,results/zenodo/grid/pairzs_withleak__scgpt_pan__biomed__lightgbm
pairzs_withleak,scgpt_pan,biomed,lightgbm,full,none,overall,MCC,0.0471881241501658,0.0903007121722023,10,,results/zenodo/grid/pairzs_withleak__scgpt_pan__biomed__lightgbm
pairzs_withleak,scgpt_pan,biomed,lightgbm,full,none,overall,AUROC,0.514951980871577,0.0742508259496296,10,,results/zenodo/grid/pairzs_withleak__scgpt_pan__biomed__lightgbm
pairzs_withleak,scgpt_pan,biomed,mlp,full,none,within_drug,MCC,-0.08428330418958925,0.006794285283050925,3,10.0,results/zenodo/grid/pairzs_withleak__scgpt_pan__biomed__mlp
pairzs_withleak,scgpt_pan,biomed,mlp,full,none,within_drug,AUROC,0.3919266310432301,0.005576725836304026,3,10.0,results/zenodo/grid/pairzs_withleak__scgpt_pan__biomed__mlp
pairzs_withleak,scgpt_pan,biomed,mlp,full,none,within_cell_line,MCC,0.014711350751594446,0.013418444089332822,3,12.0,results/zenodo/grid/pairzs_withleak__scgpt_pan__biomed__mlp
pairzs_withleak,scgpt_pan,biomed,mlp,full,none,within_cell_line,AUROC,0.45070149440351964,0.00370344070465355,3,12.0,results/zenodo/grid/pairzs_withleak__scgpt_pan__biomed__mlp
pairzs_withleak,scgpt_pan,biomed,mlp,full,none,overall,MCC,-0.0708188363425349,0.0528597451665246,10,,results/zenodo/grid/pairzs_withleak__scgpt_pan__biomed__mlp
pairzs_withleak,scgpt_pan,biomed,mlp,full,none,overall,AUROC,0.3859402189311953,0.062927332568581,10,,results/zenodo/grid/pairzs_withleak__scgpt_pan__biomed__mlp
pairzs_withleak,scgpt_pan,biomed,xrfm,full,none,within_drug,MCC,-0.07947977723697108,0.031164983892325776,3,10.0,results/zenodo/grid/pairzs_withleak__scgpt_pan__biomed__xrfm
pairzs_withleak,scgpt_pan,biomed,xrfm,full,none,within_drug,AUROC,0.4640148803851845,0.01301671752478975,3,10.0,results/zenodo/grid/pairzs_withleak__scgpt_pan__biomed__xrfm
pairzs_withleak,scgpt_pan,biomed,xrfm,full,none,within_cell_line,MCC,0.09415084038872168,0.01795587339270941,3,12.0,results/zenodo/grid/pairzs_withleak__scgpt_pan__biomed__xrfm
pairzs_withleak,scgpt_pan,biomed,xrfm,full,none,within_cell_line,AUROC,0.5704206818021832,0.009819935902702638,3,12.0,results/zenodo/grid/pairzs_withleak__scgpt_pan__biomed__xrfm
pairzs_withleak,scgpt_pan,biomed,xrfm,full,none,overall,MCC,-0.0562060383182906,0.0309712637042966,10,,results/zenodo/grid/pairzs_withleak__scgpt_pan__biomed__xrfm
pairzs_withleak,scgpt_pan,biomed,xrfm,full,none,overall,AUROC,0.4586737266112412,0.0351096208505123,10,,results/zenodo/grid/pairzs_withleak__scgpt_pan__biomed__xrfm
pairzs_withleak,scgpt_pan,chemberta,lightgbm,full,none,within_drug,MCC,0.105342931478611,0.039756756640968664,3,10.0,results/zenodo/grid/pairzs_withleak__scgpt_pan__chemberta__lightgbm
pairzs_withleak,scgpt_pan,chemberta,lightgbm,full,none,within_drug,AUROC,0.5845885045639856,0.020575403986826765,3,10.0,results/zenodo/grid/pairzs_withleak__scgpt_pan__chemberta__lightgbm
pairzs_withleak,scgpt_pan,chemberta,lightgbm,full,none,within_cell_line,MCC,0.15563781443344285,0.04025360496134378,3,12.0,results/zenodo/grid/pairzs_withleak__scgpt_pan__chemberta__lightgbm
pairzs_withleak,scgpt_pan,chemberta,lightgbm,full,none,within_cell_line,AUROC,0.611953230101404,0.02378580991708368,3,12.0,results/zenodo/grid/pairzs_withleak__scgpt_pan__chemberta__lightgbm
pairzs_withleak,scgpt_pan,chemberta,lightgbm,full,none,overall,MCC,0.0595042558292993,0.0914810010291306,10,,results/zenodo/grid/pairzs_withleak__scgpt_pan__chemberta__lightgbm
pairzs_withleak,scgpt_pan,chemberta,lightgbm,full,none,overall,AUROC,0.5269694575124383,0.0761880209526437,10,,results/zenodo/grid/pairzs_withleak__scgpt_pan__chemberta__lightgbm
pairzs_withleak,scgpt_pan,chemberta,mlp,full,none,within_drug,MCC,-0.09705005376673385,0.008247775602717016,3,10.0,results/zenodo/grid/pairzs_withleak__scgpt_pan__chemberta__mlp
pairzs_withleak,scgpt_pan,chemberta,mlp,full,none,within_drug,AUROC,0.42843895185016573,0.010132925229013146,3,10.0,results/zenodo/grid/pairzs_withleak__scgpt_pan__chemberta__mlp
pairzs_withleak,scgpt_pan,chemberta,mlp,full,none,within_cell_line,MCC,0.00895244549617189,0.011285551554068886,3,12.0,results/zenodo/grid/pairzs_withleak__scgpt_pan__chemberta__mlp
pairzs_withleak,scgpt_pan,chemberta,mlp,full,none,within_cell_line,AUROC,0.495217577405536,0.008885649447755127,3,12.0,results/zenodo/grid/pairzs_withleak__scgpt_pan__chemberta__mlp
pairzs_withleak,scgpt_pan,chemberta,mlp,full,none,overall,MCC,-0.0449428136909348,0.0418069881662334,10,,results/zenodo/grid/pairzs_withleak__scgpt_pan__chemberta__mlp
pairzs_withleak,scgpt_pan,chemberta,mlp,full,none,overall,AUROC,0.4099853481123621,0.0561064785293135,10,,results/zenodo/grid/pairzs_withleak__scgpt_pan__chemberta__mlp
pairzs_withleak,scgpt_pan,chemberta,xrfm,full,none,within_drug,MCC,-0.08098946537751343,0.0068484308983481675,3,10.0,results/zenodo/grid/pairzs_withleak__scgpt_pan__chemberta__xrfm
pairzs_withleak,scgpt_pan,chemberta,xrfm,full,none,within_drug,AUROC,0.4818317834291104,0.02460715205050352,3,10.0,results/zenodo/grid/pairzs_withleak__scgpt_pan__chemberta__xrfm
pairzs_withleak,scgpt_pan,chemberta,xrfm,full,none,within_cell_line,MCC,0.04113536964273079,0.007097432957010246,3,12.0,results/zenodo/grid/pairzs_withleak__scgpt_pan__chemberta__xrfm
pairzs_withleak,scgpt_pan,chemberta,xrfm,full,none,within_cell_line,AUROC,0.5538974814529155,0.009662926440131472,3,12.0,results/zenodo/grid/pairzs_withleak__scgpt_pan__chemberta__xrfm
pairzs_withleak,scgpt_pan,chemberta,xrfm,full,none,overall,MCC,-0.051696248567991,0.0706863184341682,10,,results/zenodo/grid/pairzs_withleak__scgpt_pan__chemberta__xrfm
pairzs_withleak,scgpt_pan,chemberta,xrfm,full,none,overall,AUROC,0.4874860433743825,0.0485305465964179,10,,results/zenodo/grid/pairzs_withleak__scgpt_pan__chemberta__xrfm
pairzs_withleak,scgpt_pan,maccs,lightgbm,full,none,within_drug,MCC,0.1013339778638489,0.03608481562812518,3,10.0,results/zenodo/grid/pairzs_withleak__scgpt_pan__maccs__lightgbm
pairzs_withleak,scgpt_pan,maccs,lightgbm,full,none,within_drug,AUROC,0.5711176792783652,0.01923438211637538,3,10.0,results/zenodo/grid/pairzs_withleak__scgpt_pan__maccs__lightgbm
pairzs_withleak,scgpt_pan,maccs,lightgbm,full,none,within_cell_line,MCC,0.13543540830598835,0.04168684392485805,3,12.0,results/zenodo/grid/pairzs_withleak__scgpt_pan__maccs__lightgbm
pairzs_withleak,scgpt_pan,maccs,lightgbm,full,none,within_cell_line,AUROC,0.5947597825677214,0.0223446759545406,3,12.0,results/zenodo/grid/pairzs_withleak__scgpt_pan__maccs__lightgbm
pairzs_withleak,scgpt_pan,maccs,lightgbm,full,none,overall,MCC,0.0388950244667366,0.0939117873971903,10,,results/zenodo/grid/pairzs_withleak__scgpt_pan__maccs__lightgbm
pairzs_withleak,scgpt_pan,maccs,lightgbm,full,none,overall,AUROC,0.5088860525569078,0.0765827983250113,10,,results/zenodo/grid/pairzs_withleak__scgpt_pan__maccs__lightgbm
pairzs_withleak,scgpt_pan,maccs,mlp,full,none,within_drug,MCC,-0.08586576733938162,0.018454023498436133,3,10.0,results/zenodo/grid/pairzs_withleak__scgpt_pan__maccs__mlp
pairzs_withleak,scgpt_pan,maccs,mlp,full,none,within_drug,AUROC,0.4531286504879435,0.012128612021613992,3,10.0,results/zenodo/grid/pairzs_withleak__scgpt_pan__maccs__mlp
pairzs_withleak,scgpt_pan,maccs,mlp,full,none,within_cell_line,MCC,0.0452217993786228,0.01379421475882751,3,12.0,results/zenodo/grid/pairzs_withleak__scgpt_pan__maccs__mlp
pairzs_withleak,scgpt_pan,maccs,mlp,full,none,within_cell_line,AUROC,0.5178287667876421,0.006350182921400725,3,12.0,results/zenodo/grid/pairzs_withleak__scgpt_pan__maccs__mlp
pairzs_withleak,scgpt_pan,maccs,mlp,full,none,overall,MCC,-0.0348879589113507,0.0393649884144375,10,,results/zenodo/grid/pairzs_withleak__scgpt_pan__maccs__mlp
pairzs_withleak,scgpt_pan,maccs,mlp,full,none,overall,AUROC,0.4231562148511717,0.0561086426108286,10,,results/zenodo/grid/pairzs_withleak__scgpt_pan__maccs__mlp
pairzs_withleak,scgpt_pan,maccs,xrfm,full,none,within_drug,MCC,0.001879918121726415,0.006263969924896878,3,10.0,results/zenodo/grid/pairzs_withleak__scgpt_pan__maccs__xrfm
pairzs_withleak,scgpt_pan,maccs,xrfm,full,none,within_drug,AUROC,0.5060474713958377,0.013587810016966587,3,10.0,results/zenodo/grid/pairzs_withleak__scgpt_pan__maccs__xrfm
pairzs_withleak,scgpt_pan,maccs,xrfm,full,none,within_cell_line,MCC,0.0707702205566795,0.018864273584962586,3,12.0,results/zenodo/grid/pairzs_withleak__scgpt_pan__maccs__xrfm
pairzs_withleak,scgpt_pan,maccs,xrfm,full,none,within_cell_line,AUROC,0.5524116833492401,0.006423512643101833,3,12.0,results/zenodo/grid/pairzs_withleak__scgpt_pan__maccs__xrfm
pairzs_withleak,scgpt_pan,maccs,xrfm,full,none,overall,MCC,0.006129961013714,0.078262356721818,10,,results/zenodo/grid/pairzs_withleak__scgpt_pan__maccs__xrfm
pairzs_withleak,scgpt_pan,maccs,xrfm,full,none,overall,AUROC,0.4976895749096736,0.0527848143558681,10,,results/zenodo/grid/pairzs_withleak__scgpt_pan__maccs__xrfm
pairzs_withleak,scgpt_pan,materials,lightgbm,full,none,within_drug,MCC,0.07153136632491232,0.023985802538502198,3,10.0,results/zenodo/grid/pairzs_withleak__scgpt_pan__materials__lightgbm
pairzs_withleak,scgpt_pan,materials,lightgbm,full,none,within_drug,AUROC,0.5742694854894348,0.011382873823524924,3,10.0,results/zenodo/grid/pairzs_withleak__scgpt_pan__materials__lightgbm
pairzs_withleak,scgpt_pan,materials,lightgbm,full,none,within_cell_line,MCC,0.13751383946140827,0.030880429365472396,3,12.0,results/zenodo/grid/pairzs_withleak__scgpt_pan__materials__lightgbm
pairzs_withleak,scgpt_pan,materials,lightgbm,full,none,within_cell_line,AUROC,0.5946771029427589,0.018252516882691628,3,12.0,results/zenodo/grid/pairzs_withleak__scgpt_pan__materials__lightgbm
pairzs_withleak,scgpt_pan,materials,lightgbm,full,none,overall,MCC,0.0343484279543894,0.0810846477492648,10,,results/zenodo/grid/pairzs_withleak__scgpt_pan__materials__lightgbm
pairzs_withleak,scgpt_pan,materials,lightgbm,full,none,overall,AUROC,0.515681507232041,0.0780765711371168,10,,results/zenodo/grid/pairzs_withleak__scgpt_pan__materials__lightgbm
pairzs_withleak,scgpt_pan,materials,mlp,full,none,within_drug,MCC,-0.07613318058853541,0.003773704740729052,3,10.0,results/zenodo/grid/pairzs_withleak__scgpt_pan__materials__mlp
pairzs_withleak,scgpt_pan,materials,mlp,full,none,within_drug,AUROC,0.4892468179074063,0.009465390691450408,3,10.0,results/zenodo/grid/pairzs_withleak__scgpt_pan__materials__mlp
pairzs_withleak,scgpt_pan,materials,mlp,full,none,within_cell_line,MCC,0.01496525099290392,0.004132708893113656,3,12.0,results/zenodo/grid/pairzs_withleak__scgpt_pan__materials__mlp
pairzs_withleak,scgpt_pan,materials,mlp,full,none,within_cell_line,AUROC,0.5192261982698717,0.0049400390727827835,3,12.0,results/zenodo/grid/pairzs_withleak__scgpt_pan__materials__mlp
pairzs_withleak,scgpt_pan,materials,mlp,full,none,overall,MCC,-0.0321430349226519,0.0301666931409162,10,,results/zenodo/grid/pairzs_withleak__scgpt_pan__materials__mlp
pairzs_withleak,scgpt_pan,materials,mlp,full,none,overall,AUROC,0.4379588276163393,0.0536432233174612,10,,results/zenodo/grid/pairzs_withleak__scgpt_pan__materials__mlp
pairzs_withleak,scgpt_pan,materials,xrfm,full,none,within_drug,MCC,-0.06653441800345719,0.005730452106624049,3,10.0,results/zenodo/grid/pairzs_withleak__scgpt_pan__materials__xrfm
pairzs_withleak,scgpt_pan,materials,xrfm,full,none,within_drug,AUROC,0.4880013514939554,0.014172129345622052,3,10.0,results/zenodo/grid/pairzs_withleak__scgpt_pan__materials__xrfm
pairzs_withleak,scgpt_pan,materials,xrfm,full,none,within_cell_line,MCC,0.05443295302795487,0.01023971474551882,3,12.0,results/zenodo/grid/pairzs_withleak__scgpt_pan__materials__xrfm
pairzs_withleak,scgpt_pan,materials,xrfm,full,none,within_cell_line,AUROC,0.5610540111959939,0.009765745288848611,3,12.0,results/zenodo/grid/pairzs_withleak__scgpt_pan__materials__xrfm
pairzs_withleak,scgpt_pan,materials,xrfm,full,none,overall,MCC,-0.0210917307039258,0.0544594452389753,10,,results/zenodo/grid/pairzs_withleak__scgpt_pan__materials__xrfm
pairzs_withleak,scgpt_pan,materials,xrfm,full,none,overall,AUROC,0.5046697099025805,0.0495809882755041,10,,results/zenodo/grid/pairzs_withleak__scgpt_pan__materials__xrfm
pairzs_withleak,scgpt_pan,molformer,lightgbm,full,none,within_drug,MCC,0.09732160299070365,0.03933752493397508,3,10.0,results/zenodo/grid/pairzs_withleak__scgpt_pan__molformer__lightgbm
pairzs_withleak,scgpt_pan,molformer,lightgbm,full,none,within_drug,AUROC,0.5695740449904106,0.014331428347187295,3,10.0,results/zenodo/grid/pairzs_withleak__scgpt_pan__molformer__lightgbm
pairzs_withleak,scgpt_pan,molformer,lightgbm,full,none,within_cell_line,MCC,0.14655141435647953,0.038515795223312645,3,12.0,results/zenodo/grid/pairzs_withleak__scgpt_pan__molformer__lightgbm
pairzs_withleak,scgpt_pan,molformer,lightgbm,full,none,within_cell_line,AUROC,0.5941410625514886,0.018127928913290004,3,12.0,results/zenodo/grid/pairzs_withleak__scgpt_pan__molformer__lightgbm
pairzs_withleak,scgpt_pan,molformer,lightgbm,full,none,overall,MCC,0.0506782659078148,0.0915666853525299,10,,results/zenodo/grid/pairzs_withleak__scgpt_pan__molformer__lightgbm
pairzs_withleak,scgpt_pan,molformer,lightgbm,full,none,overall,AUROC,0.5120396600650772,0.0768612898409131,10,,results/zenodo/grid/pairzs_withleak__scgpt_pan__molformer__lightgbm
pairzs_withleak,scgpt_pan,molformer,mlp,full,none,within_drug,MCC,-0.08013722071387558,0.025730676637388098,3,10.0,results/zenodo/grid/pairzs_withleak__scgpt_pan__molformer__mlp
pairzs_withleak,scgpt_pan,molformer,mlp,full,none,within_drug,AUROC,0.4187014425169931,0.0027156817304155624,3,10.0,results/zenodo/grid/pairzs_withleak__scgpt_pan__molformer__mlp
pairzs_withleak,scgpt_pan,molformer,mlp,full,none,within_cell_line,MCC,-0.005613974601626622,0.024306590851511028,3,12.0,results/zenodo/grid/pairzs_withleak__scgpt_pan__molformer__mlp
pairzs_withleak,scgpt_pan,molformer,mlp,full,none,within_cell_line,AUROC,0.4794605936705139,0.0009495865477941117,3,12.0,results/zenodo/grid/pairzs_withleak__scgpt_pan__molformer__mlp
pairzs_withleak,scgpt_pan,molformer,mlp,full,none,overall,MCC,-0.0454461456584799,0.0375969182181605,10,,results/zenodo/grid/pairzs_withleak__scgpt_pan__molformer__mlp
pairzs_withleak,scgpt_pan,molformer,mlp,full,none,overall,AUROC,0.3936477664016788,0.0619835941193842,10,,results/zenodo/grid/pairzs_withleak__scgpt_pan__molformer__mlp
pairzs_withleak,scgpt_pan,molformer,xrfm,full,none,within_drug,MCC,-0.06287380601672289,0.01855254118727729,3,10.0,results/zenodo/grid/pairzs_withleak__scgpt_pan__molformer__xrfm
pairzs_withleak,scgpt_pan,molformer,xrfm,full,none,within_drug,AUROC,0.4645283814263636,0.023673815225305803,3,10.0,results/zenodo/grid/pairzs_withleak__scgpt_pan__molformer__xrfm
pairzs_withleak,scgpt_pan,molformer,xrfm,full,none,within_cell_line,MCC,0.06778986230728375,0.010862874361715473,3,12.0,results/zenodo/grid/pairzs_withleak__scgpt_pan__molformer__xrfm
pairzs_withleak,scgpt_pan,molformer,xrfm,full,none,within_cell_line,AUROC,0.5530155753453571,0.01837293638481836,3,12.0,results/zenodo/grid/pairzs_withleak__scgpt_pan__molformer__xrfm
pairzs_withleak,scgpt_pan,molformer,xrfm,full,none,overall,MCC,-0.0273226304961074,0.0488768992067985,10,,results/zenodo/grid/pairzs_withleak__scgpt_pan__molformer__xrfm
pairzs_withleak,scgpt_pan,molformer,xrfm,full,none,overall,AUROC,0.4724986740490526,0.0373989628522071,10,,results/zenodo/grid/pairzs_withleak__scgpt_pan__molformer__xrfm
pairzs_withleak,scgpt_pan,morgan,lightgbm,full,none,within_drug,MCC,0.10333782877772657,0.028692845928010063,3,10.0,results/zenodo/grid/pairzs_withleak__scgpt_pan__morgan__lightgbm
pairzs_withleak,scgpt_pan,morgan,lightgbm,full,none,within_drug,AUROC,0.5847122975959332,0.015349696957268729,3,10.0,results/zenodo/grid/pairzs_withleak__scgpt_pan__morgan__lightgbm
pairzs_withleak,scgpt_pan,morgan,lightgbm,full,none,within_cell_line,MCC,0.15951291058680753,0.035387590908586196,3,12.0,results/zenodo/grid/pairzs_withleak__scgpt_pan__morgan__lightgbm
pairzs_withleak,scgpt_pan,morgan,lightgbm,full,none,within_cell_line,AUROC,0.6064930060202866,0.0219273838009254,3,12.0,results/zenodo/grid/pairzs_withleak__scgpt_pan__morgan__lightgbm
pairzs_withleak,scgpt_pan,morgan,lightgbm,full,none,overall,MCC,0.0489506206606641,0.0864594213473294,10,,results/zenodo/grid/pairzs_withleak__scgpt_pan__morgan__lightgbm
pairzs_withleak,scgpt_pan,morgan,lightgbm,full,none,overall,AUROC,0.5243064609294568,0.0755407334876038,10,,results/zenodo/grid/pairzs_withleak__scgpt_pan__morgan__lightgbm
pairzs_withleak,scgpt_pan,morgan,mlp,full,none,within_drug,MCC,-0.09261595334303385,0.02160630865618587,3,10.0,results/zenodo/grid/pairzs_withleak__scgpt_pan__morgan__mlp
pairzs_withleak,scgpt_pan,morgan,mlp,full,none,within_drug,AUROC,0.4333040549267053,0.023740523101916575,3,10.0,results/zenodo/grid/pairzs_withleak__scgpt_pan__morgan__mlp
pairzs_withleak,scgpt_pan,morgan,mlp,full,none,within_cell_line,MCC,0.01426058218558209,0.02769266348413276,3,12.0,results/zenodo/grid/pairzs_withleak__scgpt_pan__morgan__mlp
pairzs_withleak,scgpt_pan,morgan,mlp,full,none,within_cell_line,AUROC,0.4986263053848923,0.016436503968356758,3,12.0,results/zenodo/grid/pairzs_withleak__scgpt_pan__morgan__mlp
pairzs_withleak,scgpt_pan,morgan,mlp,full,none,overall,MCC,-0.0453909735210912,0.0418954330782621,10,,results/zenodo/grid/pairzs_withleak__scgpt_pan__morgan__mlp
pairzs_withleak,scgpt_pan,morgan,mlp,full,none,overall,AUROC,0.4120629137692054,0.0536020746945448,10,,results/zenodo/grid/pairzs_withleak__scgpt_pan__morgan__mlp
pairzs_withleak,scgpt_pan,morgan,xrfm,full,none,within_drug,MCC,-0.07343354659483677,0.012335529748733694,3,10.0,results/zenodo/grid/pairzs_withleak__scgpt_pan__morgan__xrfm
pairzs_withleak,scgpt_pan,morgan,xrfm,full,none,within_drug,AUROC,0.48397524526403357,0.005653803785922692,3,10.0,results/zenodo/grid/pairzs_withleak__scgpt_pan__morgan__xrfm
pairzs_withleak,scgpt_pan,morgan,xrfm,full,none,within_cell_line,MCC,0.047900035141118534,0.010624643439760939,3,12.0,results/zenodo/grid/pairzs_withleak__scgpt_pan__morgan__xrfm
pairzs_withleak,scgpt_pan,morgan,xrfm,full,none,within_cell_line,AUROC,0.5422469160385229,0.002010671825365279,3,12.0,results/zenodo/grid/pairzs_withleak__scgpt_pan__morgan__xrfm
pairzs_withleak,scgpt_pan,morgan,xrfm,full,none,overall,MCC,-0.0276751418817213,0.0612051269561037,10,,results/zenodo/grid/pairzs_withleak__scgpt_pan__morgan__xrfm
pairzs_withleak,scgpt_pan,morgan,xrfm,full,none,overall,AUROC,0.4767405717205631,0.0534204878824009,10,,results/zenodo/grid/pairzs_withleak__scgpt_pan__morgan__xrfm
pairzs_withleak,scvi,biomed,lightgbm,full,none,within_drug,MCC,0.061116093367594944,0.05578745792009511,3,10.0,results/zenodo/grid/pairzs_withleak__scvi__biomed__lightgbm
pairzs_withleak,scvi,biomed,lightgbm,full,none,within_drug,AUROC,0.5816313108698694,0.027143725035421784,3,10.0,results/zenodo/grid/pairzs_withleak__scvi__biomed__lightgbm
pairzs_withleak,scvi,biomed,lightgbm,full,none,within_cell_line,MCC,0.06488841036372532,0.02383843482508412,3,12.0,results/zenodo/grid/pairzs_withleak__scvi__biomed__lightgbm
pairzs_withleak,scvi,biomed,lightgbm,full,none,within_cell_line,AUROC,0.5622265314621065,0.023854213422881534,3,12.0,results/zenodo/grid/pairzs_withleak__scvi__biomed__lightgbm
pairzs_withleak,scvi,biomed,lightgbm,full,none,overall,MCC,0.0508890413215077,0.0661061247480189,10,,results/zenodo/grid/pairzs_withleak__scvi__biomed__lightgbm
pairzs_withleak,scvi,biomed,lightgbm,full,none,overall,AUROC,0.5275671039220879,0.070804551633618,10,,results/zenodo/grid/pairzs_withleak__scvi__biomed__lightgbm
pairzs_withleak,scvi,biomed,mlp,full,none,within_drug,MCC,0.012677021974583475,0.003628296921097473,3,10.0,results/zenodo/grid/pairzs_withleak__scvi__biomed__mlp
pairzs_withleak,scvi,biomed,mlp,full,none,within_drug,AUROC,0.5263050789235209,0.016674401131878035,3,10.0,results/zenodo/grid/pairzs_withleak__scvi__biomed__mlp
pairzs_withleak,scvi,biomed,mlp,full,none,within_cell_line,MCC,-0.002655176684173344,0.017208243172535463,3,12.0,results/zenodo/grid/pairzs_withleak__scvi__biomed__mlp
pairzs_withleak,scvi,biomed,mlp,full,none,within_cell_line,AUROC,0.4938159071114568,0.03323478157196379,3,12.0,results/zenodo/grid/pairzs_withleak__scvi__biomed__mlp
pairzs_withleak,scvi,biomed,mlp,full,none,overall,MCC,0.033627196210695,0.0531643162577706,10,,results/zenodo/grid/pairzs_withleak__scvi__biomed__mlp
pairzs_withleak,scvi,biomed,mlp,full,none,overall,AUROC,0.4983933367841199,0.0693054717729728,10,,results/zenodo/grid/pairzs_withleak__scvi__biomed__mlp
pairzs_withleak,scvi,biomed,xrfm,full,none,within_drug,MCC,-0.04099748753863402,0.01196695343575339,3,10.0,results/zenodo/grid/pairzs_withleak__scvi__biomed__xrfm
pairzs_withleak,scvi,biomed,xrfm,full,none,within_drug,AUROC,0.5029303429029172,0.03423436053620874,3,10.0,results/zenodo/grid/pairzs_withleak__scvi__biomed__xrfm
pairzs_withleak,scvi,biomed,xrfm,full,none,within_cell_line,MCC,0.013214301095232223,0.021989465826688127,3,12.0,results/zenodo/grid/pairzs_withleak__scvi__biomed__xrfm
pairzs_withleak,scvi,biomed,xrfm,full,none,within_cell_line,AUROC,0.5194540476678475,0.04284928497453533,3,12.0,results/zenodo/grid/pairzs_withleak__scvi__biomed__xrfm
pairzs_withleak,scvi,biomed,xrfm,full,none,overall,MCC,-0.0049711162044625,0.0613471522661919,10,,results/zenodo/grid/pairzs_withleak__scvi__biomed__xrfm
pairzs_withleak,scvi,biomed,xrfm,full,none,overall,AUROC,0.4971812446666296,0.0526444469984871,10,,results/zenodo/grid/pairzs_withleak__scvi__biomed__xrfm
pairzs_withleak,scvi,chemberta,lightgbm,full,none,within_drug,MCC,0.05347564498078175,0.04151389822564251,3,10.0,results/zenodo/grid/pairzs_withleak__scvi__chemberta__lightgbm
pairzs_withleak,scvi,chemberta,lightgbm,full,none,within_drug,AUROC,0.5775644302343709,0.024601975372326935,3,10.0,results/zenodo/grid/pairzs_withleak__scvi__chemberta__lightgbm
pairzs_withleak,scvi,chemberta,lightgbm,full,none,within_cell_line,MCC,0.05125551310928216,0.02173892652622717,3,12.0,results/zenodo/grid/pairzs_withleak__scvi__chemberta__lightgbm
pairzs_withleak,scvi,chemberta,lightgbm,full,none,within_cell_line,AUROC,0.5578585146933839,0.028839873225568736,3,12.0,results/zenodo/grid/pairzs_withleak__scvi__chemberta__lightgbm
pairzs_withleak,scvi,chemberta,lightgbm,full,none,overall,MCC,0.0300570775167703,0.0611435052081,10,,results/zenodo/grid/pairzs_withleak__scvi__chemberta__lightgbm
pairzs_withleak,scvi,chemberta,lightgbm,full,none,overall,AUROC,0.5267911588464053,0.0704750054292864,10,,results/zenodo/grid/pairzs_withleak__scvi__chemberta__lightgbm
pairzs_withleak,scvi,chemberta,mlp,full,none,within_drug,MCC,0.006115806756029162,0.023926228035970817,3,10.0,results/zenodo/grid/pairzs_withleak__scvi__chemberta__mlp
pairzs_withleak,scvi,chemberta,mlp,full,none,within_drug,AUROC,0.536271940700655,0.016860694230137356,3,10.0,results/zenodo/grid/pairzs_withleak__scvi__chemberta__mlp
pairzs_withleak,scvi,chemberta,mlp,full,none,within_cell_line,MCC,-0.011180880284335601,0.02020659409472839,3,12.0,results/zenodo/grid/pairzs_withleak__scvi__chemberta__mlp
pairzs_withleak,scvi,chemberta,mlp,full,none,within_cell_line,AUROC,0.49194004504453265,0.029162268553553933,3,12.0,results/zenodo/grid/pairzs_withleak__scvi__chemberta__mlp
pairzs_withleak,scvi,chemberta,mlp,full,none,overall,MCC,0.0350091260685051,0.0520356228753956,10,,results/zenodo/grid/pairzs_withleak__scvi__chemberta__mlp
pairzs_withleak,scvi,chemberta,mlp,full,none,overall,AUROC,0.4840132363370143,0.0757221091404336,10,,results/zenodo/grid/pairzs_withleak__scvi__chemberta__mlp
pairzs_withleak,scvi,chemberta,xrfm,full,none,within_drug,MCC,-0.050317351186796255,0.008347740531793968,3,10.0,results/zenodo/grid/pairzs_withleak__scvi__chemberta__xrfm
pairzs_withleak,scvi,chemberta,xrfm,full,none,within_drug,AUROC,0.5229648729896096,0.01088560141419365,3,10.0,results/zenodo/grid/pairzs_withleak__scvi__chemberta__xrfm
pairzs_withleak,scvi,chemberta,xrfm,full,none,within_cell_line,MCC,0.021024366160327643,0.03102515531200261,3,12.0,results/zenodo/grid/pairzs_withleak__scvi__chemberta__xrfm
pairzs_withleak,scvi,chemberta,xrfm,full,none,within_cell_line,AUROC,0.5513283516500822,0.02345599391164793,3,12.0,results/zenodo/grid/pairzs_withleak__scvi__chemberta__xrfm
pairzs_withleak,scvi,chemberta,xrfm,full,none,overall,MCC,-0.0045702111058304,0.0458987237721551,10,,results/zenodo/grid/pairzs_withleak__scvi__chemberta__xrfm
pairzs_withleak,scvi,chemberta,xrfm,full,none,overall,AUROC,0.5228931714412952,0.0413672001137873,10,,results/zenodo/grid/pairzs_withleak__scvi__chemberta__xrfm
pairzs_withleak,scvi,maccs,lightgbm,full,none,within_drug,MCC,0.044391518962902866,0.02308496108854189,3,10.0,results/zenodo/grid/pairzs_withleak__scvi__maccs__lightgbm
pairzs_withleak,scvi,maccs,lightgbm,full,none,within_drug,AUROC,0.5805910612644345,0.024853216292791185,3,10.0,results/zenodo/grid/pairzs_withleak__scvi__maccs__lightgbm
pairzs_withleak,scvi,maccs,lightgbm,full,none,within_cell_line,MCC,0.058330917943022496,0.015980252273427996,3,12.0,results/zenodo/grid/pairzs_withleak__scvi__maccs__lightgbm
pairzs_withleak,scvi,maccs,lightgbm,full,none,within_cell_line,AUROC,0.5633517532948026,0.027486783722271983,3,12.0,results/zenodo/grid/pairzs_withleak__scvi__maccs__lightgbm
pairzs_withleak,scvi,maccs,lightgbm,full,none,overall,MCC,0.0436727017192028,0.0764793072689661,10,,results/zenodo/grid/pairzs_withleak__scvi__maccs__lightgbm
pairzs_withleak,scvi,maccs,lightgbm,full,none,overall,AUROC,0.5305203878976128,0.0712326618777225,10,,results/zenodo/grid/pairzs_withleak__scvi__maccs__lightgbm
pairzs_withleak,scvi,maccs,mlp,full,none,within_drug,MCC,0.03786425373994893,0.019215896539929785,3,10.0,results/zenodo/grid/pairzs_withleak__scvi__maccs__mlp
pairzs_withleak,scvi,maccs,mlp,full,none,within_drug,AUROC,0.5446265272305202,0.01890009744240276,3,10.0,results/zenodo/grid/pairzs_withleak__scvi__maccs__mlp
pairzs_withleak,scvi,maccs,mlp,full,none,within_cell_line,MCC,-0.0033782503512966807,0.02242340378037417,3,12.0,results/zenodo/grid/pairzs_withleak__scvi__maccs__mlp
pairzs_withleak,scvi,maccs,mlp,full,none,within_cell_line,AUROC,0.5029927737862472,0.028589795220350166,3,12.0,results/zenodo/grid/pairzs_withleak__scvi__maccs__mlp
pairzs_withleak,scvi,maccs,mlp,full,none,overall,MCC,0.053105891809214,0.0736147487681078,10,,results/zenodo/grid/pairzs_withleak__scvi__maccs__mlp
pairzs_withleak,scvi,maccs,mlp,full,none,overall,AUROC,0.5011735074080728,0.0750502797919069,10,,results/zenodo/grid/pairzs_withleak__scvi__maccs__mlp
pairzs_withleak,scvi,maccs,xrfm,full,none,within_drug,MCC,-0.034913179001755806,0.015217307588550319,3,10.0,results/zenodo/grid/pairzs_withleak__scvi__maccs__xrfm
pairzs_withleak,scvi,maccs,xrfm,full,none,within_drug,AUROC,0.49265665538660236,0.04277756978590402,3,10.0,results/zenodo/grid/pairzs_withleak__scvi__maccs__xrfm
pairzs_withleak,scvi,maccs,xrfm,full,none,within_cell_line,MCC,0.012124617596837696,0.010119272822470275,3,12.0,results/zenodo/grid/pairzs_withleak__scvi__maccs__xrfm
pairzs_withleak,scvi,maccs,xrfm,full,none,within_cell_line,AUROC,0.5183588214045786,0.011067001475027809,3,12.0,results/zenodo/grid/pairzs_withleak__scvi__maccs__xrfm
pairzs_withleak,scvi,maccs,xrfm,full,none,overall,MCC,0.0024066389806409,0.0725625207620963,10,,results/zenodo/grid/pairzs_withleak__scvi__maccs__xrfm
pairzs_withleak,scvi,maccs,xrfm,full,none,overall,AUROC,0.5049364486916912,0.0545837950760412,10,,results/zenodo/grid/pairzs_withleak__scvi__maccs__xrfm
pairzs_withleak,scvi,materials,lightgbm,full,none,within_drug,MCC,0.011092506398790794,0.028891145076622587,3,10.0,results/zenodo/grid/pairzs_withleak__scvi__materials__lightgbm
pairzs_withleak,scvi,materials,lightgbm,full,none,within_drug,AUROC,0.579913084234329,0.024359970395784095,3,10.0,results/zenodo/grid/pairzs_withleak__scvi__materials__lightgbm
pairzs_withleak,scvi,materials,lightgbm,full,none,within_cell_line,MCC,0.04760390072011217,0.025122659697636662,3,12.0,results/zenodo/grid/pairzs_withleak__scvi__materials__lightgbm
pairzs_withleak,scvi,materials,lightgbm,full,none,within_cell_line,AUROC,0.5569092799480276,0.03243762159778112,3,12.0,results/zenodo/grid/pairzs_withleak__scvi__materials__lightgbm
pairzs_withleak,scvi,materials,lightgbm,full,none,overall,MCC,0.0218932927615579,0.0557973691419577,10,,results/zenodo/grid/pairzs_withleak__scvi__materials__lightgbm
pairzs_withleak,scvi,materials,lightgbm,full,none,overall,AUROC,0.5288769858525144,0.0684875109384199,10,,results/zenodo/grid/pairzs_withleak__scvi__materials__lightgbm
pairzs_withleak,scvi,materials,mlp,full,none,within_drug,MCC,-0.05364172295892427,0.018236992065322435,3,10.0,results/zenodo/grid/pairzs_withleak__scvi__materials__mlp
pairzs_withleak,scvi,materials,mlp,full,none,within_drug,AUROC,0.5167744151148365,0.012125106564980318,3,10.0,results/zenodo/grid/pairzs_withleak__scvi__materials__mlp
pairzs_withleak,scvi,materials,mlp,full,none,within_cell_line,MCC,-0.034895459352154067,0.008171154118211635,3,12.0,results/zenodo/grid/pairzs_withleak__scvi__materials__mlp
pairzs_withleak,scvi,materials,mlp,full,none,within_cell_line,AUROC,0.4659902789476533,0.02462512414545263,3,12.0,results/zenodo/grid/pairzs_withleak__scvi__materials__mlp
pairzs_withleak,scvi,materials,mlp,full,none,overall,MCC,1.9092844510188583e-05,0.0611089571148316,10,,results/zenodo/grid/pairzs_withleak__scvi__materials__mlp
pairzs_withleak,scvi,materials,mlp,full,none,overall,AUROC,0.4700616523099309,0.0818443814245627,10,,results/zenodo/grid/pairzs_withleak__scvi__materials__mlp
pairzs_withleak,scvi,materials,xrfm,full,none,within_drug,MCC,-0.07390675629990777,0.011967818688573594,3,10.0,results/zenodo/grid/pairzs_withleak__scvi__materials__xrfm
pairzs_withleak,scvi,materials,xrfm,full,none,within_drug,AUROC,0.5079269934826015,0.02554117532990295,3,10.0,results/zenodo/grid/pairzs_withleak__scvi__materials__xrfm
pairzs_withleak,scvi,materials,xrfm,full,none,within_cell_line,MCC,-0.003932796246844849,0.007165120843122216,3,12.0,results/zenodo/grid/pairzs_withleak__scvi__materials__xrfm
pairzs_withleak,scvi,materials,xrfm,full,none,within_cell_line,AUROC,0.5343438327910354,0.00564234756628015,3,12.0,results/zenodo/grid/pairzs_withleak__scvi__materials__xrfm
pairzs_withleak,scvi,materials,xrfm,full,none,overall,MCC,-0.033453535241691,0.0697135800730919,10,,results/zenodo/grid/pairzs_withleak__scvi__materials__xrfm
pairzs_withleak,scvi,materials,xrfm,full,none,overall,AUROC,0.5179964761506721,0.0549243520487304,10,,results/zenodo/grid/pairzs_withleak__scvi__materials__xrfm
pairzs_withleak,scvi,molformer,lightgbm,full,none,within_drug,MCC,0.06213151127207517,0.043326359849232846,3,10.0,results/zenodo/grid/pairzs_withleak__scvi__molformer__lightgbm
pairzs_withleak,scvi,molformer,lightgbm,full,none,within_drug,AUROC,0.5787483776835003,0.02114134957989941,3,10.0,results/zenodo/grid/pairzs_withleak__scvi__molformer__lightgbm
pairzs_withleak,scvi,molformer,lightgbm,full,none,within_cell_line,MCC,0.0426877644502058,0.029452912014673472,3,12.0,results/zenodo/grid/pairzs_withleak__scvi__molformer__lightgbm
pairzs_withleak,scvi,molformer,lightgbm,full,none,within_cell_line,AUROC,0.5580069578141728,0.030932128044865028,3,12.0,results/zenodo/grid/pairzs_withleak__scvi__molformer__lightgbm
pairzs_withleak,scvi,molformer,lightgbm,full,none,overall,MCC,0.0406443221033988,0.0709020320549375,10,,results/zenodo/grid/pairzs_withleak__scvi__molformer__lightgbm
pairzs_withleak,scvi,molformer,lightgbm,full,none,overall,AUROC,0.5301133787655588,0.0709599219022961,10,,results/zenodo/grid/pairzs_withleak__scvi__molformer__lightgbm
pairzs_withleak,scvi,molformer,mlp,full,none,within_drug,MCC,-0.044615140881939,0.023181002315563748,3,10.0,results/zenodo/grid/pairzs_withleak__scvi__molformer__mlp
pairzs_withleak,scvi,molformer,mlp,full,none,within_drug,AUROC,0.47071902018948353,0.0175281632503634,3,10.0,results/zenodo/grid/pairzs_withleak__scvi__molformer__mlp
pairzs_withleak,scvi,molformer,mlp,full,none,within_cell_line,MCC,-0.023483621149330853,0.02487028757314394,3,12.0,results/zenodo/grid/pairzs_withleak__scvi__molformer__mlp
pairzs_withleak,scvi,molformer,mlp,full,none,within_cell_line,AUROC,0.4604679442445155,0.03449686787915866,3,12.0,results/zenodo/grid/pairzs_withleak__scvi__molformer__mlp
pairzs_withleak,scvi,molformer,mlp,full,none,overall,MCC,0.0012826777183018,0.0540268157959437,10,,results/zenodo/grid/pairzs_withleak__scvi__molformer__mlp
pairzs_withleak,scvi,molformer,mlp,full,none,overall,AUROC,0.4528988180598117,0.0657988234421437,10,,results/zenodo/grid/pairzs_withleak__scvi__molformer__mlp
pairzs_withleak,scvi,molformer,xrfm,full,none,within_drug,MCC,-0.03540028196280143,0.018446212837699406,3,10.0,results/zenodo/grid/pairzs_withleak__scvi__molformer__xrfm
pairzs_withleak,scvi,molformer,xrfm,full,none,within_drug,AUROC,0.5120735081401436,0.0162463433026427,3,10.0,results/zenodo/grid/pairzs_withleak__scvi__molformer__xrfm
pairzs_withleak,scvi,molformer,xrfm,full,none,within_cell_line,MCC,0.010254169626714845,0.016687760044181623,3,12.0,results/zenodo/grid/pairzs_withleak__scvi__molformer__xrfm
pairzs_withleak,scvi,molformer,xrfm,full,none,within_cell_line,AUROC,0.5354075650046584,0.002881597378129668,3,12.0,results/zenodo/grid/pairzs_withleak__scvi__molformer__xrfm
pairzs_withleak,scvi,molformer,xrfm,full,none,overall,MCC,-0.0172385449265055,0.0518482116032901,10,,results/zenodo/grid/pairzs_withleak__scvi__molformer__xrfm
pairzs_withleak,scvi,molformer,xrfm,full,none,overall,AUROC,0.4953058003682896,0.0440642685080957,10,,results/zenodo/grid/pairzs_withleak__scvi__molformer__xrfm
pairzs_withleak,scvi,morgan,lightgbm,full,none,within_drug,MCC,0.028937985888662903,0.028085368133562175,3,10.0,results/zenodo/grid/pairzs_withleak__scvi__morgan__lightgbm
pairzs_withleak,scvi,morgan,lightgbm,full,none,within_drug,AUROC,0.5811569198627166,0.02411722466313099,3,10.0,results/zenodo/grid/pairzs_withleak__scvi__morgan__lightgbm
pairzs_withleak,scvi,morgan,lightgbm,full,none,within_cell_line,MCC,0.05641915675377531,0.01447863907216349,3,12.0,results/zenodo/grid/pairzs_withleak__scvi__morgan__lightgbm
pairzs_withleak,scvi,morgan,lightgbm,full,none,within_cell_line,AUROC,0.5563270719097533,0.029623973860078704,3,12.0,results/zenodo/grid/pairzs_withleak__scvi__morgan__lightgbm
pairzs_withleak,scvi,morgan,lightgbm,full,none,overall,MCC,0.0321866776704736,0.0578126785380981,10,,results/zenodo/grid/pairzs_withleak__scvi__morgan__lightgbm
pairzs_withleak,scvi,morgan,lightgbm,full,none,overall,AUROC,0.5302841639413909,0.0670876850439852,10,,results/zenodo/grid/pairzs_withleak__scvi__morgan__lightgbm
pairzs_withleak,scvi,morgan,mlp,full,none,within_drug,MCC,0.004168143751483761,0.022125910753657607,3,10.0,results/zenodo/grid/pairzs_withleak__scvi__morgan__mlp
pairzs_withleak,scvi,morgan,mlp,full,none,within_drug,AUROC,0.5334255933111564,0.01574907836692403,3,10.0,results/zenodo/grid/pairzs_withleak__scvi__morgan__mlp
pairzs_withleak,scvi,morgan,mlp,full,none,within_cell_line,MCC,0.016318199382190087,0.03051675360070336,3,12.0,results/zenodo/grid/pairzs_withleak__scvi__morgan__mlp
pairzs_withleak,scvi,morgan,mlp,full,none,within_cell_line,AUROC,0.5012567794883303,0.027364363311600477,3,12.0,results/zenodo/grid/pairzs_withleak__scvi__morgan__mlp
pairzs_withleak,scvi,morgan,mlp,full,none,overall,MCC,0.0417905245099964,0.0573874363447142,10,,results/zenodo/grid/pairzs_withleak__scvi__morgan__mlp
pairzs_withleak,scvi,morgan,mlp,full,none,overall,AUROC,0.4922589862678208,0.0709744705802613,10,,results/zenodo/grid/pairzs_withleak__scvi__morgan__mlp
pairzs_withleak,scvi,morgan,xrfm,full,none,within_drug,MCC,-0.051985875791285906,0.025741630784384028,3,10.0,results/zenodo/grid/pairzs_withleak__scvi__morgan__xrfm
pairzs_withleak,scvi,morgan,xrfm,full,none,within_drug,AUROC,0.45841451990326726,0.02390492737783873,3,10.0,results/zenodo/grid/pairzs_withleak__scvi__morgan__xrfm
pairzs_withleak,scvi,morgan,xrfm,full,none,within_cell_line,MCC,-0.0043807442651747725,0.02808331861340732,3,12.0,results/zenodo/grid/pairzs_withleak__scvi__morgan__xrfm
pairzs_withleak,scvi,morgan,xrfm,full,none,within_cell_line,AUROC,0.5122857764865401,0.026626779785227313,3,12.0,results/zenodo/grid/pairzs_withleak__scvi__morgan__xrfm
pairzs_withleak,scvi,morgan,xrfm,full,none,overall,MCC,-0.0287780422443701,0.0507961844082082,10,,results/zenodo/grid/pairzs_withleak__scvi__morgan__xrfm
pairzs_withleak,scvi,morgan,xrfm,full,none,overall,AUROC,0.4805450524246183,0.044426159171627,10,,results/zenodo/grid/pairzs_withleak__scvi__morgan__xrfm
pairzs_withoutleak,gene_jepa,biomed,lightgbm,full,none,within_drug,MCC,0.004645982238169181,0.009319029937431087,3,10.0,results/zenodo/grid/pairzs_withoutleak__gene_jepa__biomed__lightgbm
pairzs_withoutleak,gene_jepa,biomed,lightgbm,full,none,within_drug,AUROC,0.5431270824206744,0.0005190954229813906,3,10.0,results/zenodo/grid/pairzs_withoutleak__gene_jepa__biomed__lightgbm
pairzs_withoutleak,gene_jepa,biomed,lightgbm,full,none,within_cell_line,MCC,0.09395370403821678,0.016202359453017248,3,12.0,results/zenodo/grid/pairzs_withoutleak__gene_jepa__biomed__lightgbm
pairzs_withoutleak,gene_jepa,biomed,lightgbm,full,none,within_cell_line,AUROC,0.578354992728577,0.007554676403242756,3,12.0,results/zenodo/grid/pairzs_withoutleak__gene_jepa__biomed__lightgbm
pairzs_withoutleak,gene_jepa,biomed,lightgbm,full,none,overall,MCC,-0.0129912638686471,0.1166517066526112,5,,results/zenodo/grid/pairzs_withoutleak__gene_jepa__biomed__lightgbm
pairzs_withoutleak,gene_jepa,biomed,lightgbm,full,none,overall,AUROC,0.515926281394153,0.0732826659312277,5,,results/zenodo/grid/pairzs_withoutleak__gene_jepa__biomed__lightgbm
pairzs_withoutleak,gene_jepa,biomed,mlp,full,none,within_drug,MCC,-0.011922261952727718,0.008291336564880401,3,10.0,results/zenodo/grid/pairzs_withoutleak__gene_jepa__biomed__mlp
pairzs_withoutleak,gene_jepa,biomed,mlp,full,none,within_drug,AUROC,0.4850012574763749,0.019921026623421823,3,10.0,results/zenodo/grid/pairzs_withoutleak__gene_jepa__biomed__mlp
pairzs_withoutleak,gene_jepa,biomed,mlp,full,none,within_cell_line,MCC,0.040824337033189585,0.011584405457425674,3,12.0,results/zenodo/grid/pairzs_withoutleak__gene_jepa__biomed__mlp
pairzs_withoutleak,gene_jepa,biomed,mlp,full,none,within_cell_line,AUROC,0.5242829882050551,0.011609994580970083,3,12.0,results/zenodo/grid/pairzs_withoutleak__gene_jepa__biomed__mlp
pairzs_withoutleak,gene_jepa,biomed,mlp,full,none,overall,MCC,0.0438360275322919,0.1351634874178589,5,,results/zenodo/grid/pairzs_withoutleak__gene_jepa__biomed__mlp
pairzs_withoutleak,gene_jepa,biomed,mlp,full,none,overall,AUROC,0.5743895669803805,0.0570537968060464,5,,results/zenodo/grid/pairzs_withoutleak__gene_jepa__biomed__mlp
pairzs_withoutleak,gene_jepa,biomed,xrfm,full,none,within_drug,MCC,-0.009755678309867752,0.018930805874629773,3,10.0,results/zenodo/grid/pairzs_withoutleak__gene_jepa__biomed__xrfm
pairzs_withoutleak,gene_jepa,biomed,xrfm,full,none,within_drug,AUROC,0.5306708133591534,0.006307290912047708,3,10.0,results/zenodo/grid/pairzs_withoutleak__gene_jepa__biomed__xrfm
pairzs_withoutleak,gene_jepa,biomed,xrfm,full,none,within_cell_line,MCC,0.08159486328902649,0.026637914194010192,3,12.0,results/zenodo/grid/pairzs_withoutleak__gene_jepa__biomed__xrfm
pairzs_withoutleak,gene_jepa,biomed,xrfm,full,none,within_cell_line,AUROC,0.5743454392449863,0.00445025862688044,3,12.0,results/zenodo/grid/pairzs_withoutleak__gene_jepa__biomed__xrfm
pairzs_withoutleak,gene_jepa,biomed,xrfm,full,none,overall,MCC,0.0189639024055471,0.1146444709767885,5,,results/zenodo/grid/pairzs_withoutleak__gene_jepa__biomed__xrfm
pairzs_withoutleak,gene_jepa,biomed,xrfm,full,none,overall,AUROC,0.5183097185159107,0.0594041145876267,5,,results/zenodo/grid/pairzs_withoutleak__gene_jepa__biomed__xrfm
pairzs_withoutleak,gene_jepa,chemberta,lightgbm,full,none,within_drug,MCC,0.05179606216121321,0.027579990452387262,3,10.0,results/zenodo/grid/pairzs_withoutleak__gene_jepa__chemberta__lightgbm
pairzs_withoutleak,gene_jepa,chemberta,lightgbm,full,none,within_drug,AUROC,0.5304829403745346,0.0032408415711076928,3,10.0,results/zenodo/grid/pairzs_withoutleak__gene_jepa__chemberta__lightgbm
pairzs_withoutleak,gene_jepa,chemberta,lightgbm,full,none,within_cell_line,MCC,0.08927409843514615,0.030682136637825996,3,12.0,results/zenodo/grid/pairzs_withoutleak__gene_jepa__chemberta__lightgbm
pairzs_withoutleak,gene_jepa,chemberta,lightgbm,full,none,within_cell_line,AUROC,0.5521737075243908,0.0037950303374849376,3,12.0,results/zenodo/grid/pairzs_withoutleak__gene_jepa__chemberta__lightgbm
pairzs_withoutleak,gene_jepa,chemberta,lightgbm,full,none,overall,MCC,-0.0669964462915873,0.1314934691515907,5,,results/zenodo/grid/pairzs_withoutleak__gene_jepa__chemberta__lightgbm
pairzs_withoutleak,gene_jepa,chemberta,lightgbm,full,none,overall,AUROC,0.4823455781108633,0.0760678467165979,5,,results/zenodo/grid/pairzs_withoutleak__gene_jepa__chemberta__lightgbm
pairzs_withoutleak,gene_jepa,chemberta,mlp,full,none,within_drug,MCC,0.0034057116886611048,0.012015304800382407,3,10.0,results/zenodo/grid/pairzs_withoutleak__gene_jepa__chemberta__mlp
pairzs_withoutleak,gene_jepa,chemberta,mlp,full,none,within_drug,AUROC,0.5042051729989562,0.005660275870823979,3,10.0,results/zenodo/grid/pairzs_withoutleak__gene_jepa__chemberta__mlp
pairzs_withoutleak,gene_jepa,chemberta,mlp,full,none,within_cell_line,MCC,0.03458258418391565,0.013179204258520946,3,12.0,results/zenodo/grid/pairzs_withoutleak__gene_jepa__chemberta__mlp
pairzs_withoutleak,gene_jepa,chemberta,mlp,full,none,within_cell_line,AUROC,0.5079179746857913,0.004883423406367788,3,12.0,results/zenodo/grid/pairzs_withoutleak__gene_jepa__chemberta__mlp
pairzs_withoutleak,gene_jepa,chemberta,mlp,full,none,overall,MCC,-0.048851906910654,0.1134245558678,5,,results/zenodo/grid/pairzs_withoutleak__gene_jepa__chemberta__mlp
pairzs_withoutleak,gene_jepa,chemberta,mlp,full,none,overall,AUROC,0.5229902642659925,0.0465182612144097,5,,results/zenodo/grid/pairzs_withoutleak__gene_jepa__chemberta__mlp
pairzs_withoutleak,gene_jepa,chemberta,xrfm,full,none,within_drug,MCC,0.03151951160750022,0.010494617851432545,3,10.0,results/zenodo/grid/pairzs_withoutleak__gene_jepa__chemberta__xrfm
pairzs_withoutleak,gene_jepa,chemberta,xrfm,full,none,within_drug,AUROC,0.5028518379267407,0.01890321253849368,3,10.0,results/zenodo/grid/pairzs_withoutleak__gene_jepa__chemberta__xrfm
pairzs_withoutleak,gene_jepa,chemberta,xrfm,full,none,within_cell_line,MCC,0.09023816548055125,0.02021436267604069,3,12.0,results/zenodo/grid/pairzs_withoutleak__gene_jepa__chemberta__xrfm
pairzs_withoutleak,gene_jepa,chemberta,xrfm,full,none,within_cell_line,AUROC,0.5566803818338432,0.0061461165915827004,3,12.0,results/zenodo/grid/pairzs_withoutleak__gene_jepa__chemberta__xrfm
pairzs_withoutleak,gene_jepa,chemberta,xrfm,full,none,overall,MCC,-0.0123805580105296,0.1049364067839939,5,,results/zenodo/grid/pairzs_withoutleak__gene_jepa__chemberta__xrfm
pairzs_withoutleak,gene_jepa,chemberta,xrfm,full,none,overall,AUROC,0.4948079370656544,0.0540363242117382,5,,results/zenodo/grid/pairzs_withoutleak__gene_jepa__chemberta__xrfm
pairzs_withoutleak,gene_jepa,maccs,lightgbm,full,none,within_drug,MCC,0.03095634768684324,0.02028327782682462,3,10.0,results/zenodo/grid/pairzs_withoutleak__gene_jepa__maccs__lightgbm
pairzs_withoutleak,gene_jepa,maccs,lightgbm,full,none,within_drug,AUROC,0.5404332754780211,0.003155943212965406,3,10.0,results/zenodo/grid/pairzs_withoutleak__gene_jepa__maccs__lightgbm
pairzs_withoutleak,gene_jepa,maccs,lightgbm,full,none,within_cell_line,MCC,0.07079615399632057,0.00971624548334151,3,12.0,results/zenodo/grid/pairzs_withoutleak__gene_jepa__maccs__lightgbm
pairzs_withoutleak,gene_jepa,maccs,lightgbm,full,none,within_cell_line,AUROC,0.5542968994364963,0.004785571032782393,3,12.0,results/zenodo/grid/pairzs_withoutleak__gene_jepa__maccs__lightgbm
pairzs_withoutleak,gene_jepa,maccs,lightgbm,full,none,overall,MCC,-0.045310157452107,0.1210595647440728,5,,results/zenodo/grid/pairzs_withoutleak__gene_jepa__maccs__lightgbm
pairzs_withoutleak,gene_jepa,maccs,lightgbm,full,none,overall,AUROC,0.5086912785552052,0.074232037025109,5,,results/zenodo/grid/pairzs_withoutleak__gene_jepa__maccs__lightgbm
pairzs_withoutleak,gene_jepa,maccs,mlp,full,none,within_drug,MCC,-0.02117342594110856,0.003263249546028381,3,10.0,results/zenodo/grid/pairzs_withoutleak__gene_jepa__maccs__mlp
pairzs_withoutleak,gene_jepa,maccs,mlp,full,none,within_drug,AUROC,0.5138493625306857,0.005529710539226136,3,10.0,results/zenodo/grid/pairzs_withoutleak__gene_jepa__maccs__mlp
pairzs_withoutleak,gene_jepa,maccs,mlp,full,none,within_cell_line,MCC,0.03577689380113198,0.002081324070022218,3,12.0,results/zenodo/grid/pairzs_withoutleak__gene_jepa__maccs__mlp
pairzs_withoutleak,gene_jepa,maccs,mlp,full,none,within_cell_line,AUROC,0.510014079669042,0.005964508336480415,3,12.0,results/zenodo/grid/pairzs_withoutleak__gene_jepa__maccs__mlp
pairzs_withoutleak,gene_jepa,maccs,mlp,full,none,overall,MCC,-0.050669027584891,0.1148360398931457,5,,results/zenodo/grid/pairzs_withoutleak__gene_jepa__maccs__mlp
pairzs_withoutleak,gene_jepa,maccs,mlp,full,none,overall,AUROC,0.5339814699608556,0.0501639927361652,5,,results/zenodo/grid/pairzs_withoutleak__gene_jepa__maccs__mlp
pairzs_withoutleak,gene_jepa,maccs,xrfm,full,none,within_drug,MCC,0.005425635744099767,0.019539077008602586,3,10.0,results/zenodo/grid/pairzs_withoutleak__gene_jepa__maccs__xrfm
pairzs_withoutleak,gene_jepa,maccs,xrfm,full,none,within_drug,AUROC,0.5057173268261917,0.008620931252150297,3,10.0,results/zenodo/grid/pairzs_withoutleak__gene_jepa__maccs__xrfm
pairzs_withoutleak,gene_jepa,maccs,xrfm,full,none,within_cell_line,MCC,0.07127315393736193,0.022943984887355426,3,12.0,results/zenodo/grid/pairzs_withoutleak__gene_jepa__maccs__xrfm
pairzs_withoutleak,gene_jepa,maccs,xrfm,full,none,within_cell_line,AUROC,0.554162981889143,0.01159078327032476,3,12.0,results/zenodo/grid/pairzs_withoutleak__gene_jepa__maccs__xrfm
pairzs_withoutleak,gene_jepa,maccs,xrfm,full,none,overall,MCC,0.0464232645447531,0.0360171999490745,5,,results/zenodo/grid/pairzs_withoutleak__gene_jepa__maccs__xrfm
pairzs_withoutleak,gene_jepa,maccs,xrfm,full,none,overall,AUROC,0.5129379749147548,0.0432131220985984,5,,results/zenodo/grid/pairzs_withoutleak__gene_jepa__maccs__xrfm
pairzs_withoutleak,gene_jepa,materials,lightgbm,full,none,within_drug,MCC,0.03671188199221159,0.020660468271126862,3,10.0,results/zenodo/grid/pairzs_withoutleak__gene_jepa__materials__lightgbm
pairzs_withoutleak,gene_jepa,materials,lightgbm,full,none,within_drug,AUROC,0.5363841165989554,0.003370219780835799,3,10.0,results/zenodo/grid/pairzs_withoutleak__gene_jepa__materials__lightgbm
pairzs_withoutleak,gene_jepa,materials,lightgbm,full,none,within_cell_line,MCC,0.07923879782653566,0.015166466005201633,3,12.0,results/zenodo/grid/pairzs_withoutleak__gene_jepa__materials__lightgbm
pairzs_withoutleak,gene_jepa,materials,lightgbm,full,none,within_cell_line,AUROC,0.5550676222274112,0.006588900695319368,3,12.0,results/zenodo/grid/pairzs_withoutleak__gene_jepa__materials__lightgbm
pairzs_withoutleak,gene_jepa,materials,lightgbm,full,none,overall,MCC,-0.0334529754810917,0.1072728533201885,5,,results/zenodo/grid/pairzs_withoutleak__gene_jepa__materials__lightgbm
pairzs_withoutleak,gene_jepa,materials,lightgbm,full,none,overall,AUROC,0.4931485489619692,0.0678536045232871,5,,results/zenodo/grid/pairzs_withoutleak__gene_jepa__materials__lightgbm
pairzs_withoutleak,gene_jepa,materials,mlp,full,none,within_drug,MCC,-0.018235979436893496,0.007177623233879398,3,10.0,results/zenodo/grid/pairzs_withoutleak__gene_jepa__materials__mlp
pairzs_withoutleak,gene_jepa,materials,mlp,full,none,within_drug,AUROC,0.48904340362264237,0.00691370684966619,3,10.0,results/zenodo/grid/pairzs_withoutleak__gene_jepa__materials__mlp
pairzs_withoutleak,gene_jepa,materials,mlp,full,none,within_cell_line,MCC,0.013499838529158282,0.0049197514682680675,3,12.0,results/zenodo/grid/pairzs_withoutleak__gene_jepa__materials__mlp
pairzs_withoutleak,gene_jepa,materials,mlp,full,none,within_cell_line,AUROC,0.4991101538274023,0.007217730635048088,3,12.0,results/zenodo/grid/pairzs_withoutleak__gene_jepa__materials__mlp
pairzs_withoutleak,gene_jepa,materials,mlp,full,none,overall,MCC,0.0174139258328451,0.0826160755926375,5,,results/zenodo/grid/pairzs_withoutleak__gene_jepa__materials__mlp
pairzs_withoutleak,gene_jepa,materials,mlp,full,none,overall,AUROC,0.5355787754813032,0.0439905040246211,5,,results/zenodo/grid/pairzs_withoutleak__gene_jepa__materials__mlp
pairzs_withoutleak,gene_jepa,materials,xrfm,full,none,within_drug,MCC,0.010682296430051039,0.009520734284957932,3,10.0,results/zenodo/grid/pairzs_withoutleak__gene_jepa__materials__xrfm
pairzs_withoutleak,gene_jepa,materials,xrfm,full,none,within_drug,AUROC,0.5012926907577964,0.0038435554199159868,3,10.0,results/zenodo/grid/pairzs_withoutleak__gene_jepa__materials__xrfm
pairzs_withoutleak,gene_jepa,materials,xrfm,full,none,within_cell_line,MCC,0.07198526446424973,0.0030069991189451677,3,12.0,results/zenodo/grid/pairzs_withoutleak__gene_jepa__materials__xrfm
pairzs_withoutleak,gene_jepa,materials,xrfm,full,none,within_cell_line,AUROC,0.5473039705029245,0.013846188877633213,3,12.0,results/zenodo/grid/pairzs_withoutleak__gene_jepa__materials__xrfm
pairzs_withoutleak,gene_jepa,materials,xrfm,full,none,overall,MCC,-0.0529208408464977,0.1078739627357618,5,,results/zenodo/grid/pairzs_withoutleak__gene_jepa__materials__xrfm
pairzs_withoutleak,gene_jepa,materials,xrfm,full,none,overall,AUROC,0.4717477606772386,0.0543672912944811,5,,results/zenodo/grid/pairzs_withoutleak__gene_jepa__materials__xrfm
pairzs_withoutleak,gene_jepa,molformer,lightgbm,full,none,within_drug,MCC,0.011696147678428748,0.015543147967641174,3,10.0,results/zenodo/grid/pairzs_withoutleak__gene_jepa__molformer__lightgbm
pairzs_withoutleak,gene_jepa,molformer,lightgbm,full,none,within_drug,AUROC,0.5405539792512938,0.0028214707382428947,3,10.0,results/zenodo/grid/pairzs_withoutleak__gene_jepa__molformer__lightgbm
pairzs_withoutleak,gene_jepa,molformer,lightgbm,full,none,within_cell_line,MCC,0.07849570433613705,0.025477855923512312,3,12.0,results/zenodo/grid/pairzs_withoutleak__gene_jepa__molformer__lightgbm
pairzs_withoutleak,gene_jepa,molformer,lightgbm,full,none,within_cell_line,AUROC,0.5681906451267227,0.010639764223361681,3,12.0,results/zenodo/grid/pairzs_withoutleak__gene_jepa__molformer__lightgbm
pairzs_withoutleak,gene_jepa,molformer,lightgbm,full,none,overall,MCC,-6.88376027749349e-05,0.1074818910001322,5,,results/zenodo/grid/pairzs_withoutleak__gene_jepa__molformer__lightgbm
pairzs_withoutleak,gene_jepa,molformer,lightgbm,full,none,overall,AUROC,0.5280295448227312,0.0673327184381518,5,,results/zenodo/grid/pairzs_withoutleak__gene_jepa__molformer__lightgbm
pairzs_withoutleak,gene_jepa,molformer,mlp,full,none,within_drug,MCC,-0.016335756147331532,0.01215656856271059,3,10.0,results/zenodo/grid/pairzs_withoutleak__gene_jepa__molformer__mlp
pairzs_withoutleak,gene_jepa,molformer,mlp,full,none,within_drug,AUROC,0.5104784795602484,0.010226228618621365,3,10.0,results/zenodo/grid/pairzs_withoutleak__gene_jepa__molformer__mlp
pairzs_withoutleak,gene_jepa,molformer,mlp,full,none,within_cell_line,MCC,0.01335675554271866,0.015284161604760446,3,12.0,results/zenodo/grid/pairzs_withoutleak__gene_jepa__molformer__mlp
pairzs_withoutleak,gene_jepa,molformer,mlp,full,none,within_cell_line,AUROC,0.5333500345371444,0.007108809716879268,3,12.0,results/zenodo/grid/pairzs_withoutleak__gene_jepa__molformer__mlp
pairzs_withoutleak,gene_jepa,molformer,mlp,full,none,overall,MCC,0.0434050361865422,0.1060189223366963,5,,results/zenodo/grid/pairzs_withoutleak__gene_jepa__molformer__mlp
pairzs_withoutleak,gene_jepa,molformer,mlp,full,none,overall,AUROC,0.5719627850959823,0.0396233516320804,5,,results/zenodo/grid/pairzs_withoutleak__gene_jepa__molformer__mlp
pairzs_withoutleak,gene_jepa,molformer,xrfm,full,none,within_drug,MCC,0.033522884302496087,0.015246241414999178,3,10.0,results/zenodo/grid/pairzs_withoutleak__gene_jepa__molformer__xrfm
pairzs_withoutleak,gene_jepa,molformer,xrfm,full,none,within_drug,AUROC,0.5248758025274696,0.0024859795792027987,3,10.0,results/zenodo/grid/pairzs_withoutleak__gene_jepa__molformer__xrfm
pairzs_withoutleak,gene_jepa,molformer,xrfm,full,none,within_cell_line,MCC,0.08475352047244765,0.004322761667775518,3,12.0,results/zenodo/grid/pairzs_withoutleak__gene_jepa__molformer__xrfm
pairzs_withoutleak,gene_jepa,molformer,xrfm,full,none,within_cell_line,AUROC,0.551543656423382,0.014373631414998042,3,12.0,results/zenodo/grid/pairzs_withoutleak__gene_jepa__molformer__xrfm
pairzs_withoutleak,gene_jepa,molformer,xrfm,full,none,overall,MCC,-0.0354467365312644,0.1044719622260918,5,,results/zenodo/grid/pairzs_withoutleak__gene_jepa__molformer__xrfm
pairzs_withoutleak,gene_jepa,molformer,xrfm,full,none,overall,AUROC,0.4906486344168884,0.0550957342878892,5,,results/zenodo/grid/pairzs_withoutleak__gene_jepa__molformer__xrfm
pairzs_withoutleak,gene_jepa,morgan,lightgbm,full,none,within_drug,MCC,0.01715494855855601,0.01787141271746864,3,10.0,results/zenodo/grid/pairzs_withoutleak__gene_jepa__morgan__lightgbm
pairzs_withoutleak,gene_jepa,morgan,lightgbm,full,none,within_drug,AUROC,0.5195955419402353,0.005901581396192748,3,10.0,results/zenodo/grid/pairzs_withoutleak__gene_jepa__morgan__lightgbm
pairzs_withoutleak,gene_jepa,morgan,lightgbm,full,none,within_cell_line,MCC,0.08220055521334255,0.01620062459222614,3,12.0,results/zenodo/grid/pairzs_withoutleak__gene_jepa__morgan__lightgbm
pairzs_withoutleak,gene_jepa,morgan,lightgbm,full,none,within_cell_line,AUROC,0.5439852064580958,0.006192643513201417,3,12.0,results/zenodo/grid/pairzs_withoutleak__gene_jepa__morgan__lightgbm
pairzs_withoutleak,gene_jepa,morgan,lightgbm,full,none,overall,MCC,-0.0416943387627767,0.1047677383005597,5,,results/zenodo/grid/pairzs_withoutleak__gene_jepa__morgan__lightgbm
pairzs_withoutleak,gene_jepa,morgan,lightgbm,full,none,overall,AUROC,0.4885771559713743,0.0662920835118469,5,,results/zenodo/grid/pairzs_withoutleak__gene_jepa__morgan__lightgbm
pairzs_withoutleak,gene_jepa,morgan,mlp,full,none,within_drug,MCC,0.0460184610622813,0.013809383463450594,3,10.0,results/zenodo/grid/pairzs_withoutleak__gene_jepa__morgan__mlp
pairzs_withoutleak,gene_jepa,morgan,mlp,full,none,within_drug,AUROC,0.5490427902595573,0.004320977897568541,3,10.0,results/zenodo/grid/pairzs_withoutleak__gene_jepa__morgan__mlp
pairzs_withoutleak,gene_jepa,morgan,mlp,full,none,within_cell_line,MCC,0.07305071631028758,0.0056860652668826945,3,12.0,results/zenodo/grid/pairzs_withoutleak__gene_jepa__morgan__mlp
pairzs_withoutleak,gene_jepa,morgan,mlp,full,none,within_cell_line,AUROC,0.5441294003778601,0.007342987466113645,3,12.0,results/zenodo/grid/pairzs_withoutleak__gene_jepa__morgan__mlp
pairzs_withoutleak,gene_jepa,morgan,mlp,full,none,overall,MCC,0.0014254967949938,0.1299614964399821,5,,results/zenodo/grid/pairzs_withoutleak__gene_jepa__morgan__mlp
pairzs_withoutleak,gene_jepa,morgan,mlp,full,none,overall,AUROC,0.5542794505639927,0.0524195942441419,5,,results/zenodo/grid/pairzs_withoutleak__gene_jepa__morgan__mlp
pairzs_withoutleak,gene_jepa,morgan,xrfm,full,none,within_drug,MCC,0.03409153103640209,0.017581727847523373,3,10.0,results/zenodo/grid/pairzs_withoutleak__gene_jepa__morgan__xrfm
pairzs_withoutleak,gene_jepa,morgan,xrfm,full,none,within_drug,AUROC,0.5149541812303972,0.015920966611408488,3,10.0,results/zenodo/grid/pairzs_withoutleak__gene_jepa__morgan__xrfm
pairzs_withoutleak,gene_jepa,morgan,xrfm,full,none,within_cell_line,MCC,0.08825615029304239,0.01857822076361744,3,12.0,results/zenodo/grid/pairzs_withoutleak__gene_jepa__morgan__xrfm
pairzs_withoutleak,gene_jepa,morgan,xrfm,full,none,within_cell_line,AUROC,0.5598086468502962,0.012863957280273402,3,12.0,results/zenodo/grid/pairzs_withoutleak__gene_jepa__morgan__xrfm
pairzs_withoutleak,gene_jepa,morgan,xrfm,full,none,overall,MCC,0.0048010766546246,0.0887303323491514,5,,results/zenodo/grid/pairzs_withoutleak__gene_jepa__morgan__xrfm
pairzs_withoutleak,gene_jepa,morgan,xrfm,full,none,overall,AUROC,0.5046386600374785,0.0532354238370738,5,,results/zenodo/grid/pairzs_withoutleak__gene_jepa__morgan__xrfm
pairzs_withoutleak,gformer_cancer,biomed,lightgbm,full,none,within_drug,MCC,0.194594376366371,0.012774979475134911,3,10.0,results/zenodo/grid/pairzs_withoutleak__gformer_cancer__biomed__lightgbm
pairzs_withoutleak,gformer_cancer,biomed,lightgbm,full,none,within_drug,AUROC,0.6170155601936832,0.006134648232043552,3,10.0,results/zenodo/grid/pairzs_withoutleak__gformer_cancer__biomed__lightgbm
pairzs_withoutleak,gformer_cancer,biomed,lightgbm,full,none,within_cell_line,MCC,0.23156078341835198,0.01040551068299936,3,12.0,results/zenodo/grid/pairzs_withoutleak__gformer_cancer__biomed__lightgbm
pairzs_withoutleak,gformer_cancer,biomed,lightgbm,full,none,within_cell_line,AUROC,0.6512379979095312,0.00635853960041189,3,12.0,results/zenodo/grid/pairzs_withoutleak__gformer_cancer__biomed__lightgbm
pairzs_withoutleak,gformer_cancer,biomed,lightgbm,full,none,overall,MCC,-0.0455650045067289,0.1105860647668556,5,,results/zenodo/grid/pairzs_withoutleak__gformer_cancer__biomed__lightgbm
pairzs_withoutleak,gformer_cancer,biomed,lightgbm,full,none,overall,AUROC,0.5075467919705522,0.064216685966731,5,,results/zenodo/grid/pairzs_withoutleak__gformer_cancer__biomed__lightgbm
pairzs_withoutleak,gformer_cancer,biomed,mlp,full,none,within_drug,MCC,0.09970303635559312,0.016899390554956734,3,10.0,results/zenodo/grid/pairzs_withoutleak__gformer_cancer__biomed__mlp
pairzs_withoutleak,gformer_cancer,biomed,mlp,full,none,within_drug,AUROC,0.6063051292157196,0.009890282759983743,3,10.0,results/zenodo/grid/pairzs_withoutleak__gformer_cancer__biomed__mlp
pairzs_withoutleak,gformer_cancer,biomed,mlp,full,none,within_cell_line,MCC,0.1364697253173505,0.026545896110593395,3,12.0,results/zenodo/grid/pairzs_withoutleak__gformer_cancer__biomed__mlp
pairzs_withoutleak,gformer_cancer,biomed,mlp,full,none,within_cell_line,AUROC,0.5754442174805535,0.009204034821553908,3,12.0,results/zenodo/grid/pairzs_withoutleak__gformer_cancer__biomed__mlp
pairzs_withoutleak,gformer_cancer,biomed,mlp,full,none,overall,MCC,-0.031225137717609,0.1240764677640723,5,,results/zenodo/grid/pairzs_withoutleak__gformer_cancer__biomed__mlp
pairzs_withoutleak,gformer_cancer,biomed,mlp,full,none,overall,AUROC,0.4727688118488296,0.0751189052627206,5,,results/zenodo/grid/pairzs_withoutleak__gformer_cancer__biomed__mlp
pairzs_withoutleak,gformer_cancer,biomed,xrfm,full,none,within_drug,MCC,0.02654994583638755,0.03810215564971366,3,10.0,results/zenodo/grid/pairzs_withoutleak__gformer_cancer__biomed__xrfm
pairzs_withoutleak,gformer_cancer,biomed,xrfm,full,none,within_drug,AUROC,0.5576957506042478,0.007883849910742279,3,10.0,results/zenodo/grid/pairzs_withoutleak__gformer_cancer__biomed__xrfm
pairzs_withoutleak,gformer_cancer,biomed,xrfm,full,none,within_cell_line,MCC,0.18827778743463242,0.027595187782847662,3,12.0,results/zenodo/grid/pairzs_withoutleak__gformer_cancer__biomed__xrfm
pairzs_withoutleak,gformer_cancer,biomed,xrfm,full,none,within_cell_line,AUROC,0.6278021243718138,0.009010206884228239,3,12.0,results/zenodo/grid/pairzs_withoutleak__gformer_cancer__biomed__xrfm
pairzs_withoutleak,gformer_cancer,biomed,xrfm,full,none,overall,MCC,-0.0293566720364729,0.1073663065361176,5,,results/zenodo/grid/pairzs_withoutleak__gformer_cancer__biomed__xrfm
pairzs_withoutleak,gformer_cancer,biomed,xrfm,full,none,overall,AUROC,0.4653260711234995,0.0629816991927162,5,,results/zenodo/grid/pairzs_withoutleak__gformer_cancer__biomed__xrfm
pairzs_withoutleak,gformer_cancer,chemberta,lightgbm,full,none,within_drug,MCC,0.16246246981910104,0.030949377229207528,3,10.0,results/zenodo/grid/pairzs_withoutleak__gformer_cancer__chemberta__lightgbm
pairzs_withoutleak,gformer_cancer,chemberta,lightgbm,full,none,within_drug,AUROC,0.6158818606179487,0.007434603172373635,3,10.0,results/zenodo/grid/pairzs_withoutleak__gformer_cancer__chemberta__lightgbm
pairzs_withoutleak,gformer_cancer,chemberta,lightgbm,full,none,within_cell_line,MCC,0.21290394142812974,0.01929115481969593,3,12.0,results/zenodo/grid/pairzs_withoutleak__gformer_cancer__chemberta__lightgbm
pairzs_withoutleak,gformer_cancer,chemberta,lightgbm,full,none,within_cell_line,AUROC,0.6532881064953081,0.007409930353839546,3,12.0,results/zenodo/grid/pairzs_withoutleak__gformer_cancer__chemberta__lightgbm
pairzs_withoutleak,gformer_cancer,chemberta,lightgbm,full,none,overall,MCC,-0.0582571217666022,0.1086317055032639,5,,results/zenodo/grid/pairzs_withoutleak__gformer_cancer__chemberta__lightgbm
pairzs_withoutleak,gformer_cancer,chemberta,lightgbm,full,none,overall,AUROC,0.5012243212621298,0.0625558310505447,5,,results/zenodo/grid/pairzs_withoutleak__gformer_cancer__chemberta__lightgbm
pairzs_withoutleak,gformer_cancer,chemberta,mlp,full,none,within_drug,MCC,0.09946644602891141,0.013948024189294295,3,10.0,results/zenodo/grid/pairzs_withoutleak__gformer_cancer__chemberta__mlp
pairzs_withoutleak,gformer_cancer,chemberta,mlp,full,none,within_drug,AUROC,0.6024746625844281,0.009412865654775471,3,10.0,results/zenodo/grid/pairzs_withoutleak__gformer_cancer__chemberta__mlp
pairzs_withoutleak,gformer_cancer,chemberta,mlp,full,none,within_cell_line,MCC,0.11404031512279285,0.01170345830193214,3,12.0,results/zenodo/grid/pairzs_withoutleak__gformer_cancer__chemberta__mlp
pairzs_withoutleak,gformer_cancer,chemberta,mlp,full,none,within_cell_line,AUROC,0.5626318561075934,0.012819867300563318,3,12.0,results/zenodo/grid/pairzs_withoutleak__gformer_cancer__chemberta__mlp
pairzs_withoutleak,gformer_cancer,chemberta,mlp,full,none,overall,MCC,-0.0285082481460101,0.148220334601818,5,,results/zenodo/grid/pairzs_withoutleak__gformer_cancer__chemberta__mlp
pairzs_withoutleak,gformer_cancer,chemberta,mlp,full,none,overall,AUROC,0.4687530707551753,0.0733565832200846,5,,results/zenodo/grid/pairzs_withoutleak__gformer_cancer__chemberta__mlp
pairzs_withoutleak,gformer_cancer,chemberta,xrfm,full,none,within_drug,MCC,0.02111558994049224,0.03939878188498933,3,10.0,results/zenodo/grid/pairzs_withoutleak__gformer_cancer__chemberta__xrfm
pairzs_withoutleak,gformer_cancer,chemberta,xrfm,full,none,within_drug,AUROC,0.5670092713667149,0.016977446648837987,3,10.0,results/zenodo/grid/pairzs_withoutleak__gformer_cancer__chemberta__xrfm
pairzs_withoutleak,gformer_cancer,chemberta,xrfm,full,none,within_cell_line,MCC,0.1419798366901137,0.036399830960131885,3,12.0,results/zenodo/grid/pairzs_withoutleak__gformer_cancer__chemberta__xrfm
pairzs_withoutleak,gformer_cancer,chemberta,xrfm,full,none,within_cell_line,AUROC,0.6090011140444741,0.009500683956083668,3,12.0,results/zenodo/grid/pairzs_withoutleak__gformer_cancer__chemberta__xrfm
pairzs_withoutleak,gformer_cancer,chemberta,xrfm,full,none,overall,MCC,-0.19613273063404,0.1201632239630533,5,,results/zenodo/grid/pairzs_withoutleak__gformer_cancer__chemberta__xrfm
pairzs_withoutleak,gformer_cancer,chemberta,xrfm,full,none,overall,AUROC,0.4283336965943577,0.0751121537969585,5,,results/zenodo/grid/pairzs_withoutleak__gformer_cancer__chemberta__xrfm
pairzs_withoutleak,gformer_cancer,maccs,lightgbm,full,none,within_drug,MCC,0.17391132685393265,0.010647239215143154,3,10.0,results/zenodo/grid/pairzs_withoutleak__gformer_cancer__maccs__lightgbm
pairzs_withoutleak,gformer_cancer,maccs,lightgbm,full,none,within_drug,AUROC,0.6079609135154791,0.006793284498943992,3,10.0,results/zenodo/grid/pairzs_withoutleak__gformer_cancer__maccs__lightgbm
pairzs_withoutleak,gformer_cancer,maccs,lightgbm,full,none,within_cell_line,MCC,0.2112066712163803,0.010442543852597836,3,12.0,results/zenodo/grid/pairzs_withoutleak__gformer_cancer__maccs__lightgbm
pairzs_withoutleak,gformer_cancer,maccs,lightgbm,full,none,within_cell_line,AUROC,0.6447334686093769,0.008628380623435355,3,12.0,results/zenodo/grid/pairzs_withoutleak__gformer_cancer__maccs__lightgbm
pairzs_withoutleak,gformer_cancer,maccs,lightgbm,full,none,overall,MCC,-0.0483594053413775,0.1112315648989526,5,,results/zenodo/grid/pairzs_withoutleak__gformer_cancer__maccs__lightgbm
pairzs_withoutleak,gformer_cancer,maccs,lightgbm,full,none,overall,AUROC,0.500228583466449,0.0637248055547569,5,,results/zenodo/grid/pairzs_withoutleak__gformer_cancer__maccs__lightgbm
pairzs_withoutleak,gformer_cancer,maccs,mlp,full,none,within_drug,MCC,0.11089112762928828,0.02092156566451661,3,10.0,results/zenodo/grid/pairzs_withoutleak__gformer_cancer__maccs__mlp
pairzs_withoutleak,gformer_cancer,maccs,mlp,full,none,within_drug,AUROC,0.6044729610193782,0.004169252337426358,3,10.0,results/zenodo/grid/pairzs_withoutleak__gformer_cancer__maccs__mlp
pairzs_withoutleak,gformer_cancer,maccs,mlp,full,none,within_cell_line,MCC,0.1387322828935573,0.008375592200393646,3,12.0,results/zenodo/grid/pairzs_withoutleak__gformer_cancer__maccs__mlp
pairzs_withoutleak,gformer_cancer,maccs,mlp,full,none,within_cell_line,AUROC,0.5627866654619966,0.00984085798670958,3,12.0,results/zenodo/grid/pairzs_withoutleak__gformer_cancer__maccs__mlp
pairzs_withoutleak,gformer_cancer,maccs,mlp,full,none,overall,MCC,0.0548853843509266,0.1503274536879054,5,,results/zenodo/grid/pairzs_withoutleak__gformer_cancer__maccs__mlp
pairzs_withoutleak,gformer_cancer,maccs,mlp,full,none,overall,AUROC,0.5154750776798234,0.0697815967754968,5,,results/zenodo/grid/pairzs_withoutleak__gformer_cancer__maccs__mlp
pairzs_withoutleak,gformer_cancer,maccs,xrfm,full,none,within_drug,MCC,0.13543932786230745,0.017706804927006825,3,10.0,results/zenodo/grid/pairzs_withoutleak__gformer_cancer__maccs__xrfm
pairzs_withoutleak,gformer_cancer,maccs,xrfm,full,none,within_drug,AUROC,0.6097320304201675,0.01987194959138105,3,10.0,results/zenodo/grid/pairzs_withoutleak__gformer_cancer__maccs__xrfm
pairzs_withoutleak,gformer_cancer,maccs,xrfm,full,none,within_cell_line,MCC,0.18119132980030564,0.0026733394521265452,3,12.0,results/zenodo/grid/pairzs_withoutleak__gformer_cancer__maccs__xrfm
pairzs_withoutleak,gformer_cancer,maccs,xrfm,full,none,within_cell_line,AUROC,0.6439834155663059,0.006897980414943836,3,12.0,results/zenodo/grid/pairzs_withoutleak__gformer_cancer__maccs__xrfm
pairzs_withoutleak,gformer_cancer,maccs,xrfm,full,none,overall,MCC,-0.0057016995613718,0.1415964873469027,5,,results/zenodo/grid/pairzs_withoutleak__gformer_cancer__maccs__xrfm
pairzs_withoutleak,gformer_cancer,maccs,xrfm,full,none,overall,AUROC,0.5114184049687337,0.083449831916793,5,,results/zenodo/grid/pairzs_withoutleak__gformer_cancer__maccs__xrfm
pairzs_withoutleak,gformer_cancer,materials,lightgbm,full,none,within_drug,MCC,0.15277628969519721,0.018338217929366966,3,10.0,results/zenodo/grid/pairzs_withoutleak__gformer_cancer__materials__lightgbm
pairzs_withoutleak,gformer_cancer,materials,lightgbm,full,none,within_drug,AUROC,0.6109030426614747,0.0028608364416828156,3,10.0,results/zenodo/grid/pairzs_withoutleak__gformer_cancer__materials__lightgbm
pairzs_withoutleak,gformer_cancer,materials,lightgbm,full,none,within_cell_line,MCC,0.2048686379102587,0.004795887416867977,3,12.0,results/zenodo/grid/pairzs_withoutleak__gformer_cancer__materials__lightgbm
pairzs_withoutleak,gformer_cancer,materials,lightgbm,full,none,within_cell_line,AUROC,0.6455269703720337,0.009200921090394701,3,12.0,results/zenodo/grid/pairzs_withoutleak__gformer_cancer__materials__lightgbm
pairzs_withoutleak,gformer_cancer,materials,lightgbm,full,none,overall,MCC,-0.0704863894834817,0.1047395916054312,5,,results/zenodo/grid/pairzs_withoutleak__gformer_cancer__materials__lightgbm
pairzs_withoutleak,gformer_cancer,materials,lightgbm,full,none,overall,AUROC,0.4995388736524344,0.0616781779640498,5,,results/zenodo/grid/pairzs_withoutleak__gformer_cancer__materials__lightgbm
pairzs_withoutleak,gformer_cancer,materials,mlp,full,none,within_drug,MCC,0.13836511803018828,0.025640140896409747,3,10.0,results/zenodo/grid/pairzs_withoutleak__gformer_cancer__materials__mlp
pairzs_withoutleak,gformer_cancer,materials,mlp,full,none,within_drug,AUROC,0.6091910447341679,0.009348468496787953,3,10.0,results/zenodo/grid/pairzs_withoutleak__gformer_cancer__materials__mlp
pairzs_withoutleak,gformer_cancer,materials,mlp,full,none,within_cell_line,MCC,0.1422627816185056,0.014709316627363661,3,12.0,results/zenodo/grid/pairzs_withoutleak__gformer_cancer__materials__mlp
pairzs_withoutleak,gformer_cancer,materials,mlp,full,none,within_cell_line,AUROC,0.5838870836008567,0.004150301084104105,3,12.0,results/zenodo/grid/pairzs_withoutleak__gformer_cancer__materials__mlp
pairzs_withoutleak,gformer_cancer,materials,mlp,full,none,overall,MCC,-0.006720218181757,0.1437121716823164,5,,results/zenodo/grid/pairzs_withoutleak__gformer_cancer__materials__mlp
pairzs_withoutleak,gformer_cancer,materials,mlp,full,none,overall,AUROC,0.4795316477185856,0.0737906408357627,5,,results/zenodo/grid/pairzs_withoutleak__gformer_cancer__materials__mlp
pairzs_withoutleak,gformer_cancer,materials,xrfm,full,none,within_drug,MCC,0.0800389578626358,0.010831630969644459,3,10.0,results/zenodo/grid/pairzs_withoutleak__gformer_cancer__materials__xrfm
pairzs_withoutleak,gformer_cancer,materials,xrfm,full,none,within_drug,AUROC,0.5849822866850926,0.024330895251389265,3,10.0,results/zenodo/grid/pairzs_withoutleak__gformer_cancer__materials__xrfm
pairzs_withoutleak,gformer_cancer,materials,xrfm,full,none,within_cell_line,MCC,0.17850575379889844,0.0035272813215780005,3,12.0,results/zenodo/grid/pairzs_withoutleak__gformer_cancer__materials__xrfm
pairzs_withoutleak,gformer_cancer,materials,xrfm,full,none,within_cell_line,AUROC,0.6302776764212578,0.017396382361842173,3,12.0,results/zenodo/grid/pairzs_withoutleak__gformer_cancer__materials__xrfm
pairzs_withoutleak,gformer_cancer,materials,xrfm,full,none,overall,MCC,-0.1113926289354685,0.1391869526118956,5,,results/zenodo/grid/pairzs_withoutleak__gformer_cancer__materials__xrfm
pairzs_withoutleak,gformer_cancer,materials,xrfm,full,none,overall,AUROC,0.4509652743310551,0.092577082029288,5,,results/zenodo/grid/pairzs_withoutleak__gformer_cancer__materials__xrfm
pairzs_withoutleak,gformer_cancer,molformer,lightgbm,full,none,within_drug,MCC,0.15989818148420457,0.020795499468573307,3,10.0,results/zenodo/grid/pairzs_withoutleak__gformer_cancer__molformer__lightgbm
pairzs_withoutleak,gformer_cancer,molformer,lightgbm,full,none,within_drug,AUROC,0.610167165627549,0.0034881748737658146,3,10.0,results/zenodo/grid/pairzs_withoutleak__gformer_cancer__molformer__lightgbm
pairzs_withoutleak,gformer_cancer,molformer,lightgbm,full,none,within_cell_line,MCC,0.2071636731716393,0.0059687655889378785,3,12.0,results/zenodo/grid/pairzs_withoutleak__gformer_cancer__molformer__lightgbm
pairzs_withoutleak,gformer_cancer,molformer,lightgbm,full,none,within_cell_line,AUROC,0.6452811239472759,0.005598859715189447,3,12.0,results/zenodo/grid/pairzs_withoutleak__gformer_cancer__molformer__lightgbm
pairzs_withoutleak,gformer_cancer,molformer,lightgbm,full,none,overall,MCC,-0.0658625470208154,0.1054868079779748,5,,results/zenodo/grid/pairzs_withoutleak__gformer_cancer__molformer__lightgbm
pairzs_withoutleak,gformer_cancer,molformer,lightgbm,full,none,overall,AUROC,0.4923596837215697,0.0588240665816301,5,,results/zenodo/grid/pairzs_withoutleak__gformer_cancer__molformer__lightgbm
pairzs_withoutleak,gformer_cancer,molformer,mlp,full,none,within_drug,MCC,0.05433706742355027,0.023380412764618847,3,10.0,results/zenodo/grid/pairzs_withoutleak__gformer_cancer__molformer__mlp
pairzs_withoutleak,gformer_cancer,molformer,mlp,full,none,within_drug,AUROC,0.6074967418109378,0.011350182054532865,3,10.0,results/zenodo/grid/pairzs_withoutleak__gformer_cancer__molformer__mlp
pairzs_withoutleak,gformer_cancer,molformer,mlp,full,none,within_cell_line,MCC,0.05974251116217876,0.0030682853707566836,3,12.0,results/zenodo/grid/pairzs_withoutleak__gformer_cancer__molformer__mlp
pairzs_withoutleak,gformer_cancer,molformer,mlp,full,none,within_cell_line,AUROC,0.5433932895567136,0.0016410897202877302,3,12.0,results/zenodo/grid/pairzs_withoutleak__gformer_cancer__molformer__mlp
pairzs_withoutleak,gformer_cancer,molformer,mlp,full,none,overall,MCC,-0.0137946005316386,0.1431158704761795,5,,results/zenodo/grid/pairzs_withoutleak__gformer_cancer__molformer__mlp
pairzs_withoutleak,gformer_cancer,molformer,mlp,full,none,overall,AUROC,0.4951960664732416,0.0729159868330155,5,,results/zenodo/grid/pairzs_withoutleak__gformer_cancer__molformer__mlp
pairzs_withoutleak,gformer_cancer,molformer,xrfm,full,none,within_drug,MCC,0.05299407052020851,0.028918936401726547,3,10.0,results/zenodo/grid/pairzs_withoutleak__gformer_cancer__molformer__xrfm
pairzs_withoutleak,gformer_cancer,molformer,xrfm,full,none,within_drug,AUROC,0.592334709506383,0.01838669884580611,3,10.0,results/zenodo/grid/pairzs_withoutleak__gformer_cancer__molformer__xrfm
pairzs_withoutleak,gformer_cancer,molformer,xrfm,full,none,within_cell_line,MCC,0.18229146348123246,0.014900834052589108,3,12.0,results/zenodo/grid/pairzs_withoutleak__gformer_cancer__molformer__xrfm
pairzs_withoutleak,gformer_cancer,molformer,xrfm,full,none,within_cell_line,AUROC,0.6361971927875167,0.018417718233996253,3,12.0,results/zenodo/grid/pairzs_withoutleak__gformer_cancer__molformer__xrfm
pairzs_withoutleak,gformer_cancer,molformer,xrfm,full,none,overall,MCC,-0.0878345239974706,0.1246318246755165,5,,results/zenodo/grid/pairzs_withoutleak__gformer_cancer__molformer__xrfm
pairzs_withoutleak,gformer_cancer,molformer,xrfm,full,none,overall,AUROC,0.4889909646661469,0.0756978045888495,5,,results/zenodo/grid/pairzs_withoutleak__gformer_cancer__molformer__xrfm
pairzs_withoutleak,gformer_cancer,morgan,lightgbm,full,none,within_drug,MCC,0.1607579649289071,0.03069976174584886,3,10.0,results/zenodo/grid/pairzs_withoutleak__gformer_cancer__morgan__lightgbm
pairzs_withoutleak,gformer_cancer,morgan,lightgbm,full,none,within_drug,AUROC,0.6141860686788531,0.0038775948228288305,3,10.0,results/zenodo/grid/pairzs_withoutleak__gformer_cancer__morgan__lightgbm
pairzs_withoutleak,gformer_cancer,morgan,lightgbm,full,none,within_cell_line,MCC,0.1978310885615143,0.01698703591417137,3,12.0,results/zenodo/grid/pairzs_withoutleak__gformer_cancer__morgan__lightgbm
pairzs_withoutleak,gformer_cancer,morgan,lightgbm,full,none,within_cell_line,AUROC,0.6490651082330886,0.004867873453955021,3,12.0,results/zenodo/grid/pairzs_withoutleak__gformer_cancer__morgan__lightgbm
pairzs_withoutleak,gformer_cancer,morgan,lightgbm,full,none,overall,MCC,-0.0536619619464674,0.1079773426326396,5,,results/zenodo/grid/pairzs_withoutleak__gformer_cancer__morgan__lightgbm
pairzs_withoutleak,gformer_cancer,morgan,lightgbm,full,none,overall,AUROC,0.4998977068786621,0.0603218934450645,5,,results/zenodo/grid/pairzs_withoutleak__gformer_cancer__morgan__lightgbm
pairzs_withoutleak,gformer_cancer,morgan,mlp,full,none,within_drug,MCC,0.010016456714285254,0.0071742651742269185,3,10.0,results/zenodo/grid/pairzs_withoutleak__gformer_cancer__morgan__mlp
pairzs_withoutleak,gformer_cancer,morgan,mlp,full,none,within_drug,AUROC,0.5903263815253782,0.007589675904989235,3,10.0,results/zenodo/grid/pairzs_withoutleak__gformer_cancer__morgan__mlp
pairzs_withoutleak,gformer_cancer,morgan,mlp,full,none,within_cell_line,MCC,0.027599775929845083,0.020000765853144774,3,12.0,results/zenodo/grid/pairzs_withoutleak__gformer_cancer__morgan__mlp
pairzs_withoutleak,gformer_cancer,morgan,mlp,full,none,within_cell_line,AUROC,0.5265952490109598,0.012992861810177512,3,12.0,results/zenodo/grid/pairzs_withoutleak__gformer_cancer__morgan__mlp
pairzs_withoutleak,gformer_cancer,morgan,mlp,full,none,overall,MCC,-0.0503882224522554,0.1398824594024278,5,,results/zenodo/grid/pairzs_withoutleak__gformer_cancer__morgan__mlp
pairzs_withoutleak,gformer_cancer,morgan,mlp,full,none,overall,AUROC,0.4798824616009787,0.0658543243922457,5,,results/zenodo/grid/pairzs_withoutleak__gformer_cancer__morgan__mlp
pairzs_withoutleak,gformer_cancer,morgan,xrfm,full,none,within_drug,MCC,0.025818647706352223,0.03845342738191804,3,10.0,results/zenodo/grid/pairzs_withoutleak__gformer_cancer__morgan__xrfm
pairzs_withoutleak,gformer_cancer,morgan,xrfm,full,none,within_drug,AUROC,0.5582138398801535,0.0232575565004441,3,10.0,results/zenodo/grid/pairzs_withoutleak__gformer_cancer__morgan__xrfm
pairzs_withoutleak,gformer_cancer,morgan,xrfm,full,none,within_cell_line,MCC,0.0788512720465394,0.02924404503389111,3,12.0,results/zenodo/grid/pairzs_withoutleak__gformer_cancer__morgan__xrfm
pairzs_withoutleak,gformer_cancer,morgan,xrfm,full,none,within_cell_line,AUROC,0.5824134904996819,0.013236722393812328,3,12.0,results/zenodo/grid/pairzs_withoutleak__gformer_cancer__morgan__xrfm
pairzs_withoutleak,gformer_cancer,morgan,xrfm,full,none,overall,MCC,-0.0852975039193751,0.1026316795772786,5,,results/zenodo/grid/pairzs_withoutleak__gformer_cancer__morgan__xrfm
pairzs_withoutleak,gformer_cancer,morgan,xrfm,full,none,overall,AUROC,0.4415875096546496,0.0716473229599523,5,,results/zenodo/grid/pairzs_withoutleak__gformer_cancer__morgan__xrfm
pairzs_withoutleak,pca,biomed,lightgbm,full,none,within_drug,MCC,0.00026438225742526244,0.005823730825089788,3,10.0,results/zenodo/grid/pairzs_withoutleak__pca__biomed__lightgbm
pairzs_withoutleak,pca,biomed,lightgbm,full,none,within_drug,AUROC,0.5358729632628555,0.003324064692769941,3,10.0,results/zenodo/grid/pairzs_withoutleak__pca__biomed__lightgbm
pairzs_withoutleak,pca,biomed,lightgbm,full,none,within_cell_line,MCC,0.11777659148643992,0.013712953354878639,3,12.0,results/zenodo/grid/pairzs_withoutleak__pca__biomed__lightgbm
pairzs_withoutleak,pca,biomed,lightgbm,full,none,within_cell_line,AUROC,0.6002568350263905,0.0060374936627376015,3,12.0,results/zenodo/grid/pairzs_withoutleak__pca__biomed__lightgbm
pairzs_withoutleak,pca,biomed,lightgbm,full,none,overall,MCC,-0.0912358087073162,0.1325631418328187,5,,results/zenodo/grid/pairzs_withoutleak__pca__biomed__lightgbm
pairzs_withoutleak,pca,biomed,lightgbm,full,none,overall,AUROC,0.4536490231090148,0.0557453167147676,5,,results/zenodo/grid/pairzs_withoutleak__pca__biomed__lightgbm
pairzs_withoutleak,pca,biomed,mlp,full,none,within_drug,MCC,-0.03189967787309253,0.04957220503471576,3,10.0,results/zenodo/grid/pairzs_withoutleak__pca__biomed__mlp
pairzs_withoutleak,pca,biomed,mlp,full,none,within_drug,AUROC,0.5216000627607681,0.031547779703814186,3,10.0,results/zenodo/grid/pairzs_withoutleak__pca__biomed__mlp
pairzs_withoutleak,pca,biomed,mlp,full,none,within_cell_line,MCC,0.013528895309923038,0.04762396814582778,3,12.0,results/zenodo/grid/pairzs_withoutleak__pca__biomed__mlp
pairzs_withoutleak,pca,biomed,mlp,full,none,within_cell_line,AUROC,0.5423968277981671,0.026337760649637113,3,12.0,results/zenodo/grid/pairzs_withoutleak__pca__biomed__mlp
pairzs_withoutleak,pca,biomed,mlp,full,none,overall,MCC,-0.1252131762484471,0.1373514498389522,5,,results/zenodo/grid/pairzs_withoutleak__pca__biomed__mlp
pairzs_withoutleak,pca,biomed,mlp,full,none,overall,AUROC,0.4799234830373907,0.0885513169224827,5,,results/zenodo/grid/pairzs_withoutleak__pca__biomed__mlp
pairzs_withoutleak,pca,biomed,xrfm,full,none,within_drug,MCC,-0.07667465909818365,0.030419686135037854,3,10.0,results/zenodo/grid/pairzs_withoutleak__pca__biomed__xrfm
pairzs_withoutleak,pca,biomed,xrfm,full,none,within_drug,AUROC,0.43769431703979084,0.015554792212867995,3,10.0,results/zenodo/grid/pairzs_withoutleak__pca__biomed__xrfm
pairzs_withoutleak,pca,biomed,xrfm,full,none,within_cell_line,MCC,0.004105984645331147,0.03409348761081108,3,12.0,results/zenodo/grid/pairzs_withoutleak__pca__biomed__xrfm
pairzs_withoutleak,pca,biomed,xrfm,full,none,within_cell_line,AUROC,0.5638684075898207,0.015150270417428635,3,12.0,results/zenodo/grid/pairzs_withoutleak__pca__biomed__xrfm
pairzs_withoutleak,pca,biomed,xrfm,full,none,overall,MCC,-0.0062270007640865,0.0440827672746027,5,,results/zenodo/grid/pairzs_withoutleak__pca__biomed__xrfm
pairzs_withoutleak,pca,biomed,xrfm,full,none,overall,AUROC,0.4403665719909687,0.0511490145738826,5,,results/zenodo/grid/pairzs_withoutleak__pca__biomed__xrfm
pairzs_withoutleak,pca,chemberta,lightgbm,full,none,within_drug,MCC,-0.006499775610665295,0.027053849975873092,3,10.0,results/zenodo/grid/pairzs_withoutleak__pca__chemberta__lightgbm
pairzs_withoutleak,pca,chemberta,lightgbm,full,none,within_drug,AUROC,0.5439025737061448,0.004649707210481761,3,10.0,results/zenodo/grid/pairzs_withoutleak__pca__chemberta__lightgbm
pairzs_withoutleak,pca,chemberta,lightgbm,full,none,within_cell_line,MCC,0.13497420660951234,0.020312732542084277,3,12.0,results/zenodo/grid/pairzs_withoutleak__pca__chemberta__lightgbm
pairzs_withoutleak,pca,chemberta,lightgbm,full,none,within_cell_line,AUROC,0.6073398903306173,0.004790357459027906,3,12.0,results/zenodo/grid/pairzs_withoutleak__pca__chemberta__lightgbm
pairzs_withoutleak,pca,chemberta,lightgbm,full,none,overall,MCC,-0.0464052494732405,0.1337766659247174,5,,results/zenodo/grid/pairzs_withoutleak__pca__chemberta__lightgbm
pairzs_withoutleak,pca,chemberta,lightgbm,full,none,overall,AUROC,0.4787921577871279,0.0610983078451729,5,,results/zenodo/grid/pairzs_withoutleak__pca__chemberta__lightgbm
pairzs_withoutleak,pca,chemberta,mlp,full,none,within_drug,MCC,-0.0200227898622356,0.0374112966887919,3,10.0,results/zenodo/grid/pairzs_withoutleak__pca__chemberta__mlp
pairzs_withoutleak,pca,chemberta,mlp,full,none,within_drug,AUROC,0.5191609017323683,0.029758523839276897,3,10.0,results/zenodo/grid/pairzs_withoutleak__pca__chemberta__mlp
pairzs_withoutleak,pca,chemberta,mlp,full,none,within_cell_line,MCC,0.017967240789542104,0.027911970837573838,3,12.0,results/zenodo/grid/pairzs_withoutleak__pca__chemberta__mlp
pairzs_withoutleak,pca,chemberta,mlp,full,none,within_cell_line,AUROC,0.534293555033757,0.017178725821217353,3,12.0,results/zenodo/grid/pairzs_withoutleak__pca__chemberta__mlp
pairzs_withoutleak,pca,chemberta,mlp,full,none,overall,MCC,-0.0883872036597463,0.148202527633003,5,,results/zenodo/grid/pairzs_withoutleak__pca__chemberta__mlp
pairzs_withoutleak,pca,chemberta,mlp,full,none,overall,AUROC,0.4778172103849842,0.0906432875309471,5,,results/zenodo/grid/pairzs_withoutleak__pca__chemberta__mlp
pairzs_withoutleak,pca,chemberta,xrfm,full,none,within_drug,MCC,-0.03897711254800133,0.03169922102516794,3,10.0,results/zenodo/grid/pairzs_withoutleak__pca__chemberta__xrfm
pairzs_withoutleak,pca,chemberta,xrfm,full,none,within_drug,AUROC,0.5012008223248683,0.018611662218139254,3,10.0,results/zenodo/grid/pairzs_withoutleak__pca__chemberta__xrfm
pairzs_withoutleak,pca,chemberta,xrfm,full,none,within_cell_line,MCC,0.06309699880289106,0.008694086475890674,3,12.0,results/zenodo/grid/pairzs_withoutleak__pca__chemberta__xrfm
pairzs_withoutleak,pca,chemberta,xrfm,full,none,within_cell_line,AUROC,0.578011617511066,0.026680819275912565,3,12.0,results/zenodo/grid/pairzs_withoutleak__pca__chemberta__xrfm
pairzs_withoutleak,pca,chemberta,xrfm,full,none,overall,MCC,-0.0498200519801629,0.0668208073157374,5,,results/zenodo/grid/pairzs_withoutleak__pca__chemberta__xrfm
pairzs_withoutleak,pca,chemberta,xrfm,full,none,overall,AUROC,0.4394298773051625,0.058430717820309,5,,results/zenodo/grid/pairzs_withoutleak__pca__chemberta__xrfm
pairzs_withoutleak,pca,maccs,lightgbm,full,none,within_drug,MCC,-0.009102936892140657,0.02293395368139237,3,10.0,results/zenodo/grid/pairzs_withoutleak__pca__maccs__lightgbm
pairzs_withoutleak,pca,maccs,lightgbm,full,none,within_drug,AUROC,0.5496849018107041,0.0058873672676967555,3,10.0,results/zenodo/grid/pairzs_withoutleak__pca__maccs__lightgbm
pairzs_withoutleak,pca,maccs,lightgbm,full,none,within_cell_line,MCC,0.09782443802374317,0.03979763383029623,3,12.0,results/zenodo/grid/pairzs_withoutleak__pca__maccs__lightgbm
pairzs_withoutleak,pca,maccs,lightgbm,full,none,within_cell_line,AUROC,0.6013334890983638,0.0019723684867088624,3,12.0,results/zenodo/grid/pairzs_withoutleak__pca__maccs__lightgbm
pairzs_withoutleak,pca,maccs,lightgbm,full,none,overall,MCC,-0.0589997796479186,0.1371886223257225,5,,results/zenodo/grid/pairzs_withoutleak__pca__maccs__lightgbm
pairzs_withoutleak,pca,maccs,lightgbm,full,none,overall,AUROC,0.4948277791764326,0.0606243513788251,5,,results/zenodo/grid/pairzs_withoutleak__pca__maccs__lightgbm
pairzs_withoutleak,pca,maccs,mlp,full,none,within_drug,MCC,-0.03889844477912654,0.02991951267407558,3,10.0,results/zenodo/grid/pairzs_withoutleak__pca__maccs__mlp
pairzs_withoutleak,pca,maccs,mlp,full,none,within_drug,AUROC,0.5277152572816156,0.016258201078195,3,10.0,results/zenodo/grid/pairzs_withoutleak__pca__maccs__mlp
pairzs_withoutleak,pca,maccs,mlp,full,none,within_cell_line,MCC,0.018429273849007624,0.017093491354893527,3,12.0,results/zenodo/grid/pairzs_withoutleak__pca__maccs__mlp
pairzs_withoutleak,pca,maccs,mlp,full,none,within_cell_line,AUROC,0.5347969508868675,0.010478864352354803,3,12.0,results/zenodo/grid/pairzs_withoutleak__pca__maccs__mlp
pairzs_withoutleak,pca,maccs,mlp,full,none,overall,MCC,-0.0301793171519359,0.1414139988598375,5,,results/zenodo/grid/pairzs_withoutleak__pca__maccs__mlp
pairzs_withoutleak,pca,maccs,mlp,full,none,overall,AUROC,0.4906827020706293,0.089529360652446,5,,results/zenodo/grid/pairzs_withoutleak__pca__maccs__mlp
pairzs_withoutleak,pca,maccs,xrfm,full,none,within_drug,MCC,-0.04255958225755291,0.013660961867539042,3,10.0,results/zenodo/grid/pairzs_withoutleak__pca__maccs__xrfm
pairzs_withoutleak,pca,maccs,xrfm,full,none,within_drug,AUROC,0.48093679050358124,0.008307345265170591,3,10.0,results/zenodo/grid/pairzs_withoutleak__pca__maccs__xrfm
pairzs_withoutleak,pca,maccs,xrfm,full,none,within_cell_line,MCC,0.056376999876988354,0.017532863676415437,3,12.0,results/zenodo/grid/pairzs_withoutleak__pca__maccs__xrfm
pairzs_withoutleak,pca,maccs,xrfm,full,none,within_cell_line,AUROC,0.5624541260804269,0.00938876192723671,3,12.0,results/zenodo/grid/pairzs_withoutleak__pca__maccs__xrfm
pairzs_withoutleak,pca,maccs,xrfm,full,none,overall,MCC,-0.0527213931508601,0.0659266272405611,5,,results/zenodo/grid/pairzs_withoutleak__pca__maccs__xrfm
pairzs_withoutleak,pca,maccs,xrfm,full,none,overall,AUROC,0.4745912817491459,0.0695966527147939,5,,results/zenodo/grid/pairzs_withoutleak__pca__maccs__xrfm
pairzs_withoutleak,pca,materials,lightgbm,full,none,within_drug,MCC,0.009258895730682004,0.015369267613302241,3,10.0,results/zenodo/grid/pairzs_withoutleak__pca__materials__lightgbm
pairzs_withoutleak,pca,materials,lightgbm,full,none,within_drug,AUROC,0.5454204957560506,0.0015124258637975961,3,10.0,results/zenodo/grid/pairzs_withoutleak__pca__materials__lightgbm
pairzs_withoutleak,pca,materials,lightgbm,full,none,within_cell_line,MCC,0.11937728410296278,0.01773093529768544,3,12.0,results/zenodo/grid/pairzs_withoutleak__pca__materials__lightgbm
pairzs_withoutleak,pca,materials,lightgbm,full,none,within_cell_line,AUROC,0.6041203980272633,0.005804649404416271,3,12.0,results/zenodo/grid/pairzs_withoutleak__pca__materials__lightgbm
pairzs_withoutleak,pca,materials,lightgbm,full,none,overall,MCC,-0.0498065294326098,0.1470213256373155,5,,results/zenodo/grid/pairzs_withoutleak__pca__materials__lightgbm
pairzs_withoutleak,pca,materials,lightgbm,full,none,overall,AUROC,0.476512726960128,0.05988615250748,5,,results/zenodo/grid/pairzs_withoutleak__pca__materials__lightgbm
pairzs_withoutleak,pca,materials,mlp,full,none,within_drug,MCC,-0.049324250255480345,0.03223680035957402,3,10.0,results/zenodo/grid/pairzs_withoutleak__pca__materials__mlp
pairzs_withoutleak,pca,materials,mlp,full,none,within_drug,AUROC,0.5130685958988764,0.03074247592191622,3,10.0,results/zenodo/grid/pairzs_withoutleak__pca__materials__mlp
pairzs_withoutleak,pca,materials,mlp,full,none,within_cell_line,MCC,0.00022147542539139678,0.025810820159176618,3,12.0,results/zenodo/grid/pairzs_withoutleak__pca__materials__mlp
pairzs_withoutleak,pca,materials,mlp,full,none,within_cell_line,AUROC,0.5153523459212953,0.030204442799012864,3,12.0,results/zenodo/grid/pairzs_withoutleak__pca__materials__mlp
pairzs_withoutleak,pca,materials,mlp,full,none,overall,MCC,-0.1145479162234153,0.1451548623012658,5,,results/zenodo/grid/pairzs_withoutleak__pca__materials__mlp
pairzs_withoutleak,pca,materials,mlp,full,none,overall,AUROC,0.4860362809389277,0.0941789352451076,5,,results/zenodo/grid/pairzs_withoutleak__pca__materials__mlp
pairzs_withoutleak,pca,materials,xrfm,full,none,within_drug,MCC,-0.043244891643698664,0.013483402042999302,3,10.0,results/zenodo/grid/pairzs_withoutleak__pca__materials__xrfm
pairzs_withoutleak,pca,materials,xrfm,full,none,within_drug,AUROC,0.5093215041922784,0.027218864937870957,3,10.0,results/zenodo/grid/pairzs_withoutleak__pca__materials__xrfm
pairzs_withoutleak,pca,materials,xrfm,full,none,within_cell_line,MCC,0.10971071189269797,0.009955051718363403,3,12.0,results/zenodo/grid/pairzs_withoutleak__pca__materials__xrfm
pairzs_withoutleak,pca,materials,xrfm,full,none,within_cell_line,AUROC,0.5881698342838738,0.016448890698333683,3,12.0,results/zenodo/grid/pairzs_withoutleak__pca__materials__xrfm
pairzs_withoutleak,pca,materials,xrfm,full,none,overall,MCC,-0.0124650951236396,0.0569121466600858,5,,results/zenodo/grid/pairzs_withoutleak__pca__materials__xrfm
pairzs_withoutleak,pca,materials,xrfm,full,none,overall,AUROC,0.4394474804090053,0.0534989985163303,5,,results/zenodo/grid/pairzs_withoutleak__pca__materials__xrfm
pairzs_withoutleak,pca,molformer,lightgbm,full,none,within_drug,MCC,0.03831481192169272,0.004989598175180513,3,10.0,results/zenodo/grid/pairzs_withoutleak__pca__molformer__lightgbm
pairzs_withoutleak,pca,molformer,lightgbm,full,none,within_drug,AUROC,0.5481663643983286,0.0025684669275623166,3,10.0,results/zenodo/grid/pairzs_withoutleak__pca__molformer__lightgbm
pairzs_withoutleak,pca,molformer,lightgbm,full,none,within_cell_line,MCC,0.12521685133254976,0.015553638674114394,3,12.0,results/zenodo/grid/pairzs_withoutleak__pca__molformer__lightgbm
pairzs_withoutleak,pca,molformer,lightgbm,full,none,within_cell_line,AUROC,0.6051613535479016,0.005055055123949946,3,12.0,results/zenodo/grid/pairzs_withoutleak__pca__molformer__lightgbm
pairzs_withoutleak,pca,molformer,lightgbm,full,none,overall,MCC,-0.0123905932662922,0.1521102936572148,5,,results/zenodo/grid/pairzs_withoutleak__pca__molformer__lightgbm
pairzs_withoutleak,pca,molformer,lightgbm,full,none,overall,AUROC,0.4928485135622613,0.0622548360504448,5,,results/zenodo/grid/pairzs_withoutleak__pca__molformer__lightgbm
pairzs_withoutleak,pca,molformer,mlp,full,none,within_drug,MCC,-0.0753199896249501,0.036887711919352646,3,10.0,results/zenodo/grid/pairzs_withoutleak__pca__molformer__mlp
pairzs_withoutleak,pca,molformer,mlp,full,none,within_drug,AUROC,0.496157904611493,0.026308663054850863,3,10.0,results/zenodo/grid/pairzs_withoutleak__pca__molformer__mlp
pairzs_withoutleak,pca,molformer,mlp,full,none,within_cell_line,MCC,-0.005662642318730673,0.02628451777843587,3,12.0,results/zenodo/grid/pairzs_withoutleak__pca__molformer__mlp
pairzs_withoutleak,pca,molformer,mlp,full,none,within_cell_line,AUROC,0.5021585643754748,0.026032381959982528,3,12.0,results/zenodo/grid/pairzs_withoutleak__pca__molformer__mlp
pairzs_withoutleak,pca,molformer,mlp,full,none,overall,MCC,-0.0649599752147454,0.1577651610231277,5,,results/zenodo/grid/pairzs_withoutleak__pca__molformer__mlp
pairzs_withoutleak,pca,molformer,mlp,full,none,overall,AUROC,0.4867347412871739,0.0941199229074343,5,,results/zenodo/grid/pairzs_withoutleak__pca__molformer__mlp
pairzs_withoutleak,pca,molformer,xrfm,full,none,within_drug,MCC,-0.007173900227250267,0.02007775274242358,3,10.0,results/zenodo/grid/pairzs_withoutleak__pca__molformer__xrfm
pairzs_withoutleak,pca,molformer,xrfm,full,none,within_drug,AUROC,0.4951417604142365,0.022042322794306197,3,10.0,results/zenodo/grid/pairzs_withoutleak__pca__molformer__xrfm
pairzs_withoutleak,pca,molformer,xrfm,full,none,within_cell_line,MCC,0.06710338881169002,0.00961358086118582,3,12.0,results/zenodo/grid/pairzs_withoutleak__pca__molformer__xrfm
pairzs_withoutleak,pca,molformer,xrfm,full,none,within_cell_line,AUROC,0.5740453419600341,0.02340926308079836,3,12.0,results/zenodo/grid/pairzs_withoutleak__pca__molformer__xrfm
pairzs_withoutleak,pca,molformer,xrfm,full,none,overall,MCC,0.0104418302333921,0.0744383336044218,5,,results/zenodo/grid/pairzs_withoutleak__pca__molformer__xrfm
pairzs_withoutleak,pca,molformer,xrfm,full,none,overall,AUROC,0.4728198325682148,0.0649538960913657,5,,results/zenodo/grid/pairzs_withoutleak__pca__molformer__xrfm
pairzs_withoutleak,pca,morgan,lightgbm,full,none,within_drug,MCC,-0.009741748975120694,0.02595820877462665,3,10.0,results/zenodo/grid/pairzs_withoutleak__pca__morgan__lightgbm
pairzs_withoutleak,pca,morgan,lightgbm,full,none,within_drug,AUROC,0.553845371768258,0.001982841054071489,3,10.0,results/zenodo/grid/pairzs_withoutleak__pca__morgan__lightgbm
pairzs_withoutleak,pca,morgan,lightgbm,full,none,within_cell_line,MCC,0.1202551022075773,0.024723645239081486,3,12.0,results/zenodo/grid/pairzs_withoutleak__pca__morgan__lightgbm
pairzs_withoutleak,pca,morgan,lightgbm,full,none,within_cell_line,AUROC,0.6098478622609483,0.003176739766523615,3,12.0,results/zenodo/grid/pairzs_withoutleak__pca__morgan__lightgbm
pairzs_withoutleak,pca,morgan,lightgbm,full,none,overall,MCC,-0.0446765189466564,0.1429110695534837,5,,results/zenodo/grid/pairzs_withoutleak__pca__morgan__lightgbm
pairzs_withoutleak,pca,morgan,lightgbm,full,none,overall,AUROC,0.499007878133001,0.0662758339459826,5,,results/zenodo/grid/pairzs_withoutleak__pca__morgan__lightgbm
pairzs_withoutleak,pca,morgan,mlp,full,none,within_drug,MCC,-0.04673965902416547,0.017477654511185242,3,10.0,results/zenodo/grid/pairzs_withoutleak__pca__morgan__mlp
pairzs_withoutleak,pca,morgan,mlp,full,none,within_drug,AUROC,0.5349188967530817,0.014952219280683465,3,10.0,results/zenodo/grid/pairzs_withoutleak__pca__morgan__mlp
pairzs_withoutleak,pca,morgan,mlp,full,none,within_cell_line,MCC,0.026439752156592656,0.028470774660872056,3,12.0,results/zenodo/grid/pairzs_withoutleak__pca__morgan__mlp
pairzs_withoutleak,pca,morgan,mlp,full,none,within_cell_line,AUROC,0.5453094904333929,0.013934160259308145,3,12.0,results/zenodo/grid/pairzs_withoutleak__pca__morgan__mlp
pairzs_withoutleak,pca,morgan,mlp,full,none,overall,MCC,-0.0386113449991991,0.1554165148265344,5,,results/zenodo/grid/pairzs_withoutleak__pca__morgan__mlp
pairzs_withoutleak,pca,morgan,mlp,full,none,overall,AUROC,0.4862948484086939,0.0896747806230074,5,,results/zenodo/grid/pairzs_withoutleak__pca__morgan__mlp
pairzs_withoutleak,pca,morgan,xrfm,full,none,within_drug,MCC,-0.07155802612418208,0.014025679605947267,3,10.0,results/zenodo/grid/pairzs_withoutleak__pca__morgan__xrfm
pairzs_withoutleak,pca,morgan,xrfm,full,none,within_drug,AUROC,0.4560873281088688,0.012220466180077636,3,10.0,results/zenodo/grid/pairzs_withoutleak__pca__morgan__xrfm
pairzs_withoutleak,pca,morgan,xrfm,full,none,within_cell_line,MCC,-0.009542805932279576,0.010126215912185235,3,12.0,results/zenodo/grid/pairzs_withoutleak__pca__morgan__xrfm
pairzs_withoutleak,pca,morgan,xrfm,full,none,within_cell_line,AUROC,0.556364241379478,0.021038820592318343,3,12.0,results/zenodo/grid/pairzs_withoutleak__pca__morgan__xrfm
pairzs_withoutleak,pca,morgan,xrfm,full,none,overall,MCC,0.0136295330439809,0.0675934268317485,5,,results/zenodo/grid/pairzs_withoutleak__pca__morgan__xrfm
pairzs_withoutleak,pca,morgan,xrfm,full,none,overall,AUROC,0.4762754929129752,0.0828522991755241,5,,results/zenodo/grid/pairzs_withoutleak__pca__morgan__xrfm
pairzs_withoutleak,scgpt_pan,biomed,lightgbm,full,none,within_drug,MCC,0.10826428211667109,0.012576910957316712,3,10.0,results/zenodo/grid/pairzs_withoutleak__scgpt_pan__biomed__lightgbm
pairzs_withoutleak,scgpt_pan,biomed,lightgbm,full,none,within_drug,AUROC,0.5795494345565906,0.010603760800666323,3,10.0,results/zenodo/grid/pairzs_withoutleak__scgpt_pan__biomed__lightgbm
pairzs_withoutleak,scgpt_pan,biomed,lightgbm,full,none,within_cell_line,MCC,0.2051002073119892,0.006857763290616792,3,12.0,results/zenodo/grid/pairzs_withoutleak__scgpt_pan__biomed__lightgbm
pairzs_withoutleak,scgpt_pan,biomed,lightgbm,full,none,within_cell_line,AUROC,0.6311689350543586,0.0055989298833071565,3,12.0,results/zenodo/grid/pairzs_withoutleak__scgpt_pan__biomed__lightgbm
pairzs_withoutleak,scgpt_pan,biomed,lightgbm,full,none,overall,MCC,-0.0542021966434623,0.093449483072391,5,,results/zenodo/grid/pairzs_withoutleak__scgpt_pan__biomed__lightgbm
pairzs_withoutleak,scgpt_pan,biomed,lightgbm,full,none,overall,AUROC,0.4847219862296428,0.064129201511949,5,,results/zenodo/grid/pairzs_withoutleak__scgpt_pan__biomed__lightgbm
pairzs_withoutleak,scgpt_pan,biomed,mlp,full,none,within_drug,MCC,-0.08245879048248737,0.012748048650294535,3,10.0,results/zenodo/grid/pairzs_withoutleak__scgpt_pan__biomed__mlp
pairzs_withoutleak,scgpt_pan,biomed,mlp,full,none,within_drug,AUROC,0.37462126641751564,0.012344459204907033,3,10.0,results/zenodo/grid/pairzs_withoutleak__scgpt_pan__biomed__mlp
pairzs_withoutleak,scgpt_pan,biomed,mlp,full,none,within_cell_line,MCC,-0.0019944231375306873,0.004569388864268904,3,12.0,results/zenodo/grid/pairzs_withoutleak__scgpt_pan__biomed__mlp
pairzs_withoutleak,scgpt_pan,biomed,mlp,full,none,within_cell_line,AUROC,0.44105073980463155,0.00846433928113056,3,12.0,results/zenodo/grid/pairzs_withoutleak__scgpt_pan__biomed__mlp
pairzs_withoutleak,scgpt_pan,biomed,mlp,full,none,overall,MCC,0.0183483209979113,0.0363238549273004,5,,results/zenodo/grid/pairzs_withoutleak__scgpt_pan__biomed__mlp
pairzs_withoutleak,scgpt_pan,biomed,mlp,full,none,overall,AUROC,0.412944086104301,0.076074279893521,5,,results/zenodo/grid/pairzs_withoutleak__scgpt_pan__biomed__mlp
pairzs_withoutleak,scgpt_pan,biomed,xrfm,full,none,within_drug,MCC,-0.02273917573942232,0.023640180111010465,3,10.0,results/zenodo/grid/pairzs_withoutleak__scgpt_pan__biomed__xrfm
pairzs_withoutleak,scgpt_pan,biomed,xrfm,full,none,within_drug,AUROC,0.5442960363372794,0.009762173496344884,3,10.0,results/zenodo/grid/pairzs_withoutleak__scgpt_pan__biomed__xrfm
pairzs_withoutleak,scgpt_pan,biomed,xrfm,full,none,within_cell_line,MCC,0.1027416598756884,0.037952401329000754,3,12.0,results/zenodo/grid/pairzs_withoutleak__scgpt_pan__biomed__xrfm
pairzs_withoutleak,scgpt_pan,biomed,xrfm,full,none,within_cell_line,AUROC,0.6573903722449255,0.01131337304587279,3,12.0,results/zenodo/grid/pairzs_withoutleak__scgpt_pan__biomed__xrfm
pairzs_withoutleak,scgpt_pan,biomed,xrfm,full,none,overall,MCC,-0.040567617373754,0.0689645118034363,5,,results/zenodo/grid/pairzs_withoutleak__scgpt_pan__biomed__xrfm
pairzs_withoutleak,scgpt_pan,biomed,xrfm,full,none,overall,AUROC,0.4959410004231842,0.0708761887540192,5,,results/zenodo/grid/pairzs_withoutleak__scgpt_pan__biomed__xrfm
pairzs_withoutleak,scgpt_pan,chemberta,lightgbm,full,none,within_drug,MCC,0.11369239124084267,0.00860813366567253,3,10.0,results/zenodo/grid/pairzs_withoutleak__scgpt_pan__chemberta__lightgbm
pairzs_withoutleak,scgpt_pan,chemberta,lightgbm,full,none,within_drug,AUROC,0.5765741684660062,0.004083354393024983,3,10.0,results/zenodo/grid/pairzs_withoutleak__scgpt_pan__chemberta__lightgbm
pairzs_withoutleak,scgpt_pan,chemberta,lightgbm,full,none,within_cell_line,MCC,0.20277621919726851,0.014391980659678236,3,12.0,results/zenodo/grid/pairzs_withoutleak__scgpt_pan__chemberta__lightgbm
pairzs_withoutleak,scgpt_pan,chemberta,lightgbm,full,none,within_cell_line,AUROC,0.6310664010451235,0.00311429187253374,3,12.0,results/zenodo/grid/pairzs_withoutleak__scgpt_pan__chemberta__lightgbm
pairzs_withoutleak,scgpt_pan,chemberta,lightgbm,full,none,overall,MCC,-0.0697174745907378,0.0953630798615371,5,,results/zenodo/grid/pairzs_withoutleak__scgpt_pan__chemberta__lightgbm
pairzs_withoutleak,scgpt_pan,chemberta,lightgbm,full,none,overall,AUROC,0.4756429444633752,0.0648363414476494,5,,results/zenodo/grid/pairzs_withoutleak__scgpt_pan__chemberta__lightgbm
pairzs_withoutleak,scgpt_pan,chemberta,mlp,full,none,within_drug,MCC,-0.0878652433377316,0.005120993649319933,3,10.0,results/zenodo/grid/pairzs_withoutleak__scgpt_pan__chemberta__mlp
pairzs_withoutleak,scgpt_pan,chemberta,mlp,full,none,within_drug,AUROC,0.4357542137925707,0.0199580917380896,3,10.0,results/zenodo/grid/pairzs_withoutleak__scgpt_pan__chemberta__mlp
pairzs_withoutleak,scgpt_pan,chemberta,mlp,full,none,within_cell_line,MCC,0.01505369427972627,0.010699898656252099,3,12.0,results/zenodo/grid/pairzs_withoutleak__scgpt_pan__chemberta__mlp
pairzs_withoutleak,scgpt_pan,chemberta,mlp,full,none,within_cell_line,AUROC,0.4840044487900485,0.017469206868431272,3,12.0,results/zenodo/grid/pairzs_withoutleak__scgpt_pan__chemberta__mlp
pairzs_withoutleak,scgpt_pan,chemberta,mlp,full,none,overall,MCC,0.0403343372171091,0.0454517990619431,5,,results/zenodo/grid/pairzs_withoutleak__scgpt_pan__chemberta__mlp
pairzs_withoutleak,scgpt_pan,chemberta,mlp,full,none,overall,AUROC,0.5125196765641246,0.0588319851417928,5,,results/zenodo/grid/pairzs_withoutleak__scgpt_pan__chemberta__mlp
pairzs_withoutleak,scgpt_pan,chemberta,xrfm,full,none,within_drug,MCC,0.0313605987019696,0.012272745322601312,3,10.0,results/zenodo/grid/pairzs_withoutleak__scgpt_pan__chemberta__xrfm
pairzs_withoutleak,scgpt_pan,chemberta,xrfm,full,none,within_drug,AUROC,0.5329994919062959,0.0032535133065180032,3,10.0,results/zenodo/grid/pairzs_withoutleak__scgpt_pan__chemberta__xrfm
pairzs_withoutleak,scgpt_pan,chemberta,xrfm,full,none,within_cell_line,MCC,0.11072860852882793,0.000181218474216605,3,12.0,results/zenodo/grid/pairzs_withoutleak__scgpt_pan__chemberta__xrfm
pairzs_withoutleak,scgpt_pan,chemberta,xrfm,full,none,within_cell_line,AUROC,0.6062943193675435,0.003766353708970947,3,12.0,results/zenodo/grid/pairzs_withoutleak__scgpt_pan__chemberta__xrfm
pairzs_withoutleak,scgpt_pan,chemberta,xrfm,full,none,overall,MCC,-0.1326618026584804,0.0784845581831445,5,,results/zenodo/grid/pairzs_withoutleak__scgpt_pan__chemberta__xrfm
pairzs_withoutleak,scgpt_pan,chemberta,xrfm,full,none,overall,AUROC,0.4046330672803161,0.0347202402432144,5,,results/zenodo/grid/pairzs_withoutleak__scgpt_pan__chemberta__xrfm
pairzs_withoutleak,scgpt_pan,maccs,lightgbm,full,none,within_drug,MCC,0.10095254084525579,0.017292217511422934,3,10.0,results/zenodo/grid/pairzs_withoutleak__scgpt_pan__maccs__lightgbm
pairzs_withoutleak,scgpt_pan,maccs,lightgbm,full,none,within_drug,AUROC,0.5709027735238928,0.004519453487962749,3,10.0,results/zenodo/grid/pairzs_withoutleak__scgpt_pan__maccs__lightgbm
pairzs_withoutleak,scgpt_pan,maccs,lightgbm,full,none,within_cell_line,MCC,0.190495660704636,0.012098212427114655,3,12.0,results/zenodo/grid/pairzs_withoutleak__scgpt_pan__maccs__lightgbm
pairzs_withoutleak,scgpt_pan,maccs,lightgbm,full,none,within_cell_line,AUROC,0.6232584328074173,0.0024325503117365067,3,12.0,results/zenodo/grid/pairzs_withoutleak__scgpt_pan__maccs__lightgbm
pairzs_withoutleak,scgpt_pan,maccs,lightgbm,full,none,overall,MCC,-0.0711307285258061,0.1088458502516085,5,,results/zenodo/grid/pairzs_withoutleak__scgpt_pan__maccs__lightgbm
pairzs_withoutleak,scgpt_pan,maccs,lightgbm,full,none,overall,AUROC,0.4759475238631246,0.064836976567724,5,,results/zenodo/grid/pairzs_withoutleak__scgpt_pan__maccs__lightgbm
pairzs_withoutleak,scgpt_pan,maccs,mlp,full,none,within_drug,MCC,-0.045618316931072676,0.028197763709375094,3,10.0,results/zenodo/grid/pairzs_withoutleak__scgpt_pan__maccs__mlp
pairzs_withoutleak,scgpt_pan,maccs,mlp,full,none,within_drug,AUROC,0.4615225496311867,0.014695078792336872,3,10.0,results/zenodo/grid/pairzs_withoutleak__scgpt_pan__maccs__mlp
pairzs_withoutleak,scgpt_pan,maccs,mlp,full,none,within_cell_line,MCC,0.025603352755907735,0.0044542282771964,3,12.0,results/zenodo/grid/pairzs_withoutleak__scgpt_pan__maccs__mlp
pairzs_withoutleak,scgpt_pan,maccs,mlp,full,none,within_cell_line,AUROC,0.5015569117078594,0.010315441522893001,3,12.0,results/zenodo/grid/pairzs_withoutleak__scgpt_pan__maccs__mlp
pairzs_withoutleak,scgpt_pan,maccs,mlp,full,none,overall,MCC,0.0941442822865612,0.0521129649379075,5,,results/zenodo/grid/pairzs_withoutleak__scgpt_pan__maccs__mlp
pairzs_withoutleak,scgpt_pan,maccs,mlp,full,none,overall,AUROC,0.5493072866456807,0.0573175266500197,5,,results/zenodo/grid/pairzs_withoutleak__scgpt_pan__maccs__mlp
pairzs_withoutleak,scgpt_pan,maccs,xrfm,full,none,within_drug,MCC,0.030663219443106283,0.025266595411598182,3,10.0,results/zenodo/grid/pairzs_withoutleak__scgpt_pan__maccs__xrfm
pairzs_withoutleak,scgpt_pan,maccs,xrfm,full,none,within_drug,AUROC,0.5539835768771381,0.0043942369784451705,3,10.0,results/zenodo/grid/pairzs_withoutleak__scgpt_pan__maccs__xrfm
pairzs_withoutleak,scgpt_pan,maccs,xrfm,full,none,within_cell_line,MCC,0.12079095036689826,0.007093758373868793,3,12.0,results/zenodo/grid/pairzs_withoutleak__scgpt_pan__maccs__xrfm
pairzs_withoutleak,scgpt_pan,maccs,xrfm,full,none,within_cell_line,AUROC,0.6225114632479597,0.005352643917330497,3,12.0,results/zenodo/grid/pairzs_withoutleak__scgpt_pan__maccs__xrfm
pairzs_withoutleak,scgpt_pan,maccs,xrfm,full,none,overall,MCC,-0.1212479750305536,0.1045393483405849,5,,results/zenodo/grid/pairzs_withoutleak__scgpt_pan__maccs__xrfm
pairzs_withoutleak,scgpt_pan,maccs,xrfm,full,none,overall,AUROC,0.433303147810722,0.0511969131827586,5,,results/zenodo/grid/pairzs_withoutleak__scgpt_pan__maccs__xrfm
pairzs_withoutleak,scgpt_pan,materials,lightgbm,full,none,within_drug,MCC,0.11252880925610353,0.025555593633561795,3,10.0,results/zenodo/grid/pairzs_withoutleak__scgpt_pan__materials__lightgbm
pairzs_withoutleak,scgpt_pan,materials,lightgbm,full,none,within_drug,AUROC,0.5724489594022484,0.013852244685228457,3,10.0,results/zenodo/grid/pairzs_withoutleak__scgpt_pan__materials__lightgbm
pairzs_withoutleak,scgpt_pan,materials,lightgbm,full,none,within_cell_line,MCC,0.194979462230046,0.007878869190897217,3,12.0,results/zenodo/grid/pairzs_withoutleak__scgpt_pan__materials__lightgbm
pairzs_withoutleak,scgpt_pan,materials,lightgbm,full,none,within_cell_line,AUROC,0.622038609931717,0.0055004670186703675,3,12.0,results/zenodo/grid/pairzs_withoutleak__scgpt_pan__materials__lightgbm
pairzs_withoutleak,scgpt_pan,materials,lightgbm,full,none,overall,MCC,-0.0753995615556346,0.1083117478910298,5,,results/zenodo/grid/pairzs_withoutleak__scgpt_pan__materials__lightgbm
pairzs_withoutleak,scgpt_pan,materials,lightgbm,full,none,overall,AUROC,0.473344249298621,0.0661008301906395,5,,results/zenodo/grid/pairzs_withoutleak__scgpt_pan__materials__lightgbm
pairzs_withoutleak,scgpt_pan,materials,mlp,full,none,within_drug,MCC,-0.07348922223596964,0.01417861390584103,3,10.0,results/zenodo/grid/pairzs_withoutleak__scgpt_pan__materials__mlp
pairzs_withoutleak,scgpt_pan,materials,mlp,full,none,within_drug,AUROC,0.4736762993816824,0.023916730525007663,3,10.0,results/zenodo/grid/pairzs_withoutleak__scgpt_pan__materials__mlp
pairzs_withoutleak,scgpt_pan,materials,mlp,full,none,within_cell_line,MCC,0.004097805572812614,0.011204638788476584,3,12.0,results/zenodo/grid/pairzs_withoutleak__scgpt_pan__materials__mlp
pairzs_withoutleak,scgpt_pan,materials,mlp,full,none,within_cell_line,AUROC,0.5059973330954373,0.0009041519512536944,3,12.0,results/zenodo/grid/pairzs_withoutleak__scgpt_pan__materials__mlp
pairzs_withoutleak,scgpt_pan,materials,mlp,full,none,overall,MCC,0.0498387921077911,0.0485828756357075,5,,results/zenodo/grid/pairzs_withoutleak__scgpt_pan__materials__mlp
pairzs_withoutleak,scgpt_pan,materials,mlp,full,none,overall,AUROC,0.521469369404173,0.0629897517250992,5,,results/zenodo/grid/pairzs_withoutleak__scgpt_pan__materials__mlp
pairzs_withoutleak,scgpt_pan,materials,xrfm,full,none,within_drug,MCC,0.020824664904613512,0.01739603625262779,3,10.0,results/zenodo/grid/pairzs_withoutleak__scgpt_pan__materials__xrfm
pairzs_withoutleak,scgpt_pan,materials,xrfm,full,none,within_drug,AUROC,0.5190097565542696,0.006326497472077616,3,10.0,results/zenodo/grid/pairzs_withoutleak__scgpt_pan__materials__xrfm
pairzs_withoutleak,scgpt_pan,materials,xrfm,full,none,within_cell_line,MCC,0.09560082428787647,0.016703100485718058,3,12.0,results/zenodo/grid/pairzs_withoutleak__scgpt_pan__materials__xrfm
pairzs_withoutleak,scgpt_pan,materials,xrfm,full,none,within_cell_line,AUROC,0.5947312488478672,0.0018389275349772283,3,12.0,results/zenodo/grid/pairzs_withoutleak__scgpt_pan__materials__xrfm
pairzs_withoutleak,scgpt_pan,materials,xrfm,full,none,overall,MCC,-0.1187989941021132,0.0841867267162761,5,,results/zenodo/grid/pairzs_withoutleak__scgpt_pan__materials__xrfm
pairzs_withoutleak,scgpt_pan,materials,xrfm,full,none,overall,AUROC,0.4071256466246257,0.0423711349657776,5,,results/zenodo/grid/pairzs_withoutleak__scgpt_pan__materials__xrfm
pairzs_withoutleak,scgpt_pan,molformer,lightgbm,full,none,within_drug,MCC,0.13275621375997104,0.017030404041793443,3,10.0,results/zenodo/grid/pairzs_withoutleak__scgpt_pan__molformer__lightgbm
pairzs_withoutleak,scgpt_pan,molformer,lightgbm,full,none,within_drug,AUROC,0.573387460304502,0.012826119371992508,3,10.0,results/zenodo/grid/pairzs_withoutleak__scgpt_pan__molformer__lightgbm
pairzs_withoutleak,scgpt_pan,molformer,lightgbm,full,none,within_cell_line,MCC,0.22070991633844864,0.0033667841512286163,3,12.0,results/zenodo/grid/pairzs_withoutleak__scgpt_pan__molformer__lightgbm
pairzs_withoutleak,scgpt_pan,molformer,lightgbm,full,none,within_cell_line,AUROC,0.6230240259656098,0.005296001715127037,3,12.0,results/zenodo/grid/pairzs_withoutleak__scgpt_pan__molformer__lightgbm
pairzs_withoutleak,scgpt_pan,molformer,lightgbm,full,none,overall,MCC,-0.019682120894451,0.1154568699481285,5,,results/zenodo/grid/pairzs_withoutleak__scgpt_pan__molformer__lightgbm
pairzs_withoutleak,scgpt_pan,molformer,lightgbm,full,none,overall,AUROC,0.4790230592492071,0.0647805120783605,5,,results/zenodo/grid/pairzs_withoutleak__scgpt_pan__molformer__lightgbm
pairzs_withoutleak,scgpt_pan,molformer,mlp,full,none,within_drug,MCC,-0.0645246306927909,0.005927145569863972,3,10.0,results/zenodo/grid/pairzs_withoutleak__scgpt_pan__molformer__mlp
pairzs_withoutleak,scgpt_pan,molformer,mlp,full,none,within_drug,AUROC,0.3830466209694336,0.020075415324200662,3,10.0,results/zenodo/grid/pairzs_withoutleak__scgpt_pan__molformer__mlp
pairzs_withoutleak,scgpt_pan,molformer,mlp,full,none,within_cell_line,MCC,0.014808126455411014,0.020285495428017164,3,12.0,results/zenodo/grid/pairzs_withoutleak__scgpt_pan__molformer__mlp
pairzs_withoutleak,scgpt_pan,molformer,mlp,full,none,within_cell_line,AUROC,0.4575554316078437,0.00670935288247873,3,12.0,results/zenodo/grid/pairzs_withoutleak__scgpt_pan__molformer__mlp
pairzs_withoutleak,scgpt_pan,molformer,mlp,full,none,overall,MCC,0.1162390088455327,0.0427526750586904,5,,results/zenodo/grid/pairzs_withoutleak__scgpt_pan__molformer__mlp
pairzs_withoutleak,scgpt_pan,molformer,mlp,full,none,overall,AUROC,0.4796261215350938,0.0908625819256996,5,,results/zenodo/grid/pairzs_withoutleak__scgpt_pan__molformer__mlp
pairzs_withoutleak,scgpt_pan,molformer,xrfm,full,none,within_drug,MCC,-0.03965325757372851,0.05948577565028742,3,10.0,results/zenodo/grid/pairzs_withoutleak__scgpt_pan__molformer__xrfm
pairzs_withoutleak,scgpt_pan,molformer,xrfm,full,none,within_drug,AUROC,0.5079422761432925,0.007802123350926811,3,10.0,results/zenodo/grid/pairzs_withoutleak__scgpt_pan__molformer__xrfm
pairzs_withoutleak,scgpt_pan,molformer,xrfm,full,none,within_cell_line,MCC,0.05743817092690041,0.023491691066805768,3,12.0,results/zenodo/grid/pairzs_withoutleak__scgpt_pan__molformer__xrfm
pairzs_withoutleak,scgpt_pan,molformer,xrfm,full,none,within_cell_line,AUROC,0.593525520209935,0.004877492212786884,3,12.0,results/zenodo/grid/pairzs_withoutleak__scgpt_pan__molformer__xrfm
pairzs_withoutleak,scgpt_pan,molformer,xrfm,full,none,overall,MCC,-0.1287831214412511,0.1055261119752657,5,,results/zenodo/grid/pairzs_withoutleak__scgpt_pan__molformer__xrfm
pairzs_withoutleak,scgpt_pan,molformer,xrfm,full,none,overall,AUROC,0.4142865345338613,0.0546174162835558,5,,results/zenodo/grid/pairzs_withoutleak__scgpt_pan__molformer__xrfm
pairzs_withoutleak,scgpt_pan,morgan,lightgbm,full,none,within_drug,MCC,0.11762402190071997,0.01487393462609011,3,10.0,results/zenodo/grid/pairzs_withoutleak__scgpt_pan__morgan__lightgbm
pairzs_withoutleak,scgpt_pan,morgan,lightgbm,full,none,within_drug,AUROC,0.5773477414326843,0.00858159368758802,3,10.0,results/zenodo/grid/pairzs_withoutleak__scgpt_pan__morgan__lightgbm
pairzs_withoutleak,scgpt_pan,morgan,lightgbm,full,none,within_cell_line,MCC,0.20385166743301955,0.0030879534654574513,3,12.0,results/zenodo/grid/pairzs_withoutleak__scgpt_pan__morgan__lightgbm
pairzs_withoutleak,scgpt_pan,morgan,lightgbm,full,none,within_cell_line,AUROC,0.6244149841074721,0.0038012501143098835,3,12.0,results/zenodo/grid/pairzs_withoutleak__scgpt_pan__morgan__lightgbm
pairzs_withoutleak,scgpt_pan,morgan,lightgbm,full,none,overall,MCC,-0.0360882908814372,0.1162064064244177,5,,results/zenodo/grid/pairzs_withoutleak__scgpt_pan__morgan__lightgbm
pairzs_withoutleak,scgpt_pan,morgan,lightgbm,full,none,overall,AUROC,0.48438038793167,0.0678978293103027,5,,results/zenodo/grid/pairzs_withoutleak__scgpt_pan__morgan__lightgbm
pairzs_withoutleak,scgpt_pan,morgan,mlp,full,none,within_drug,MCC,-0.09229192911463162,0.022681514664654616,3,10.0,results/zenodo/grid/pairzs_withoutleak__scgpt_pan__morgan__mlp
pairzs_withoutleak,scgpt_pan,morgan,mlp,full,none,within_drug,AUROC,0.4554750109444406,0.017729682534529854,3,10.0,results/zenodo/grid/pairzs_withoutleak__scgpt_pan__morgan__mlp
pairzs_withoutleak,scgpt_pan,morgan,mlp,full,none,within_cell_line,MCC,0.007032891479570406,0.018116023131857225,3,12.0,results/zenodo/grid/pairzs_withoutleak__scgpt_pan__morgan__mlp
pairzs_withoutleak,scgpt_pan,morgan,mlp,full,none,within_cell_line,AUROC,0.5031038365913668,0.006744032466439448,3,12.0,results/zenodo/grid/pairzs_withoutleak__scgpt_pan__morgan__mlp
pairzs_withoutleak,scgpt_pan,morgan,mlp,full,none,overall,MCC,0.1279785216634091,0.0328338905537918,5,,results/zenodo/grid/pairzs_withoutleak__scgpt_pan__morgan__mlp
pairzs_withoutleak,scgpt_pan,morgan,mlp,full,none,overall,AUROC,0.5856383194467851,0.0331727728154003,5,,results/zenodo/grid/pairzs_withoutleak__scgpt_pan__morgan__mlp
pairzs_withoutleak,scgpt_pan,morgan,xrfm,full,none,within_drug,MCC,0.03276890345943361,0.025565177995462766,3,10.0,results/zenodo/grid/pairzs_withoutleak__scgpt_pan__morgan__xrfm
pairzs_withoutleak,scgpt_pan,morgan,xrfm,full,none,within_drug,AUROC,0.5132797760222302,0.005932407135152937,3,10.0,results/zenodo/grid/pairzs_withoutleak__scgpt_pan__morgan__xrfm
pairzs_withoutleak,scgpt_pan,morgan,xrfm,full,none,within_cell_line,MCC,0.09263985598369588,0.013993200914842682,3,12.0,results/zenodo/grid/pairzs_withoutleak__scgpt_pan__morgan__xrfm
pairzs_withoutleak,scgpt_pan,morgan,xrfm,full,none,within_cell_line,AUROC,0.5792013591524573,0.004057335023945747,3,12.0,results/zenodo/grid/pairzs_withoutleak__scgpt_pan__morgan__xrfm
pairzs_withoutleak,scgpt_pan,morgan,xrfm,full,none,overall,MCC,-0.0509729334374794,0.0445425678042254,5,,results/zenodo/grid/pairzs_withoutleak__scgpt_pan__morgan__xrfm
pairzs_withoutleak,scgpt_pan,morgan,xrfm,full,none,overall,AUROC,0.4269148135622712,0.0450117956043892,5,,results/zenodo/grid/pairzs_withoutleak__scgpt_pan__morgan__xrfm
pairzs_withoutleak,scvi,biomed,lightgbm,full,none,within_drug,MCC,-0.058367102146642924,0.007037855618251033,3,10.0,results/zenodo/grid/pairzs_withoutleak__scvi__biomed__lightgbm
pairzs_withoutleak,scvi,biomed,lightgbm,full,none,within_drug,AUROC,0.4971567005565653,0.0035888281306053708,3,10.0,results/zenodo/grid/pairzs_withoutleak__scvi__biomed__lightgbm
pairzs_withoutleak,scvi,biomed,lightgbm,full,none,within_cell_line,MCC,0.007439403736789907,0.028847031014431115,3,12.0,results/zenodo/grid/pairzs_withoutleak__scvi__biomed__lightgbm
pairzs_withoutleak,scvi,biomed,lightgbm,full,none,within_cell_line,AUROC,0.5027625708798998,0.026933049113514566,3,12.0,results/zenodo/grid/pairzs_withoutleak__scvi__biomed__lightgbm
pairzs_withoutleak,scvi,biomed,lightgbm,full,none,overall,MCC,0.0094262052098765,0.0738796984945838,5,,results/zenodo/grid/pairzs_withoutleak__scvi__biomed__lightgbm
pairzs_withoutleak,scvi,biomed,lightgbm,full,none,overall,AUROC,0.5017796195720156,0.0550311620048534,5,,results/zenodo/grid/pairzs_withoutleak__scvi__biomed__lightgbm
pairzs_withoutleak,scvi,biomed,mlp,full,none,within_drug,MCC,-0.040677573303395706,0.007424811872438032,3,10.0,results/zenodo/grid/pairzs_withoutleak__scvi__biomed__mlp
pairzs_withoutleak,scvi,biomed,mlp,full,none,within_drug,AUROC,0.45800877222722963,0.0147883813424079,3,10.0,results/zenodo/grid/pairzs_withoutleak__scvi__biomed__mlp
pairzs_withoutleak,scvi,biomed,mlp,full,none,within_cell_line,MCC,-0.046998015963712086,0.006306481006377894,3,12.0,results/zenodo/grid/pairzs_withoutleak__scvi__biomed__mlp
pairzs_withoutleak,scvi,biomed,mlp,full,none,within_cell_line,AUROC,0.43413890594387206,0.01876102387265987,3,12.0,results/zenodo/grid/pairzs_withoutleak__scvi__biomed__mlp
pairzs_withoutleak,scvi,biomed,mlp,full,none,overall,MCC,0.0424712969451667,0.0268880761385327,5,,results/zenodo/grid/pairzs_withoutleak__scvi__biomed__mlp
pairzs_withoutleak,scvi,biomed,mlp,full,none,overall,AUROC,0.4862140706814208,0.0523672556946575,5,,results/zenodo/grid/pairzs_withoutleak__scvi__biomed__mlp
pairzs_withoutleak,scvi,biomed,xrfm,full,none,within_drug,MCC,-0.09925571538076627,0.03849480077247407,3,10.0,results/zenodo/grid/pairzs_withoutleak__scvi__biomed__xrfm
pairzs_withoutleak,scvi,biomed,xrfm,full,none,within_drug,AUROC,0.4403033326214391,0.01505112686885169,3,10.0,results/zenodo/grid/pairzs_withoutleak__scvi__biomed__xrfm
pairzs_withoutleak,scvi,biomed,xrfm,full,none,within_cell_line,MCC,-0.03238137985640953,0.03458361350095347,3,12.0,results/zenodo/grid/pairzs_withoutleak__scvi__biomed__xrfm
pairzs_withoutleak,scvi,biomed,xrfm,full,none,within_cell_line,AUROC,0.47249432974085304,0.030737074869927508,3,12.0,results/zenodo/grid/pairzs_withoutleak__scvi__biomed__xrfm
pairzs_withoutleak,scvi,biomed,xrfm,full,none,overall,MCC,-0.0987520469962351,0.0714247621350888,5,,results/zenodo/grid/pairzs_withoutleak__scvi__biomed__xrfm
pairzs_withoutleak,scvi,biomed,xrfm,full,none,overall,AUROC,0.409532447812784,0.0306994005042961,5,,results/zenodo/grid/pairzs_withoutleak__scvi__biomed__xrfm
pairzs_withoutleak,scvi,chemberta,lightgbm,full,none,within_drug,MCC,-0.003094514306893908,0.0059519613547929185,3,10.0,results/zenodo/grid/pairzs_withoutleak__scvi__chemberta__lightgbm
pairzs_withoutleak,scvi,chemberta,lightgbm,full,none,within_drug,AUROC,0.4772078003073741,0.012663261162800678,3,10.0,results/zenodo/grid/pairzs_withoutleak__scvi__chemberta__lightgbm
pairzs_withoutleak,scvi,chemberta,lightgbm,full,none,within_cell_line,MCC,0.02018184015163013,0.026876455947125344,3,12.0,results/zenodo/grid/pairzs_withoutleak__scvi__chemberta__lightgbm
pairzs_withoutleak,scvi,chemberta,lightgbm,full,none,within_cell_line,AUROC,0.4840852255731635,0.021248774186650922,3,12.0,results/zenodo/grid/pairzs_withoutleak__scvi__chemberta__lightgbm
pairzs_withoutleak,scvi,chemberta,lightgbm,full,none,overall,MCC,0.0132361597176019,0.0936402003566506,5,,results/zenodo/grid/pairzs_withoutleak__scvi__chemberta__lightgbm
pairzs_withoutleak,scvi,chemberta,lightgbm,full,none,overall,AUROC,0.4867780085819896,0.0567125235841826,5,,results/zenodo/grid/pairzs_withoutleak__scvi__chemberta__lightgbm
pairzs_withoutleak,scvi,chemberta,mlp,full,none,within_drug,MCC,-0.01956465094503149,0.007074182225606437,3,10.0,results/zenodo/grid/pairzs_withoutleak__scvi__chemberta__mlp
pairzs_withoutleak,scvi,chemberta,mlp,full,none,within_drug,AUROC,0.472728877446667,0.007301179237037629,3,10.0,results/zenodo/grid/pairzs_withoutleak__scvi__chemberta__mlp
pairzs_withoutleak,scvi,chemberta,mlp,full,none,within_cell_line,MCC,-0.019943079467215654,0.01512164905859377,3,12.0,results/zenodo/grid/pairzs_withoutleak__scvi__chemberta__mlp
pairzs_withoutleak,scvi,chemberta,mlp,full,none,within_cell_line,AUROC,0.4578155777066149,0.01872430127697383,3,12.0,results/zenodo/grid/pairzs_withoutleak__scvi__chemberta__mlp
pairzs_withoutleak,scvi,chemberta,mlp,full,none,overall,MCC,0.0613229581219086,0.0310613201543165,5,,results/zenodo/grid/pairzs_withoutleak__scvi__chemberta__mlp
pairzs_withoutleak,scvi,chemberta,mlp,full,none,overall,AUROC,0.4973436875300075,0.0765149310814568,5,,results/zenodo/grid/pairzs_withoutleak__scvi__chemberta__mlp
pairzs_withoutleak,scvi,chemberta,xrfm,full,none,within_drug,MCC,-0.04468483927188608,0.03066328018190075,3,10.0,results/zenodo/grid/pairzs_withoutleak__scvi__chemberta__xrfm
pairzs_withoutleak,scvi,chemberta,xrfm,full,none,within_drug,AUROC,0.45743252816386565,0.018268676012648862,3,10.0,results/zenodo/grid/pairzs_withoutleak__scvi__chemberta__xrfm
pairzs_withoutleak,scvi,chemberta,xrfm,full,none,within_cell_line,MCC,0.023554909740721566,0.05878074630905118,3,12.0,results/zenodo/grid/pairzs_withoutleak__scvi__chemberta__xrfm
pairzs_withoutleak,scvi,chemberta,xrfm,full,none,within_cell_line,AUROC,0.4872742385022382,0.04514645159939953,3,12.0,results/zenodo/grid/pairzs_withoutleak__scvi__chemberta__xrfm
pairzs_withoutleak,scvi,chemberta,xrfm,full,none,overall,MCC,-0.0047152174510178,0.0639677891163317,5,,results/zenodo/grid/pairzs_withoutleak__scvi__chemberta__xrfm
pairzs_withoutleak,scvi,chemberta,xrfm,full,none,overall,AUROC,0.475100478447092,0.049290807641879,5,,results/zenodo/grid/pairzs_withoutleak__scvi__chemberta__xrfm
pairzs_withoutleak,scvi,maccs,lightgbm,full,none,within_drug,MCC,-8.212666586799566e-06,0.004180538558836287,3,10.0,results/zenodo/grid/pairzs_withoutleak__scvi__maccs__lightgbm
pairzs_withoutleak,scvi,maccs,lightgbm,full,none,within_drug,AUROC,0.5030089192388738,0.017324880907779627,3,10.0,results/zenodo/grid/pairzs_withoutleak__scvi__maccs__lightgbm
pairzs_withoutleak,scvi,maccs,lightgbm,full,none,within_cell_line,MCC,0.020368681794712132,0.026587541009318823,3,12.0,results/zenodo/grid/pairzs_withoutleak__scvi__maccs__lightgbm
pairzs_withoutleak,scvi,maccs,lightgbm,full,none,within_cell_line,AUROC,0.49814510170809206,0.020948476866361105,3,12.0,results/zenodo/grid/pairzs_withoutleak__scvi__maccs__lightgbm
pairzs_withoutleak,scvi,maccs,lightgbm,full,none,overall,MCC,0.0642538255873155,0.0655127263577934,5,,results/zenodo/grid/pairzs_withoutleak__scvi__maccs__lightgbm
pairzs_withoutleak,scvi,maccs,lightgbm,full,none,overall,AUROC,0.5309623573916206,0.0491054466996445,5,,results/zenodo/grid/pairzs_withoutleak__scvi__maccs__lightgbm
pairzs_withoutleak,scvi,maccs,mlp,full,none,within_drug,MCC,-0.028071290498071416,0.014781626030686258,3,10.0,results/zenodo/grid/pairzs_withoutleak__scvi__maccs__mlp
pairzs_withoutleak,scvi,maccs,mlp,full,none,within_drug,AUROC,0.48317949973734725,0.021206899272233615,3,10.0,results/zenodo/grid/pairzs_withoutleak__scvi__maccs__mlp
pairzs_withoutleak,scvi,maccs,mlp,full,none,within_cell_line,MCC,-0.030959629717774922,0.02808284892814517,3,12.0,results/zenodo/grid/pairzs_withoutleak__scvi__maccs__mlp
pairzs_withoutleak,scvi,maccs,mlp,full,none,within_cell_line,AUROC,0.4476776290109667,0.031025728902772585,3,12.0,results/zenodo/grid/pairzs_withoutleak__scvi__maccs__mlp
pairzs_withoutleak,scvi,maccs,mlp,full,none,overall,MCC,0.0972229987984768,0.0366043898138201,5,,results/zenodo/grid/pairzs_withoutleak__scvi__maccs__mlp
pairzs_withoutleak,scvi,maccs,mlp,full,none,overall,AUROC,0.5144769330936606,0.0494673396037381,5,,results/zenodo/grid/pairzs_withoutleak__scvi__maccs__mlp
pairzs_withoutleak,scvi,maccs,xrfm,full,none,within_drug,MCC,-0.031516849624616365,0.0002727786624817471,3,10.0,results/zenodo/grid/pairzs_withoutleak__scvi__maccs__xrfm
pairzs_withoutleak,scvi,maccs,xrfm,full,none,within_drug,AUROC,0.5134190305313536,0.025242196504447763,3,10.0,results/zenodo/grid/pairzs_withoutleak__scvi__maccs__xrfm
pairzs_withoutleak,scvi,maccs,xrfm,full,none,within_cell_line,MCC,0.009172750034399532,0.02019403205791725,3,12.0,results/zenodo/grid/pairzs_withoutleak__scvi__maccs__xrfm
pairzs_withoutleak,scvi,maccs,xrfm,full,none,within_cell_line,AUROC,0.49394949047072356,0.03770103877040722,3,12.0,results/zenodo/grid/pairzs_withoutleak__scvi__maccs__xrfm
pairzs_withoutleak,scvi,maccs,xrfm,full,none,overall,MCC,0.0663483887489514,0.112206640976348,5,,results/zenodo/grid/pairzs_withoutleak__scvi__maccs__xrfm
pairzs_withoutleak,scvi,maccs,xrfm,full,none,overall,AUROC,0.5108897578527125,0.0665311233144072,5,,results/zenodo/grid/pairzs_withoutleak__scvi__maccs__xrfm
pairzs_withoutleak,scvi,materials,lightgbm,full,none,within_drug,MCC,-0.03961204592421846,0.01711311647215659,3,10.0,results/zenodo/grid/pairzs_withoutleak__scvi__materials__lightgbm
pairzs_withoutleak,scvi,materials,lightgbm,full,none,within_drug,AUROC,0.4837318036286293,0.015501532015398205,3,10.0,results/zenodo/grid/pairzs_withoutleak__scvi__materials__lightgbm
pairzs_withoutleak,scvi,materials,lightgbm,full,none,within_cell_line,MCC,0.02209992427290991,0.028330225531114535,3,12.0,results/zenodo/grid/pairzs_withoutleak__scvi__materials__lightgbm
pairzs_withoutleak,scvi,materials,lightgbm,full,none,within_cell_line,AUROC,0.49572633007463285,0.02315110662292767,3,12.0,results/zenodo/grid/pairzs_withoutleak__scvi__materials__lightgbm
pairzs_withoutleak,scvi,materials,lightgbm,full,none,overall,MCC,0.0151228746331777,0.1005095229454231,5,,results/zenodo/grid/pairzs_withoutleak__scvi__materials__lightgbm
pairzs_withoutleak,scvi,materials,lightgbm,full,none,overall,AUROC,0.4944359067287284,0.0678804047958088,5,,results/zenodo/grid/pairzs_withoutleak__scvi__materials__lightgbm
pairzs_withoutleak,scvi,materials,mlp,full,none,within_drug,MCC,-0.05411975177348929,0.014746546784523615,3,10.0,results/zenodo/grid/pairzs_withoutleak__scvi__materials__mlp
pairzs_withoutleak,scvi,materials,mlp,full,none,within_drug,AUROC,0.4762463197445206,0.004722723373502592,3,10.0,results/zenodo/grid/pairzs_withoutleak__scvi__materials__mlp
pairzs_withoutleak,scvi,materials,mlp,full,none,within_cell_line,MCC,-0.051619295871524244,0.01273275562134094,3,12.0,results/zenodo/grid/pairzs_withoutleak__scvi__materials__mlp
pairzs_withoutleak,scvi,materials,mlp,full,none,within_cell_line,AUROC,0.4283706944165558,0.01921578115025972,3,12.0,results/zenodo/grid/pairzs_withoutleak__scvi__materials__mlp
pairzs_withoutleak,scvi,materials,mlp,full,none,overall,MCC,0.0294694423245851,0.019451225668696,5,,results/zenodo/grid/pairzs_withoutleak__scvi__materials__mlp
pairzs_withoutleak,scvi,materials,mlp,full,none,overall,AUROC,0.4794147171760002,0.0632196040941372,5,,results/zenodo/grid/pairzs_withoutleak__scvi__materials__mlp
pairzs_withoutleak,scvi,materials,xrfm,full,none,within_drug,MCC,-0.0686729404765108,0.016242669020079245,3,10.0,results/zenodo/grid/pairzs_withoutleak__scvi__materials__xrfm
pairzs_withoutleak,scvi,materials,xrfm,full,none,within_drug,AUROC,0.46585060270502404,0.027750351014535563,3,10.0,results/zenodo/grid/pairzs_withoutleak__scvi__materials__xrfm
pairzs_withoutleak,scvi,materials,xrfm,full,none,within_cell_line,MCC,-0.008492456781345923,0.005799885985227502,3,12.0,results/zenodo/grid/pairzs_withoutleak__scvi__materials__xrfm
pairzs_withoutleak,scvi,materials,xrfm,full,none,within_cell_line,AUROC,0.48916833949082245,0.01621960033361555,3,12.0,results/zenodo/grid/pairzs_withoutleak__scvi__materials__xrfm
pairzs_withoutleak,scvi,materials,xrfm,full,none,overall,MCC,-0.0491132095006988,0.0806996479182512,5,,results/zenodo/grid/pairzs_withoutleak__scvi__materials__xrfm
pairzs_withoutleak,scvi,materials,xrfm,full,none,overall,AUROC,0.4621559492689607,0.0646875008327192,5,,results/zenodo/grid/pairzs_withoutleak__scvi__materials__xrfm
pairzs_withoutleak,scvi,molformer,lightgbm,full,none,within_drug,MCC,-0.017862303185232707,0.005465412094931202,3,10.0,results/zenodo/grid/pairzs_withoutleak__scvi__molformer__lightgbm
pairzs_withoutleak,scvi,molformer,lightgbm,full,none,within_drug,AUROC,0.4941946430130182,0.0002874130977192629,3,10.0,results/zenodo/grid/pairzs_withoutleak__scvi__molformer__lightgbm
pairzs_withoutleak,scvi,molformer,lightgbm,full,none,within_cell_line,MCC,0.026516612154980624,0.037494255121168794,3,12.0,results/zenodo/grid/pairzs_withoutleak__scvi__molformer__lightgbm
pairzs_withoutleak,scvi,molformer,lightgbm,full,none,within_cell_line,AUROC,0.4997718513527496,0.026944486225047016,3,12.0,results/zenodo/grid/pairzs_withoutleak__scvi__molformer__lightgbm
pairzs_withoutleak,scvi,molformer,lightgbm,full,none,overall,MCC,0.0491700242957656,0.0835856576861488,5,,results/zenodo/grid/pairzs_withoutleak__scvi__molformer__lightgbm
pairzs_withoutleak,scvi,molformer,lightgbm,full,none,overall,AUROC,0.5175595110516362,0.0518635239092815,5,,results/zenodo/grid/pairzs_withoutleak__scvi__molformer__lightgbm
pairzs_withoutleak,scvi,molformer,mlp,full,none,within_drug,MCC,-0.0873657820663357,0.022112588282190294,3,10.0,results/zenodo/grid/pairzs_withoutleak__scvi__molformer__mlp
pairzs_withoutleak,scvi,molformer,mlp,full,none,within_drug,AUROC,0.4635720351889536,0.010406841769895779,3,10.0,results/zenodo/grid/pairzs_withoutleak__scvi__molformer__mlp
pairzs_withoutleak,scvi,molformer,mlp,full,none,within_cell_line,MCC,-0.048485970409438084,0.011998914818541376,3,12.0,results/zenodo/grid/pairzs_withoutleak__scvi__molformer__mlp
pairzs_withoutleak,scvi,molformer,mlp,full,none,within_cell_line,AUROC,0.4442571936917103,0.013428899640113387,3,12.0,results/zenodo/grid/pairzs_withoutleak__scvi__molformer__mlp
pairzs_withoutleak,scvi,molformer,mlp,full,none,overall,MCC,0.1087055999720413,0.0273472072271642,5,,results/zenodo/grid/pairzs_withoutleak__scvi__molformer__mlp
pairzs_withoutleak,scvi,molformer,mlp,full,none,overall,AUROC,0.5534253768114075,0.0444936829596638,5,,results/zenodo/grid/pairzs_withoutleak__scvi__molformer__mlp
pairzs_withoutleak,scvi,molformer,xrfm,full,none,within_drug,MCC,0.006024989909430296,0.006599675747641331,3,10.0,results/zenodo/grid/pairzs_withoutleak__scvi__molformer__xrfm
pairzs_withoutleak,scvi,molformer,xrfm,full,none,within_drug,AUROC,0.5067237724978176,0.0325841440981093,3,10.0,results/zenodo/grid/pairzs_withoutleak__scvi__molformer__xrfm
pairzs_withoutleak,scvi,molformer,xrfm,full,none,within_cell_line,MCC,0.020057374434864036,0.007868563392064295,3,12.0,results/zenodo/grid/pairzs_withoutleak__scvi__molformer__xrfm
pairzs_withoutleak,scvi,molformer,xrfm,full,none,within_cell_line,AUROC,0.49721253449844155,0.02085804461682918,3,12.0,results/zenodo/grid/pairzs_withoutleak__scvi__molformer__xrfm
pairzs_withoutleak,scvi,molformer,xrfm,full,none,overall,MCC,0.0004355182778406,0.0942288278056694,5,,results/zenodo/grid/pairzs_withoutleak__scvi__molformer__xrfm
pairzs_withoutleak,scvi,molformer,xrfm,full,none,overall,AUROC,0.4818199965967255,0.0540874890970821,5,,results/zenodo/grid/pairzs_withoutleak__scvi__molformer__xrfm
pairzs_withoutleak,scvi,morgan,lightgbm,full,none,within_drug,MCC,-0.018716144990038316,0.005865278417947112,3,10.0,results/zenodo/grid/pairzs_withoutleak__scvi__morgan__lightgbm
pairzs_withoutleak,scvi,morgan,lightgbm,full,none,within_drug,AUROC,0.47704506560483734,0.019969099528844382,3,10.0,results/zenodo/grid/pairzs_withoutleak__scvi__morgan__lightgbm
pairzs_withoutleak,scvi,morgan,lightgbm,full,none,within_cell_line,MCC,0.011745042042508815,0.026854641457049674,3,12.0,results/zenodo/grid/pairzs_withoutleak__scvi__morgan__lightgbm
pairzs_withoutleak,scvi,morgan,lightgbm,full,none,within_cell_line,AUROC,0.49236302042095076,0.019361034749729302,3,12.0,results/zenodo/grid/pairzs_withoutleak__scvi__morgan__lightgbm
pairzs_withoutleak,scvi,morgan,lightgbm,full,none,overall,MCC,0.0476106734750086,0.0799532866457591,5,,results/zenodo/grid/pairzs_withoutleak__scvi__morgan__lightgbm
pairzs_withoutleak,scvi,morgan,lightgbm,full,none,overall,AUROC,0.5140137748208501,0.0542031860019773,5,,results/zenodo/grid/pairzs_withoutleak__scvi__morgan__lightgbm
pairzs_withoutleak,scvi,morgan,mlp,full,none,within_drug,MCC,-0.02531743270752186,0.029255242432894304,3,10.0,results/zenodo/grid/pairzs_withoutleak__scvi__morgan__mlp
pairzs_withoutleak,scvi,morgan,mlp,full,none,within_drug,AUROC,0.4876326544483363,0.019918057747473003,3,10.0,results/zenodo/grid/pairzs_withoutleak__scvi__morgan__mlp
pairzs_withoutleak,scvi,morgan,mlp,full,none,within_cell_line,MCC,-0.016552947104636877,0.028139991423714657,3,12.0,results/zenodo/grid/pairzs_withoutleak__scvi__morgan__mlp
pairzs_withoutleak,scvi,morgan,mlp,full,none,within_cell_line,AUROC,0.4750067650373486,0.017295585089854845,3,12.0,results/zenodo/grid/pairzs_withoutleak__scvi__morgan__mlp
pairzs_withoutleak,scvi,morgan,mlp,full,none,overall,MCC,0.0679147981199258,0.0806880758857459,5,,results/zenodo/grid/pairzs_withoutleak__scvi__morgan__mlp
pairzs_withoutleak,scvi,morgan,mlp,full,none,overall,AUROC,0.5277358047359749,0.0706107756110534,5,,results/zenodo/grid/pairzs_withoutleak__scvi__morgan__mlp
pairzs_withoutleak,scvi,morgan,xrfm,full,none,within_drug,MCC,-0.04897248468438706,0.04051806942908837,3,10.0,results/zenodo/grid/pairzs_withoutleak__scvi__morgan__xrfm
pairzs_withoutleak,scvi,morgan,xrfm,full,none,within_drug,AUROC,0.46493182041097053,0.03880129075493863,3,10.0,results/zenodo/grid/pairzs_withoutleak__scvi__morgan__xrfm
pairzs_withoutleak,scvi,morgan,xrfm,full,none,within_cell_line,MCC,0.010269479993585497,0.038756435661484415,3,12.0,results/zenodo/grid/pairzs_withoutleak__scvi__morgan__xrfm
pairzs_withoutleak,scvi,morgan,xrfm,full,none,within_cell_line,AUROC,0.5116411222065489,0.01875164826776153,3,12.0,results/zenodo/grid/pairzs_withoutleak__scvi__morgan__xrfm
pairzs_withoutleak,scvi,morgan,xrfm,full,none,overall,MCC,0.0496772920289017,0.0737713858986638,5,,results/zenodo/grid/pairzs_withoutleak__scvi__morgan__xrfm
pairzs_withoutleak,scvi,morgan,xrfm,full,none,overall,AUROC,0.5234740665270076,0.0701643224462734,5,,results/zenodo/grid/pairzs_withoutleak__scvi__morgan__xrfm
random,gene_jepa,biomed,lightgbm,full,none,within_drug,MCC,0.44053150538258573,0.00020455233367801338,3,10.0,results/zenodo/grid/random__gene_jepa__biomed__lightgbm
random,gene_jepa,biomed,lightgbm,full,none,within_drug,AUROC,0.8238086948469104,0.0010104382857748417,3,10.0,results/zenodo/grid/random__gene_jepa__biomed__lightgbm
random,gene_jepa,biomed,lightgbm,full,none,within_cell_line,MCC,0.4312330378338656,0.0013096079672208405,3,12.0,results/zenodo/grid/random__gene_jepa__biomed__lightgbm
random,gene_jepa,biomed,lightgbm,full,none,within_cell_line,AUROC,0.8091147158919342,0.001321321295385142,3,12.0,results/zenodo/grid/random__gene_jepa__biomed__lightgbm
random,gene_jepa,biomed,lightgbm,full,none,overall,MCC,0.597759261616432,0.0031408526294502,3,,results/zenodo/grid/random__gene_jepa__biomed__lightgbm
random,gene_jepa,biomed,lightgbm,full,none,overall,AUROC,0.8969257585604243,0.0015907267198404,3,,results/zenodo/grid/random__gene_jepa__biomed__lightgbm
random,gene_jepa,biomed,mlp,full,none,within_drug,MCC,0.18328690515198587,0.008632087203350498,3,10.0,results/zenodo/grid/random__gene_jepa__biomed__mlp
random,gene_jepa,biomed,mlp,full,none,within_drug,AUROC,0.6596912769186519,0.005070649373726533,3,10.0,results/zenodo/grid/random__gene_jepa__biomed__mlp
random,gene_jepa,biomed,mlp,full,none,within_cell_line,MCC,0.12395524897172372,0.003124163717932392,3,12.0,results/zenodo/grid/random__gene_jepa__biomed__mlp
random,gene_jepa,biomed,mlp,full,none,within_cell_line,AUROC,0.6222869058155371,0.001963353030044632,3,12.0,results/zenodo/grid/random__gene_jepa__biomed__mlp
random,gene_jepa,biomed,mlp,full,none,overall,MCC,0.5060950753843282,0.0066559323419971,3,,results/zenodo/grid/random__gene_jepa__biomed__mlp
random,gene_jepa,biomed,mlp,full,none,overall,AUROC,0.8504549047350078,0.0039738992771219,3,,results/zenodo/grid/random__gene_jepa__biomed__mlp
random,gene_jepa,biomed,xrfm,full,none,within_drug,MCC,0.4266095449817886,0.008714348892464953,3,10.0,results/zenodo/grid/random__gene_jepa__biomed__xrfm
random,gene_jepa,biomed,xrfm,full,none,within_drug,AUROC,0.8090005647383555,0.003464647914717531,3,10.0,results/zenodo/grid/random__gene_jepa__biomed__xrfm
random,gene_jepa,biomed,xrfm,full,none,within_cell_line,MCC,0.42839266178442686,0.006315471064064398,3,12.0,results/zenodo/grid/random__gene_jepa__biomed__xrfm
random,gene_jepa,biomed,xrfm,full,none,within_cell_line,AUROC,0.8069402754094018,0.0027913247193783125,3,12.0,results/zenodo/grid/random__gene_jepa__biomed__xrfm
random,gene_jepa,biomed,xrfm,full,none,overall,MCC,0.6187468101255602,0.0039735654853709,3,,results/zenodo/grid/random__gene_jepa__biomed__xrfm
random,gene_jepa,biomed,xrfm,full,none,overall,AUROC,0.9074376401656102,0.0016499509196003,3,,results/zenodo/grid/random__gene_jepa__biomed__xrfm
random,gene_jepa,chemberta,lightgbm,full,none,within_drug,MCC,0.4354635227707684,0.0035914938358334427,3,10.0,results/zenodo/grid/random__gene_jepa__chemberta__lightgbm
random,gene_jepa,chemberta,lightgbm,full,none,within_drug,AUROC,0.8227161940308606,0.0012104386954911307,3,10.0,results/zenodo/grid/random__gene_jepa__chemberta__lightgbm
random,gene_jepa,chemberta,lightgbm,full,none,within_cell_line,MCC,0.4234624772484949,0.0019822818699307657,3,12.0,results/zenodo/grid/random__gene_jepa__chemberta__lightgbm
random,gene_jepa,chemberta,lightgbm,full,none,within_cell_line,AUROC,0.8076454140307541,0.0018290390578318367,3,12.0,results/zenodo/grid/random__gene_jepa__chemberta__lightgbm
random,gene_jepa,chemberta,lightgbm,full,none,overall,MCC,0.5969590948236397,0.0037668537386757,3,,results/zenodo/grid/random__gene_jepa__chemberta__lightgbm
random,gene_jepa,chemberta,lightgbm,full,none,overall,AUROC,0.8967596945241243,0.0017457592462203,3,,results/zenodo/grid/random__gene_jepa__chemberta__lightgbm
random,gene_jepa,chemberta,mlp,full,none,within_drug,MCC,0.207768366517304,0.0078548945157538,3,10.0,results/zenodo/grid/random__gene_jepa__chemberta__mlp
random,gene_jepa,chemberta,mlp,full,none,within_drug,AUROC,0.690429150255004,0.003868700113890931,3,10.0,results/zenodo/grid/random__gene_jepa__chemberta__mlp
random,gene_jepa,chemberta,mlp,full,none,within_cell_line,MCC,0.1522224504225285,0.006819518812375268,3,12.0,results/zenodo/grid/random__gene_jepa__chemberta__mlp
random,gene_jepa,chemberta,mlp,full,none,within_cell_line,AUROC,0.6437834018685552,0.004082075179114045,3,12.0,results/zenodo/grid/random__gene_jepa__chemberta__mlp
random,gene_jepa,chemberta,mlp,full,none,overall,MCC,0.5383921765269767,0.0026736488326354,3,,results/zenodo/grid/random__gene_jepa__chemberta__mlp
random,gene_jepa,chemberta,mlp,full,none,overall,AUROC,0.8647283786058081,0.0012753533017849,3,,results/zenodo/grid/random__gene_jepa__chemberta__mlp
random,gene_jepa,chemberta,xrfm,full,none,within_drug,MCC,0.42147791604937934,0.007155221735646425,3,10.0,results/zenodo/grid/random__gene_jepa__chemberta__xrfm
random,gene_jepa,chemberta,xrfm,full,none,within_drug,AUROC,0.8057607163314883,0.0035171240201666387,3,10.0,results/zenodo/grid/random__gene_jepa__chemberta__xrfm
random,gene_jepa,chemberta,xrfm,full,none,within_cell_line,MCC,0.43079880082923677,0.003278505065382665,3,12.0,results/zenodo/grid/random__gene_jepa__chemberta__xrfm
random,gene_jepa,chemberta,xrfm,full,none,within_cell_line,AUROC,0.8050229188642529,0.002693443270571405,3,12.0,results/zenodo/grid/random__gene_jepa__chemberta__xrfm
random,gene_jepa,chemberta,xrfm,full,none,overall,MCC,0.6193263793919978,0.0038817956049003,3,,results/zenodo/grid/random__gene_jepa__chemberta__xrfm
random,gene_jepa,chemberta,xrfm,full,none,overall,AUROC,0.906774215919134,0.0016955650073974,3,,results/zenodo/grid/random__gene_jepa__chemberta__xrfm
random,gene_jepa,maccs,lightgbm,full,none,within_drug,MCC,0.44359477761644756,0.0015249138204310368,3,10.0,results/zenodo/grid/random__gene_jepa__maccs__lightgbm
random,gene_jepa,maccs,lightgbm,full,none,within_drug,AUROC,0.8215427096732636,0.0012515971397845666,3,10.0,results/zenodo/grid/random__gene_jepa__maccs__lightgbm
random,gene_jepa,maccs,lightgbm,full,none,within_cell_line,MCC,0.422611122749287,0.004016800046231602,3,12.0,results/zenodo/grid/random__gene_jepa__maccs__lightgbm
random,gene_jepa,maccs,lightgbm,full,none,within_cell_line,AUROC,0.8050560853768626,0.00016684773953625843,3,12.0,results/zenodo/grid/random__gene_jepa__maccs__lightgbm
random,gene_jepa,maccs,lightgbm,full,none,overall,MCC,0.5981680850495892,0.0043147340994304,3,,results/zenodo/grid/random__gene_jepa__maccs__lightgbm
random,gene_jepa,maccs,lightgbm,full,none,overall,AUROC,0.8968822047658033,0.0015904736712352,3,,results/zenodo/grid/random__gene_jepa__maccs__lightgbm
random,gene_jepa,maccs,mlp,full,none,within_drug,MCC,0.21086029097596382,0.006703217989942739,3,10.0,results/zenodo/grid/random__gene_jepa__maccs__mlp
random,gene_jepa,maccs,mlp,full,none,within_drug,AUROC,0.6901273025077025,0.0010267159284582609,3,10.0,results/zenodo/grid/random__gene_jepa__maccs__mlp
random,gene_jepa,maccs,mlp,full,none,within_cell_line,MCC,0.1502604802043435,0.00715483263442431,3,12.0,results/zenodo/grid/random__gene_jepa__maccs__mlp
random,gene_jepa,maccs,mlp,full,none,within_cell_line,AUROC,0.6417624559132288,0.0015879732880335572,3,12.0,results/zenodo/grid/random__gene_jepa__maccs__mlp
random,gene_jepa,maccs,mlp,full,none,overall,MCC,0.539265149168737,0.0073448467184679,3,,results/zenodo/grid/random__gene_jepa__maccs__mlp
random,gene_jepa,maccs,mlp,full,none,overall,AUROC,0.8637920989043262,0.0015567543892345,3,,results/zenodo/grid/random__gene_jepa__maccs__mlp
random,gene_jepa,maccs,xrfm,full,none,within_drug,MCC,0.41442326947824165,0.002992856269504324,3,10.0,results/zenodo/grid/random__gene_jepa__maccs__xrfm
random,gene_jepa,maccs,xrfm,full,none,within_drug,AUROC,0.8008816492936126,0.0013934433795405896,3,10.0,results/zenodo/grid/random__gene_jepa__maccs__xrfm
random,gene_jepa,maccs,xrfm,full,none,within_cell_line,MCC,0.4214350461177798,0.005070296678243893,3,12.0,results/zenodo/grid/random__gene_jepa__maccs__xrfm
random,gene_jepa,maccs,xrfm,full,none,within_cell_line,AUROC,0.797671577328308,0.0008349588015634495,3,12.0,results/zenodo/grid/random__gene_jepa__maccs__xrfm
random,gene_jepa,maccs,xrfm,full,none,overall,MCC,0.6165407278896522,0.0055727813324694,3,,results/zenodo/grid/random__gene_jepa__maccs__xrfm
random,gene_jepa,maccs,xrfm,full,none,overall,AUROC,0.904811387844986,0.0014097994216472,3,,results/zenodo/grid/random__gene_jepa__maccs__xrfm
random,gene_jepa,materials,lightgbm,full,none,within_drug,MCC,0.44481594638316063,0.0012535289822450826,3,10.0,results/zenodo/grid/random__gene_jepa__materials__lightgbm
random,gene_jepa,materials,lightgbm,full,none,within_drug,AUROC,0.8233784968147263,0.0005381085392467563,3,10.0,results/zenodo/grid/random__gene_jepa__materials__lightgbm
random,gene_jepa,materials,lightgbm,full,none,within_cell_line,MCC,0.43681051984413427,0.0033778888732978727,3,12.0,results/zenodo/grid/random__gene_jepa__materials__lightgbm
random,gene_jepa,materials,lightgbm,full,none,within_cell_line,AUROC,0.8100909447278988,0.0018536296135772123,3,12.0,results/zenodo/grid/random__gene_jepa__materials__lightgbm
random,gene_jepa,materials,lightgbm,full,none,overall,MCC,0.5975068296326681,0.004197506845838,3,,results/zenodo/grid/random__gene_jepa__materials__lightgbm
random,gene_jepa,materials,lightgbm,full,none,overall,AUROC,0.8971731308727621,0.0017970685196613,3,,results/zenodo/grid/random__gene_jepa__materials__lightgbm
random,gene_jepa,materials,mlp,full,none,within_drug,MCC,0.15749472439185705,0.004679983702385078,3,10.0,results/zenodo/grid/random__gene_jepa__materials__mlp
random,gene_jepa,materials,mlp,full,none,within_drug,AUROC,0.6649856973530816,0.010085019300770411,3,10.0,results/zenodo/grid/random__gene_jepa__materials__mlp
random,gene_jepa,materials,mlp,full,none,within_cell_line,MCC,0.11060989389497113,0.004387259896809701,3,12.0,results/zenodo/grid/random__gene_jepa__materials__mlp
random,gene_jepa,materials,mlp,full,none,within_cell_line,AUROC,0.628681812424401,0.005937093087277656,3,12.0,results/zenodo/grid/random__gene_jepa__materials__mlp
random,gene_jepa,materials,mlp,full,none,overall,MCC,0.5032540293169758,0.001835932866679,3,,results/zenodo/grid/random__gene_jepa__materials__mlp
random,gene_jepa,materials,mlp,full,none,overall,AUROC,0.8540218393596503,0.0031339436715996,3,,results/zenodo/grid/random__gene_jepa__materials__mlp
random,gene_jepa,materials,xrfm,full,none,within_drug,MCC,0.4104250360096618,0.0018695114809240024,3,10.0,results/zenodo/grid/random__gene_jepa__materials__xrfm
random,gene_jepa,materials,xrfm,full,none,within_drug,AUROC,0.8021361368410996,0.0005486865542100536,3,10.0,results/zenodo/grid/random__gene_jepa__materials__xrfm
random,gene_jepa,materials,xrfm,full,none,within_cell_line,MCC,0.41655799416689715,0.0046339712072358515,3,12.0,results/zenodo/grid/random__gene_jepa__materials__xrfm
random,gene_jepa,materials,xrfm,full,none,within_cell_line,AUROC,0.8011292991485633,0.0008991530556556759,3,12.0,results/zenodo/grid/random__gene_jepa__materials__xrfm
random,gene_jepa,materials,xrfm,full,none,overall,MCC,0.6208588016784347,0.0039985053227942,3,,results/zenodo/grid/random__gene_jepa__materials__xrfm
random,gene_jepa,materials,xrfm,full,none,overall,AUROC,0.9065335147818344,0.0015678653810483,3,,results/zenodo/grid/random__gene_jepa__materials__xrfm
random,gene_jepa,molformer,lightgbm,full,none,within_drug,MCC,0.4342211249231309,0.002965728235179827,3,10.0,results/zenodo/grid/random__gene_jepa__molformer__lightgbm
random,gene_jepa,molformer,lightgbm,full,none,within_drug,AUROC,0.8212667882813799,0.0008527845670448321,3,10.0,results/zenodo/grid/random__gene_jepa__molformer__lightgbm
random,gene_jepa,molformer,lightgbm,full,none,within_cell_line,MCC,0.42912239003923175,0.004031293371289157,3,12.0,results/zenodo/grid/random__gene_jepa__molformer__lightgbm
random,gene_jepa,molformer,lightgbm,full,none,within_cell_line,AUROC,0.8086002116586304,0.0013076780438717585,3,12.0,results/zenodo/grid/random__gene_jepa__molformer__lightgbm
random,gene_jepa,molformer,lightgbm,full,none,overall,MCC,0.5957895229763563,0.0031909178602623,3,,results/zenodo/grid/random__gene_jepa__molformer__lightgbm
random,gene_jepa,molformer,lightgbm,full,none,overall,AUROC,0.8968473935673834,0.0017420009779261,3,,results/zenodo/grid/random__gene_jepa__molformer__lightgbm
random,gene_jepa,molformer,mlp,full,none,within_drug,MCC,0.1679143829196763,0.0036095528503446,3,10.0,results/zenodo/grid/random__gene_jepa__molformer__mlp
random,gene_jepa,molformer,mlp,full,none,within_drug,AUROC,0.6638007863768364,0.00024129078277316024,3,10.0,results/zenodo/grid/random__gene_jepa__molformer__mlp
random,gene_jepa,molformer,mlp,full,none,within_cell_line,MCC,0.11894504731273702,0.0006338595245705665,3,12.0,results/zenodo/grid/random__gene_jepa__molformer__mlp
random,gene_jepa,molformer,mlp,full,none,within_cell_line,AUROC,0.6286734367048384,0.0033210018172680454,3,12.0,results/zenodo/grid/random__gene_jepa__molformer__mlp
random,gene_jepa,molformer,mlp,full,none,overall,MCC,0.5040415477394925,0.002600419058242,3,,results/zenodo/grid/random__gene_jepa__molformer__mlp
random,gene_jepa,molformer,mlp,full,none,overall,AUROC,0.8442683316843222,0.0060329628824544,3,,results/zenodo/grid/random__gene_jepa__molformer__mlp
random,gene_jepa,molformer,xrfm,full,none,within_drug,MCC,0.4444205840053222,0.007423212856923956,3,10.0,results/zenodo/grid/random__gene_jepa__molformer__xrfm
random,gene_jepa,molformer,xrfm,full,none,within_drug,AUROC,0.8132786322376214,0.003141756859350831,3,10.0,results/zenodo/grid/random__gene_jepa__molformer__xrfm
random,gene_jepa,molformer,xrfm,full,none,within_cell_line,MCC,0.4335629776764585,0.008081884480275631,3,12.0,results/zenodo/grid/random__gene_jepa__molformer__xrfm
random,gene_jepa,molformer,xrfm,full,none,within_cell_line,AUROC,0.8055347823942308,0.0020157771409959188,3,12.0,results/zenodo/grid/random__gene_jepa__molformer__xrfm
random,gene_jepa,molformer,xrfm,full,none,overall,MCC,0.6249111187872639,0.0043607264020918,3,,results/zenodo/grid/random__gene_jepa__molformer__xrfm
random,gene_jepa,molformer,xrfm,full,none,overall,AUROC,0.9071830085544764,0.001202718400618,3,,results/zenodo/grid/random__gene_jepa__molformer__xrfm
random,gene_jepa,morgan,lightgbm,full,none,within_drug,MCC,0.42877592215799615,0.0010518185250046664,3,10.0,results/zenodo/grid/random__gene_jepa__morgan__lightgbm
random,gene_jepa,morgan,lightgbm,full,none,within_drug,AUROC,0.8201195410076592,0.0007378834304021346,3,10.0,results/zenodo/grid/random__gene_jepa__morgan__lightgbm
random,gene_jepa,morgan,lightgbm,full,none,within_cell_line,MCC,0.4229204279093313,0.0011848359666946319,3,12.0,results/zenodo/grid/random__gene_jepa__morgan__lightgbm
random,gene_jepa,morgan,lightgbm,full,none,within_cell_line,AUROC,0.8072667508440015,0.0016104050706576129,3,12.0,results/zenodo/grid/random__gene_jepa__morgan__lightgbm
random,gene_jepa,morgan,lightgbm,full,none,overall,MCC,0.597320981295241,0.0051458693319671,3,,results/zenodo/grid/random__gene_jepa__morgan__lightgbm
random,gene_jepa,morgan,lightgbm,full,none,overall,AUROC,0.896665859145439,0.0017494616504697,3,,results/zenodo/grid/random__gene_jepa__morgan__lightgbm
random,gene_jepa,morgan,mlp,full,none,within_drug,MCC,0.17914128905426874,0.0037910691023429425,3,10.0,results/zenodo/grid/random__gene_jepa__morgan__mlp
random,gene_jepa,morgan,mlp,full,none,within_drug,AUROC,0.6753745766123688,0.005046109190506899,3,10.0,results/zenodo/grid/random__gene_jepa__morgan__mlp
random,gene_jepa,morgan,mlp,full,none,within_cell_line,MCC,0.12427581642825437,0.0038203345061666913,3,12.0,results/zenodo/grid/random__gene_jepa__morgan__mlp
random,gene_jepa,morgan,mlp,full,none,within_cell_line,AUROC,0.6409022700039926,0.002011573466668095,3,12.0,results/zenodo/grid/random__gene_jepa__morgan__mlp
random,gene_jepa,morgan,mlp,full,none,overall,MCC,0.5312368590674935,0.0054352010644589,3,,results/zenodo/grid/random__gene_jepa__morgan__mlp
random,gene_jepa,morgan,mlp,full,none,overall,AUROC,0.8635337893550373,0.0015651400540278,3,,results/zenodo/grid/random__gene_jepa__morgan__mlp
random,gene_jepa,morgan,xrfm,full,none,within_drug,MCC,0.4017296868283453,0.0014205948695840166,3,10.0,results/zenodo/grid/random__gene_jepa__morgan__xrfm
random,gene_jepa,morgan,xrfm,full,none,within_drug,AUROC,0.7970608726644,0.0010791711787275188,3,10.0,results/zenodo/grid/random__gene_jepa__morgan__xrfm
random,gene_jepa,morgan,xrfm,full,none,within_cell_line,MCC,0.4170385902578309,0.006054104612936672,3,12.0,results/zenodo/grid/random__gene_jepa__morgan__xrfm
random,gene_jepa,morgan,xrfm,full,none,within_cell_line,AUROC,0.8001329093153116,0.0026644545466063137,3,12.0,results/zenodo/grid/random__gene_jepa__morgan__xrfm
random,gene_jepa,morgan,xrfm,full,none,overall,MCC,0.6155433671069842,0.0030412441901149,3,,results/zenodo/grid/random__gene_jepa__morgan__xrfm
random,gene_jepa,morgan,xrfm,full,none,overall,AUROC,0.9059140226474136,0.0009866049678048,3,,results/zenodo/grid/random__gene_jepa__morgan__xrfm
random,gformer_cancer,biomed,lightgbm,full,none,within_drug,MCC,0.7992654157315843,0.00016045542430142347,3,10.0,results/zenodo/grid/random__gformer_cancer__biomed__lightgbm
random,gformer_cancer,biomed,lightgbm,full,none,within_drug,AUROC,0.9350226492507833,0.0001585199942848695,3,10.0,results/zenodo/grid/random__gformer_cancer__biomed__lightgbm
random,gformer_cancer,biomed,lightgbm,full,none,within_cell_line,MCC,0.7940762084987165,0.0011596451391348629,3,12.0,results/zenodo/grid/random__gformer_cancer__biomed__lightgbm
random,gformer_cancer,biomed,lightgbm,full,none,within_cell_line,AUROC,0.9288988856427242,0.00038830453341665776,3,12.0,results/zenodo/grid/random__gformer_cancer__biomed__lightgbm
random,gformer_cancer,biomed,lightgbm,full,none,overall,MCC,0.9178264024941938,0.0005782844807677,3,,results/zenodo/grid/random__gformer_cancer__biomed__lightgbm
random,gformer_cancer,biomed,lightgbm,full,none,overall,AUROC,0.9923283791599632,0.0002547751772292,3,,results/zenodo/grid/random__gformer_cancer__biomed__lightgbm
random,gformer_cancer,biomed,mlp,full,none,within_drug,MCC,0.7271780767759051,0.0021656823586989277,3,10.0,results/zenodo/grid/random__gformer_cancer__biomed__mlp
random,gformer_cancer,biomed,mlp,full,none,within_drug,AUROC,0.9056568232794856,0.0024837087338814155,3,10.0,results/zenodo/grid/random__gformer_cancer__biomed__mlp
random,gformer_cancer,biomed,mlp,full,none,within_cell_line,MCC,0.6832300360417175,0.012162378877484776,3,12.0,results/zenodo/grid/random__gformer_cancer__biomed__mlp
random,gformer_cancer,biomed,mlp,full,none,within_cell_line,AUROC,0.8851135294160911,0.004108856676332758,3,12.0,results/zenodo/grid/random__gformer_cancer__biomed__mlp
random,gformer_cancer,biomed,mlp,full,none,overall,MCC,0.8947802816028255,0.0035795442182866,3,,results/zenodo/grid/random__gformer_cancer__biomed__mlp
random,gformer_cancer,biomed,mlp,full,none,overall,AUROC,0.9886563202443228,0.0003489023600933,3,,results/zenodo/grid/random__gformer_cancer__biomed__mlp
random,gformer_cancer,biomed,xrfm,full,none,within_drug,MCC,0.7948548304863999,0.0007812164284736845,3,10.0,results/zenodo/grid/random__gformer_cancer__biomed__xrfm
random,gformer_cancer,biomed,xrfm,full,none,within_drug,AUROC,0.9308219746209104,0.00027923664097546295,3,10.0,results/zenodo/grid/random__gformer_cancer__biomed__xrfm
random,gformer_cancer,biomed,xrfm,full,none,within_cell_line,MCC,0.7895442405860296,0.001156493018692175,3,12.0,results/zenodo/grid/random__gformer_cancer__biomed__xrfm
random,gformer_cancer,biomed,xrfm,full,none,within_cell_line,AUROC,0.9264195208699211,0.000196175750207667,3,12.0,results/zenodo/grid/random__gformer_cancer__biomed__xrfm
random,gformer_cancer,biomed,xrfm,full,none,overall,MCC,0.9142295725511635,0.0013945867099364,3,,results/zenodo/grid/random__gformer_cancer__biomed__xrfm
random,gformer_cancer,biomed,xrfm,full,none,overall,AUROC,0.9924442435365732,0.000289282621416,3,,results/zenodo/grid/random__gformer_cancer__biomed__xrfm
random,gformer_cancer,chemberta,lightgbm,full,none,within_drug,MCC,0.7983866585415639,0.0023179439724179195,3,10.0,results/zenodo/grid/random__gformer_cancer__chemberta__lightgbm
random,gformer_cancer,chemberta,lightgbm,full,none,within_drug,AUROC,0.9349610119828676,4.329343258167779e-05,3,10.0,results/zenodo/grid/random__gformer_cancer__chemberta__lightgbm
random,gformer_cancer,chemberta,lightgbm,full,none,within_cell_line,MCC,0.7924209896030261,0.0017084270713878032,3,12.0,results/zenodo/grid/random__gformer_cancer__chemberta__lightgbm
random,gformer_cancer,chemberta,lightgbm,full,none,within_cell_line,AUROC,0.9285753081594229,0.00042181468357539275,3,12.0,results/zenodo/grid/random__gformer_cancer__chemberta__lightgbm
random,gformer_cancer,chemberta,lightgbm,full,none,overall,MCC,0.9170191019107378,0.0006316626114424,3,,results/zenodo/grid/random__gformer_cancer__chemberta__lightgbm
random,gformer_cancer,chemberta,lightgbm,full,none,overall,AUROC,0.9923189472001273,0.0002141875450812,3,,results/zenodo/grid/random__gformer_cancer__chemberta__lightgbm
random,gformer_cancer,chemberta,mlp,full,none,within_drug,MCC,0.7520828062460847,0.00791950203968415,3,10.0,results/zenodo/grid/random__gformer_cancer__chemberta__mlp
random,gformer_cancer,chemberta,mlp,full,none,within_drug,AUROC,0.9105834214815594,0.00016982599499207256,3,10.0,results/zenodo/grid/random__gformer_cancer__chemberta__mlp
random,gformer_cancer,chemberta,mlp,full,none,within_cell_line,MCC,0.7062880877711325,0.0033803131164380175,3,12.0,results/zenodo/grid/random__gformer_cancer__chemberta__mlp
random,gformer_cancer,chemberta,mlp,full,none,within_cell_line,AUROC,0.890851169235224,0.001007581731038993,3,12.0,results/zenodo/grid/random__gformer_cancer__chemberta__mlp
random,gformer_cancer,chemberta,mlp,full,none,overall,MCC,0.897093791519317,0.0026815872439352,3,,results/zenodo/grid/random__gformer_cancer__chemberta__mlp
random,gformer_cancer,chemberta,mlp,full,none,overall,AUROC,0.9895009352300038,0.0001679444292052,3,,results/zenodo/grid/random__gformer_cancer__chemberta__mlp
random,gformer_cancer,chemberta,xrfm,full,none,within_drug,MCC,0.7981742166488391,0.0017471265132518777,3,10.0,results/zenodo/grid/random__gformer_cancer__chemberta__xrfm
random,gformer_cancer,chemberta,xrfm,full,none,within_drug,AUROC,0.9321727620390586,0.0002701069698714309,3,10.0,results/zenodo/grid/random__gformer_cancer__chemberta__xrfm
random,gformer_cancer,chemberta,xrfm,full,none,within_cell_line,MCC,0.7944120747565501,0.0012489796859637451,3,12.0,results/zenodo/grid/random__gformer_cancer__chemberta__xrfm
random,gformer_cancer,chemberta,xrfm,full,none,within_cell_line,AUROC,0.9282683610945298,0.0005118164532925176,3,12.0,results/zenodo/grid/random__gformer_cancer__chemberta__xrfm
random,gformer_cancer,chemberta,xrfm,full,none,overall,MCC,0.9171379137706248,0.0006429268618283,3,,results/zenodo/grid/random__gformer_cancer__chemberta__xrfm
random,gformer_cancer,chemberta,xrfm,full,none,overall,AUROC,0.992116945671778,0.000111497818315,3,,results/zenodo/grid/random__gformer_cancer__chemberta__xrfm
random,gformer_cancer,maccs,lightgbm,full,none,within_drug,MCC,0.7997548805409599,0.002677964357694817,3,10.0,results/zenodo/grid/random__gformer_cancer__maccs__lightgbm
random,gformer_cancer,maccs,lightgbm,full,none,within_drug,AUROC,0.9353971057228953,0.0002830775969419838,3,10.0,results/zenodo/grid/random__gformer_cancer__maccs__lightgbm
random,gformer_cancer,maccs,lightgbm,full,none,within_cell_line,MCC,0.7956459957559802,0.0014834157127812026,3,12.0,results/zenodo/grid/random__gformer_cancer__maccs__lightgbm
random,gformer_cancer,maccs,lightgbm,full,none,within_cell_line,AUROC,0.9292635303753319,0.0003973909905885289,3,12.0,results/zenodo/grid/random__gformer_cancer__maccs__lightgbm
random,gformer_cancer,maccs,lightgbm,full,none,overall,MCC,0.917973941640616,0.0011021621750815,3,,results/zenodo/grid/random__gformer_cancer__maccs__lightgbm
random,gformer_cancer,maccs,lightgbm,full,none,overall,AUROC,0.9924223743910852,0.0002638319103727,3,,results/zenodo/grid/random__gformer_cancer__maccs__lightgbm
random,gformer_cancer,maccs,mlp,full,none,within_drug,MCC,0.7518987063752837,0.0005718112790048756,3,10.0,results/zenodo/grid/random__gformer_cancer__maccs__mlp
random,gformer_cancer,maccs,mlp,full,none,within_drug,AUROC,0.9105768541051097,0.0011876251198009275,3,10.0,results/zenodo/grid/random__gformer_cancer__maccs__mlp
random,gformer_cancer,maccs,mlp,full,none,within_cell_line,MCC,0.7065307116752474,0.010937939483246341,3,12.0,results/zenodo/grid/random__gformer_cancer__maccs__mlp
random,gformer_cancer,maccs,mlp,full,none,within_cell_line,AUROC,0.8902788336988484,0.001900045723087357,3,12.0,results/zenodo/grid/random__gformer_cancer__maccs__mlp
random,gformer_cancer,maccs,mlp,full,none,overall,MCC,0.8999294261161724,0.0019514628159333,3,,results/zenodo/grid/random__gformer_cancer__maccs__mlp
random,gformer_cancer,maccs,mlp,full,none,overall,AUROC,0.9893879814998512,0.0003788875065598,3,,results/zenodo/grid/random__gformer_cancer__maccs__mlp
random,gformer_cancer,maccs,xrfm,full,none,within_drug,MCC,0.7917721631615168,0.004283822118476575,3,10.0,results/zenodo/grid/random__gformer_cancer__maccs__xrfm
random,gformer_cancer,maccs,xrfm,full,none,within_drug,AUROC,0.9288930006440786,0.001453355637779406,3,10.0,results/zenodo/grid/random__gformer_cancer__maccs__xrfm
random,gformer_cancer,maccs,xrfm,full,none,within_cell_line,MCC,0.7909005083707475,0.0033941674039640116,3,12.0,results/zenodo/grid/random__gformer_cancer__maccs__xrfm
random,gformer_cancer,maccs,xrfm,full,none,within_cell_line,AUROC,0.9256279811414693,0.0014837850721071927,3,12.0,results/zenodo/grid/random__gformer_cancer__maccs__xrfm
random,gformer_cancer,maccs,xrfm,full,none,overall,MCC,0.9147785943832858,0.0015361776605143,3,,results/zenodo/grid/random__gformer_cancer__maccs__xrfm
random,gformer_cancer,maccs,xrfm,full,none,overall,AUROC,0.9917113474209688,0.0001743341403504,3,,results/zenodo/grid/random__gformer_cancer__maccs__xrfm
random,gformer_cancer,materials,lightgbm,full,none,within_drug,MCC,0.7989606899483085,0.0013200151845760473,3,10.0,results/zenodo/grid/random__gformer_cancer__materials__lightgbm
random,gformer_cancer,materials,lightgbm,full,none,within_drug,AUROC,0.9351680229684257,0.00032898613324902593,3,10.0,results/zenodo/grid/random__gformer_cancer__materials__lightgbm
random,gformer_cancer,materials,lightgbm,full,none,within_cell_line,MCC,0.7921008806295454,0.002072545508362709,3,12.0,results/zenodo/grid/random__gformer_cancer__materials__lightgbm
random,gformer_cancer,materials,lightgbm,full,none,within_cell_line,AUROC,0.9289172613369708,0.00042846989412894895,3,12.0,results/zenodo/grid/random__gformer_cancer__materials__lightgbm
random,gformer_cancer,materials,lightgbm,full,none,overall,MCC,0.9173113004871914,0.0004231222910769,3,,results/zenodo/grid/random__gformer_cancer__materials__lightgbm
random,gformer_cancer,materials,lightgbm,full,none,overall,AUROC,0.9923469520149892,0.0002429101365355,3,,results/zenodo/grid/random__gformer_cancer__materials__lightgbm
random,gformer_cancer,materials,mlp,full,none,within_drug,MCC,0.755557977295711,0.005496758237522535,3,10.0,results/zenodo/grid/random__gformer_cancer__materials__mlp
random,gformer_cancer,materials,mlp,full,none,within_drug,AUROC,0.9087902021119727,0.0016323661589068914,3,10.0,results/zenodo/grid/random__gformer_cancer__materials__mlp
random,gformer_cancer,materials,mlp,full,none,within_cell_line,MCC,0.7037834735451867,0.007257445903888306,3,12.0,results/zenodo/grid/random__gformer_cancer__materials__mlp
random,gformer_cancer,materials,mlp,full,none,within_cell_line,AUROC,0.8901883313011556,0.002131805898403626,3,12.0,results/zenodo/grid/random__gformer_cancer__materials__mlp
random,gformer_cancer,materials,mlp,full,none,overall,MCC,0.889877358465944,0.0048766031722244,3,,results/zenodo/grid/random__gformer_cancer__materials__mlp
random,gformer_cancer,materials,mlp,full,none,overall,AUROC,0.9890946636008034,0.0002813699767141,3,,results/zenodo/grid/random__gformer_cancer__materials__mlp
random,gformer_cancer,materials,xrfm,full,none,within_drug,MCC,0.7962062407459264,0.0015130171778986695,3,10.0,results/zenodo/grid/random__gformer_cancer__materials__xrfm
random,gformer_cancer,materials,xrfm,full,none,within_drug,AUROC,0.9306994102280571,0.0012356218367442222,3,10.0,results/zenodo/grid/random__gformer_cancer__materials__xrfm
random,gformer_cancer,materials,xrfm,full,none,within_cell_line,MCC,0.7857715906911843,0.007040824235615422,3,12.0,results/zenodo/grid/random__gformer_cancer__materials__xrfm
random,gformer_cancer,materials,xrfm,full,none,within_cell_line,AUROC,0.9269655638094342,0.0008362508444986415,3,12.0,results/zenodo/grid/random__gformer_cancer__materials__xrfm
random,gformer_cancer,materials,xrfm,full,none,overall,MCC,0.9170941361468604,0.00106536708353,3,,results/zenodo/grid/random__gformer_cancer__materials__xrfm
random,gformer_cancer,materials,xrfm,full,none,overall,AUROC,0.9917214480968328,0.0004070034652721,3,,results/zenodo/grid/random__gformer_cancer__materials__xrfm
random,gformer_cancer,molformer,lightgbm,full,none,within_drug,MCC,0.7998782521063902,0.00042459010483249617,3,10.0,results/zenodo/grid/random__gformer_cancer__molformer__lightgbm
random,gformer_cancer,molformer,lightgbm,full,none,within_drug,AUROC,0.9351935736439275,0.0003546415420435798,3,10.0,results/zenodo/grid/random__gformer_cancer__molformer__lightgbm
random,gformer_cancer,molformer,lightgbm,full,none,within_cell_line,MCC,0.7936358459741126,0.00043641151912350476,3,12.0,results/zenodo/grid/random__gformer_cancer__molformer__lightgbm
random,gformer_cancer,molformer,lightgbm,full,none,within_cell_line,AUROC,0.9290306390965027,0.0004395985894005326,3,12.0,results/zenodo/grid/random__gformer_cancer__molformer__lightgbm
random,gformer_cancer,molformer,lightgbm,full,none,overall,MCC,0.9176981612825402,0.0005939353007125,3,,results/zenodo/grid/random__gformer_cancer__molformer__lightgbm
random,gformer_cancer,molformer,lightgbm,full,none,overall,AUROC,0.9923591634090736,0.0002816622298011,3,,results/zenodo/grid/random__gformer_cancer__molformer__lightgbm
random,gformer_cancer,molformer,mlp,full,none,within_drug,MCC,0.7077451767706181,0.006666699195066442,3,10.0,results/zenodo/grid/random__gformer_cancer__molformer__mlp
random,gformer_cancer,molformer,mlp,full,none,within_drug,AUROC,0.8963779009584026,0.004978366994077819,3,10.0,results/zenodo/grid/random__gformer_cancer__molformer__mlp
random,gformer_cancer,molformer,mlp,full,none,within_cell_line,MCC,0.6131020106473811,0.021606180519699435,3,12.0,results/zenodo/grid/random__gformer_cancer__molformer__mlp
random,gformer_cancer,molformer,mlp,full,none,within_cell_line,AUROC,0.8646894954697046,0.006675932787747249,3,12.0,results/zenodo/grid/random__gformer_cancer__molformer__mlp
random,gformer_cancer,molformer,mlp,full,none,overall,MCC,0.8813063603978706,0.0048441934469651,3,,results/zenodo/grid/random__gformer_cancer__molformer__mlp
random,gformer_cancer,molformer,mlp,full,none,overall,AUROC,0.9850864842979482,0.0017548527126441,3,,results/zenodo/grid/random__gformer_cancer__molformer__mlp
random,gformer_cancer,molformer,xrfm,full,none,within_drug,MCC,0.7914246563828139,0.0025593655614243992,3,10.0,results/zenodo/grid/random__gformer_cancer__molformer__xrfm
random,gformer_cancer,molformer,xrfm,full,none,within_drug,AUROC,0.929167240773146,0.0004718889002839482,3,10.0,results/zenodo/grid/random__gformer_cancer__molformer__xrfm
random,gformer_cancer,molformer,xrfm,full,none,within_cell_line,MCC,0.7864913444356935,0.00022278284712338883,3,12.0,results/zenodo/grid/random__gformer_cancer__molformer__xrfm
random,gformer_cancer,molformer,xrfm,full,none,within_cell_line,AUROC,0.925886212051131,0.0003060830343474001,3,12.0,results/zenodo/grid/random__gformer_cancer__molformer__xrfm
random,gformer_cancer,molformer,xrfm,full,none,overall,MCC,0.9168325153342406,0.0001359194595331,3,,results/zenodo/grid/random__gformer_cancer__molformer__xrfm
random,gformer_cancer,molformer,xrfm,full,none,overall,AUROC,0.9917807513528112,0.0003134930602897,3,,results/zenodo/grid/random__gformer_cancer__molformer__xrfm
random,gformer_cancer,morgan,lightgbm,full,none,within_drug,MCC,0.800708522479042,0.0015415614294045131,3,10.0,results/zenodo/grid/random__gformer_cancer__morgan__lightgbm
random,gformer_cancer,morgan,lightgbm,full,none,within_drug,AUROC,0.9356509220916139,0.0001635117235825592,3,10.0,results/zenodo/grid/random__gformer_cancer__morgan__lightgbm
random,gformer_cancer,morgan,lightgbm,full,none,within_cell_line,MCC,0.7956682347176146,0.0019472587054491762,3,12.0,results/zenodo/grid/random__gformer_cancer__morgan__lightgbm
random,gformer_cancer,morgan,lightgbm,full,none,within_cell_line,AUROC,0.9293908296675509,0.0003188203891706673,3,12.0,results/zenodo/grid/random__gformer_cancer__morgan__lightgbm
random,gformer_cancer,morgan,lightgbm,full,none,overall,MCC,0.9180582679788226,0.0011212361396121,3,,results/zenodo/grid/random__gformer_cancer__morgan__lightgbm
random,gformer_cancer,morgan,lightgbm,full,none,overall,AUROC,0.9924186837979456,0.0001922067524265,3,,results/zenodo/grid/random__gformer_cancer__morgan__lightgbm
random,gformer_cancer,morgan,mlp,full,none,within_drug,MCC,0.7365032021806046,0.007248669840918145,3,10.0,results/zenodo/grid/random__gformer_cancer__morgan__mlp
random,gformer_cancer,morgan,mlp,full,none,within_drug,AUROC,0.9047218306444657,0.0019314455812169092,3,10.0,results/zenodo/grid/random__gformer_cancer__morgan__mlp
random,gformer_cancer,morgan,mlp,full,none,within_cell_line,MCC,0.6791550542275239,0.0028502313267578347,3,12.0,results/zenodo/grid/random__gformer_cancer__morgan__mlp
random,gformer_cancer,morgan,mlp,full,none,within_cell_line,AUROC,0.8821489157700405,0.0005688285664098663,3,12.0,results/zenodo/grid/random__gformer_cancer__morgan__mlp
random,gformer_cancer,morgan,mlp,full,none,overall,MCC,0.8969979983088833,0.0011194624404941,3,,results/zenodo/grid/random__gformer_cancer__morgan__mlp
random,gformer_cancer,morgan,mlp,full,none,overall,AUROC,0.9883174344099476,0.0003537587001591,3,,results/zenodo/grid/random__gformer_cancer__morgan__mlp
random,gformer_cancer,morgan,xrfm,full,none,within_drug,MCC,0.793418556056919,0.004730615997670729,3,10.0,results/zenodo/grid/random__gformer_cancer__morgan__xrfm
random,gformer_cancer,morgan,xrfm,full,none,within_drug,AUROC,0.9307724586150236,0.0013083430454835822,3,10.0,results/zenodo/grid/random__gformer_cancer__morgan__xrfm
random,gformer_cancer,morgan,xrfm,full,none,within_cell_line,MCC,0.7910430869922661,0.0033092873019510594,3,12.0,results/zenodo/grid/random__gformer_cancer__morgan__xrfm
random,gformer_cancer,morgan,xrfm,full,none,within_cell_line,AUROC,0.9266285118325849,0.001008569296724931,3,12.0,results/zenodo/grid/random__gformer_cancer__morgan__xrfm
random,gformer_cancer,morgan,xrfm,full,none,overall,MCC,0.9175683780620338,0.0012812901439031,3,,results/zenodo/grid/random__gformer_cancer__morgan__xrfm
random,gformer_cancer,morgan,xrfm,full,none,overall,AUROC,0.9917481954058568,0.0001815195203523,3,,results/zenodo/grid/random__gformer_cancer__morgan__xrfm
random,pca,biomed,lightgbm,full,none,within_drug,MCC,0.7936474543967152,0.00287148324433529,3,10.0,results/zenodo/grid/random__pca__biomed__lightgbm
random,pca,biomed,lightgbm,full,none,within_drug,AUROC,0.9329903607827298,0.0007265021697900252,3,10.0,results/zenodo/grid/random__pca__biomed__lightgbm
random,pca,biomed,lightgbm,full,none,within_cell_line,MCC,0.786947956253374,0.0015430291800342109,3,12.0,results/zenodo/grid/random__pca__biomed__lightgbm
random,pca,biomed,lightgbm,full,none,within_cell_line,AUROC,0.9262623823762944,0.0012062651774341004,3,12.0,results/zenodo/grid/random__pca__biomed__lightgbm
random,pca,biomed,lightgbm,full,none,overall,MCC,0.919548859468381,0.0015535035709782,3,,results/zenodo/grid/random__pca__biomed__lightgbm
random,pca,biomed,lightgbm,full,none,overall,AUROC,0.9938129720359208,0.0001824338000298,3,,results/zenodo/grid/random__pca__biomed__lightgbm
random,pca,biomed,mlp,full,none,within_drug,MCC,0.7201556267756907,0.005780712660731476,3,10.0,results/zenodo/grid/random__pca__biomed__mlp
random,pca,biomed,mlp,full,none,within_drug,AUROC,0.8999790474046413,0.0024333398690855254,3,10.0,results/zenodo/grid/random__pca__biomed__mlp
random,pca,biomed,mlp,full,none,within_cell_line,MCC,0.6883800679066727,0.0045619748270813165,3,12.0,results/zenodo/grid/random__pca__biomed__mlp
random,pca,biomed,mlp,full,none,within_cell_line,AUROC,0.8790754690847482,0.003269710951744467,3,12.0,results/zenodo/grid/random__pca__biomed__mlp
random,pca,biomed,mlp,full,none,overall,MCC,0.901110589854508,0.0023730397643244,3,,results/zenodo/grid/random__pca__biomed__mlp
random,pca,biomed,mlp,full,none,overall,AUROC,0.9907909144244096,0.0004773974377916,3,,results/zenodo/grid/random__pca__biomed__mlp
random,pca,biomed,xrfm,full,none,within_drug,MCC,0.7876473582002642,0.0016037545897402063,3,10.0,results/zenodo/grid/random__pca__biomed__xrfm
random,pca,biomed,xrfm,full,none,within_drug,AUROC,0.9293121337950523,0.0006546264816572553,3,10.0,results/zenodo/grid/random__pca__biomed__xrfm
random,pca,biomed,xrfm,full,none,within_cell_line,MCC,0.7731945612389387,0.0026606700924509683,3,12.0,results/zenodo/grid/random__pca__biomed__xrfm
random,pca,biomed,xrfm,full,none,within_cell_line,AUROC,0.9223328387489089,0.0009765400233676128,3,12.0,results/zenodo/grid/random__pca__biomed__xrfm
random,pca,biomed,xrfm,full,none,overall,MCC,0.9198120412282536,0.0003449976927246,3,,results/zenodo/grid/random__pca__biomed__xrfm
random,pca,biomed,xrfm,full,none,overall,AUROC,0.9901604444238769,0.0003814350279216,3,,results/zenodo/grid/random__pca__biomed__xrfm
random,pca,chemberta,lightgbm,full,none,within_drug,MCC,0.7938171710855183,0.0016223209486420516,3,10.0,results/zenodo/grid/random__pca__chemberta__lightgbm
random,pca,chemberta,lightgbm,full,none,within_drug,AUROC,0.9328173826168742,0.0006875946513054836,3,10.0,results/zenodo/grid/random__pca__chemberta__lightgbm
random,pca,chemberta,lightgbm,full,none,within_cell_line,MCC,0.7854900421575829,0.0023096307756289305,3,12.0,results/zenodo/grid/random__pca__chemberta__lightgbm
random,pca,chemberta,lightgbm,full,none,within_cell_line,AUROC,0.9256500873098986,0.0009282033304417636,3,12.0,results/zenodo/grid/random__pca__chemberta__lightgbm
random,pca,chemberta,lightgbm,full,none,overall,MCC,0.9190725638107328,0.0016734872192105,3,,results/zenodo/grid/random__pca__chemberta__lightgbm
random,pca,chemberta,lightgbm,full,none,overall,AUROC,0.9937801736461038,0.0002011222340002,3,,results/zenodo/grid/random__pca__chemberta__lightgbm
random,pca,chemberta,mlp,full,none,within_drug,MCC,0.6990753236246873,0.005682613154077603,3,10.0,results/zenodo/grid/random__pca__chemberta__mlp
random,pca,chemberta,mlp,full,none,within_drug,AUROC,0.8962578067170782,0.001299472961856219,3,10.0,results/zenodo/grid/random__pca__chemberta__mlp
random,pca,chemberta,mlp,full,none,within_cell_line,MCC,0.6628545106446778,0.013691779960149919,3,12.0,results/zenodo/grid/random__pca__chemberta__mlp
random,pca,chemberta,mlp,full,none,within_cell_line,AUROC,0.8717364868243651,0.0035835328893040735,3,12.0,results/zenodo/grid/random__pca__chemberta__mlp
random,pca,chemberta,mlp,full,none,overall,MCC,0.898543888491291,0.0003712220032511,3,,results/zenodo/grid/random__pca__chemberta__mlp
random,pca,chemberta,mlp,full,none,overall,AUROC,0.990680040774094,0.0002017704852797,3,,results/zenodo/grid/random__pca__chemberta__mlp
random,pca,chemberta,xrfm,full,none,within_drug,MCC,0.787369038547087,0.004978261722807204,3,10.0,results/zenodo/grid/random__pca__chemberta__xrfm
random,pca,chemberta,xrfm,full,none,within_drug,AUROC,0.9270814791061031,0.0010745638012360195,3,10.0,results/zenodo/grid/random__pca__chemberta__xrfm
random,pca,chemberta,xrfm,full,none,within_cell_line,MCC,0.7734925057963037,0.007602133990481853,3,12.0,results/zenodo/grid/random__pca__chemberta__xrfm
random,pca,chemberta,xrfm,full,none,within_cell_line,AUROC,0.9202458396046785,0.002151751809452168,3,12.0,results/zenodo/grid/random__pca__chemberta__xrfm
random,pca,chemberta,xrfm,full,none,overall,MCC,0.917613425835776,0.0012567828182568,3,,results/zenodo/grid/random__pca__chemberta__xrfm
random,pca,chemberta,xrfm,full,none,overall,AUROC,0.988645537531394,8.675732964738945e-05,3,,results/zenodo/grid/random__pca__chemberta__xrfm
random,pca,maccs,lightgbm,full,none,within_drug,MCC,0.7972513873509252,0.0017357636713649725,3,10.0,results/zenodo/grid/random__pca__maccs__lightgbm
random,pca,maccs,lightgbm,full,none,within_drug,AUROC,0.9330167321526015,0.0007705907275085862,3,10.0,results/zenodo/grid/random__pca__maccs__lightgbm
random,pca,maccs,lightgbm,full,none,within_cell_line,MCC,0.7882165145805966,0.0026580122114911505,3,12.0,results/zenodo/grid/random__pca__maccs__lightgbm
random,pca,maccs,lightgbm,full,none,within_cell_line,AUROC,0.9261846130387013,0.0010900374160438026,3,12.0,results/zenodo/grid/random__pca__maccs__lightgbm
random,pca,maccs,lightgbm,full,none,overall,MCC,0.9194924469456046,0.0017464072526013,3,,results/zenodo/grid/random__pca__maccs__lightgbm
random,pca,maccs,lightgbm,full,none,overall,AUROC,0.9938071986987372,0.0002137651943004,3,,results/zenodo/grid/random__pca__maccs__lightgbm
random,pca,maccs,mlp,full,none,within_drug,MCC,0.6997321803198829,0.0037909583760208374,3,10.0,results/zenodo/grid/random__pca__maccs__mlp
random,pca,maccs,mlp,full,none,within_drug,AUROC,0.8962310226322275,0.0008677425164856444,3,10.0,results/zenodo/grid/random__pca__maccs__mlp
random,pca,maccs,mlp,full,none,within_cell_line,MCC,0.6689470154307532,0.004807556023704003,3,12.0,results/zenodo/grid/random__pca__maccs__mlp
random,pca,maccs,mlp,full,none,within_cell_line,AUROC,0.8757587781878984,0.0003850830091539331,3,12.0,results/zenodo/grid/random__pca__maccs__mlp
random,pca,maccs,mlp,full,none,overall,MCC,0.8960624454733791,0.002342465648409,3,,results/zenodo/grid/random__pca__maccs__mlp
random,pca,maccs,mlp,full,none,overall,AUROC,0.989856441721518,0.0002670156039715,3,,results/zenodo/grid/random__pca__maccs__mlp
random,pca,maccs,xrfm,full,none,within_drug,MCC,0.7870547681928303,0.0018251426615027342,3,10.0,results/zenodo/grid/random__pca__maccs__xrfm
random,pca,maccs,xrfm,full,none,within_drug,AUROC,0.9301118160949073,0.0009437759605726323,3,10.0,results/zenodo/grid/random__pca__maccs__xrfm
random,pca,maccs,xrfm,full,none,within_cell_line,MCC,0.7738283101456728,0.003328992266432013,3,12.0,results/zenodo/grid/random__pca__maccs__xrfm
random,pca,maccs,xrfm,full,none,within_cell_line,AUROC,0.9231569065792895,0.0013487935591333898,3,12.0,results/zenodo/grid/random__pca__maccs__xrfm
random,pca,maccs,xrfm,full,none,overall,MCC,0.9197527225798444,0.0008186680127062,3,,results/zenodo/grid/random__pca__maccs__xrfm
random,pca,maccs,xrfm,full,none,overall,AUROC,0.9899846527007324,0.0002050868092433,3,,results/zenodo/grid/random__pca__maccs__xrfm
random,pca,materials,lightgbm,full,none,within_drug,MCC,0.7935221500568698,0.0008859624352926751,3,10.0,results/zenodo/grid/random__pca__materials__lightgbm
random,pca,materials,lightgbm,full,none,within_drug,AUROC,0.9330418263816579,0.0008449612001795379,3,10.0,results/zenodo/grid/random__pca__materials__lightgbm
random,pca,materials,lightgbm,full,none,within_cell_line,MCC,0.7859635106221116,0.0019168914407682086,3,12.0,results/zenodo/grid/random__pca__materials__lightgbm
random,pca,materials,lightgbm,full,none,within_cell_line,AUROC,0.9263394052596151,0.0009841938737830068,3,12.0,results/zenodo/grid/random__pca__materials__lightgbm
random,pca,materials,lightgbm,full,none,overall,MCC,0.919338468854662,0.0014800587686798,3,,results/zenodo/grid/random__pca__materials__lightgbm
random,pca,materials,lightgbm,full,none,overall,AUROC,0.9937990122558064,0.0001734357802063,3,,results/zenodo/grid/random__pca__materials__lightgbm
random,pca,materials,mlp,full,none,within_drug,MCC,0.708753721618506,0.0029118571910593735,3,10.0,results/zenodo/grid/random__pca__materials__mlp
random,pca,materials,mlp,full,none,within_drug,AUROC,0.9018656028949547,0.0007631417618636756,3,10.0,results/zenodo/grid/random__pca__materials__mlp
random,pca,materials,mlp,full,none,within_cell_line,MCC,0.6869762242427693,0.0038782967609442315,3,12.0,results/zenodo/grid/random__pca__materials__mlp
random,pca,materials,mlp,full,none,within_cell_line,AUROC,0.8836209546088082,0.0015663633774819494,3,12.0,results/zenodo/grid/random__pca__materials__mlp
random,pca,materials,mlp,full,none,overall,MCC,0.9014409651860756,0.0015675459055275,3,,results/zenodo/grid/random__pca__materials__mlp
random,pca,materials,mlp,full,none,overall,AUROC,0.991192270591172,0.0003953322545915,3,,results/zenodo/grid/random__pca__materials__mlp
random,pca,materials,xrfm,full,none,within_drug,MCC,0.7934205572843823,0.0031065754529816963,3,10.0,results/zenodo/grid/random__pca__materials__xrfm
random,pca,materials,xrfm,full,none,within_drug,AUROC,0.9258592308197459,0.001191502764665842,3,10.0,results/zenodo/grid/random__pca__materials__xrfm
random,pca,materials,xrfm,full,none,within_cell_line,MCC,0.7790226112773166,0.0030910056145901457,3,12.0,results/zenodo/grid/random__pca__materials__xrfm
random,pca,materials,xrfm,full,none,within_cell_line,AUROC,0.9207424714250738,0.0013374009453826815,3,12.0,results/zenodo/grid/random__pca__materials__xrfm
random,pca,materials,xrfm,full,none,overall,MCC,0.9181517469468794,0.0013868222814436,3,,results/zenodo/grid/random__pca__materials__xrfm
random,pca,materials,xrfm,full,none,overall,AUROC,0.9886636381556791,0.0003610888699467,3,,results/zenodo/grid/random__pca__materials__xrfm
random,pca,molformer,lightgbm,full,none,within_drug,MCC,0.7944543490624388,0.0008727376062319217,3,10.0,results/zenodo/grid/random__pca__molformer__lightgbm
random,pca,molformer,lightgbm,full,none,within_drug,AUROC,0.9334527966163223,0.0006343326082376526,3,10.0,results/zenodo/grid/random__pca__molformer__lightgbm
random,pca,molformer,lightgbm,full,none,within_cell_line,MCC,0.7877007872774487,0.0029101251076883,3,12.0,results/zenodo/grid/random__pca__molformer__lightgbm
random,pca,molformer,lightgbm,full,none,within_cell_line,AUROC,0.9267896759094744,0.0010050566404351407,3,12.0,results/zenodo/grid/random__pca__molformer__lightgbm
random,pca,molformer,lightgbm,full,none,overall,MCC,0.9197810278608048,0.0017270205869344,3,,results/zenodo/grid/random__pca__molformer__lightgbm
random,pca,molformer,lightgbm,full,none,overall,AUROC,0.9938379682947076,0.0001849771064434,3,,results/zenodo/grid/random__pca__molformer__lightgbm
random,pca,molformer,mlp,full,none,within_drug,MCC,0.7121044433582888,0.0032065060212888444,3,10.0,results/zenodo/grid/random__pca__molformer__mlp
random,pca,molformer,mlp,full,none,within_drug,AUROC,0.900182345679279,0.0007043622589485233,3,10.0,results/zenodo/grid/random__pca__molformer__mlp
random,pca,molformer,mlp,full,none,within_cell_line,MCC,0.6698847877807607,0.004424114371428768,3,12.0,results/zenodo/grid/random__pca__molformer__mlp
random,pca,molformer,mlp,full,none,within_cell_line,AUROC,0.8746807363155734,0.001250599885096567,3,12.0,results/zenodo/grid/random__pca__molformer__mlp
random,pca,molformer,mlp,full,none,overall,MCC,0.9020732150000424,0.0017155142262137,3,,results/zenodo/grid/random__pca__molformer__mlp
random,pca,molformer,mlp,full,none,overall,AUROC,0.9912590469485808,0.0002770535594038,3,,results/zenodo/grid/random__pca__molformer__mlp
random,pca,molformer,xrfm,full,none,within_drug,MCC,0.7918715154683696,0.0022342229443348834,3,10.0,results/zenodo/grid/random__pca__molformer__xrfm
random,pca,molformer,xrfm,full,none,within_drug,AUROC,0.9269883041191879,0.0010592752396690382,3,10.0,results/zenodo/grid/random__pca__molformer__xrfm
random,pca,molformer,xrfm,full,none,within_cell_line,MCC,0.7757084906765823,0.0018889364901959063,3,12.0,results/zenodo/grid/random__pca__molformer__xrfm
random,pca,molformer,xrfm,full,none,within_cell_line,AUROC,0.9212220688882629,0.001777782992587892,3,12.0,results/zenodo/grid/random__pca__molformer__xrfm
random,pca,molformer,xrfm,full,none,overall,MCC,0.9185824007600056,0.0014356110836848,3,,results/zenodo/grid/random__pca__molformer__xrfm
random,pca,molformer,xrfm,full,none,overall,AUROC,0.9888946728829016,0.00064780890055,3,,results/zenodo/grid/random__pca__molformer__xrfm
random,pca,morgan,lightgbm,full,none,within_drug,MCC,0.7941925033841942,0.0013515836883544413,3,10.0,results/zenodo/grid/random__pca__morgan__lightgbm
random,pca,morgan,lightgbm,full,none,within_drug,AUROC,0.9331492036687713,0.0004978852413674552,3,10.0,results/zenodo/grid/random__pca__morgan__lightgbm
random,pca,morgan,lightgbm,full,none,within_cell_line,MCC,0.7867410215964078,0.0021613729168645343,3,12.0,results/zenodo/grid/random__pca__morgan__lightgbm
random,pca,morgan,lightgbm,full,none,within_cell_line,AUROC,0.9266274235167359,0.000810741820055771,3,12.0,results/zenodo/grid/random__pca__morgan__lightgbm
random,pca,morgan,lightgbm,full,none,overall,MCC,0.9191292536812448,0.0014442578758821,3,,results/zenodo/grid/random__pca__morgan__lightgbm
random,pca,morgan,lightgbm,full,none,overall,AUROC,0.9938030412032712,0.0001903762140227,3,,results/zenodo/grid/random__pca__morgan__lightgbm
random,pca,morgan,mlp,full,none,within_drug,MCC,0.7212993845657297,0.0052456163089115255,3,10.0,results/zenodo/grid/random__pca__morgan__mlp
random,pca,morgan,mlp,full,none,within_drug,AUROC,0.9031909231599308,0.0005408987902478844,3,10.0,results/zenodo/grid/random__pca__morgan__mlp
random,pca,morgan,mlp,full,none,within_cell_line,MCC,0.6837445220912509,0.0025709168409311298,3,12.0,results/zenodo/grid/random__pca__morgan__mlp
random,pca,morgan,mlp,full,none,within_cell_line,AUROC,0.8810515210313642,0.0006933174878345033,3,12.0,results/zenodo/grid/random__pca__morgan__mlp
random,pca,morgan,mlp,full,none,overall,MCC,0.9017877270182906,0.0023748321203393,3,,results/zenodo/grid/random__pca__morgan__mlp
random,pca,morgan,mlp,full,none,overall,AUROC,0.9909486661339852,0.001085094357212,3,,results/zenodo/grid/random__pca__morgan__mlp
random,pca,morgan,xrfm,full,none,within_drug,MCC,0.7705705884584976,0.007789105168439312,3,10.0,results/zenodo/grid/random__pca__morgan__xrfm
random,pca,morgan,xrfm,full,none,within_drug,AUROC,0.9237854310053567,0.0022778782291491264,3,10.0,results/zenodo/grid/random__pca__morgan__xrfm
random,pca,morgan,xrfm,full,none,within_cell_line,MCC,0.7607930017489477,0.004216496031466744,3,12.0,results/zenodo/grid/random__pca__morgan__xrfm
random,pca,morgan,xrfm,full,none,within_cell_line,AUROC,0.9184222252456289,0.0023968325992068593,3,12.0,results/zenodo/grid/random__pca__morgan__xrfm
random,pca,morgan,xrfm,full,none,overall,MCC,0.917412515344852,0.002485617745007,3,,results/zenodo/grid/random__pca__morgan__xrfm
random,pca,morgan,xrfm,full,none,overall,AUROC,0.9887592831971616,0.0006643129777934,3,,results/zenodo/grid/random__pca__morgan__xrfm
random,scgpt_pan,biomed,lightgbm,full,none,within_drug,MCC,0.7779355234327348,0.0015655724104388907,3,10.0,results/zenodo/grid/random__scgpt_pan__biomed__lightgbm
random,scgpt_pan,biomed,lightgbm,full,none,within_drug,AUROC,0.9263194403308909,0.001196252556569081,3,10.0,results/zenodo/grid/random__scgpt_pan__biomed__lightgbm
random,scgpt_pan,biomed,lightgbm,full,none,within_cell_line,MCC,0.7687570907288447,0.0007524456578993363,3,12.0,results/zenodo/grid/random__scgpt_pan__biomed__lightgbm
random,scgpt_pan,biomed,lightgbm,full,none,within_cell_line,AUROC,0.9208388096787953,0.0016023485801611344,3,12.0,results/zenodo/grid/random__scgpt_pan__biomed__lightgbm
random,scgpt_pan,biomed,lightgbm,full,none,overall,MCC,0.9037600579448104,0.0006390632144004,3,,results/zenodo/grid/random__scgpt_pan__biomed__lightgbm
random,scgpt_pan,biomed,lightgbm,full,none,overall,AUROC,0.9904631463270293,0.0001693859864581,3,,results/zenodo/grid/random__scgpt_pan__biomed__lightgbm
random,scgpt_pan,biomed,mlp,full,none,within_drug,MCC,0.2804588900471126,0.028780963964407637,3,10.0,results/zenodo/grid/random__scgpt_pan__biomed__mlp
random,scgpt_pan,biomed,mlp,full,none,within_drug,AUROC,0.7301169546570575,0.011959344817301711,3,10.0,results/zenodo/grid/random__scgpt_pan__biomed__mlp
random,scgpt_pan,biomed,mlp,full,none,within_cell_line,MCC,0.202953866697646,0.030176700298368282,3,12.0,results/zenodo/grid/random__scgpt_pan__biomed__mlp
random,scgpt_pan,biomed,mlp,full,none,within_cell_line,AUROC,0.6858875537667926,0.01684675939930906,3,12.0,results/zenodo/grid/random__scgpt_pan__biomed__mlp
random,scgpt_pan,biomed,mlp,full,none,overall,MCC,0.6426841911916958,0.0336934341768738,3,,results/zenodo/grid/random__scgpt_pan__biomed__mlp
random,scgpt_pan,biomed,mlp,full,none,overall,AUROC,0.915721586422475,0.0176044105562788,3,,results/zenodo/grid/random__scgpt_pan__biomed__mlp
random,scgpt_pan,biomed,xrfm,full,none,within_drug,MCC,0.7532476685676129,0.003976201612685078,3,10.0,results/zenodo/grid/random__scgpt_pan__biomed__xrfm
random,scgpt_pan,biomed,xrfm,full,none,within_drug,AUROC,0.9154360739241533,0.0006248280770880725,3,10.0,results/zenodo/grid/random__scgpt_pan__biomed__xrfm
random,scgpt_pan,biomed,xrfm,full,none,within_cell_line,MCC,0.7446515833263664,0.0036402514343956394,3,12.0,results/zenodo/grid/random__scgpt_pan__biomed__xrfm
random,scgpt_pan,biomed,xrfm,full,none,within_cell_line,AUROC,0.911548580424076,0.0006194686014438961,3,12.0,results/zenodo/grid/random__scgpt_pan__biomed__xrfm
random,scgpt_pan,biomed,xrfm,full,none,overall,MCC,0.9085823129093108,0.000756773949386,3,,results/zenodo/grid/random__scgpt_pan__biomed__xrfm
random,scgpt_pan,biomed,xrfm,full,none,overall,AUROC,0.987533033173084,0.0007520623775321,3,,results/zenodo/grid/random__scgpt_pan__biomed__xrfm
random,scgpt_pan,chemberta,lightgbm,full,none,within_drug,MCC,0.7780646935958258,0.0008678429713391202,3,10.0,results/zenodo/grid/random__scgpt_pan__chemberta__lightgbm
random,scgpt_pan,chemberta,lightgbm,full,none,within_drug,AUROC,0.9256166179840729,0.0015668811251239277,3,10.0,results/zenodo/grid/random__scgpt_pan__chemberta__lightgbm
random,scgpt_pan,chemberta,lightgbm,full,none,within_cell_line,MCC,0.7654458873077464,0.001800585020525913,3,12.0,results/zenodo/grid/random__scgpt_pan__chemberta__lightgbm
random,scgpt_pan,chemberta,lightgbm,full,none,within_cell_line,AUROC,0.9206888432740072,0.0019027383262413197,3,12.0,results/zenodo/grid/random__scgpt_pan__chemberta__lightgbm
random,scgpt_pan,chemberta,lightgbm,full,none,overall,MCC,0.9043194028077798,0.0010822762448115,3,,results/zenodo/grid/random__scgpt_pan__chemberta__lightgbm
random,scgpt_pan,chemberta,lightgbm,full,none,overall,AUROC,0.9904859945686938,0.000145037328759,3,,results/zenodo/grid/random__scgpt_pan__chemberta__lightgbm
random,scgpt_pan,chemberta,mlp,full,none,within_drug,MCC,0.3310223489018059,0.007814832244179426,3,10.0,results/zenodo/grid/random__scgpt_pan__chemberta__mlp
random,scgpt_pan,chemberta,mlp,full,none,within_drug,AUROC,0.7577379431245453,0.006370771357577693,3,10.0,results/zenodo/grid/random__scgpt_pan__chemberta__mlp
random,scgpt_pan,chemberta,mlp,full,none,within_cell_line,MCC,0.3077490185699912,0.01328553057087572,3,12.0,results/zenodo/grid/random__scgpt_pan__chemberta__mlp
random,scgpt_pan,chemberta,mlp,full,none,within_cell_line,AUROC,0.7206892800026363,0.0036248913594252724,3,12.0,results/zenodo/grid/random__scgpt_pan__chemberta__mlp
random,scgpt_pan,chemberta,mlp,full,none,overall,MCC,0.7332212450479636,0.0212785111147924,3,,results/zenodo/grid/random__scgpt_pan__chemberta__mlp
random,scgpt_pan,chemberta,mlp,full,none,overall,AUROC,0.947503791633201,0.0043362353084025,3,,results/zenodo/grid/random__scgpt_pan__chemberta__mlp
random,scgpt_pan,chemberta,xrfm,full,none,within_drug,MCC,0.7584352232272232,0.0037296100177211158,3,10.0,results/zenodo/grid/random__scgpt_pan__chemberta__xrfm
random,scgpt_pan,chemberta,xrfm,full,none,within_drug,AUROC,0.9171890385026392,0.0011075931640377437,3,10.0,results/zenodo/grid/random__scgpt_pan__chemberta__xrfm
random,scgpt_pan,chemberta,xrfm,full,none,within_cell_line,MCC,0.7481193248102967,0.0003783949013757277,3,12.0,results/zenodo/grid/random__scgpt_pan__chemberta__xrfm
random,scgpt_pan,chemberta,xrfm,full,none,within_cell_line,AUROC,0.9127798669873065,0.0008685131510424838,3,12.0,results/zenodo/grid/random__scgpt_pan__chemberta__xrfm
random,scgpt_pan,chemberta,xrfm,full,none,overall,MCC,0.910074383771302,0.0007788763119627,3,,results/zenodo/grid/random__scgpt_pan__chemberta__xrfm
random,scgpt_pan,chemberta,xrfm,full,none,overall,AUROC,0.9872936668036336,0.0005623445808606,3,,results/zenodo/grid/random__scgpt_pan__chemberta__xrfm
random,scgpt_pan,maccs,lightgbm,full,none,within_drug,MCC,0.7756593355451825,0.0010684381715655182,3,10.0,results/zenodo/grid/random__scgpt_pan__maccs__lightgbm
random,scgpt_pan,maccs,lightgbm,full,none,within_drug,AUROC,0.9254795251223311,0.0010490355402930165,3,10.0,results/zenodo/grid/random__scgpt_pan__maccs__lightgbm
random,scgpt_pan,maccs,lightgbm,full,none,within_cell_line,MCC,0.7654742390968056,0.0022733671713804746,3,12.0,results/zenodo/grid/random__scgpt_pan__maccs__lightgbm
random,scgpt_pan,maccs,lightgbm,full,none,within_cell_line,AUROC,0.9201478055608611,0.001451854895602428,3,12.0,results/zenodo/grid/random__scgpt_pan__maccs__lightgbm
random,scgpt_pan,maccs,lightgbm,full,none,overall,MCC,0.903610570939646,0.0010025870193153,3,,results/zenodo/grid/random__scgpt_pan__maccs__lightgbm
random,scgpt_pan,maccs,lightgbm,full,none,overall,AUROC,0.9903758822156092,0.0001731202378187,3,,results/zenodo/grid/random__scgpt_pan__maccs__lightgbm
random,scgpt_pan,maccs,mlp,full,none,within_drug,MCC,0.3555699770203902,0.0036927595326080227,3,10.0,results/zenodo/grid/random__scgpt_pan__maccs__mlp
random,scgpt_pan,maccs,mlp,full,none,within_drug,AUROC,0.7802297749684741,0.007925979448241955,3,10.0,results/zenodo/grid/random__scgpt_pan__maccs__mlp
random,scgpt_pan,maccs,mlp,full,none,within_cell_line,MCC,0.30782814717234336,0.007148169573538401,3,12.0,results/zenodo/grid/random__scgpt_pan__maccs__mlp
random,scgpt_pan,maccs,mlp,full,none,within_cell_line,AUROC,0.7295551134248232,0.0038901524189505804,3,12.0,results/zenodo/grid/random__scgpt_pan__maccs__mlp
random,scgpt_pan,maccs,mlp,full,none,overall,MCC,0.747413160734609,0.0143338435083837,3,,results/zenodo/grid/random__scgpt_pan__maccs__mlp
random,scgpt_pan,maccs,mlp,full,none,overall,AUROC,0.955065489944922,0.003030048064581,3,,results/zenodo/grid/random__scgpt_pan__maccs__mlp
random,scgpt_pan,maccs,xrfm,full,none,within_drug,MCC,0.7416908582959388,0.004626375432237203,3,10.0,results/zenodo/grid/random__scgpt_pan__maccs__xrfm
random,scgpt_pan,maccs,xrfm,full,none,within_drug,AUROC,0.9096659299444676,0.0031110098846563778,3,10.0,results/zenodo/grid/random__scgpt_pan__maccs__xrfm
random,scgpt_pan,maccs,xrfm,full,none,within_cell_line,MCC,0.7378825982024925,0.002830139082535269,3,12.0,results/zenodo/grid/random__scgpt_pan__maccs__xrfm
random,scgpt_pan,maccs,xrfm,full,none,within_cell_line,AUROC,0.9082015433333605,0.002070823962848262,3,12.0,results/zenodo/grid/random__scgpt_pan__maccs__xrfm
random,scgpt_pan,maccs,xrfm,full,none,overall,MCC,0.905723937285404,0.0006639363106794,3,,results/zenodo/grid/random__scgpt_pan__maccs__xrfm
random,scgpt_pan,maccs,xrfm,full,none,overall,AUROC,0.9865976972670322,0.0003885044415272,3,,results/zenodo/grid/random__scgpt_pan__maccs__xrfm
random,scgpt_pan,materials,lightgbm,full,none,within_drug,MCC,0.7758457222671399,0.0014585973233582471,3,10.0,results/zenodo/grid/random__scgpt_pan__materials__lightgbm
random,scgpt_pan,materials,lightgbm,full,none,within_drug,AUROC,0.9251247931300801,0.0013671049863279725,3,10.0,results/zenodo/grid/random__scgpt_pan__materials__lightgbm
random,scgpt_pan,materials,lightgbm,full,none,within_cell_line,MCC,0.7665154451895108,0.002528555024565044,3,12.0,results/zenodo/grid/random__scgpt_pan__materials__lightgbm
random,scgpt_pan,materials,lightgbm,full,none,within_cell_line,AUROC,0.920328020410495,0.0014920103164872257,3,12.0,results/zenodo/grid/random__scgpt_pan__materials__lightgbm
random,scgpt_pan,materials,lightgbm,full,none,overall,MCC,0.9039127030332288,0.0003461757412868,3,,results/zenodo/grid/random__scgpt_pan__materials__lightgbm
random,scgpt_pan,materials,lightgbm,full,none,overall,AUROC,0.9904399690557651,0.0001834039773171,3,,results/zenodo/grid/random__scgpt_pan__materials__lightgbm
random,scgpt_pan,materials,mlp,full,none,within_drug,MCC,0.31687250012566587,0.0054189784967573745,3,10.0,results/zenodo/grid/random__scgpt_pan__materials__mlp
random,scgpt_pan,materials,mlp,full,none,within_drug,AUROC,0.7545925505322849,0.006710943814137131,3,10.0,results/zenodo/grid/random__scgpt_pan__materials__mlp
random,scgpt_pan,materials,mlp,full,none,within_cell_line,MCC,0.27469112536048956,0.007862826205200873,3,12.0,results/zenodo/grid/random__scgpt_pan__materials__mlp
random,scgpt_pan,materials,mlp,full,none,within_cell_line,AUROC,0.7153328794656422,0.010549246420447864,3,12.0,results/zenodo/grid/random__scgpt_pan__materials__mlp
random,scgpt_pan,materials,mlp,full,none,overall,MCC,0.6917458570108744,0.0224666272063953,3,,results/zenodo/grid/random__scgpt_pan__materials__mlp
random,scgpt_pan,materials,mlp,full,none,overall,AUROC,0.9328003180370802,0.005756915396672,3,,results/zenodo/grid/random__scgpt_pan__materials__mlp
random,scgpt_pan,materials,xrfm,full,none,within_drug,MCC,0.751781308765413,0.008653274736640007,3,10.0,results/zenodo/grid/random__scgpt_pan__materials__xrfm
random,scgpt_pan,materials,xrfm,full,none,within_drug,AUROC,0.9129839369246225,0.0022613570985276004,3,10.0,results/zenodo/grid/random__scgpt_pan__materials__xrfm
random,scgpt_pan,materials,xrfm,full,none,within_cell_line,MCC,0.7450061079773338,0.00441248897281953,3,12.0,results/zenodo/grid/random__scgpt_pan__materials__xrfm
random,scgpt_pan,materials,xrfm,full,none,within_cell_line,AUROC,0.9106967908033669,0.0016391066196292554,3,12.0,results/zenodo/grid/random__scgpt_pan__materials__xrfm
random,scgpt_pan,materials,xrfm,full,none,overall,MCC,0.9101325337005116,0.0010617235294376,3,,results/zenodo/grid/random__scgpt_pan__materials__xrfm
random,scgpt_pan,materials,xrfm,full,none,overall,AUROC,0.98690807874768,0.0005647937816042,3,,results/zenodo/grid/random__scgpt_pan__materials__xrfm
random,scgpt_pan,molformer,lightgbm,full,none,within_drug,MCC,0.7769931257829904,0.0012126141977265813,3,10.0,results/zenodo/grid/random__scgpt_pan__molformer__lightgbm
random,scgpt_pan,molformer,lightgbm,full,none,within_drug,AUROC,0.9256798299721284,0.0016940503571437244,3,10.0,results/zenodo/grid/random__scgpt_pan__molformer__lightgbm
random,scgpt_pan,molformer,lightgbm,full,none,within_cell_line,MCC,0.7667222666804917,0.0023526392937170976,3,12.0,results/zenodo/grid/random__scgpt_pan__molformer__lightgbm
random,scgpt_pan,molformer,lightgbm,full,none,within_cell_line,AUROC,0.9208801298132919,0.0018191814976574092,3,12.0,results/zenodo/grid/random__scgpt_pan__molformer__lightgbm
random,scgpt_pan,molformer,lightgbm,full,none,overall,MCC,0.904198586223302,0.0001443185684226,3,,results/zenodo/grid/random__scgpt_pan__molformer__lightgbm
random,scgpt_pan,molformer,lightgbm,full,none,overall,AUROC,0.9904229381107044,0.0001702839776075,3,,results/zenodo/grid/random__scgpt_pan__molformer__lightgbm
random,scgpt_pan,molformer,mlp,full,none,within_drug,MCC,0.11395207871693097,0.010068252721548111,3,10.0,results/zenodo/grid/random__scgpt_pan__molformer__mlp
random,scgpt_pan,molformer,mlp,full,none,within_drug,AUROC,0.642201450350414,0.002354039916703754,3,10.0,results/zenodo/grid/random__scgpt_pan__molformer__mlp
random,scgpt_pan,molformer,mlp,full,none,within_cell_line,MCC,0.09211799348430312,0.0045785836938647545,3,12.0,results/zenodo/grid/random__scgpt_pan__molformer__mlp
random,scgpt_pan,molformer,mlp,full,none,within_cell_line,AUROC,0.6094315262785569,0.006381260710174202,3,12.0,results/zenodo/grid/random__scgpt_pan__molformer__mlp
random,scgpt_pan,molformer,mlp,full,none,overall,MCC,0.4877879802447391,0.0566646804600898,3,,results/zenodo/grid/random__scgpt_pan__molformer__mlp
random,scgpt_pan,molformer,mlp,full,none,overall,AUROC,0.8575338033954097,0.0124872484859066,3,,results/zenodo/grid/random__scgpt_pan__molformer__mlp
random,scgpt_pan,molformer,xrfm,full,none,within_drug,MCC,0.755812097494629,0.0061826119730461725,3,10.0,results/zenodo/grid/random__scgpt_pan__molformer__xrfm
random,scgpt_pan,molformer,xrfm,full,none,within_drug,AUROC,0.9159843315899924,0.001673436438762351,3,10.0,results/zenodo/grid/random__scgpt_pan__molformer__xrfm
random,scgpt_pan,molformer,xrfm,full,none,within_cell_line,MCC,0.7454614326234834,0.003579584988390464,3,12.0,results/zenodo/grid/random__scgpt_pan__molformer__xrfm
random,scgpt_pan,molformer,xrfm,full,none,within_cell_line,AUROC,0.9116010114205131,0.0017782406954765062,3,12.0,results/zenodo/grid/random__scgpt_pan__molformer__xrfm
random,scgpt_pan,molformer,xrfm,full,none,overall,MCC,0.9091677546729904,0.0015592813072932,3,,results/zenodo/grid/random__scgpt_pan__molformer__xrfm
random,scgpt_pan,molformer,xrfm,full,none,overall,AUROC,0.9868915666569876,0.0006627402347604,3,,results/zenodo/grid/random__scgpt_pan__molformer__xrfm
random,scgpt_pan,morgan,lightgbm,full,none,within_drug,MCC,0.7755496435711865,0.0008842058626611555,3,10.0,results/zenodo/grid/random__scgpt_pan__morgan__lightgbm
random,scgpt_pan,morgan,lightgbm,full,none,within_drug,AUROC,0.9259538324804882,0.0011912615962177643,3,10.0,results/zenodo/grid/random__scgpt_pan__morgan__lightgbm
random,scgpt_pan,morgan,lightgbm,full,none,within_cell_line,MCC,0.7654137627643816,0.001754448253626427,3,12.0,results/zenodo/grid/random__scgpt_pan__morgan__lightgbm
random,scgpt_pan,morgan,lightgbm,full,none,within_cell_line,AUROC,0.9206298723496285,0.0015528156588578653,3,12.0,results/zenodo/grid/random__scgpt_pan__morgan__lightgbm
random,scgpt_pan,morgan,lightgbm,full,none,overall,MCC,0.903856593333528,0.001025841959746,3,,results/zenodo/grid/random__scgpt_pan__morgan__lightgbm
random,scgpt_pan,morgan,lightgbm,full,none,overall,AUROC,0.9903972165214846,0.0001642014886515,3,,results/zenodo/grid/random__scgpt_pan__morgan__lightgbm
random,scgpt_pan,morgan,mlp,full,none,within_drug,MCC,0.31889588894309306,0.011278082531447213,3,10.0,results/zenodo/grid/random__scgpt_pan__morgan__mlp
random,scgpt_pan,morgan,mlp,full,none,within_drug,AUROC,0.7508673890578579,0.009376469625458753,3,10.0,results/zenodo/grid/random__scgpt_pan__morgan__mlp
random,scgpt_pan,morgan,mlp,full,none,within_cell_line,MCC,0.27671814011946777,0.009313757534256527,3,12.0,results/zenodo/grid/random__scgpt_pan__morgan__mlp
random,scgpt_pan,morgan,mlp,full,none,within_cell_line,AUROC,0.7064527203079011,0.0097982622691662,3,12.0,results/zenodo/grid/random__scgpt_pan__morgan__mlp
random,scgpt_pan,morgan,mlp,full,none,overall,MCC,0.7043361231376619,0.0157131521429719,3,,results/zenodo/grid/random__scgpt_pan__morgan__mlp
random,scgpt_pan,morgan,mlp,full,none,overall,AUROC,0.9408083243529566,0.0058719725792322,3,,results/zenodo/grid/random__scgpt_pan__morgan__mlp
random,scgpt_pan,morgan,xrfm,full,none,within_drug,MCC,0.7501734793731978,0.003341677367840799,3,10.0,results/zenodo/grid/random__scgpt_pan__morgan__xrfm
random,scgpt_pan,morgan,xrfm,full,none,within_drug,AUROC,0.9142325382948825,0.0012321123245208469,3,10.0,results/zenodo/grid/random__scgpt_pan__morgan__xrfm
random,scgpt_pan,morgan,xrfm,full,none,within_cell_line,MCC,0.7390232712354158,0.004131238011796632,3,12.0,results/zenodo/grid/random__scgpt_pan__morgan__xrfm
random,scgpt_pan,morgan,xrfm,full,none,within_cell_line,AUROC,0.9096322827117431,0.0017615628075185817,3,12.0,results/zenodo/grid/random__scgpt_pan__morgan__xrfm
random,scgpt_pan,morgan,xrfm,full,none,overall,MCC,0.9079793485622868,0.0003880275125615,3,,results/zenodo/grid/random__scgpt_pan__morgan__xrfm
random,scgpt_pan,morgan,xrfm,full,none,overall,AUROC,0.9869442280442078,0.0005804720230201,3,,results/zenodo/grid/random__scgpt_pan__morgan__xrfm
random,scvi,biomed,lightgbm,full,none,within_drug,MCC,0.690662171220632,0.014780834383650191,3,10.0,results/zenodo/grid/random__scvi__biomed__lightgbm
random,scvi,biomed,lightgbm,full,none,within_drug,AUROC,0.9002500768993071,0.0039429334830288895,3,10.0,results/zenodo/grid/random__scvi__biomed__lightgbm
random,scvi,biomed,lightgbm,full,none,within_cell_line,MCC,0.6682514037757219,0.015780844546358697,3,12.0,results/zenodo/grid/random__scvi__biomed__lightgbm
random,scvi,biomed,lightgbm,full,none,within_cell_line,AUROC,0.880390974725012,0.005944050386275049,3,12.0,results/zenodo/grid/random__scvi__biomed__lightgbm
random,scvi,biomed,lightgbm,full,none,overall,MCC,0.8785728895812862,0.0005651310457187,3,,results/zenodo/grid/random__scvi__biomed__lightgbm
random,scvi,biomed,lightgbm,full,none,overall,AUROC,0.9871760986664656,0.0001517738283365,3,,results/zenodo/grid/random__scvi__biomed__lightgbm
random,scvi,biomed,mlp,full,none,within_drug,MCC,0.541857987200689,0.0036374189937187352,3,10.0,results/zenodo/grid/random__scvi__biomed__mlp
random,scvi,biomed,mlp,full,none,within_drug,AUROC,0.8101782168969743,0.002073303517602363,3,10.0,results/zenodo/grid/random__scvi__biomed__mlp
random,scvi,biomed,mlp,full,none,within_cell_line,MCC,0.45469942087443616,0.01083968212200304,3,12.0,results/zenodo/grid/random__scvi__biomed__mlp
random,scvi,biomed,mlp,full,none,within_cell_line,AUROC,0.770731366857039,0.010920628155355746,3,12.0,results/zenodo/grid/random__scvi__biomed__mlp
random,scvi,biomed,mlp,full,none,overall,MCC,0.8490970784471998,0.0020550422558308,3,,results/zenodo/grid/random__scvi__biomed__mlp
random,scvi,biomed,mlp,full,none,overall,AUROC,0.9820629087543372,0.000561693283127,3,,results/zenodo/grid/random__scvi__biomed__mlp
random,scvi,biomed,xrfm,full,none,within_drug,MCC,0.6655111169131241,0.04554653266802279,3,10.0,results/zenodo/grid/random__scvi__biomed__xrfm
random,scvi,biomed,xrfm,full,none,within_drug,AUROC,0.886451705232186,0.013753944760369553,3,10.0,results/zenodo/grid/random__scvi__biomed__xrfm
random,scvi,biomed,xrfm,full,none,within_cell_line,MCC,0.6645716437468508,0.027496062120493523,3,12.0,results/zenodo/grid/random__scvi__biomed__xrfm
random,scvi,biomed,xrfm,full,none,within_cell_line,AUROC,0.8734883230801023,0.012643664960850365,3,12.0,results/zenodo/grid/random__scvi__biomed__xrfm
random,scvi,biomed,xrfm,full,none,overall,MCC,0.8750057347635947,0.0179272676475765,3,,results/zenodo/grid/random__scvi__biomed__xrfm
random,scvi,biomed,xrfm,full,none,overall,AUROC,0.9807847433210788,0.0048455537142112,3,,results/zenodo/grid/random__scvi__biomed__xrfm
random,scvi,chemberta,lightgbm,full,none,within_drug,MCC,0.6938966322849743,0.014950339839004572,3,10.0,results/zenodo/grid/random__scvi__chemberta__lightgbm
random,scvi,chemberta,lightgbm,full,none,within_drug,AUROC,0.9029153939408033,0.003065926352903826,3,10.0,results/zenodo/grid/random__scvi__chemberta__lightgbm
random,scvi,chemberta,lightgbm,full,none,within_cell_line,MCC,0.6768981916515715,0.013658271108427497,3,12.0,results/zenodo/grid/random__scvi__chemberta__lightgbm
random,scvi,chemberta,lightgbm,full,none,within_cell_line,AUROC,0.8821038242944734,0.005046259813737838,3,12.0,results/zenodo/grid/random__scvi__chemberta__lightgbm
random,scvi,chemberta,lightgbm,full,none,overall,MCC,0.8801379499355487,0.0003076464859114,3,,results/zenodo/grid/random__scvi__chemberta__lightgbm
random,scvi,chemberta,lightgbm,full,none,overall,AUROC,0.9873073248622732,0.0001295648240257,3,,results/zenodo/grid/random__scvi__chemberta__lightgbm
random,scvi,chemberta,mlp,full,none,within_drug,MCC,0.5589080006136551,0.021871977495118666,3,10.0,results/zenodo/grid/random__scvi__chemberta__mlp
random,scvi,chemberta,mlp,full,none,within_drug,AUROC,0.8378486243758646,0.006939621312878671,3,10.0,results/zenodo/grid/random__scvi__chemberta__mlp
random,scvi,chemberta,mlp,full,none,within_cell_line,MCC,0.4786169047956053,0.01110351856286015,3,12.0,results/zenodo/grid/random__scvi__chemberta__mlp
random,scvi,chemberta,mlp,full,none,within_cell_line,AUROC,0.7795801004719394,0.00274812083681679,3,12.0,results/zenodo/grid/random__scvi__chemberta__mlp
random,scvi,chemberta,mlp,full,none,overall,MCC,0.8568445469191892,0.0009461768214248,3,,results/zenodo/grid/random__scvi__chemberta__mlp
random,scvi,chemberta,mlp,full,none,overall,AUROC,0.9835922443274164,0.0001966041670001,3,,results/zenodo/grid/random__scvi__chemberta__mlp
random,scvi,chemberta,xrfm,full,none,within_drug,MCC,0.7007036315421447,0.011555587486381956,3,10.0,results/zenodo/grid/random__scvi__chemberta__xrfm
random,scvi,chemberta,xrfm,full,none,within_drug,AUROC,0.894666222739087,0.00127645661033972,3,10.0,results/zenodo/grid/random__scvi__chemberta__xrfm
random,scvi,chemberta,xrfm,full,none,within_cell_line,MCC,0.6812823962798933,0.009537911631616453,3,12.0,results/zenodo/grid/random__scvi__chemberta__xrfm
random,scvi,chemberta,xrfm,full,none,within_cell_line,AUROC,0.879351282577657,0.0038894851652502426,3,12.0,results/zenodo/grid/random__scvi__chemberta__xrfm
random,scvi,chemberta,xrfm,full,none,overall,MCC,0.8906848620625786,0.0008162473184516,3,,results/zenodo/grid/random__scvi__chemberta__xrfm
random,scvi,chemberta,xrfm,full,none,overall,AUROC,0.9842535085678376,0.0002489869439334,3,,results/zenodo/grid/random__scvi__chemberta__xrfm
random,scvi,maccs,lightgbm,full,none,within_drug,MCC,0.6918389917700972,0.01373217802220397,3,10.0,results/zenodo/grid/random__scvi__maccs__lightgbm
random,scvi,maccs,lightgbm,full,none,within_drug,AUROC,0.8999244259756999,0.004334261960895167,3,10.0,results/zenodo/grid/random__scvi__maccs__lightgbm
random,scvi,maccs,lightgbm,full,none,within_cell_line,MCC,0.6738038490739612,0.014234412409108384,3,12.0,results/zenodo/grid/random__scvi__maccs__lightgbm
random,scvi,maccs,lightgbm,full,none,within_cell_line,AUROC,0.8811713901065614,0.006425666796336831,3,12.0,results/zenodo/grid/random__scvi__maccs__lightgbm
random,scvi,maccs,lightgbm,full,none,overall,MCC,0.8794270420769498,0.0010747439972022,3,,results/zenodo/grid/random__scvi__maccs__lightgbm
random,scvi,maccs,lightgbm,full,none,overall,AUROC,0.987204421188046,0.000230976086518,3,,results/zenodo/grid/random__scvi__maccs__lightgbm
random,scvi,maccs,mlp,full,none,within_drug,MCC,0.5648529364475098,0.014241483386269184,3,10.0,results/zenodo/grid/random__scvi__maccs__mlp
random,scvi,maccs,mlp,full,none,within_drug,AUROC,0.844158538177543,0.0038682144925646744,3,10.0,results/zenodo/grid/random__scvi__maccs__mlp
random,scvi,maccs,mlp,full,none,within_cell_line,MCC,0.4737448708881651,0.006000843226555112,3,12.0,results/zenodo/grid/random__scvi__maccs__mlp
random,scvi,maccs,mlp,full,none,within_cell_line,AUROC,0.7746024673740242,0.0019321083594648618,3,12.0,results/zenodo/grid/random__scvi__maccs__mlp
random,scvi,maccs,mlp,full,none,overall,MCC,0.8538951209560843,0.0023925817230619,3,,results/zenodo/grid/random__scvi__maccs__mlp
random,scvi,maccs,mlp,full,none,overall,AUROC,0.9831685807530685,0.0001837642666777,3,,results/zenodo/grid/random__scvi__maccs__mlp
random,scvi,maccs,xrfm,full,none,within_drug,MCC,0.698259193812071,0.011652066432268815,3,10.0,results/zenodo/grid/random__scvi__maccs__xrfm
random,scvi,maccs,xrfm,full,none,within_drug,AUROC,0.8989614795998143,0.0036648639872021334,3,10.0,results/zenodo/grid/random__scvi__maccs__xrfm
random,scvi,maccs,xrfm,full,none,within_cell_line,MCC,0.6847336366879141,0.009990477547946703,3,12.0,results/zenodo/grid/random__scvi__maccs__xrfm
random,scvi,maccs,xrfm,full,none,within_cell_line,AUROC,0.8844511432289425,0.005323547276769701,3,12.0,results/zenodo/grid/random__scvi__maccs__xrfm
random,scvi,maccs,xrfm,full,none,overall,MCC,0.892505178470755,0.0004427075177035,3,,results/zenodo/grid/random__scvi__maccs__xrfm
random,scvi,maccs,xrfm,full,none,overall,AUROC,0.9847967177872096,0.0001562177327593,3,,results/zenodo/grid/random__scvi__maccs__xrfm
random,scvi,materials,lightgbm,full,none,within_drug,MCC,0.6978436586214204,0.013974676604149522,3,10.0,results/zenodo/grid/random__scvi__materials__lightgbm
random,scvi,materials,lightgbm,full,none,within_drug,AUROC,0.9025648769670497,0.003962871355728041,3,10.0,results/zenodo/grid/random__scvi__materials__lightgbm
random,scvi,materials,lightgbm,full,none,within_cell_line,MCC,0.670485543605808,0.01668535968226404,3,12.0,results/zenodo/grid/random__scvi__materials__lightgbm
random,scvi,materials,lightgbm,full,none,within_cell_line,AUROC,0.8804409753945617,0.006537871376813909,3,12.0,results/zenodo/grid/random__scvi__materials__lightgbm
random,scvi,materials,lightgbm,full,none,overall,MCC,0.8797310325834006,0.0009629862632072,3,,results/zenodo/grid/random__scvi__materials__lightgbm
random,scvi,materials,lightgbm,full,none,overall,AUROC,0.987276390085451,0.0001607706705523,3,,results/zenodo/grid/random__scvi__materials__lightgbm
random,scvi,materials,mlp,full,none,within_drug,MCC,0.5456725172304459,0.01587197042395396,3,10.0,results/zenodo/grid/random__scvi__materials__mlp
random,scvi,materials,mlp,full,none,within_drug,AUROC,0.8334543925367951,0.0077992325145367376,3,10.0,results/zenodo/grid/random__scvi__materials__mlp
random,scvi,materials,mlp,full,none,within_cell_line,MCC,0.44720861550707963,0.009212380968459577,3,12.0,results/zenodo/grid/random__scvi__materials__mlp
random,scvi,materials,mlp,full,none,within_cell_line,AUROC,0.7684165089248979,0.0033300317757023364,3,12.0,results/zenodo/grid/random__scvi__materials__mlp
random,scvi,materials,mlp,full,none,overall,MCC,0.8500135526630253,0.0030448047313674,3,,results/zenodo/grid/random__scvi__materials__mlp
random,scvi,materials,mlp,full,none,overall,AUROC,0.9827378790091292,0.0007408799721228,3,,results/zenodo/grid/random__scvi__materials__mlp
random,scvi,materials,xrfm,full,none,within_drug,MCC,0.700510375135437,0.014969700663575036,3,10.0,results/zenodo/grid/random__scvi__materials__xrfm
random,scvi,materials,xrfm,full,none,within_drug,AUROC,0.8975048458958513,0.0015499488657088956,3,10.0,results/zenodo/grid/random__scvi__materials__xrfm
random,scvi,materials,xrfm,full,none,within_cell_line,MCC,0.681002730103628,0.012211537934486134,3,12.0,results/zenodo/grid/random__scvi__materials__xrfm
random,scvi,materials,xrfm,full,none,within_cell_line,AUROC,0.8806010136268925,0.0033975869350243893,3,12.0,results/zenodo/grid/random__scvi__materials__xrfm
random,scvi,materials,xrfm,full,none,overall,MCC,0.8903117984613934,0.0005828047170183,3,,results/zenodo/grid/random__scvi__materials__xrfm
random,scvi,materials,xrfm,full,none,overall,AUROC,0.9833327651911302,0.000195908880431,3,,results/zenodo/grid/random__scvi__materials__xrfm
random,scvi,molformer,lightgbm,full,none,within_drug,MCC,0.6913020981646971,0.013559060337013009,3,10.0,results/zenodo/grid/random__scvi__molformer__lightgbm
random,scvi,molformer,lightgbm,full,none,within_drug,AUROC,0.9005595407893265,0.0035874605604786143,3,10.0,results/zenodo/grid/random__scvi__molformer__lightgbm
random,scvi,molformer,lightgbm,full,none,within_cell_line,MCC,0.6698857147660434,0.013234728860808708,3,12.0,results/zenodo/grid/random__scvi__molformer__lightgbm
random,scvi,molformer,lightgbm,full,none,within_cell_line,AUROC,0.8796331613432856,0.005894348201595421,3,12.0,results/zenodo/grid/random__scvi__molformer__lightgbm
random,scvi,molformer,lightgbm,full,none,overall,MCC,0.8795298890609984,0.001344212422594,3,,results/zenodo/grid/random__scvi__molformer__lightgbm
random,scvi,molformer,lightgbm,full,none,overall,AUROC,0.9872685353363272,0.0001707997392268,3,,results/zenodo/grid/random__scvi__molformer__lightgbm
random,scvi,molformer,mlp,full,none,within_drug,MCC,0.48086926110540656,0.01081920849772479,3,10.0,results/zenodo/grid/random__scvi__molformer__mlp
random,scvi,molformer,mlp,full,none,within_drug,AUROC,0.7964113290216009,0.005704155812883168,3,10.0,results/zenodo/grid/random__scvi__molformer__mlp
random,scvi,molformer,mlp,full,none,within_cell_line,MCC,0.35875174070925797,0.005609025145371704,3,12.0,results/zenodo/grid/random__scvi__molformer__mlp
random,scvi,molformer,mlp,full,none,within_cell_line,AUROC,0.7181978945001458,3.556633554250114e-05,3,12.0,results/zenodo/grid/random__scvi__molformer__mlp
random,scvi,molformer,mlp,full,none,overall,MCC,0.8168795750225644,0.0097575950640465,3,,results/zenodo/grid/random__scvi__molformer__mlp
random,scvi,molformer,mlp,full,none,overall,AUROC,0.97487571539627,0.0041699390459691,3,,results/zenodo/grid/random__scvi__molformer__mlp
random,scvi,molformer,xrfm,full,none,within_drug,MCC,0.7078584949557517,0.007851324407164986,3,10.0,results/zenodo/grid/random__scvi__molformer__xrfm
random,scvi,molformer,xrfm,full,none,within_drug,AUROC,0.8982052452854249,0.001731822749210894,3,10.0,results/zenodo/grid/random__scvi__molformer__xrfm
random,scvi,molformer,xrfm,full,none,within_cell_line,MCC,0.6868292864071218,0.01025904729212134,3,12.0,results/zenodo/grid/random__scvi__molformer__xrfm
random,scvi,molformer,xrfm,full,none,within_cell_line,AUROC,0.883105920417364,0.005026094097310051,3,12.0,results/zenodo/grid/random__scvi__molformer__xrfm
random,scvi,molformer,xrfm,full,none,overall,MCC,0.8925593799233704,0.0001554907962499,3,,results/zenodo/grid/random__scvi__molformer__xrfm
random,scvi,molformer,xrfm,full,none,overall,AUROC,0.9842254977585092,0.0006378878758723,3,,results/zenodo/grid/random__scvi__molformer__xrfm
random,scvi,morgan,lightgbm,full,none,within_drug,MCC,0.6873306173516219,0.01024462615967119,3,10.0,results/zenodo/grid/random__scvi__morgan__lightgbm
random,scvi,morgan,lightgbm,full,none,within_drug,AUROC,0.8983318969923536,0.0035500854271407053,3,10.0,results/zenodo/grid/random__scvi__morgan__lightgbm
random,scvi,morgan,lightgbm,full,none,within_cell_line,MCC,0.6685821594399157,0.01118287986071861,3,12.0,results/zenodo/grid/random__scvi__morgan__lightgbm
random,scvi,morgan,lightgbm,full,none,within_cell_line,AUROC,0.8800700999853448,0.005813793715584179,3,12.0,results/zenodo/grid/random__scvi__morgan__lightgbm
random,scvi,morgan,lightgbm,full,none,overall,MCC,0.8777125488569792,0.0016654051216029,3,,results/zenodo/grid/random__scvi__morgan__lightgbm
random,scvi,morgan,lightgbm,full,none,overall,AUROC,0.9870560987740996,0.0002278583776853,3,,results/zenodo/grid/random__scvi__morgan__lightgbm
random,scvi,morgan,mlp,full,none,within_drug,MCC,0.5747624720877323,0.015302323186157658,3,10.0,results/zenodo/grid/random__scvi__morgan__mlp
random,scvi,morgan,mlp,full,none,within_drug,AUROC,0.8471093296071022,0.007972807645706313,3,10.0,results/zenodo/grid/random__scvi__morgan__mlp
random,scvi,morgan,mlp,full,none,within_cell_line,MCC,0.500359899764527,0.0019397695229726366,3,12.0,results/zenodo/grid/random__scvi__morgan__mlp
random,scvi,morgan,mlp,full,none,within_cell_line,AUROC,0.787882742303054,0.0034014849500159546,3,12.0,results/zenodo/grid/random__scvi__morgan__mlp
random,scvi,morgan,mlp,full,none,overall,MCC,0.853474857929189,0.0039716979640679,3,,results/zenodo/grid/random__scvi__morgan__mlp
random,scvi,morgan,mlp,full,none,overall,AUROC,0.9835182406416988,0.0012464260592485,3,,results/zenodo/grid/random__scvi__morgan__mlp
random,scvi,morgan,xrfm,full,none,within_drug,MCC,0.6939102552918222,0.011047746142025139,3,10.0,results/zenodo/grid/random__scvi__morgan__xrfm
random,scvi,morgan,xrfm,full,none,within_drug,AUROC,0.892213315216433,0.0027593517520795663,3,10.0,results/zenodo/grid/random__scvi__morgan__xrfm
random,scvi,morgan,xrfm,full,none,within_cell_line,MCC,0.6716536652913861,0.0044337914400962635,3,12.0,results/zenodo/grid/random__scvi__morgan__xrfm
random,scvi,morgan,xrfm,full,none,within_cell_line,AUROC,0.8735926559901214,0.002794610156501635,3,12.0,results/zenodo/grid/random__scvi__morgan__xrfm
random,scvi,morgan,xrfm,full,none,overall,MCC,0.8913023599707093,0.0010669465203446,3,,results/zenodo/grid/random__scvi__morgan__xrfm
random,scvi,morgan,xrfm,full,none,overall,AUROC,0.9835864356894864,0.0004175906389869,3,,results/zenodo/grid/random__scvi__morgan__xrfm
loclo_loo,gene_jepa,morgan,lightgbm,cell_only,drug_emb,within_drug,MCC,-0.005556414275879016,0.0029827700234707306,3,10.0,results/zenodo/ablation/cellonly/loclo_loo__gene_jepa__morgan__lightgbm
loclo_loo,gene_jepa,morgan,lightgbm,cell_only,drug_emb,within_drug,AUROC,0.47224953024042343,0.0023646231236114363,3,10.0,results/zenodo/ablation/cellonly/loclo_loo__gene_jepa__morgan__lightgbm
loclo_loo,gene_jepa,morgan,lightgbm,cell_only,drug_emb,within_cell_line,MCC,0.05427834471460677,0.006528811085707406,3,12.0,results/zenodo/ablation/cellonly/loclo_loo__gene_jepa__morgan__lightgbm
loclo_loo,gene_jepa,morgan,lightgbm,cell_only,drug_emb,within_cell_line,AUROC,0.5278863274044315,0.004222947694508832,3,12.0,results/zenodo/ablation/cellonly/loclo_loo__gene_jepa__morgan__lightgbm
loclo_loo,gene_jepa,morgan,lightgbm,cell_only,drug_emb,overall,MCC,0.0542783447146067,0.0354903070316562,12,,results/zenodo/ablation/cellonly/loclo_loo__gene_jepa__morgan__lightgbm
loclo_loo,gene_jepa,morgan,lightgbm,cell_only,drug_emb,overall,AUROC,0.5278863274044313,0.0360166165100179,12,,results/zenodo/ablation/cellonly/loclo_loo__gene_jepa__morgan__lightgbm
loclo_loo,gene_jepa,morgan,mlp,cell_only,drug_emb,within_drug,MCC,-0.03274433499341533,0.007674882927273226,3,10.0,results/zenodo/ablation/cellonly/loclo_loo__gene_jepa__morgan__mlp
loclo_loo,gene_jepa,morgan,mlp,cell_only,drug_emb,within_drug,AUROC,0.45498746554698805,0.005033244388174644,3,10.0,results/zenodo/ablation/cellonly/loclo_loo__gene_jepa__morgan__mlp
loclo_loo,gene_jepa,morgan,mlp,cell_only,drug_emb,within_cell_line,MCC,-0.006607137674615099,0.002568712226447904,3,12.0,results/zenodo/ablation/cellonly/loclo_loo__gene_jepa__morgan__mlp
loclo_loo,gene_jepa,morgan,mlp,cell_only,drug_emb,within_cell_line,AUROC,0.469554011885926,0.002023543084608869,3,12.0,results/zenodo/ablation/cellonly/loclo_loo__gene_jepa__morgan__mlp
loclo_loo,gene_jepa,morgan,mlp,cell_only,drug_emb,overall,MCC,-0.0066071376746151,0.0331017551238019,12,,results/zenodo/ablation/cellonly/loclo_loo__gene_jepa__morgan__mlp
loclo_loo,gene_jepa,morgan,mlp,cell_only,drug_emb,overall,AUROC,0.4695540118859259,0.0347822186580827,12,,results/zenodo/ablation/cellonly/loclo_loo__gene_jepa__morgan__mlp
loclo_loo,gene_jepa,morgan,xrfm,cell_only,drug_emb,within_drug,MCC,0.0032425447874190674,0.0005632795487951905,3,10.0,results/zenodo/ablation/cellonly/loclo_loo__gene_jepa__morgan__xrfm
loclo_loo,gene_jepa,morgan,xrfm,cell_only,drug_emb,within_drug,AUROC,0.4804912569878986,0.0015861300599192688,3,10.0,results/zenodo/ablation/cellonly/loclo_loo__gene_jepa__morgan__xrfm
loclo_loo,gene_jepa,morgan,xrfm,cell_only,drug_emb,within_cell_line,MCC,0.06119593662902523,0.004543425544723637,3,12.0,results/zenodo/ablation/cellonly/loclo_loo__gene_jepa__morgan__xrfm
loclo_loo,gene_jepa,morgan,xrfm,cell_only,drug_emb,within_cell_line,AUROC,0.533931857321944,0.003245547333960547,3,12.0,results/zenodo/ablation/cellonly/loclo_loo__gene_jepa__morgan__xrfm
loclo_loo,gene_jepa,morgan,xrfm,cell_only,drug_emb,overall,MCC,0.0611959366290252,0.038170382673261,12,,results/zenodo/ablation/cellonly/loclo_loo__gene_jepa__morgan__xrfm
loclo_loo,gene_jepa,morgan,xrfm,cell_only,drug_emb,overall,AUROC,0.533931857321944,0.0346268243019517,12,,results/zenodo/ablation/cellonly/loclo_loo__gene_jepa__morgan__xrfm
loclo_loo,gformer_cancer,morgan,lightgbm,cell_only,drug_emb,within_drug,MCC,0.05418620821873881,0.002268102874793724,3,10.0,results/zenodo/ablation/cellonly/loclo_loo__gformer_cancer__morgan__lightgbm
loclo_loo,gformer_cancer,morgan,lightgbm,cell_only,drug_emb,within_drug,AUROC,0.5015049729872433,0.004529216259721172,3,10.0,results/zenodo/ablation/cellonly/loclo_loo__gformer_cancer__morgan__lightgbm
loclo_loo,gformer_cancer,morgan,lightgbm,cell_only,drug_emb,within_cell_line,MCC,0.18654222712334126,0.00933883833029435,3,12.0,results/zenodo/ablation/cellonly/loclo_loo__gformer_cancer__morgan__lightgbm
loclo_loo,gformer_cancer,morgan,lightgbm,cell_only,drug_emb,within_cell_line,AUROC,0.6301162761262945,0.002497799714427572,3,12.0,results/zenodo/ablation/cellonly/loclo_loo__gformer_cancer__morgan__lightgbm
loclo_loo,gformer_cancer,morgan,lightgbm,cell_only,drug_emb,overall,MCC,0.1865422271233413,0.0935674852747176,12,,results/zenodo/ablation/cellonly/loclo_loo__gformer_cancer__morgan__lightgbm
loclo_loo,gformer_cancer,morgan,lightgbm,cell_only,drug_emb,overall,AUROC,0.6301162761262946,0.06291448396166,12,,results/zenodo/ablation/cellonly/loclo_loo__gformer_cancer__morgan__lightgbm
loclo_loo,gformer_cancer,morgan,mlp,cell_only,drug_emb,within_drug,MCC,0.012422233278609376,0.009614723775657266,3,10.0,results/zenodo/ablation/cellonly/loclo_loo__gformer_cancer__morgan__mlp
loclo_loo,gformer_cancer,morgan,mlp,cell_only,drug_emb,within_drug,AUROC,0.47855413693894794,0.001721696856804515,3,10.0,results/zenodo/ablation/cellonly/loclo_loo__gformer_cancer__morgan__mlp
loclo_loo,gformer_cancer,morgan,mlp,cell_only,drug_emb,within_cell_line,MCC,0.1762774202430892,0.008431399332503652,3,12.0,results/zenodo/ablation/cellonly/loclo_loo__gformer_cancer__morgan__mlp
loclo_loo,gformer_cancer,morgan,mlp,cell_only,drug_emb,within_cell_line,AUROC,0.5865421827852922,0.006723760315413187,3,12.0,results/zenodo/ablation/cellonly/loclo_loo__gformer_cancer__morgan__mlp
loclo_loo,gformer_cancer,morgan,mlp,cell_only,drug_emb,overall,MCC,0.1762774202430892,0.1039850164582701,12,,results/zenodo/ablation/cellonly/loclo_loo__gformer_cancer__morgan__mlp
loclo_loo,gformer_cancer,morgan,mlp,cell_only,drug_emb,overall,AUROC,0.5865421827852922,0.0706118299987063,12,,results/zenodo/ablation/cellonly/loclo_loo__gformer_cancer__morgan__mlp
loclo_loo,gformer_cancer,morgan,xrfm,cell_only,drug_emb,within_drug,MCC,0.07725964352590253,0.006047846363406361,3,10.0,results/zenodo/ablation/cellonly/loclo_loo__gformer_cancer__morgan__xrfm
loclo_loo,gformer_cancer,morgan,xrfm,cell_only,drug_emb,within_drug,AUROC,0.5257339294347448,0.011275647393277105,3,10.0,results/zenodo/ablation/cellonly/loclo_loo__gformer_cancer__morgan__xrfm
loclo_loo,gformer_cancer,morgan,xrfm,cell_only,drug_emb,within_cell_line,MCC,0.20934690902557884,0.013118884919838161,3,12.0,results/zenodo/ablation/cellonly/loclo_loo__gformer_cancer__morgan__xrfm
loclo_loo,gformer_cancer,morgan,xrfm,cell_only,drug_emb,within_cell_line,AUROC,0.648329755776225,0.010138337749412293,3,12.0,results/zenodo/ablation/cellonly/loclo_loo__gformer_cancer__morgan__xrfm
loclo_loo,gformer_cancer,morgan,xrfm,cell_only,drug_emb,overall,MCC,0.2093469090255788,0.1002884961686539,12,,results/zenodo/ablation/cellonly/loclo_loo__gformer_cancer__morgan__xrfm
loclo_loo,gformer_cancer,morgan,xrfm,cell_only,drug_emb,overall,AUROC,0.648329755776225,0.0702339252674369,12,,results/zenodo/ablation/cellonly/loclo_loo__gformer_cancer__morgan__xrfm
loclo_loo,pca,morgan,lightgbm,cell_only,drug_emb,within_drug,MCC,-0.040281346996844485,0.00451334450490055,3,10.0,results/zenodo/ablation/cellonly/loclo_loo__pca__morgan__lightgbm
loclo_loo,pca,morgan,lightgbm,cell_only,drug_emb,within_drug,AUROC,0.46394593542082746,0.00198532524876662,3,10.0,results/zenodo/ablation/cellonly/loclo_loo__pca__morgan__lightgbm
loclo_loo,pca,morgan,lightgbm,cell_only,drug_emb,within_cell_line,MCC,0.17371688528803378,0.005870422848932865,3,12.0,results/zenodo/ablation/cellonly/loclo_loo__pca__morgan__lightgbm
loclo_loo,pca,morgan,lightgbm,cell_only,drug_emb,within_cell_line,AUROC,0.6277683558261186,0.005413058140704497,3,12.0,results/zenodo/ablation/cellonly/loclo_loo__pca__morgan__lightgbm
loclo_loo,pca,morgan,lightgbm,cell_only,drug_emb,overall,MCC,0.1737168852880337,0.1157601853908021,12,,results/zenodo/ablation/cellonly/loclo_loo__pca__morgan__lightgbm
loclo_loo,pca,morgan,lightgbm,cell_only,drug_emb,overall,AUROC,0.6277683558261188,0.0742190578040742,12,,results/zenodo/ablation/cellonly/loclo_loo__pca__morgan__lightgbm
loclo_loo,pca,morgan,mlp,cell_only,drug_emb,within_drug,MCC,-0.13014920286921983,0.009704500788418925,3,10.0,results/zenodo/ablation/cellonly/loclo_loo__pca__morgan__mlp
loclo_loo,pca,morgan,mlp,cell_only,drug_emb,within_drug,AUROC,0.41127559268946506,0.003920712023873744,3,10.0,results/zenodo/ablation/cellonly/loclo_loo__pca__morgan__mlp
loclo_loo,pca,morgan,mlp,cell_only,drug_emb,within_cell_line,MCC,0.03426423598741713,0.00469624248532051,3,12.0,results/zenodo/ablation/cellonly/loclo_loo__pca__morgan__mlp
loclo_loo,pca,morgan,mlp,cell_only,drug_emb,within_cell_line,AUROC,0.5426733793266871,0.009853139178464781,3,12.0,results/zenodo/ablation/cellonly/loclo_loo__pca__morgan__mlp
loclo_loo,pca,morgan,mlp,cell_only,drug_emb,overall,MCC,0.0342642359874171,0.0976395649506349,12,,results/zenodo/ablation/cellonly/loclo_loo__pca__morgan__mlp
loclo_loo,pca,morgan,mlp,cell_only,drug_emb,overall,AUROC,0.5426733793266872,0.0704914829661193,12,,results/zenodo/ablation/cellonly/loclo_loo__pca__morgan__mlp
loclo_loo,pca,morgan,xrfm,cell_only,drug_emb,within_drug,MCC,0.0027525435830386,0.00608429707185763,3,10.0,results/zenodo/ablation/cellonly/loclo_loo__pca__morgan__xrfm
loclo_loo,pca,morgan,xrfm,cell_only,drug_emb,within_drug,AUROC,0.447637309268129,0.004038138243526418,3,10.0,results/zenodo/ablation/cellonly/loclo_loo__pca__morgan__xrfm
loclo_loo,pca,morgan,xrfm,cell_only,drug_emb,within_cell_line,MCC,0.13148696637478183,0.010060713189131302,3,12.0,results/zenodo/ablation/cellonly/loclo_loo__pca__morgan__xrfm
loclo_loo,pca,morgan,xrfm,cell_only,drug_emb,within_cell_line,AUROC,0.6260517659227556,0.002224436877646642,3,12.0,results/zenodo/ablation/cellonly/loclo_loo__pca__morgan__xrfm
loclo_loo,pca,morgan,xrfm,cell_only,drug_emb,overall,MCC,0.1314869663747818,0.0887398927928859,12,,results/zenodo/ablation/cellonly/loclo_loo__pca__morgan__xrfm
loclo_loo,pca,morgan,xrfm,cell_only,drug_emb,overall,AUROC,0.6260517659227556,0.076291892294904,12,,results/zenodo/ablation/cellonly/loclo_loo__pca__morgan__xrfm
loclo_loo,scgpt_pan,morgan,lightgbm,cell_only,drug_emb,within_drug,MCC,-0.01918514322845662,0.004896458073475402,3,10.0,results/zenodo/ablation/cellonly/loclo_loo__scgpt_pan__morgan__lightgbm
loclo_loo,scgpt_pan,morgan,lightgbm,cell_only,drug_emb,within_drug,AUROC,0.472578933938032,0.004042118290025559,3,10.0,results/zenodo/ablation/cellonly/loclo_loo__scgpt_pan__morgan__lightgbm
loclo_loo,scgpt_pan,morgan,lightgbm,cell_only,drug_emb,within_cell_line,MCC,0.15157250337871372,0.0007049905395024992,3,12.0,results/zenodo/ablation/cellonly/loclo_loo__scgpt_pan__morgan__lightgbm
loclo_loo,scgpt_pan,morgan,lightgbm,cell_only,drug_emb,within_cell_line,AUROC,0.6122236996741174,0.002661996048097718,3,12.0,results/zenodo/ablation/cellonly/loclo_loo__scgpt_pan__morgan__lightgbm
loclo_loo,scgpt_pan,morgan,lightgbm,cell_only,drug_emb,overall,MCC,0.1515725033787137,0.0956828715808514,12,,results/zenodo/ablation/cellonly/loclo_loo__scgpt_pan__morgan__lightgbm
loclo_loo,scgpt_pan,morgan,lightgbm,cell_only,drug_emb,overall,AUROC,0.6122236996741174,0.0662464205757231,12,,results/zenodo/ablation/cellonly/loclo_loo__scgpt_pan__morgan__lightgbm
loclo_loo,scgpt_pan,morgan,mlp,cell_only,drug_emb,within_drug,MCC,-0.11391080254571324,0.003262455841170492,3,10.0,results/zenodo/ablation/cellonly/loclo_loo__scgpt_pan__morgan__mlp
loclo_loo,scgpt_pan,morgan,mlp,cell_only,drug_emb,within_drug,AUROC,0.4362444710679115,0.005406370259676378,3,10.0,results/zenodo/ablation/cellonly/loclo_loo__scgpt_pan__morgan__mlp
loclo_loo,scgpt_pan,morgan,mlp,cell_only,drug_emb,within_cell_line,MCC,0.10525367975791344,0.007744814912748941,3,12.0,results/zenodo/ablation/cellonly/loclo_loo__scgpt_pan__morgan__mlp
loclo_loo,scgpt_pan,morgan,mlp,cell_only,drug_emb,within_cell_line,AUROC,0.5781881154948829,0.00761138525341902,3,12.0,results/zenodo/ablation/cellonly/loclo_loo__scgpt_pan__morgan__mlp
loclo_loo,scgpt_pan,morgan,mlp,cell_only,drug_emb,overall,MCC,0.1052536797579134,0.0948811043243354,12,,results/zenodo/ablation/cellonly/loclo_loo__scgpt_pan__morgan__mlp
loclo_loo,scgpt_pan,morgan,mlp,cell_only,drug_emb,overall,AUROC,0.5781881154948828,0.0671489827627318,12,,results/zenodo/ablation/cellonly/loclo_loo__scgpt_pan__morgan__mlp
loclo_loo,scgpt_pan,morgan,xrfm,cell_only,drug_emb,within_drug,MCC,-0.04103290855876519,0.003925553004879166,3,10.0,results/zenodo/ablation/cellonly/loclo_loo__scgpt_pan__morgan__xrfm
loclo_loo,scgpt_pan,morgan,xrfm,cell_only,drug_emb,within_drug,AUROC,0.4674173481242854,0.008802366295949795,3,10.0,results/zenodo/ablation/cellonly/loclo_loo__scgpt_pan__morgan__xrfm
loclo_loo,scgpt_pan,morgan,xrfm,cell_only,drug_emb,within_cell_line,MCC,0.12195696862940852,0.010368766126442412,3,12.0,results/zenodo/ablation/cellonly/loclo_loo__scgpt_pan__morgan__xrfm
loclo_loo,scgpt_pan,morgan,xrfm,cell_only,drug_emb,within_cell_line,AUROC,0.6074284182010402,0.0059232844705824775,3,12.0,results/zenodo/ablation/cellonly/loclo_loo__scgpt_pan__morgan__xrfm
loclo_loo,scgpt_pan,morgan,xrfm,cell_only,drug_emb,overall,MCC,0.1219569686294085,0.0931865831377056,12,,results/zenodo/ablation/cellonly/loclo_loo__scgpt_pan__morgan__xrfm
loclo_loo,scgpt_pan,morgan,xrfm,cell_only,drug_emb,overall,AUROC,0.6074284182010404,0.0683038447315631,12,,results/zenodo/ablation/cellonly/loclo_loo__scgpt_pan__morgan__xrfm
lodo_loo,gene_jepa,morgan,lightgbm,cell_only,drug_emb,within_drug,MCC,0.19372266075367897,0.0016704947307106537,3,10.0,results/zenodo/ablation/cellonly/lodo_loo__gene_jepa__morgan__lightgbm
lodo_loo,gene_jepa,morgan,lightgbm,cell_only,drug_emb,within_drug,AUROC,0.5969502789561323,0.0009244668393490895,3,10.0,results/zenodo/ablation/cellonly/lodo_loo__gene_jepa__morgan__lightgbm
lodo_loo,gene_jepa,morgan,lightgbm,cell_only,drug_emb,within_cell_line,MCC,0.20523988891943581,0.0014850097054250361,3,12.0,results/zenodo/ablation/cellonly/lodo_loo__gene_jepa__morgan__lightgbm
lodo_loo,gene_jepa,morgan,lightgbm,cell_only,drug_emb,within_cell_line,AUROC,0.5999574516959884,0.0019677853376153225,3,12.0,results/zenodo/ablation/cellonly/lodo_loo__gene_jepa__morgan__lightgbm
lodo_loo,gene_jepa,morgan,lightgbm,cell_only,drug_emb,overall,MCC,0.193722660753679,0.1009456333918182,10,,results/zenodo/ablation/cellonly/lodo_loo__gene_jepa__morgan__lightgbm
lodo_loo,gene_jepa,morgan,lightgbm,cell_only,drug_emb,overall,AUROC,0.5969502789561323,0.0619636086712673,10,,results/zenodo/ablation/cellonly/lodo_loo__gene_jepa__morgan__lightgbm
lodo_loo,gene_jepa,morgan,mlp,cell_only,drug_emb,within_drug,MCC,0.021973983004731478,0.0048949373152041295,3,10.0,results/zenodo/ablation/cellonly/lodo_loo__gene_jepa__morgan__mlp
lodo_loo,gene_jepa,morgan,mlp,cell_only,drug_emb,within_drug,AUROC,0.497961659605703,0.0011931405669191252,3,10.0,results/zenodo/ablation/cellonly/lodo_loo__gene_jepa__morgan__mlp
lodo_loo,gene_jepa,morgan,mlp,cell_only,drug_emb,within_cell_line,MCC,0.029793825617962802,0.0016680637659193425,3,12.0,results/zenodo/ablation/cellonly/lodo_loo__gene_jepa__morgan__mlp
lodo_loo,gene_jepa,morgan,mlp,cell_only,drug_emb,within_cell_line,AUROC,0.522568160539067,0.005779506651477535,3,12.0,results/zenodo/ablation/cellonly/lodo_loo__gene_jepa__morgan__mlp
lodo_loo,gene_jepa,morgan,mlp,cell_only,drug_emb,overall,MCC,0.0219739830047314,0.0399287861472523,10,,results/zenodo/ablation/cellonly/lodo_loo__gene_jepa__morgan__mlp
lodo_loo,gene_jepa,morgan,mlp,cell_only,drug_emb,overall,AUROC,0.4979616596057029,0.0406572341699283,10,,results/zenodo/ablation/cellonly/lodo_loo__gene_jepa__morgan__mlp
lodo_loo,gene_jepa,morgan,xrfm,cell_only,drug_emb,within_drug,MCC,0.1704947730283195,0.004817957499003986,3,10.0,results/zenodo/ablation/cellonly/lodo_loo__gene_jepa__morgan__xrfm
lodo_loo,gene_jepa,morgan,xrfm,cell_only,drug_emb,within_drug,AUROC,0.6202863746503514,0.0024397074658094107,3,10.0,results/zenodo/ablation/cellonly/lodo_loo__gene_jepa__morgan__xrfm
lodo_loo,gene_jepa,morgan,xrfm,cell_only,drug_emb,within_cell_line,MCC,0.14955191578681182,0.0018474166633784632,3,12.0,results/zenodo/ablation/cellonly/lodo_loo__gene_jepa__morgan__xrfm
lodo_loo,gene_jepa,morgan,xrfm,cell_only,drug_emb,within_cell_line,AUROC,0.580840123892869,0.0021179623272242153,3,12.0,results/zenodo/ablation/cellonly/lodo_loo__gene_jepa__morgan__xrfm
lodo_loo,gene_jepa,morgan,xrfm,cell_only,drug_emb,overall,MCC,0.1704947730283194,0.0996406834034617,10,,results/zenodo/ablation/cellonly/lodo_loo__gene_jepa__morgan__xrfm
lodo_loo,gene_jepa,morgan,xrfm,cell_only,drug_emb,overall,AUROC,0.6202863746503515,0.065690934886492,10,,results/zenodo/ablation/cellonly/lodo_loo__gene_jepa__morgan__xrfm
lodo_loo,gformer_cancer,morgan,lightgbm,cell_only,drug_emb,within_drug,MCC,0.24820008972494656,0.0033652934975652382,3,10.0,results/zenodo/ablation/cellonly/lodo_loo__gformer_cancer__morgan__lightgbm
lodo_loo,gformer_cancer,morgan,lightgbm,cell_only,drug_emb,within_drug,AUROC,0.6417033896670288,0.0023210887812597156,3,10.0,results/zenodo/ablation/cellonly/lodo_loo__gformer_cancer__morgan__lightgbm
lodo_loo,gformer_cancer,morgan,lightgbm,cell_only,drug_emb,within_cell_line,MCC,0.1718690730982223,0.0019384340336026892,3,12.0,results/zenodo/ablation/cellonly/lodo_loo__gformer_cancer__morgan__lightgbm
lodo_loo,gformer_cancer,morgan,lightgbm,cell_only,drug_emb,within_cell_line,AUROC,0.5810388929922232,0.003688299034370057,3,12.0,results/zenodo/ablation/cellonly/lodo_loo__gformer_cancer__morgan__lightgbm
lodo_loo,gformer_cancer,morgan,lightgbm,cell_only,drug_emb,overall,MCC,0.2482000897249466,0.1343656067175777,10,,results/zenodo/ablation/cellonly/lodo_loo__gformer_cancer__morgan__lightgbm
lodo_loo,gformer_cancer,morgan,lightgbm,cell_only,drug_emb,overall,AUROC,0.6417033896670288,0.0825807685120837,10,,results/zenodo/ablation/cellonly/lodo_loo__gformer_cancer__morgan__lightgbm
lodo_loo,gformer_cancer,morgan,mlp,cell_only,drug_emb,within_drug,MCC,0.18986285645232467,0.0017604536791410628,3,10.0,results/zenodo/ablation/cellonly/lodo_loo__gformer_cancer__morgan__mlp
lodo_loo,gformer_cancer,morgan,mlp,cell_only,drug_emb,within_drug,AUROC,0.6115423741435703,0.005290152100923226,3,10.0,results/zenodo/ablation/cellonly/lodo_loo__gformer_cancer__morgan__mlp
lodo_loo,gformer_cancer,morgan,mlp,cell_only,drug_emb,within_cell_line,MCC,0.18349681753058386,0.00424694327926856,3,12.0,results/zenodo/ablation/cellonly/lodo_loo__gformer_cancer__morgan__mlp
lodo_loo,gformer_cancer,morgan,mlp,cell_only,drug_emb,within_cell_line,AUROC,0.5825588684207323,0.004860078477367967,3,12.0,results/zenodo/ablation/cellonly/lodo_loo__gformer_cancer__morgan__mlp
lodo_loo,gformer_cancer,morgan,mlp,cell_only,drug_emb,overall,MCC,0.1898628564523247,0.1400380555103053,10,,results/zenodo/ablation/cellonly/lodo_loo__gformer_cancer__morgan__mlp
lodo_loo,gformer_cancer,morgan,mlp,cell_only,drug_emb,overall,AUROC,0.6115423741435702,0.084924534986807,10,,results/zenodo/ablation/cellonly/lodo_loo__gformer_cancer__morgan__mlp
lodo_loo,gformer_cancer,morgan,xrfm,cell_only,drug_emb,within_drug,MCC,0.2688924077932722,0.014167287441449069,3,10.0,results/zenodo/ablation/cellonly/lodo_loo__gformer_cancer__morgan__xrfm
lodo_loo,gformer_cancer,morgan,xrfm,cell_only,drug_emb,within_drug,AUROC,0.6654891424056579,0.011859596893233425,3,10.0,results/zenodo/ablation/cellonly/lodo_loo__gformer_cancer__morgan__xrfm
lodo_loo,gformer_cancer,morgan,xrfm,cell_only,drug_emb,within_cell_line,MCC,0.1869943412997357,0.020786283832933145,3,12.0,results/zenodo/ablation/cellonly/lodo_loo__gformer_cancer__morgan__xrfm
lodo_loo,gformer_cancer,morgan,xrfm,cell_only,drug_emb,within_cell_line,AUROC,0.5959561953173642,0.01975828493574132,3,12.0,results/zenodo/ablation/cellonly/lodo_loo__gformer_cancer__morgan__xrfm
lodo_loo,gformer_cancer,morgan,xrfm,cell_only,drug_emb,overall,MCC,0.2688924077932721,0.1318949719325929,10,,results/zenodo/ablation/cellonly/lodo_loo__gformer_cancer__morgan__xrfm
lodo_loo,gformer_cancer,morgan,xrfm,cell_only,drug_emb,overall,AUROC,0.6654891424056579,0.0765041788289389,10,,results/zenodo/ablation/cellonly/lodo_loo__gformer_cancer__morgan__xrfm
lodo_loo,pca,morgan,lightgbm,cell_only,drug_emb,within_drug,MCC,0.2177923916268627,0.004956305442590431,3,10.0,results/zenodo/ablation/cellonly/lodo_loo__pca__morgan__lightgbm
lodo_loo,pca,morgan,lightgbm,cell_only,drug_emb,within_drug,AUROC,0.6358492577780379,0.0050931964570065675,3,10.0,results/zenodo/ablation/cellonly/lodo_loo__pca__morgan__lightgbm
lodo_loo,pca,morgan,lightgbm,cell_only,drug_emb,within_cell_line,MCC,0.1661212156132801,0.00042757256635786195,3,12.0,results/zenodo/ablation/cellonly/lodo_loo__pca__morgan__lightgbm
lodo_loo,pca,morgan,lightgbm,cell_only,drug_emb,within_cell_line,AUROC,0.5866012150584586,0.0026307240936159645,3,12.0,results/zenodo/ablation/cellonly/lodo_loo__pca__morgan__lightgbm
lodo_loo,pca,morgan,lightgbm,cell_only,drug_emb,overall,MCC,0.2177923916268627,0.128216914286996,10,,results/zenodo/ablation/cellonly/lodo_loo__pca__morgan__lightgbm
lodo_loo,pca,morgan,lightgbm,cell_only,drug_emb,overall,AUROC,0.6358492577780379,0.0818089182922034,10,,results/zenodo/ablation/cellonly/lodo_loo__pca__morgan__lightgbm
lodo_loo,pca,morgan,mlp,cell_only,drug_emb,within_drug,MCC,0.06917346517233375,0.012500331296247573,3,10.0,results/zenodo/ablation/cellonly/lodo_loo__pca__morgan__mlp
lodo_loo,pca,morgan,mlp,cell_only,drug_emb,within_drug,AUROC,0.54719601781617,0.008239756036922372,3,10.0,results/zenodo/ablation/cellonly/lodo_loo__pca__morgan__mlp
lodo_loo,pca,morgan,mlp,cell_only,drug_emb,within_cell_line,MCC,0.07880099652273442,0.005848631080828345,3,12.0,results/zenodo/ablation/cellonly/lodo_loo__pca__morgan__mlp
lodo_loo,pca,morgan,mlp,cell_only,drug_emb,within_cell_line,AUROC,0.5369685341269395,0.006905881748974949,3,12.0,results/zenodo/ablation/cellonly/lodo_loo__pca__morgan__mlp
lodo_loo,pca,morgan,mlp,cell_only,drug_emb,overall,MCC,0.0691734651723337,0.0905558653499764,10,,results/zenodo/ablation/cellonly/lodo_loo__pca__morgan__mlp
lodo_loo,pca,morgan,mlp,cell_only,drug_emb,overall,AUROC,0.5471960178161701,0.0726228101376105,10,,results/zenodo/ablation/cellonly/lodo_loo__pca__morgan__mlp
lodo_loo,pca,morgan,xrfm,cell_only,drug_emb,within_drug,MCC,0.20923565122557342,0.0021935524160125825,3,10.0,results/zenodo/ablation/cellonly/lodo_loo__pca__morgan__xrfm
lodo_loo,pca,morgan,xrfm,cell_only,drug_emb,within_drug,AUROC,0.6324814502996207,0.004239150886047395,3,10.0,results/zenodo/ablation/cellonly/lodo_loo__pca__morgan__xrfm
lodo_loo,pca,morgan,xrfm,cell_only,drug_emb,within_cell_line,MCC,0.16219741073218333,0.0167382205513603,3,12.0,results/zenodo/ablation/cellonly/lodo_loo__pca__morgan__xrfm
lodo_loo,pca,morgan,xrfm,cell_only,drug_emb,within_cell_line,AUROC,0.5691461137650861,0.015616538341980856,3,12.0,results/zenodo/ablation/cellonly/lodo_loo__pca__morgan__xrfm
lodo_loo,pca,morgan,xrfm,cell_only,drug_emb,overall,MCC,0.2092356512255734,0.1359962538042292,10,,results/zenodo/ablation/cellonly/lodo_loo__pca__morgan__xrfm
lodo_loo,pca,morgan,xrfm,cell_only,drug_emb,overall,AUROC,0.6324814502996207,0.0906005881235308,10,,results/zenodo/ablation/cellonly/lodo_loo__pca__morgan__xrfm
lodo_loo,scgpt_pan,morgan,lightgbm,cell_only,drug_emb,within_drug,MCC,0.20226419747232485,0.0044263070270164915,3,10.0,results/zenodo/ablation/cellonly/lodo_loo__scgpt_pan__morgan__lightgbm
lodo_loo,scgpt_pan,morgan,lightgbm,cell_only,drug_emb,within_drug,AUROC,0.6233663374762883,0.002192177305486182,3,10.0,results/zenodo/ablation/cellonly/lodo_loo__scgpt_pan__morgan__lightgbm
lodo_loo,scgpt_pan,morgan,lightgbm,cell_only,drug_emb,within_cell_line,MCC,0.08371053061101087,0.001467354879685426,3,12.0,results/zenodo/ablation/cellonly/lodo_loo__scgpt_pan__morgan__lightgbm
lodo_loo,scgpt_pan,morgan,lightgbm,cell_only,drug_emb,within_cell_line,AUROC,0.5292855739402168,0.001505612270495684,3,12.0,results/zenodo/ablation/cellonly/lodo_loo__scgpt_pan__morgan__lightgbm
lodo_loo,scgpt_pan,morgan,lightgbm,cell_only,drug_emb,overall,MCC,0.2022641974723248,0.1396940232409639,10,,results/zenodo/ablation/cellonly/lodo_loo__scgpt_pan__morgan__lightgbm
lodo_loo,scgpt_pan,morgan,lightgbm,cell_only,drug_emb,overall,AUROC,0.6233663374762883,0.0861446258427452,10,,results/zenodo/ablation/cellonly/lodo_loo__scgpt_pan__morgan__lightgbm
lodo_loo,scgpt_pan,morgan,mlp,cell_only,drug_emb,within_drug,MCC,0.08483184013325935,0.0027589549167351952,3,10.0,results/zenodo/ablation/cellonly/lodo_loo__scgpt_pan__morgan__mlp
lodo_loo,scgpt_pan,morgan,mlp,cell_only,drug_emb,within_drug,AUROC,0.5706889978644489,0.006021736192322523,3,10.0,results/zenodo/ablation/cellonly/lodo_loo__scgpt_pan__morgan__mlp
lodo_loo,scgpt_pan,morgan,mlp,cell_only,drug_emb,within_cell_line,MCC,0.09322203162935554,0.0017830915718919957,3,12.0,results/zenodo/ablation/cellonly/lodo_loo__scgpt_pan__morgan__mlp
lodo_loo,scgpt_pan,morgan,mlp,cell_only,drug_emb,within_cell_line,AUROC,0.549066401555565,0.0071755286393914534,3,12.0,results/zenodo/ablation/cellonly/lodo_loo__scgpt_pan__morgan__mlp
lodo_loo,scgpt_pan,morgan,mlp,cell_only,drug_emb,overall,MCC,0.0848318401332594,0.1203687016400085,10,,results/zenodo/ablation/cellonly/lodo_loo__scgpt_pan__morgan__mlp
lodo_loo,scgpt_pan,morgan,mlp,cell_only,drug_emb,overall,AUROC,0.5706889978644489,0.0757338010447376,10,,results/zenodo/ablation/cellonly/lodo_loo__scgpt_pan__morgan__mlp
lodo_loo,scgpt_pan,morgan,xrfm,cell_only,drug_emb,within_drug,MCC,0.13628721662247154,0.01355489178263335,3,10.0,results/zenodo/ablation/cellonly/lodo_loo__scgpt_pan__morgan__xrfm
lodo_loo,scgpt_pan,morgan,xrfm,cell_only,drug_emb,within_drug,AUROC,0.6074945651988631,0.01352314022403641,3,10.0,results/zenodo/ablation/cellonly/lodo_loo__scgpt_pan__morgan__xrfm
lodo_loo,scgpt_pan,morgan,xrfm,cell_only,drug_emb,within_cell_line,MCC,0.11747474245446728,0.008329414522545497,3,12.0,results/zenodo/ablation/cellonly/lodo_loo__scgpt_pan__morgan__xrfm
lodo_loo,scgpt_pan,morgan,xrfm,cell_only,drug_emb,within_cell_line,AUROC,0.5317650733120621,0.01838691510492533,3,12.0,results/zenodo/ablation/cellonly/lodo_loo__scgpt_pan__morgan__xrfm
lodo_loo,scgpt_pan,morgan,xrfm,cell_only,drug_emb,overall,MCC,0.1362872166224715,0.1438568524619876,10,,results/zenodo/ablation/cellonly/lodo_loo__scgpt_pan__morgan__xrfm
lodo_loo,scgpt_pan,morgan,xrfm,cell_only,drug_emb,overall,AUROC,0.6074945651988631,0.0964838945762798,10,,results/zenodo/ablation/cellonly/lodo_loo__scgpt_pan__morgan__xrfm
pairzs_withleak,gene_jepa,morgan,lightgbm,cell_only,drug_emb,within_drug,MCC,0.12589187177751537,0.03407758630817155,3,10.0,results/zenodo/ablation/cellonly/pairzs_withleak__gene_jepa__morgan__lightgbm
pairzs_withleak,gene_jepa,morgan,lightgbm,cell_only,drug_emb,within_drug,AUROC,0.554821228382536,0.01584729719431621,3,10.0,results/zenodo/ablation/cellonly/pairzs_withleak__gene_jepa__morgan__lightgbm
pairzs_withleak,gene_jepa,morgan,lightgbm,cell_only,drug_emb,within_cell_line,MCC,0.09887951383079736,0.0291827500284318,3,12.0,results/zenodo/ablation/cellonly/pairzs_withleak__gene_jepa__morgan__lightgbm
pairzs_withleak,gene_jepa,morgan,lightgbm,cell_only,drug_emb,within_cell_line,AUROC,0.5516737570734164,0.014544456137007515,3,12.0,results/zenodo/ablation/cellonly/pairzs_withleak__gene_jepa__morgan__lightgbm
pairzs_withleak,gene_jepa,morgan,lightgbm,cell_only,drug_emb,overall,MCC,0.0197071512645031,0.0535117210174533,10,,results/zenodo/ablation/cellonly/pairzs_withleak__gene_jepa__morgan__lightgbm
pairzs_withleak,gene_jepa,morgan,lightgbm,cell_only,drug_emb,overall,AUROC,0.4933593169266608,0.0490366555283161,10,,results/zenodo/ablation/cellonly/pairzs_withleak__gene_jepa__morgan__lightgbm
pairzs_withleak,gene_jepa,morgan,mlp,cell_only,drug_emb,within_drug,MCC,-0.05086179262942164,0.0085047956321584,3,10.0,results/zenodo/ablation/cellonly/pairzs_withleak__gene_jepa__morgan__mlp
pairzs_withleak,gene_jepa,morgan,mlp,cell_only,drug_emb,within_drug,AUROC,0.45878480034420527,0.0032617916355021145,3,10.0,results/zenodo/ablation/cellonly/pairzs_withleak__gene_jepa__morgan__mlp
pairzs_withleak,gene_jepa,morgan,mlp,cell_only,drug_emb,within_cell_line,MCC,-0.021217111684457033,0.013196075663474569,3,12.0,results/zenodo/ablation/cellonly/pairzs_withleak__gene_jepa__morgan__mlp
pairzs_withleak,gene_jepa,morgan,mlp,cell_only,drug_emb,within_cell_line,AUROC,0.46996942331143504,0.006628710370470569,3,12.0,results/zenodo/ablation/cellonly/pairzs_withleak__gene_jepa__morgan__mlp
pairzs_withleak,gene_jepa,morgan,mlp,cell_only,drug_emb,overall,MCC,-0.0385154244431086,0.0437215223575633,10,,results/zenodo/ablation/cellonly/pairzs_withleak__gene_jepa__morgan__mlp
pairzs_withleak,gene_jepa,morgan,mlp,cell_only,drug_emb,overall,AUROC,0.4290706582703185,0.0474552167195448,10,,results/zenodo/ablation/cellonly/pairzs_withleak__gene_jepa__morgan__mlp
pairzs_withleak,gene_jepa,morgan,xrfm,cell_only,drug_emb,within_drug,MCC,0.09645387849674551,0.031207350602132457,3,10.0,results/zenodo/ablation/cellonly/pairzs_withleak__gene_jepa__morgan__xrfm
pairzs_withleak,gene_jepa,morgan,xrfm,cell_only,drug_emb,within_drug,AUROC,0.5708662759937498,0.016078448398289036,3,10.0,results/zenodo/ablation/cellonly/pairzs_withleak__gene_jepa__morgan__xrfm
pairzs_withleak,gene_jepa,morgan,xrfm,cell_only,drug_emb,within_cell_line,MCC,0.07726008992459649,0.026146917467399628,3,12.0,results/zenodo/ablation/cellonly/pairzs_withleak__gene_jepa__morgan__xrfm
pairzs_withleak,gene_jepa,morgan,xrfm,cell_only,drug_emb,within_cell_line,AUROC,0.550646658028862,0.01584902444930461,3,12.0,results/zenodo/ablation/cellonly/pairzs_withleak__gene_jepa__morgan__xrfm
pairzs_withleak,gene_jepa,morgan,xrfm,cell_only,drug_emb,overall,MCC,0.0135298063412936,0.0511255279211269,10,,results/zenodo/ablation/cellonly/pairzs_withleak__gene_jepa__morgan__xrfm
pairzs_withleak,gene_jepa,morgan,xrfm,cell_only,drug_emb,overall,AUROC,0.5154023930152013,0.0549115874160709,10,,results/zenodo/ablation/cellonly/pairzs_withleak__gene_jepa__morgan__xrfm
pairzs_withleak,gformer_cancer,morgan,lightgbm,cell_only,drug_emb,within_drug,MCC,0.18331703014981945,0.04366405314984989,3,10.0,results/zenodo/ablation/cellonly/pairzs_withleak__gformer_cancer__morgan__lightgbm
pairzs_withleak,gformer_cancer,morgan,lightgbm,cell_only,drug_emb,within_drug,AUROC,0.6134524699642833,0.012345435891277746,3,10.0,results/zenodo/ablation/cellonly/pairzs_withleak__gformer_cancer__morgan__lightgbm
pairzs_withleak,gformer_cancer,morgan,lightgbm,cell_only,drug_emb,within_cell_line,MCC,0.15903382763267693,0.05030421376515914,3,12.0,results/zenodo/ablation/cellonly/pairzs_withleak__gformer_cancer__morgan__lightgbm
pairzs_withleak,gformer_cancer,morgan,lightgbm,cell_only,drug_emb,within_cell_line,AUROC,0.6367194012896638,0.014593898796207908,3,12.0,results/zenodo/ablation/cellonly/pairzs_withleak__gformer_cancer__morgan__lightgbm
pairzs_withleak,gformer_cancer,morgan,lightgbm,cell_only,drug_emb,overall,MCC,0.1081399282194912,0.0907519882864291,10,,results/zenodo/ablation/cellonly/pairzs_withleak__gformer_cancer__morgan__lightgbm
pairzs_withleak,gformer_cancer,morgan,lightgbm,cell_only,drug_emb,overall,AUROC,0.5709231290392663,0.0675387519730547,10,,results/zenodo/ablation/cellonly/pairzs_withleak__gformer_cancer__morgan__lightgbm
pairzs_withleak,gformer_cancer,morgan,mlp,cell_only,drug_emb,within_drug,MCC,0.16769443093991768,0.03172204483468938,3,10.0,results/zenodo/ablation/cellonly/pairzs_withleak__gformer_cancer__morgan__mlp
pairzs_withleak,gformer_cancer,morgan,mlp,cell_only,drug_emb,within_drug,AUROC,0.5779894365575329,0.01994957848336972,3,10.0,results/zenodo/ablation/cellonly/pairzs_withleak__gformer_cancer__morgan__mlp
pairzs_withleak,gformer_cancer,morgan,mlp,cell_only,drug_emb,within_cell_line,MCC,0.17206728935985371,0.03777053451067701,3,12.0,results/zenodo/ablation/cellonly/pairzs_withleak__gformer_cancer__morgan__mlp
pairzs_withleak,gformer_cancer,morgan,mlp,cell_only,drug_emb,within_cell_line,AUROC,0.5871892055776594,0.024140201705349345,3,12.0,results/zenodo/ablation/cellonly/pairzs_withleak__gformer_cancer__morgan__mlp
pairzs_withleak,gformer_cancer,morgan,mlp,cell_only,drug_emb,overall,MCC,0.1263291259195312,0.1088707565773869,10,,results/zenodo/ablation/cellonly/pairzs_withleak__gformer_cancer__morgan__mlp
pairzs_withleak,gformer_cancer,morgan,mlp,cell_only,drug_emb,overall,AUROC,0.5306010633810713,0.0744695162182743,10,,results/zenodo/ablation/cellonly/pairzs_withleak__gformer_cancer__morgan__mlp
pairzs_withleak,gformer_cancer,morgan,xrfm,cell_only,drug_emb,within_drug,MCC,0.17464146787508228,0.03420587440869442,3,10.0,results/zenodo/ablation/cellonly/pairzs_withleak__gformer_cancer__morgan__xrfm
pairzs_withleak,gformer_cancer,morgan,xrfm,cell_only,drug_emb,within_drug,AUROC,0.6044831138493638,0.03319533064097311,3,10.0,results/zenodo/ablation/cellonly/pairzs_withleak__gformer_cancer__morgan__xrfm
pairzs_withleak,gformer_cancer,morgan,xrfm,cell_only,drug_emb,within_cell_line,MCC,0.17967758756332386,0.039488274151788426,3,12.0,results/zenodo/ablation/cellonly/pairzs_withleak__gformer_cancer__morgan__xrfm
pairzs_withleak,gformer_cancer,morgan,xrfm,cell_only,drug_emb,within_cell_line,AUROC,0.6342845738825341,0.03991810701607534,3,12.0,results/zenodo/ablation/cellonly/pairzs_withleak__gformer_cancer__morgan__xrfm
pairzs_withleak,gformer_cancer,morgan,xrfm,cell_only,drug_emb,overall,MCC,0.1212386631554125,0.088339373874621,10,,results/zenodo/ablation/cellonly/pairzs_withleak__gformer_cancer__morgan__xrfm
pairzs_withleak,gformer_cancer,morgan,xrfm,cell_only,drug_emb,overall,AUROC,0.5831383115859342,0.0684242426869553,10,,results/zenodo/ablation/cellonly/pairzs_withleak__gformer_cancer__morgan__xrfm
pairzs_withleak,pca,morgan,lightgbm,cell_only,drug_emb,within_drug,MCC,0.10842161525883824,0.0503891911791532,3,10.0,results/zenodo/ablation/cellonly/pairzs_withleak__pca__morgan__lightgbm
pairzs_withleak,pca,morgan,lightgbm,cell_only,drug_emb,within_drug,AUROC,0.5624193081118957,0.026691071411386078,3,10.0,results/zenodo/ablation/cellonly/pairzs_withleak__pca__morgan__lightgbm
pairzs_withleak,pca,morgan,lightgbm,cell_only,drug_emb,within_cell_line,MCC,0.15350355307810462,0.054631909722051904,3,12.0,results/zenodo/ablation/cellonly/pairzs_withleak__pca__morgan__lightgbm
pairzs_withleak,pca,morgan,lightgbm,cell_only,drug_emb,within_cell_line,AUROC,0.6117264425498187,0.028044732382537414,3,12.0,results/zenodo/ablation/cellonly/pairzs_withleak__pca__morgan__lightgbm
pairzs_withleak,pca,morgan,lightgbm,cell_only,drug_emb,overall,MCC,0.0563643877830651,0.0809124539931799,10,,results/zenodo/ablation/cellonly/pairzs_withleak__pca__morgan__lightgbm
pairzs_withleak,pca,morgan,lightgbm,cell_only,drug_emb,overall,AUROC,0.5376471510748648,0.0737939966405967,10,,results/zenodo/ablation/cellonly/pairzs_withleak__pca__morgan__lightgbm
pairzs_withleak,pca,morgan,mlp,cell_only,drug_emb,within_drug,MCC,0.032179950671247466,0.019617454426040785,3,10.0,results/zenodo/ablation/cellonly/pairzs_withleak__pca__morgan__mlp
pairzs_withleak,pca,morgan,mlp,cell_only,drug_emb,within_drug,AUROC,0.5131187424562493,0.014012303188928717,3,10.0,results/zenodo/ablation/cellonly/pairzs_withleak__pca__morgan__mlp
pairzs_withleak,pca,morgan,mlp,cell_only,drug_emb,within_cell_line,MCC,0.014735223734395892,0.02581684379780329,3,12.0,results/zenodo/ablation/cellonly/pairzs_withleak__pca__morgan__mlp
pairzs_withleak,pca,morgan,mlp,cell_only,drug_emb,within_cell_line,AUROC,0.514888549499367,0.021374568133424896,3,12.0,results/zenodo/ablation/cellonly/pairzs_withleak__pca__morgan__mlp
pairzs_withleak,pca,morgan,mlp,cell_only,drug_emb,overall,MCC,-0.0016486997448493,0.0878055764577272,10,,results/zenodo/ablation/cellonly/pairzs_withleak__pca__morgan__mlp
pairzs_withleak,pca,morgan,mlp,cell_only,drug_emb,overall,AUROC,0.4700956812896144,0.0815687090368803,10,,results/zenodo/ablation/cellonly/pairzs_withleak__pca__morgan__mlp
pairzs_withleak,pca,morgan,xrfm,cell_only,drug_emb,within_drug,MCC,0.12336492468847969,0.04964714605312515,3,10.0,results/zenodo/ablation/cellonly/pairzs_withleak__pca__morgan__xrfm
pairzs_withleak,pca,morgan,xrfm,cell_only,drug_emb,within_drug,AUROC,0.5719277826906876,0.03018676690920734,3,10.0,results/zenodo/ablation/cellonly/pairzs_withleak__pca__morgan__xrfm
pairzs_withleak,pca,morgan,xrfm,cell_only,drug_emb,within_cell_line,MCC,0.12396781296230797,0.04177275091456129,3,12.0,results/zenodo/ablation/cellonly/pairzs_withleak__pca__morgan__xrfm
pairzs_withleak,pca,morgan,xrfm,cell_only,drug_emb,within_cell_line,AUROC,0.6108438687457894,0.03629008052325224,3,12.0,results/zenodo/ablation/cellonly/pairzs_withleak__pca__morgan__xrfm
pairzs_withleak,pca,morgan,xrfm,cell_only,drug_emb,overall,MCC,0.0675462362064394,0.0775665327902679,10,,results/zenodo/ablation/cellonly/pairzs_withleak__pca__morgan__xrfm
pairzs_withleak,pca,morgan,xrfm,cell_only,drug_emb,overall,AUROC,0.5538376808215715,0.0821057570924727,10,,results/zenodo/ablation/cellonly/pairzs_withleak__pca__morgan__xrfm
pairzs_withleak,scgpt_pan,morgan,lightgbm,cell_only,drug_emb,within_drug,MCC,0.16281264312204244,0.03245086824581219,3,10.0,results/zenodo/ablation/cellonly/pairzs_withleak__scgpt_pan__morgan__lightgbm
pairzs_withleak,scgpt_pan,morgan,lightgbm,cell_only,drug_emb,within_drug,AUROC,0.5867417794022397,0.019099134591840587,3,10.0,results/zenodo/ablation/cellonly/pairzs_withleak__scgpt_pan__morgan__lightgbm
pairzs_withleak,scgpt_pan,morgan,lightgbm,cell_only,drug_emb,within_cell_line,MCC,0.1560770190665294,0.04569491243509147,3,12.0,results/zenodo/ablation/cellonly/pairzs_withleak__scgpt_pan__morgan__lightgbm
pairzs_withleak,scgpt_pan,morgan,lightgbm,cell_only,drug_emb,within_cell_line,AUROC,0.6072319309161629,0.02450499377274385,3,12.0,results/zenodo/ablation/cellonly/pairzs_withleak__scgpt_pan__morgan__lightgbm
pairzs_withleak,scgpt_pan,morgan,lightgbm,cell_only,drug_emb,overall,MCC,0.0539086381809882,0.089516592233971,10,,results/zenodo/ablation/cellonly/pairzs_withleak__scgpt_pan__morgan__lightgbm
pairzs_withleak,scgpt_pan,morgan,lightgbm,cell_only,drug_emb,overall,AUROC,0.5219035537801853,0.0749401231206699,10,,results/zenodo/ablation/cellonly/pairzs_withleak__scgpt_pan__morgan__lightgbm
pairzs_withleak,scgpt_pan,morgan,mlp,cell_only,drug_emb,within_drug,MCC,0.07513669613557074,0.03415930649462035,3,10.0,results/zenodo/ablation/cellonly/pairzs_withleak__scgpt_pan__morgan__mlp
pairzs_withleak,scgpt_pan,morgan,mlp,cell_only,drug_emb,within_drug,AUROC,0.5610200098899956,0.018762288993025577,3,10.0,results/zenodo/ablation/cellonly/pairzs_withleak__scgpt_pan__morgan__mlp
pairzs_withleak,scgpt_pan,morgan,mlp,cell_only,drug_emb,within_cell_line,MCC,0.09795450148980504,0.041034699958875695,3,12.0,results/zenodo/ablation/cellonly/pairzs_withleak__scgpt_pan__morgan__mlp
pairzs_withleak,scgpt_pan,morgan,mlp,cell_only,drug_emb,within_cell_line,AUROC,0.5698434460745083,0.022103202809532735,3,12.0,results/zenodo/ablation/cellonly/pairzs_withleak__scgpt_pan__morgan__mlp
pairzs_withleak,scgpt_pan,morgan,mlp,cell_only,drug_emb,overall,MCC,0.027844509793738,0.0863592227751056,10,,results/zenodo/ablation/cellonly/pairzs_withleak__scgpt_pan__morgan__mlp
pairzs_withleak,scgpt_pan,morgan,mlp,cell_only,drug_emb,overall,AUROC,0.507515479296665,0.0726462244963449,10,,results/zenodo/ablation/cellonly/pairzs_withleak__scgpt_pan__morgan__mlp
pairzs_withleak,scgpt_pan,morgan,xrfm,cell_only,drug_emb,within_drug,MCC,0.08042343657844518,0.044100618219665835,3,10.0,results/zenodo/ablation/cellonly/pairzs_withleak__scgpt_pan__morgan__xrfm
pairzs_withleak,scgpt_pan,morgan,xrfm,cell_only,drug_emb,within_drug,AUROC,0.5722531288108914,0.026195988541786484,3,10.0,results/zenodo/ablation/cellonly/pairzs_withleak__scgpt_pan__morgan__xrfm
pairzs_withleak,scgpt_pan,morgan,xrfm,cell_only,drug_emb,within_cell_line,MCC,0.1124585836708545,0.05018896633678112,3,12.0,results/zenodo/ablation/cellonly/pairzs_withleak__scgpt_pan__morgan__xrfm
pairzs_withleak,scgpt_pan,morgan,xrfm,cell_only,drug_emb,within_cell_line,AUROC,0.598217584803565,0.032234572373307145,3,12.0,results/zenodo/ablation/cellonly/pairzs_withleak__scgpt_pan__morgan__xrfm
pairzs_withleak,scgpt_pan,morgan,xrfm,cell_only,drug_emb,overall,MCC,0.0084410362906007,0.0858270826382305,10,,results/zenodo/ablation/cellonly/pairzs_withleak__scgpt_pan__morgan__xrfm
pairzs_withleak,scgpt_pan,morgan,xrfm,cell_only,drug_emb,overall,AUROC,0.5255023877236746,0.0810416316425542,10,,results/zenodo/ablation/cellonly/pairzs_withleak__scgpt_pan__morgan__xrfm
random,gene_jepa,morgan,lightgbm,cell_only,drug_emb,within_drug,MCC,0.3668836289049069,0.003233512801299467,3,10.0,results/zenodo/ablation/cellonly/random__gene_jepa__morgan__lightgbm
random,gene_jepa,morgan,lightgbm,cell_only,drug_emb,within_drug,AUROC,0.7724751962154505,0.0010139891880054266,3,10.0,results/zenodo/ablation/cellonly/random__gene_jepa__morgan__lightgbm
random,gene_jepa,morgan,lightgbm,cell_only,drug_emb,within_cell_line,MCC,0.3995241593827255,0.004206211179890503,3,12.0,results/zenodo/ablation/cellonly/random__gene_jepa__morgan__lightgbm
random,gene_jepa,morgan,lightgbm,cell_only,drug_emb,within_cell_line,AUROC,0.784281972072033,0.0016526829129123832,3,12.0,results/zenodo/ablation/cellonly/random__gene_jepa__morgan__lightgbm
random,gene_jepa,morgan,lightgbm,cell_only,drug_emb,overall,MCC,0.5008011270342411,0.0037489079422049,3,,results/zenodo/ablation/cellonly/random__gene_jepa__morgan__lightgbm
random,gene_jepa,morgan,lightgbm,cell_only,drug_emb,overall,AUROC,0.8578348788000155,0.0019972843328368,3,,results/zenodo/ablation/cellonly/random__gene_jepa__morgan__lightgbm
random,gene_jepa,morgan,mlp,cell_only,drug_emb,within_drug,MCC,0.15664216753303636,0.010103238174085769,3,10.0,results/zenodo/ablation/cellonly/random__gene_jepa__morgan__mlp
random,gene_jepa,morgan,mlp,cell_only,drug_emb,within_drug,AUROC,0.6270562034208825,0.004769111946262439,3,10.0,results/zenodo/ablation/cellonly/random__gene_jepa__morgan__mlp
random,gene_jepa,morgan,mlp,cell_only,drug_emb,within_cell_line,MCC,0.11739763744034039,0.005774138176217089,3,12.0,results/zenodo/ablation/cellonly/random__gene_jepa__morgan__mlp
random,gene_jepa,morgan,mlp,cell_only,drug_emb,within_cell_line,AUROC,0.6017297405776838,0.00545562350566617,3,12.0,results/zenodo/ablation/cellonly/random__gene_jepa__morgan__mlp
random,gene_jepa,morgan,mlp,cell_only,drug_emb,overall,MCC,0.3848232828393756,0.0120623245264166,3,,results/zenodo/ablation/cellonly/random__gene_jepa__morgan__mlp
random,gene_jepa,morgan,mlp,cell_only,drug_emb,overall,AUROC,0.8048004053165109,0.0032936884903469,3,,results/zenodo/ablation/cellonly/random__gene_jepa__morgan__mlp
random,gene_jepa,morgan,xrfm,cell_only,drug_emb,within_drug,MCC,0.37959516852347236,0.0070452269796995705,3,10.0,results/zenodo/ablation/cellonly/random__gene_jepa__morgan__xrfm
random,gene_jepa,morgan,xrfm,cell_only,drug_emb,within_drug,AUROC,0.7874718853771286,0.0015062437594840796,3,10.0,results/zenodo/ablation/cellonly/random__gene_jepa__morgan__xrfm
random,gene_jepa,morgan,xrfm,cell_only,drug_emb,within_cell_line,MCC,0.41601080253398587,0.0013213934470662485,3,12.0,results/zenodo/ablation/cellonly/random__gene_jepa__morgan__xrfm
random,gene_jepa,morgan,xrfm,cell_only,drug_emb,within_cell_line,AUROC,0.7966429473773996,0.0010327023856488875,3,12.0,results/zenodo/ablation/cellonly/random__gene_jepa__morgan__xrfm
random,gene_jepa,morgan,xrfm,cell_only,drug_emb,overall,MCC,0.532057485988085,0.0018633956877132,3,,results/zenodo/ablation/cellonly/random__gene_jepa__morgan__xrfm
random,gene_jepa,morgan,xrfm,cell_only,drug_emb,overall,AUROC,0.8731813914605816,0.0016827076853356,3,,results/zenodo/ablation/cellonly/random__gene_jepa__morgan__xrfm
random,gformer_cancer,morgan,lightgbm,cell_only,drug_emb,within_drug,MCC,0.7984524786393578,0.0018754049535195524,3,10.0,results/zenodo/ablation/cellonly/random__gformer_cancer__morgan__lightgbm
random,gformer_cancer,morgan,lightgbm,cell_only,drug_emb,within_drug,AUROC,0.9350849264896438,0.00038604551537877124,3,10.0,results/zenodo/ablation/cellonly/random__gformer_cancer__morgan__lightgbm
random,gformer_cancer,morgan,lightgbm,cell_only,drug_emb,within_cell_line,MCC,0.7943001858489946,0.001841384282376515,3,12.0,results/zenodo/ablation/cellonly/random__gformer_cancer__morgan__lightgbm
random,gformer_cancer,morgan,lightgbm,cell_only,drug_emb,within_cell_line,AUROC,0.9289490446099963,0.0004127709952788012,3,12.0,results/zenodo/ablation/cellonly/random__gformer_cancer__morgan__lightgbm
random,gformer_cancer,morgan,lightgbm,cell_only,drug_emb,overall,MCC,0.9173797403854832,0.0007586124692372,3,,results/zenodo/ablation/cellonly/random__gformer_cancer__morgan__lightgbm
random,gformer_cancer,morgan,lightgbm,cell_only,drug_emb,overall,AUROC,0.9922939362882004,0.0001925747591441,3,,results/zenodo/ablation/cellonly/random__gformer_cancer__morgan__lightgbm
random,gformer_cancer,morgan,mlp,cell_only,drug_emb,within_drug,MCC,0.7556688137583999,0.0020133098864235075,3,10.0,results/zenodo/ablation/cellonly/random__gformer_cancer__morgan__mlp
random,gformer_cancer,morgan,mlp,cell_only,drug_emb,within_drug,AUROC,0.9110224668760508,0.002031702988444839,3,10.0,results/zenodo/ablation/cellonly/random__gformer_cancer__morgan__mlp
random,gformer_cancer,morgan,mlp,cell_only,drug_emb,within_cell_line,MCC,0.7101741547596633,0.01092066957141049,3,12.0,results/zenodo/ablation/cellonly/random__gformer_cancer__morgan__mlp
random,gformer_cancer,morgan,mlp,cell_only,drug_emb,within_cell_line,AUROC,0.8918251132131383,0.004675965811322296,3,12.0,results/zenodo/ablation/cellonly/random__gformer_cancer__morgan__mlp
random,gformer_cancer,morgan,mlp,cell_only,drug_emb,overall,MCC,0.8993299038105431,0.0017879939936467,3,,results/zenodo/ablation/cellonly/random__gformer_cancer__morgan__mlp
random,gformer_cancer,morgan,mlp,cell_only,drug_emb,overall,AUROC,0.9892536315210037,0.0003351159123103,3,,results/zenodo/ablation/cellonly/random__gformer_cancer__morgan__mlp
random,gformer_cancer,morgan,xrfm,cell_only,drug_emb,within_drug,MCC,0.8000051840220763,0.003141617481377308,3,10.0,results/zenodo/ablation/cellonly/random__gformer_cancer__morgan__xrfm
random,gformer_cancer,morgan,xrfm,cell_only,drug_emb,within_drug,AUROC,0.9310340831735475,0.00021537501450935123,3,10.0,results/zenodo/ablation/cellonly/random__gformer_cancer__morgan__xrfm
random,gformer_cancer,morgan,xrfm,cell_only,drug_emb,within_cell_line,MCC,0.7958514750496009,0.0025556952133931454,3,12.0,results/zenodo/ablation/cellonly/random__gformer_cancer__morgan__xrfm
random,gformer_cancer,morgan,xrfm,cell_only,drug_emb,within_cell_line,AUROC,0.9272093089015185,0.00015417046659525847,3,12.0,results/zenodo/ablation/cellonly/random__gformer_cancer__morgan__xrfm
random,gformer_cancer,morgan,xrfm,cell_only,drug_emb,overall,MCC,0.9189640069301208,0.0016174708250851,3,,results/zenodo/ablation/cellonly/random__gformer_cancer__morgan__xrfm
random,gformer_cancer,morgan,xrfm,cell_only,drug_emb,overall,AUROC,0.9919084647913152,0.0002885063025993,3,,results/zenodo/ablation/cellonly/random__gformer_cancer__morgan__xrfm
random,pca,morgan,lightgbm,cell_only,drug_emb,within_drug,MCC,0.7874601565913171,0.001756431997059002,3,10.0,results/zenodo/ablation/cellonly/random__pca__morgan__lightgbm
random,pca,morgan,lightgbm,cell_only,drug_emb,within_drug,AUROC,0.9311909271745528,0.0011328441067899053,3,10.0,results/zenodo/ablation/cellonly/random__pca__morgan__lightgbm
random,pca,morgan,lightgbm,cell_only,drug_emb,within_cell_line,MCC,0.7829064350449747,0.0043332852259607745,3,12.0,results/zenodo/ablation/cellonly/random__pca__morgan__lightgbm
random,pca,morgan,lightgbm,cell_only,drug_emb,within_cell_line,AUROC,0.9249409637789099,0.001503237568282433,3,12.0,results/zenodo/ablation/cellonly/random__pca__morgan__lightgbm
random,pca,morgan,lightgbm,cell_only,drug_emb,overall,MCC,0.9177697161388196,0.000845114351734,3,,results/zenodo/ablation/cellonly/random__pca__morgan__lightgbm
random,pca,morgan,lightgbm,cell_only,drug_emb,overall,AUROC,0.9935490529981964,0.0001825469926049,3,,results/zenodo/ablation/cellonly/random__pca__morgan__lightgbm
random,pca,morgan,mlp,cell_only,drug_emb,within_drug,MCC,0.6362849577209077,0.003620874194214381,3,10.0,results/zenodo/ablation/cellonly/random__pca__morgan__mlp
random,pca,morgan,mlp,cell_only,drug_emb,within_drug,AUROC,0.8635217581492075,0.002673693200891564,3,10.0,results/zenodo/ablation/cellonly/random__pca__morgan__mlp
random,pca,morgan,mlp,cell_only,drug_emb,within_cell_line,MCC,0.5886974626735427,0.011644120165956399,3,12.0,results/zenodo/ablation/cellonly/random__pca__morgan__mlp
random,pca,morgan,mlp,cell_only,drug_emb,within_cell_line,AUROC,0.8389898893963993,0.004971738570257926,3,12.0,results/zenodo/ablation/cellonly/random__pca__morgan__mlp
random,pca,morgan,mlp,cell_only,drug_emb,overall,MCC,0.8834977771527691,0.0018855770201047,3,,results/zenodo/ablation/cellonly/random__pca__morgan__mlp
random,pca,morgan,mlp,cell_only,drug_emb,overall,AUROC,0.9873240694050508,0.0002441401971403,3,,results/zenodo/ablation/cellonly/random__pca__morgan__mlp
random,pca,morgan,xrfm,cell_only,drug_emb,within_drug,MCC,0.7958516793519904,0.0019120752134993456,3,10.0,results/zenodo/ablation/cellonly/random__pca__morgan__xrfm
random,pca,morgan,xrfm,cell_only,drug_emb,within_drug,AUROC,0.9308276861831878,0.000861313806024563,3,10.0,results/zenodo/ablation/cellonly/random__pca__morgan__xrfm
random,pca,morgan,xrfm,cell_only,drug_emb,within_cell_line,MCC,0.7922540813610022,0.0035437752429614113,3,12.0,results/zenodo/ablation/cellonly/random__pca__morgan__xrfm
random,pca,morgan,xrfm,cell_only,drug_emb,within_cell_line,AUROC,0.9263692753739871,0.0010040065653745425,3,12.0,results/zenodo/ablation/cellonly/random__pca__morgan__xrfm
random,pca,morgan,xrfm,cell_only,drug_emb,overall,MCC,0.918668353404818,0.0025275217052358,3,,results/zenodo/ablation/cellonly/random__pca__morgan__xrfm
random,pca,morgan,xrfm,cell_only,drug_emb,overall,AUROC,0.9903331383400024,0.0002182348050011,3,,results/zenodo/ablation/cellonly/random__pca__morgan__xrfm
random,scgpt_pan,morgan,lightgbm,cell_only,drug_emb,within_drug,MCC,0.7720306350024972,0.0027290255050648323,3,10.0,results/zenodo/ablation/cellonly/random__scgpt_pan__morgan__lightgbm
random,scgpt_pan,morgan,lightgbm,cell_only,drug_emb,within_drug,AUROC,0.9258094760676107,0.0014828706701046411,3,10.0,results/zenodo/ablation/cellonly/random__scgpt_pan__morgan__lightgbm
random,scgpt_pan,morgan,lightgbm,cell_only,drug_emb,within_cell_line,MCC,0.7652982937041474,0.002726202382129981,3,12.0,results/zenodo/ablation/cellonly/random__scgpt_pan__morgan__lightgbm
random,scgpt_pan,morgan,lightgbm,cell_only,drug_emb,within_cell_line,AUROC,0.9206800364449222,0.001699035829780461,3,12.0,results/zenodo/ablation/cellonly/random__scgpt_pan__morgan__lightgbm
random,scgpt_pan,morgan,lightgbm,cell_only,drug_emb,overall,MCC,0.9029272158795713,0.0004975454666419,3,,results/zenodo/ablation/cellonly/random__scgpt_pan__morgan__lightgbm
random,scgpt_pan,morgan,lightgbm,cell_only,drug_emb,overall,AUROC,0.9902147889240486,0.0001545792970465,3,,results/zenodo/ablation/cellonly/random__scgpt_pan__morgan__lightgbm
random,scgpt_pan,morgan,mlp,cell_only,drug_emb,within_drug,MCC,0.6310715053812624,0.00810888992512741,3,10.0,results/zenodo/ablation/cellonly/random__scgpt_pan__morgan__mlp
random,scgpt_pan,morgan,mlp,cell_only,drug_emb,within_drug,AUROC,0.8799166359247256,0.003031662400575108,3,10.0,results/zenodo/ablation/cellonly/random__scgpt_pan__morgan__mlp
random,scgpt_pan,morgan,mlp,cell_only,drug_emb,within_cell_line,MCC,0.5965475901816145,0.008455915037107194,3,12.0,results/zenodo/ablation/cellonly/random__scgpt_pan__morgan__mlp
random,scgpt_pan,morgan,mlp,cell_only,drug_emb,within_cell_line,AUROC,0.8619572162042938,0.0013572191296003537,3,12.0,results/zenodo/ablation/cellonly/random__scgpt_pan__morgan__mlp
random,scgpt_pan,morgan,mlp,cell_only,drug_emb,overall,MCC,0.8525839811271515,0.0031404024481049,3,,results/zenodo/ablation/cellonly/random__scgpt_pan__morgan__mlp
random,scgpt_pan,morgan,mlp,cell_only,drug_emb,overall,AUROC,0.9816983293049188,0.0002409903375176,3,,results/zenodo/ablation/cellonly/random__scgpt_pan__morgan__mlp
random,scgpt_pan,morgan,xrfm,cell_only,drug_emb,within_drug,MCC,0.771976973927944,0.0011785598136405825,3,10.0,results/zenodo/ablation/cellonly/random__scgpt_pan__morgan__xrfm
random,scgpt_pan,morgan,xrfm,cell_only,drug_emb,within_drug,AUROC,0.9205029556493173,0.0009863238434917867,3,10.0,results/zenodo/ablation/cellonly/random__scgpt_pan__morgan__xrfm
random,scgpt_pan,morgan,xrfm,cell_only,drug_emb,within_cell_line,MCC,0.7620514356543332,0.0026136046017149017,3,12.0,results/zenodo/ablation/cellonly/random__scgpt_pan__morgan__xrfm
random,scgpt_pan,morgan,xrfm,cell_only,drug_emb,within_cell_line,AUROC,0.9170206335201591,0.0012269811289961174,3,12.0,results/zenodo/ablation/cellonly/random__scgpt_pan__morgan__xrfm
random,scgpt_pan,morgan,xrfm,cell_only,drug_emb,overall,MCC,0.9083891576075152,0.0008248116085326,3,,results/zenodo/ablation/cellonly/random__scgpt_pan__morgan__xrfm
random,scgpt_pan,morgan,xrfm,cell_only,drug_emb,overall,AUROC,0.9875176393833992,0.0002438586456959,3,,results/zenodo/ablation/cellonly/random__scgpt_pan__morgan__xrfm
loclo_loo,gene_jepa,biomed,lightgbm,drug_only,cell_emb,within_drug,MCC,-0.07757186177888686,0.00791026910132132,3,10.0,results/zenodo/ablation/drugonly/loclo_loo__gene_jepa__biomed__lightgbm
loclo_loo,gene_jepa,biomed,lightgbm,drug_only,cell_emb,within_drug,AUROC,0.46372703064357523,0.0,3,10.0,results/zenodo/ablation/drugonly/loclo_loo__gene_jepa__biomed__lightgbm
loclo_loo,gene_jepa,biomed,lightgbm,drug_only,cell_emb,within_cell_line,MCC,0.0,0.0,3,12.0,results/zenodo/ablation/drugonly/loclo_loo__gene_jepa__biomed__lightgbm
loclo_loo,gene_jepa,biomed,lightgbm,drug_only,cell_emb,within_cell_line,AUROC,0.4953859571128252,0.0,3,12.0,results/zenodo/ablation/drugonly/loclo_loo__gene_jepa__biomed__lightgbm
loclo_loo,gene_jepa,biomed,lightgbm,drug_only,cell_emb,overall,MCC,0.0,0.0,12,,results/zenodo/ablation/drugonly/loclo_loo__gene_jepa__biomed__lightgbm
loclo_loo,gene_jepa,biomed,lightgbm,drug_only,cell_emb,overall,AUROC,0.4953859571128252,0.0046140428871748,12,,results/zenodo/ablation/drugonly/loclo_loo__gene_jepa__biomed__lightgbm
loclo_loo,gene_jepa,biomed,mlp,drug_only,cell_emb,within_drug,MCC,-0.060714486536438426,0.0009347696435469488,3,10.0,results/zenodo/ablation/drugonly/loclo_loo__gene_jepa__biomed__mlp
loclo_loo,gene_jepa,biomed,mlp,drug_only,cell_emb,within_drug,AUROC,0.46400612312080813,0.00017786953567451165,3,10.0,results/zenodo/ablation/drugonly/loclo_loo__gene_jepa__biomed__mlp
loclo_loo,gene_jepa,biomed,mlp,drug_only,cell_emb,within_cell_line,MCC,0.02144426458602589,0.0,3,12.0,results/zenodo/ablation/drugonly/loclo_loo__gene_jepa__biomed__mlp
loclo_loo,gene_jepa,biomed,mlp,drug_only,cell_emb,within_cell_line,AUROC,0.5107921674800369,5.650483681433431e-06,3,12.0,results/zenodo/ablation/drugonly/loclo_loo__gene_jepa__biomed__mlp
loclo_loo,gene_jepa,biomed,mlp,drug_only,cell_emb,overall,MCC,0.0214442645860258,0.0214442645860258,12,,results/zenodo/ablation/drugonly/loclo_loo__gene_jepa__biomed__mlp
loclo_loo,gene_jepa,biomed,mlp,drug_only,cell_emb,overall,AUROC,0.5107921674800368,0.0107860047838534,12,,results/zenodo/ablation/drugonly/loclo_loo__gene_jepa__biomed__mlp
loclo_loo,gene_jepa,biomed,xrfm,drug_only,cell_emb,within_drug,MCC,-0.050465813574092265,0.014768411105918911,3,10.0,results/zenodo/ablation/drugonly/loclo_loo__gene_jepa__biomed__xrfm
loclo_loo,gene_jepa,biomed,xrfm,drug_only,cell_emb,within_drug,AUROC,0.4652568441194882,0.0004833281074018167,3,10.0,results/zenodo/ablation/drugonly/loclo_loo__gene_jepa__biomed__xrfm
loclo_loo,gene_jepa,biomed,xrfm,drug_only,cell_emb,within_cell_line,MCC,0.001391508297467036,0.006656803907360532,3,12.0,results/zenodo/ablation/drugonly/loclo_loo__gene_jepa__biomed__xrfm
loclo_loo,gene_jepa,biomed,xrfm,drug_only,cell_emb,within_cell_line,AUROC,0.5046140428871748,0.0,3,12.0,results/zenodo/ablation/drugonly/loclo_loo__gene_jepa__biomed__xrfm
loclo_loo,gene_jepa,biomed,xrfm,drug_only,cell_emb,overall,MCC,0.001391508297467,0.001391508297467,12,,results/zenodo/ablation/drugonly/loclo_loo__gene_jepa__biomed__xrfm
loclo_loo,gene_jepa,biomed,xrfm,drug_only,cell_emb,overall,AUROC,0.5046140428871748,0.0046140428871748,12,,results/zenodo/ablation/drugonly/loclo_loo__gene_jepa__biomed__xrfm
loclo_loo,gene_jepa,chemberta,lightgbm,drug_only,cell_emb,within_drug,MCC,-0.07757186177888686,0.00791026910132132,3,10.0,results/zenodo/ablation/drugonly/loclo_loo__gene_jepa__chemberta__lightgbm
loclo_loo,gene_jepa,chemberta,lightgbm,drug_only,cell_emb,within_drug,AUROC,0.46372703064357523,0.0,3,10.0,results/zenodo/ablation/drugonly/loclo_loo__gene_jepa__chemberta__lightgbm
loclo_loo,gene_jepa,chemberta,lightgbm,drug_only,cell_emb,within_cell_line,MCC,0.0,0.0,3,12.0,results/zenodo/ablation/drugonly/loclo_loo__gene_jepa__chemberta__lightgbm
loclo_loo,gene_jepa,chemberta,lightgbm,drug_only,cell_emb,within_cell_line,AUROC,0.5056529970351787,0.005133519961176725,3,12.0,results/zenodo/ablation/drugonly/loclo_loo__gene_jepa__chemberta__lightgbm
loclo_loo,gene_jepa,chemberta,lightgbm,drug_only,cell_emb,overall,MCC,0.0,0.0,12,,results/zenodo/ablation/drugonly/loclo_loo__gene_jepa__chemberta__lightgbm
loclo_loo,gene_jepa,chemberta,lightgbm,drug_only,cell_emb,overall,AUROC,0.5056529970351786,0.0056529970351786,12,,results/zenodo/ablation/drugonly/loclo_loo__gene_jepa__chemberta__lightgbm
loclo_loo,gene_jepa,chemberta,mlp,drug_only,cell_emb,within_drug,MCC,-0.06085027807913888,0.0009952386309200665,3,10.0,results/zenodo/ablation/drugonly/loclo_loo__gene_jepa__chemberta__mlp
loclo_loo,gene_jepa,chemberta,mlp,drug_only,cell_emb,within_drug,AUROC,0.46371728282021984,2.8493637500237593e-05,3,10.0,results/zenodo/ablation/drugonly/loclo_loo__gene_jepa__chemberta__mlp
loclo_loo,gene_jepa,chemberta,mlp,drug_only,cell_emb,within_cell_line,MCC,0.0,0.0,3,12.0,results/zenodo/ablation/drugonly/loclo_loo__gene_jepa__chemberta__mlp
loclo_loo,gene_jepa,chemberta,mlp,drug_only,cell_emb,within_cell_line,AUROC,0.5049923632127101,0.004837156946442682,3,12.0,results/zenodo/ablation/drugonly/loclo_loo__gene_jepa__chemberta__mlp
loclo_loo,gene_jepa,chemberta,mlp,drug_only,cell_emb,overall,MCC,0.0,0.0,12,,results/zenodo/ablation/drugonly/loclo_loo__gene_jepa__chemberta__mlp
loclo_loo,gene_jepa,chemberta,mlp,drug_only,cell_emb,overall,AUROC,0.5049923632127101,0.0049923632127101,12,,results/zenodo/ablation/drugonly/loclo_loo__gene_jepa__chemberta__mlp
loclo_loo,gene_jepa,chemberta,xrfm,drug_only,cell_emb,within_drug,MCC,-0.07384009647721389,0.010879130112403849,3,10.0,results/zenodo/ablation/drugonly/loclo_loo__gene_jepa__chemberta__xrfm
loclo_loo,gene_jepa,chemberta,xrfm,drug_only,cell_emb,within_drug,AUROC,0.4648109361129616,0.0004980969823137168,3,10.0,results/zenodo/ablation/drugonly/loclo_loo__gene_jepa__chemberta__xrfm
loclo_loo,gene_jepa,chemberta,xrfm,drug_only,cell_emb,within_cell_line,MCC,0.00903602392856454,0.00451801196428227,3,12.0,results/zenodo/ablation/drugonly/loclo_loo__gene_jepa__chemberta__xrfm
loclo_loo,gene_jepa,chemberta,xrfm,drug_only,cell_emb,within_cell_line,AUROC,0.5067093292080623,0.0012097141213937462,3,12.0,results/zenodo/ablation/drugonly/loclo_loo__gene_jepa__chemberta__xrfm
loclo_loo,gene_jepa,chemberta,xrfm,drug_only,cell_emb,overall,MCC,0.0090360239285645,0.0090360239285645,12,,results/zenodo/ablation/drugonly/loclo_loo__gene_jepa__chemberta__xrfm
loclo_loo,gene_jepa,chemberta,xrfm,drug_only,cell_emb,overall,AUROC,0.5067093292080623,0.0067093292080623,12,,results/zenodo/ablation/drugonly/loclo_loo__gene_jepa__chemberta__xrfm
loclo_loo,gene_jepa,maccs,lightgbm,drug_only,cell_emb,within_drug,MCC,-0.07757186177888686,0.00791026910132132,3,10.0,results/zenodo/ablation/drugonly/loclo_loo__gene_jepa__maccs__lightgbm
loclo_loo,gene_jepa,maccs,lightgbm,drug_only,cell_emb,within_drug,AUROC,0.46372703064357523,0.0,3,10.0,results/zenodo/ablation/drugonly/loclo_loo__gene_jepa__maccs__lightgbm
loclo_loo,gene_jepa,maccs,lightgbm,drug_only,cell_emb,within_cell_line,MCC,0.0,0.0,3,12.0,results/zenodo/ablation/drugonly/loclo_loo__gene_jepa__maccs__lightgbm
loclo_loo,gene_jepa,maccs,lightgbm,drug_only,cell_emb,within_cell_line,AUROC,0.5107865169963554,0.0,3,12.0,results/zenodo/ablation/drugonly/loclo_loo__gene_jepa__maccs__lightgbm
loclo_loo,gene_jepa,maccs,lightgbm,drug_only,cell_emb,overall,MCC,0.0,0.0,12,,results/zenodo/ablation/drugonly/loclo_loo__gene_jepa__maccs__lightgbm
loclo_loo,gene_jepa,maccs,lightgbm,drug_only,cell_emb,overall,AUROC,0.5107865169963554,0.0107865169963554,12,,results/zenodo/ablation/drugonly/loclo_loo__gene_jepa__maccs__lightgbm
loclo_loo,gene_jepa,maccs,mlp,drug_only,cell_emb,within_drug,MCC,-0.08628272762402238,0.0012089081430773842,3,10.0,results/zenodo/ablation/drugonly/loclo_loo__gene_jepa__maccs__mlp
loclo_loo,gene_jepa,maccs,mlp,drug_only,cell_emb,within_drug,AUROC,0.46416974675965766,0.0002547406055119971,3,10.0,results/zenodo/ablation/drugonly/loclo_loo__gene_jepa__maccs__mlp
loclo_loo,gene_jepa,maccs,mlp,drug_only,cell_emb,within_cell_line,MCC,0.0,0.0,3,12.0,results/zenodo/ablation/drugonly/loclo_loo__gene_jepa__maccs__mlp
loclo_loo,gene_jepa,maccs,mlp,drug_only,cell_emb,within_cell_line,AUROC,0.4993013339054564,0.004776107505812605,3,12.0,results/zenodo/ablation/drugonly/loclo_loo__gene_jepa__maccs__mlp
loclo_loo,gene_jepa,maccs,mlp,drug_only,cell_emb,overall,MCC,0.0,0.0,12,,results/zenodo/ablation/drugonly/loclo_loo__gene_jepa__maccs__mlp
loclo_loo,gene_jepa,maccs,mlp,drug_only,cell_emb,overall,AUROC,0.4993013339054564,0.0005609518621765,12,,results/zenodo/ablation/drugonly/loclo_loo__gene_jepa__maccs__mlp
loclo_loo,gene_jepa,maccs,xrfm,drug_only,cell_emb,within_drug,MCC,-0.07407504468975017,0.009632879291648562,3,10.0,results/zenodo/ablation/drugonly/loclo_loo__gene_jepa__maccs__xrfm
loclo_loo,gene_jepa,maccs,xrfm,drug_only,cell_emb,within_drug,AUROC,0.46473718320706964,0.0007141184612080823,3,10.0,results/zenodo/ablation/drugonly/loclo_loo__gene_jepa__maccs__xrfm
loclo_loo,gene_jepa,maccs,xrfm,drug_only,cell_emb,within_cell_line,MCC,0.0,0.0,3,12.0,results/zenodo/ablation/drugonly/loclo_loo__gene_jepa__maccs__xrfm
loclo_loo,gene_jepa,maccs,xrfm,drug_only,cell_emb,within_cell_line,AUROC,0.5049968150951475,0.0014377519730766697,3,12.0,results/zenodo/ablation/drugonly/loclo_loo__gene_jepa__maccs__xrfm
loclo_loo,gene_jepa,maccs,xrfm,drug_only,cell_emb,overall,MCC,0.0,0.0,12,,results/zenodo/ablation/drugonly/loclo_loo__gene_jepa__maccs__xrfm
loclo_loo,gene_jepa,maccs,xrfm,drug_only,cell_emb,overall,AUROC,0.5049968150951475,0.0053504100902841,12,,results/zenodo/ablation/drugonly/loclo_loo__gene_jepa__maccs__xrfm
loclo_loo,gene_jepa,materials,lightgbm,drug_only,cell_emb,within_drug,MCC,-0.07757186177888686,0.00791026910132132,3,10.0,results/zenodo/ablation/drugonly/loclo_loo__gene_jepa__materials__lightgbm
loclo_loo,gene_jepa,materials,lightgbm,drug_only,cell_emb,within_drug,AUROC,0.46372703064357523,0.0,3,10.0,results/zenodo/ablation/drugonly/loclo_loo__gene_jepa__materials__lightgbm
loclo_loo,gene_jepa,materials,lightgbm,drug_only,cell_emb,within_cell_line,MCC,0.0,0.0,3,12.0,results/zenodo/ablation/drugonly/loclo_loo__gene_jepa__materials__lightgbm
loclo_loo,gene_jepa,materials,lightgbm,drug_only,cell_emb,within_cell_line,AUROC,0.49119538447105016,0.0,3,12.0,results/zenodo/ablation/drugonly/loclo_loo__gene_jepa__materials__lightgbm
loclo_loo,gene_jepa,materials,lightgbm,drug_only,cell_emb,overall,MCC,0.0,0.0,12,,results/zenodo/ablation/drugonly/loclo_loo__gene_jepa__materials__lightgbm
loclo_loo,gene_jepa,materials,lightgbm,drug_only,cell_emb,overall,AUROC,0.4911953844710501,0.0088046155289498,12,,results/zenodo/ablation/drugonly/loclo_loo__gene_jepa__materials__lightgbm
loclo_loo,gene_jepa,materials,mlp,drug_only,cell_emb,within_drug,MCC,-0.062545664700582,0.00035007399526152305,3,10.0,results/zenodo/ablation/drugonly/loclo_loo__gene_jepa__materials__mlp
loclo_loo,gene_jepa,materials,mlp,drug_only,cell_emb,within_drug,AUROC,0.46373520705103405,4.601633713509195e-05,3,10.0,results/zenodo/ablation/drugonly/loclo_loo__gene_jepa__materials__mlp
loclo_loo,gene_jepa,materials,mlp,drug_only,cell_emb,within_cell_line,MCC,0.0,0.0,3,12.0,results/zenodo/ablation/drugonly/loclo_loo__gene_jepa__materials__mlp
loclo_loo,gene_jepa,materials,mlp,drug_only,cell_emb,within_cell_line,AUROC,0.4950155867424548,0.0003703703703703728,3,12.0,results/zenodo/ablation/drugonly/loclo_loo__gene_jepa__materials__mlp
loclo_loo,gene_jepa,materials,mlp,drug_only,cell_emb,overall,MCC,0.0,0.0,12,,results/zenodo/ablation/drugonly/loclo_loo__gene_jepa__materials__mlp
loclo_loo,gene_jepa,materials,mlp,drug_only,cell_emb,overall,AUROC,0.4950155867424547,0.0045951992358552,12,,results/zenodo/ablation/drugonly/loclo_loo__gene_jepa__materials__mlp
loclo_loo,gene_jepa,materials,xrfm,drug_only,cell_emb,within_drug,MCC,-0.0645658062535238,0.01943119167856682,3,10.0,results/zenodo/ablation/drugonly/loclo_loo__gene_jepa__materials__xrfm
loclo_loo,gene_jepa,materials,xrfm,drug_only,cell_emb,within_drug,AUROC,0.4650366135414925,0.0006416868891999831,3,10.0,results/zenodo/ablation/drugonly/loclo_loo__gene_jepa__materials__xrfm
loclo_loo,gene_jepa,materials,xrfm,drug_only,cell_emb,within_cell_line,MCC,0.00903602392856454,0.00451801196428227,3,12.0,results/zenodo/ablation/drugonly/loclo_loo__gene_jepa__materials__xrfm
loclo_loo,gene_jepa,materials,xrfm,drug_only,cell_emb,within_cell_line,AUROC,0.5060109004344332,0.000698428773629171,3,12.0,results/zenodo/ablation/drugonly/loclo_loo__gene_jepa__materials__xrfm
loclo_loo,gene_jepa,materials,xrfm,drug_only,cell_emb,overall,MCC,0.0090360239285645,0.0090360239285645,12,,results/zenodo/ablation/drugonly/loclo_loo__gene_jepa__materials__xrfm
loclo_loo,gene_jepa,materials,xrfm,drug_only,cell_emb,overall,AUROC,0.5060109004344332,0.0060109004344331,12,,results/zenodo/ablation/drugonly/loclo_loo__gene_jepa__materials__xrfm
loclo_loo,gene_jepa,molformer,lightgbm,drug_only,cell_emb,within_drug,MCC,-0.07757186177888686,0.00791026910132132,3,10.0,results/zenodo/ablation/drugonly/loclo_loo__gene_jepa__molformer__lightgbm
loclo_loo,gene_jepa,molformer,lightgbm,drug_only,cell_emb,within_drug,AUROC,0.46372703064357523,0.0,3,10.0,results/zenodo/ablation/drugonly/loclo_loo__gene_jepa__molformer__lightgbm
loclo_loo,gene_jepa,molformer,lightgbm,drug_only,cell_emb,within_cell_line,MCC,0.0,0.0,3,12.0,results/zenodo/ablation/drugonly/loclo_loo__gene_jepa__molformer__lightgbm
loclo_loo,gene_jepa,molformer,lightgbm,drug_only,cell_emb,within_cell_line,AUROC,0.48987411682611315,0.0006606338224685224,3,12.0,results/zenodo/ablation/drugonly/loclo_loo__gene_jepa__molformer__lightgbm
loclo_loo,gene_jepa,molformer,lightgbm,drug_only,cell_emb,overall,MCC,0.0,0.0,12,,results/zenodo/ablation/drugonly/loclo_loo__gene_jepa__molformer__lightgbm
loclo_loo,gene_jepa,molformer,lightgbm,drug_only,cell_emb,overall,AUROC,0.4898741168261131,0.0101258831738868,12,,results/zenodo/ablation/drugonly/loclo_loo__gene_jepa__molformer__lightgbm
loclo_loo,gene_jepa,molformer,mlp,drug_only,cell_emb,within_drug,MCC,-0.06085027807913888,0.0009952386309200665,3,10.0,results/zenodo/ablation/drugonly/loclo_loo__gene_jepa__molformer__mlp
loclo_loo,gene_jepa,molformer,mlp,drug_only,cell_emb,within_drug,AUROC,0.4637572125035922,3.0877851126105944e-05,3,10.0,results/zenodo/ablation/drugonly/loclo_loo__gene_jepa__molformer__mlp
loclo_loo,gene_jepa,molformer,mlp,drug_only,cell_emb,within_cell_line,MCC,0.0,0.0,3,12.0,results/zenodo/ablation/drugonly/loclo_loo__gene_jepa__molformer__mlp
loclo_loo,gene_jepa,molformer,mlp,drug_only,cell_emb,within_cell_line,AUROC,0.49193189617415883,0.0018197401617089963,3,12.0,results/zenodo/ablation/drugonly/loclo_loo__gene_jepa__molformer__mlp
loclo_loo,gene_jepa,molformer,mlp,drug_only,cell_emb,overall,MCC,0.0,0.0,12,,results/zenodo/ablation/drugonly/loclo_loo__gene_jepa__molformer__mlp
loclo_loo,gene_jepa,molformer,mlp,drug_only,cell_emb,overall,AUROC,0.4919318961741588,0.0080684220859857,12,,results/zenodo/ablation/drugonly/loclo_loo__gene_jepa__molformer__mlp
loclo_loo,gene_jepa,molformer,xrfm,drug_only,cell_emb,within_drug,MCC,-0.07752033463085918,0.00893131674976363,3,10.0,results/zenodo/ablation/drugonly/loclo_loo__gene_jepa__molformer__xrfm
loclo_loo,gene_jepa,molformer,xrfm,drug_only,cell_emb,within_drug,AUROC,0.46376392337220057,3.689272862530031e-05,3,10.0,results/zenodo/ablation/drugonly/loclo_loo__gene_jepa__molformer__xrfm
loclo_loo,gene_jepa,molformer,xrfm,drug_only,cell_emb,within_cell_line,MCC,0.00903602392856454,0.00451801196428227,3,12.0,results/zenodo/ablation/drugonly/loclo_loo__gene_jepa__molformer__xrfm
loclo_loo,gene_jepa,molformer,xrfm,drug_only,cell_emb,within_cell_line,AUROC,0.5015758092468855,0.0062106867253111505,3,12.0,results/zenodo/ablation/drugonly/loclo_loo__gene_jepa__molformer__xrfm
loclo_loo,gene_jepa,molformer,xrfm,drug_only,cell_emb,overall,MCC,0.0090360239285645,0.0090360239285645,12,,results/zenodo/ablation/drugonly/loclo_loo__gene_jepa__molformer__xrfm
loclo_loo,gene_jepa,molformer,xrfm,drug_only,cell_emb,overall,AUROC,0.5015758092468856,0.0015758092468855,12,,results/zenodo/ablation/drugonly/loclo_loo__gene_jepa__molformer__xrfm
loclo_loo,gene_jepa,morgan,lightgbm,drug_only,cell_emb,within_drug,MCC,-0.07757186177888686,0.00791026910132132,3,10.0,results/zenodo/ablation/drugonly/loclo_loo__gene_jepa__morgan__lightgbm
loclo_loo,gene_jepa,morgan,lightgbm,drug_only,cell_emb,within_drug,AUROC,0.46372703064357523,0.0,3,10.0,results/zenodo/ablation/drugonly/loclo_loo__gene_jepa__morgan__lightgbm
loclo_loo,gene_jepa,morgan,lightgbm,drug_only,cell_emb,within_cell_line,MCC,0.0,0.0,3,12.0,results/zenodo/ablation/drugonly/loclo_loo__gene_jepa__morgan__lightgbm
loclo_loo,gene_jepa,morgan,lightgbm,drug_only,cell_emb,within_cell_line,AUROC,0.5005194770740019,0.0051335199611767255,3,12.0,results/zenodo/ablation/drugonly/loclo_loo__gene_jepa__morgan__lightgbm
loclo_loo,gene_jepa,morgan,lightgbm,drug_only,cell_emb,overall,MCC,0.0,0.0,12,,results/zenodo/ablation/drugonly/loclo_loo__gene_jepa__morgan__lightgbm
loclo_loo,gene_jepa,morgan,lightgbm,drug_only,cell_emb,overall,AUROC,0.5005194770740019,0.0005194770740018,12,,results/zenodo/ablation/drugonly/loclo_loo__gene_jepa__morgan__lightgbm
loclo_loo,gene_jepa,morgan,mlp,drug_only,cell_emb,within_drug,MCC,-0.08499067024928687,0.0015156785386703975,3,10.0,results/zenodo/ablation/drugonly/loclo_loo__gene_jepa__morgan__mlp
loclo_loo,gene_jepa,morgan,mlp,drug_only,cell_emb,within_drug,AUROC,0.4640031376101578,0.00022831204599108992,3,10.0,results/zenodo/ablation/drugonly/loclo_loo__gene_jepa__morgan__mlp
loclo_loo,gene_jepa,morgan,mlp,drug_only,cell_emb,within_cell_line,MCC,0.002630076231059693,0.010188363212316526,3,12.0,results/zenodo/ablation/drugonly/loclo_loo__gene_jepa__morgan__mlp
loclo_loo,gene_jepa,morgan,mlp,drug_only,cell_emb,within_cell_line,AUROC,0.5056707028294354,0.0051424116641579825,3,12.0,results/zenodo/ablation/drugonly/loclo_loo__gene_jepa__morgan__mlp
loclo_loo,gene_jepa,morgan,mlp,drug_only,cell_emb,overall,MCC,0.0026300762310596,0.0026300762310596,12,,results/zenodo/ablation/drugonly/loclo_loo__gene_jepa__morgan__mlp
loclo_loo,gene_jepa,morgan,mlp,drug_only,cell_emb,overall,AUROC,0.5056707028294353,0.0056790983060438,12,,results/zenodo/ablation/drugonly/loclo_loo__gene_jepa__morgan__mlp
loclo_loo,gene_jepa,morgan,xrfm,drug_only,cell_emb,within_drug,MCC,-0.08515169745040185,0.0014180929032176206,3,10.0,results/zenodo/ablation/drugonly/loclo_loo__gene_jepa__morgan__xrfm
loclo_loo,gene_jepa,morgan,xrfm,drug_only,cell_emb,within_drug,AUROC,0.4642057332604222,0.00022676031968409555,3,10.0,results/zenodo/ablation/drugonly/loclo_loo__gene_jepa__morgan__xrfm
loclo_loo,gene_jepa,morgan,xrfm,drug_only,cell_emb,within_cell_line,MCC,0.005909520261749307,0.007644515631097503,3,12.0,results/zenodo/ablation/drugonly/loclo_loo__gene_jepa__morgan__xrfm
loclo_loo,gene_jepa,morgan,xrfm,drug_only,cell_emb,within_cell_line,AUROC,0.5067093292080623,0.0012097141213937462,3,12.0,results/zenodo/ablation/drugonly/loclo_loo__gene_jepa__morgan__xrfm
loclo_loo,gene_jepa,morgan,xrfm,drug_only,cell_emb,overall,MCC,0.0059095202617493,0.0059095202617493,12,,results/zenodo/ablation/drugonly/loclo_loo__gene_jepa__morgan__xrfm
loclo_loo,gene_jepa,morgan,xrfm,drug_only,cell_emb,overall,AUROC,0.5067093292080623,0.0067093292080623,12,,results/zenodo/ablation/drugonly/loclo_loo__gene_jepa__morgan__xrfm
lodo_loo,gene_jepa,biomed,lightgbm,drug_only,cell_emb,within_drug,MCC,0.0,0.0,3,10.0,results/zenodo/ablation/drugonly/lodo_loo__gene_jepa__biomed__lightgbm
lodo_loo,gene_jepa,biomed,lightgbm,drug_only,cell_emb,within_drug,AUROC,0.5,0.0,3,10.0,results/zenodo/ablation/drugonly/lodo_loo__gene_jepa__biomed__lightgbm
lodo_loo,gene_jepa,biomed,lightgbm,drug_only,cell_emb,within_cell_line,MCC,-0.00903602392856454,0.00451801196428227,3,12.0,results/zenodo/ablation/drugonly/lodo_loo__gene_jepa__biomed__lightgbm
lodo_loo,gene_jepa,biomed,lightgbm,drug_only,cell_emb,within_cell_line,AUROC,0.4953859571128252,0.0,3,12.0,results/zenodo/ablation/drugonly/lodo_loo__gene_jepa__biomed__lightgbm
lodo_loo,gene_jepa,biomed,lightgbm,drug_only,cell_emb,overall,MCC,0.0,0.0,10,,results/zenodo/ablation/drugonly/lodo_loo__gene_jepa__biomed__lightgbm
lodo_loo,gene_jepa,biomed,lightgbm,drug_only,cell_emb,overall,AUROC,0.5,0.0,10,,results/zenodo/ablation/drugonly/lodo_loo__gene_jepa__biomed__lightgbm
lodo_loo,gene_jepa,biomed,mlp,drug_only,cell_emb,within_drug,MCC,0.0,0.0,3,10.0,results/zenodo/ablation/drugonly/lodo_loo__gene_jepa__biomed__mlp
lodo_loo,gene_jepa,biomed,mlp,drug_only,cell_emb,within_drug,AUROC,0.5015093138035346,0.0008798335833746118,3,10.0,results/zenodo/ablation/drugonly/lodo_loo__gene_jepa__biomed__mlp
lodo_loo,gene_jepa,biomed,mlp,drug_only,cell_emb,within_cell_line,MCC,0.0017349953693481975,0.007644515631097503,3,12.0,results/zenodo/ablation/drugonly/lodo_loo__gene_jepa__biomed__mlp
lodo_loo,gene_jepa,biomed,mlp,drug_only,cell_emb,within_cell_line,AUROC,0.4955963948232629,0.00027838292414399194,3,12.0,results/zenodo/ablation/drugonly/lodo_loo__gene_jepa__biomed__mlp
lodo_loo,gene_jepa,biomed,mlp,drug_only,cell_emb,overall,MCC,0.0,0.0,10,,results/zenodo/ablation/drugonly/lodo_loo__gene_jepa__biomed__mlp
lodo_loo,gene_jepa,biomed,mlp,drug_only,cell_emb,overall,AUROC,0.5015093138035345,0.0015158112521715,10,,results/zenodo/ablation/drugonly/lodo_loo__gene_jepa__biomed__mlp
lodo_loo,gene_jepa,biomed,xrfm,drug_only,cell_emb,within_drug,MCC,0.0,0.0,3,10.0,results/zenodo/ablation/drugonly/lodo_loo__gene_jepa__biomed__xrfm
lodo_loo,gene_jepa,biomed,xrfm,drug_only,cell_emb,within_drug,AUROC,0.5,0.0,3,10.0,results/zenodo/ablation/drugonly/lodo_loo__gene_jepa__biomed__xrfm
lodo_loo,gene_jepa,biomed,xrfm,drug_only,cell_emb,within_cell_line,MCC,-0.00451801196428227,0.00451801196428227,3,12.0,results/zenodo/ablation/drugonly/lodo_loo__gene_jepa__biomed__xrfm
lodo_loo,gene_jepa,biomed,xrfm,drug_only,cell_emb,within_cell_line,AUROC,0.4967348112457825,0.004214014893451552,3,12.0,results/zenodo/ablation/drugonly/lodo_loo__gene_jepa__biomed__xrfm
lodo_loo,gene_jepa,biomed,xrfm,drug_only,cell_emb,overall,MCC,0.0,0.0,10,,results/zenodo/ablation/drugonly/lodo_loo__gene_jepa__biomed__xrfm
lodo_loo,gene_jepa,biomed,xrfm,drug_only,cell_emb,overall,AUROC,0.5,0.0,10,,results/zenodo/ablation/drugonly/lodo_loo__gene_jepa__biomed__xrfm
lodo_loo,gene_jepa,chemberta,lightgbm,drug_only,cell_emb,within_drug,MCC,0.0,0.0,3,10.0,results/zenodo/ablation/drugonly/lodo_loo__gene_jepa__chemberta__lightgbm
lodo_loo,gene_jepa,chemberta,lightgbm,drug_only,cell_emb,within_drug,AUROC,0.5,0.0,3,10.0,results/zenodo/ablation/drugonly/lodo_loo__gene_jepa__chemberta__lightgbm
lodo_loo,gene_jepa,chemberta,lightgbm,drug_only,cell_emb,within_cell_line,MCC,-0.01355403589284681,0.0,3,12.0,results/zenodo/ablation/drugonly/lodo_loo__gene_jepa__chemberta__lightgbm
lodo_loo,gene_jepa,chemberta,lightgbm,drug_only,cell_emb,within_cell_line,AUROC,0.4953859571128252,0.0,3,12.0,results/zenodo/ablation/drugonly/lodo_loo__gene_jepa__chemberta__lightgbm
lodo_loo,gene_jepa,chemberta,lightgbm,drug_only,cell_emb,overall,MCC,0.0,0.0,10,,results/zenodo/ablation/drugonly/lodo_loo__gene_jepa__chemberta__lightgbm
lodo_loo,gene_jepa,chemberta,lightgbm,drug_only,cell_emb,overall,AUROC,0.5,0.0,10,,results/zenodo/ablation/drugonly/lodo_loo__gene_jepa__chemberta__lightgbm
lodo_loo,gene_jepa,chemberta,mlp,drug_only,cell_emb,within_drug,MCC,0.0,0.0,3,10.0,results/zenodo/ablation/drugonly/lodo_loo__gene_jepa__chemberta__mlp
lodo_loo,gene_jepa,chemberta,mlp,drug_only,cell_emb,within_drug,AUROC,0.49899390877377164,0.0010060912262283745,3,10.0,results/zenodo/ablation/drugonly/lodo_loo__gene_jepa__chemberta__mlp
lodo_loo,gene_jepa,chemberta,mlp,drug_only,cell_emb,within_cell_line,MCC,-0.011169672723868693,0.010274591862157196,3,12.0,results/zenodo/ablation/drugonly/lodo_loo__gene_jepa__chemberta__mlp
lodo_loo,gene_jepa,chemberta,mlp,drug_only,cell_emb,within_cell_line,AUROC,0.4923851457944313,0.0015110869520342893,3,12.0,results/zenodo/ablation/drugonly/lodo_loo__gene_jepa__chemberta__mlp
lodo_loo,gene_jepa,chemberta,mlp,drug_only,cell_emb,overall,MCC,0.0,0.0,10,,results/zenodo/ablation/drugonly/lodo_loo__gene_jepa__chemberta__mlp
lodo_loo,gene_jepa,chemberta,mlp,drug_only,cell_emb,overall,AUROC,0.4989939087737716,0.0010105543986811,10,,results/zenodo/ablation/drugonly/lodo_loo__gene_jepa__chemberta__mlp
lodo_loo,gene_jepa,chemberta,xrfm,drug_only,cell_emb,within_drug,MCC,0.0,0.0,3,10.0,results/zenodo/ablation/drugonly/lodo_loo__gene_jepa__chemberta__xrfm
lodo_loo,gene_jepa,chemberta,xrfm,drug_only,cell_emb,within_drug,AUROC,0.5,0.0,3,10.0,results/zenodo/ablation/drugonly/lodo_loo__gene_jepa__chemberta__xrfm
lodo_loo,gene_jepa,chemberta,xrfm,drug_only,cell_emb,within_cell_line,MCC,-0.014296176390683925,0.007148088195341963,3,12.0,results/zenodo/ablation/drugonly/lodo_loo__gene_jepa__chemberta__xrfm
lodo_loo,gene_jepa,chemberta,xrfm,drug_only,cell_emb,within_cell_line,AUROC,0.4934696224915649,0.0033149336925813065,3,12.0,results/zenodo/ablation/drugonly/lodo_loo__gene_jepa__chemberta__xrfm
lodo_loo,gene_jepa,chemberta,xrfm,drug_only,cell_emb,overall,MCC,0.0,0.0,10,,results/zenodo/ablation/drugonly/lodo_loo__gene_jepa__chemberta__xrfm
lodo_loo,gene_jepa,chemberta,xrfm,drug_only,cell_emb,overall,AUROC,0.5,0.0,10,,results/zenodo/ablation/drugonly/lodo_loo__gene_jepa__chemberta__xrfm
lodo_loo,gene_jepa,maccs,lightgbm,drug_only,cell_emb,within_drug,MCC,0.0,0.0,3,10.0,results/zenodo/ablation/drugonly/lodo_loo__gene_jepa__maccs__lightgbm
lodo_loo,gene_jepa,maccs,lightgbm,drug_only,cell_emb,within_drug,AUROC,0.5,0.0,3,10.0,results/zenodo/ablation/drugonly/lodo_loo__gene_jepa__maccs__lightgbm
lodo_loo,gene_jepa,maccs,lightgbm,drug_only,cell_emb,within_cell_line,MCC,-0.01355403589284681,0.0,3,12.0,results/zenodo/ablation/drugonly/lodo_loo__gene_jepa__maccs__lightgbm
lodo_loo,gene_jepa,maccs,lightgbm,drug_only,cell_emb,within_cell_line,AUROC,0.4953859571128252,0.0,3,12.0,results/zenodo/ablation/drugonly/lodo_loo__gene_jepa__maccs__lightgbm
lodo_loo,gene_jepa,maccs,lightgbm,drug_only,cell_emb,overall,MCC,0.0,0.0,10,,results/zenodo/ablation/drugonly/lodo_loo__gene_jepa__maccs__lightgbm
lodo_loo,gene_jepa,maccs,lightgbm,drug_only,cell_emb,overall,AUROC,0.5,0.0,10,,results/zenodo/ablation/drugonly/lodo_loo__gene_jepa__maccs__lightgbm
lodo_loo,gene_jepa,maccs,mlp,drug_only,cell_emb,within_drug,MCC,0.0,0.0,3,10.0,results/zenodo/ablation/drugonly/lodo_loo__gene_jepa__maccs__mlp
lodo_loo,gene_jepa,maccs,mlp,drug_only,cell_emb,within_drug,AUROC,0.5004295855385871,0.0005263744367813235,3,10.0,results/zenodo/ablation/drugonly/lodo_loo__gene_jepa__maccs__mlp
lodo_loo,gene_jepa,maccs,mlp,drug_only,cell_emb,within_cell_line,MCC,-0.02144426458602589,0.0,3,12.0,results/zenodo/ablation/drugonly/lodo_loo__gene_jepa__maccs__mlp
lodo_loo,gene_jepa,maccs,mlp,drug_only,cell_emb,within_cell_line,AUROC,0.4896763874713574,0.0004013705880375278,3,12.0,results/zenodo/ablation/drugonly/lodo_loo__gene_jepa__maccs__mlp
lodo_loo,gene_jepa,maccs,mlp,drug_only,cell_emb,overall,MCC,0.0,0.0,10,,results/zenodo/ablation/drugonly/lodo_loo__gene_jepa__maccs__mlp
lodo_loo,gene_jepa,maccs,mlp,drug_only,cell_emb,overall,AUROC,0.5004295855385872,0.0005630455322675,10,,results/zenodo/ablation/drugonly/lodo_loo__gene_jepa__maccs__mlp
lodo_loo,gene_jepa,maccs,xrfm,drug_only,cell_emb,within_drug,MCC,0.0,0.0,3,10.0,results/zenodo/ablation/drugonly/lodo_loo__gene_jepa__maccs__xrfm
lodo_loo,gene_jepa,maccs,xrfm,drug_only,cell_emb,within_drug,AUROC,0.5,0.0,3,10.0,results/zenodo/ablation/drugonly/lodo_loo__gene_jepa__maccs__xrfm
lodo_loo,gene_jepa,maccs,xrfm,drug_only,cell_emb,within_cell_line,MCC,0.0,0.0,3,12.0,results/zenodo/ablation/drugonly/lodo_loo__gene_jepa__maccs__xrfm
lodo_loo,gene_jepa,maccs,xrfm,drug_only,cell_emb,within_cell_line,AUROC,0.4984619857042751,0.005310923288662955,3,12.0,results/zenodo/ablation/drugonly/lodo_loo__gene_jepa__maccs__xrfm
lodo_loo,gene_jepa,maccs,xrfm,drug_only,cell_emb,overall,MCC,0.0,0.0,10,,results/zenodo/ablation/drugonly/lodo_loo__gene_jepa__maccs__xrfm
lodo_loo,gene_jepa,maccs,xrfm,drug_only,cell_emb,overall,AUROC,0.5,0.0,10,,results/zenodo/ablation/drugonly/lodo_loo__gene_jepa__maccs__xrfm
lodo_loo,gene_jepa,materials,lightgbm,drug_only,cell_emb,within_drug,MCC,0.0,0.0,3,10.0,results/zenodo/ablation/drugonly/lodo_loo__gene_jepa__materials__lightgbm
lodo_loo,gene_jepa,materials,lightgbm,drug_only,cell_emb,within_drug,AUROC,0.5,0.0,3,10.0,results/zenodo/ablation/drugonly/lodo_loo__gene_jepa__materials__lightgbm
lodo_loo,gene_jepa,materials,lightgbm,drug_only,cell_emb,within_cell_line,MCC,0.0,0.0,3,12.0,results/zenodo/ablation/drugonly/lodo_loo__gene_jepa__materials__lightgbm
lodo_loo,gene_jepa,materials,lightgbm,drug_only,cell_emb,within_cell_line,AUROC,0.49119538447105016,0.0,3,12.0,results/zenodo/ablation/drugonly/lodo_loo__gene_jepa__materials__lightgbm
lodo_loo,gene_jepa,materials,lightgbm,drug_only,cell_emb,overall,MCC,0.0,0.0,10,,results/zenodo/ablation/drugonly/lodo_loo__gene_jepa__materials__lightgbm
lodo_loo,gene_jepa,materials,lightgbm,drug_only,cell_emb,overall,AUROC,0.5,0.0,10,,results/zenodo/ablation/drugonly/lodo_loo__gene_jepa__materials__lightgbm
lodo_loo,gene_jepa,materials,mlp,drug_only,cell_emb,within_drug,MCC,0.0,0.0,3,10.0,results/zenodo/ablation/drugonly/lodo_loo__gene_jepa__materials__mlp
lodo_loo,gene_jepa,materials,mlp,drug_only,cell_emb,within_drug,AUROC,0.499993564993565,6.435006435009013e-06,3,10.0,results/zenodo/ablation/drugonly/lodo_loo__gene_jepa__materials__mlp
lodo_loo,gene_jepa,materials,mlp,drug_only,cell_emb,within_cell_line,MCC,-0.01355403589284681,0.0,3,12.0,results/zenodo/ablation/drugonly/lodo_loo__gene_jepa__materials__mlp
lodo_loo,gene_jepa,materials,mlp,drug_only,cell_emb,within_cell_line,AUROC,0.492586879512946,0.001391495041895822,3,12.0,results/zenodo/ablation/drugonly/lodo_loo__gene_jepa__materials__mlp
lodo_loo,gene_jepa,materials,mlp,drug_only,cell_emb,overall,MCC,0.0,0.0,10,,results/zenodo/ablation/drugonly/lodo_loo__gene_jepa__materials__mlp
lodo_loo,gene_jepa,materials,mlp,drug_only,cell_emb,overall,AUROC,0.499993564993565,6.435006435007162e-06,10,,results/zenodo/ablation/drugonly/lodo_loo__gene_jepa__materials__mlp
lodo_loo,gene_jepa,materials,xrfm,drug_only,cell_emb,within_drug,MCC,0.0,0.0,3,10.0,results/zenodo/ablation/drugonly/lodo_loo__gene_jepa__materials__xrfm
lodo_loo,gene_jepa,materials,xrfm,drug_only,cell_emb,within_drug,AUROC,0.5,0.0,3,10.0,results/zenodo/ablation/drugonly/lodo_loo__gene_jepa__materials__xrfm
lodo_loo,gene_jepa,materials,xrfm,drug_only,cell_emb,within_cell_line,MCC,0.00451801196428227,0.00451801196428227,3,12.0,results/zenodo/ablation/drugonly/lodo_loo__gene_jepa__materials__xrfm
lodo_loo,gene_jepa,materials,xrfm,drug_only,cell_emb,within_cell_line,AUROC,0.5035955056654517,0.006226401785502132,3,12.0,results/zenodo/ablation/drugonly/lodo_loo__gene_jepa__materials__xrfm
lodo_loo,gene_jepa,materials,xrfm,drug_only,cell_emb,overall,MCC,0.0,0.0,10,,results/zenodo/ablation/drugonly/lodo_loo__gene_jepa__materials__xrfm
lodo_loo,gene_jepa,materials,xrfm,drug_only,cell_emb,overall,AUROC,0.5,0.0,10,,results/zenodo/ablation/drugonly/lodo_loo__gene_jepa__materials__xrfm
lodo_loo,gene_jepa,molformer,lightgbm,drug_only,cell_emb,within_drug,MCC,0.0,0.0,3,10.0,results/zenodo/ablation/drugonly/lodo_loo__gene_jepa__molformer__lightgbm
lodo_loo,gene_jepa,molformer,lightgbm,drug_only,cell_emb,within_drug,AUROC,0.5,0.0,3,10.0,results/zenodo/ablation/drugonly/lodo_loo__gene_jepa__molformer__lightgbm
lodo_loo,gene_jepa,molformer,lightgbm,drug_only,cell_emb,within_cell_line,MCC,-0.010274591862157198,0.006206582479395637,3,12.0,results/zenodo/ablation/drugonly/lodo_loo__gene_jepa__molformer__lightgbm
lodo_loo,gene_jepa,molformer,lightgbm,drug_only,cell_emb,within_cell_line,AUROC,0.4943470029648213,0.005133519961176744,3,12.0,results/zenodo/ablation/drugonly/lodo_loo__gene_jepa__molformer__lightgbm
lodo_loo,gene_jepa,molformer,lightgbm,drug_only,cell_emb,overall,MCC,0.0,0.0,10,,results/zenodo/ablation/drugonly/lodo_loo__gene_jepa__molformer__lightgbm
lodo_loo,gene_jepa,molformer,lightgbm,drug_only,cell_emb,overall,AUROC,0.5,0.0,10,,results/zenodo/ablation/drugonly/lodo_loo__gene_jepa__molformer__lightgbm
lodo_loo,gene_jepa,molformer,mlp,drug_only,cell_emb,within_drug,MCC,0.0,0.0,3,10.0,results/zenodo/ablation/drugonly/lodo_loo__gene_jepa__molformer__mlp
lodo_loo,gene_jepa,molformer,mlp,drug_only,cell_emb,within_drug,AUROC,0.4994929446030132,0.0013381326416238345,3,10.0,results/zenodo/ablation/drugonly/lodo_loo__gene_jepa__molformer__mlp
lodo_loo,gene_jepa,molformer,mlp,drug_only,cell_emb,within_cell_line,MCC,-0.0031265036668152338,0.0031265036668152338,3,12.0,results/zenodo/ablation/drugonly/lodo_loo__gene_jepa__molformer__mlp
lodo_loo,gene_jepa,molformer,mlp,drug_only,cell_emb,within_cell_line,AUROC,0.4993736333274989,0.005087502935289299,3,12.0,results/zenodo/ablation/drugonly/lodo_loo__gene_jepa__molformer__mlp
lodo_loo,gene_jepa,molformer,mlp,drug_only,cell_emb,overall,MCC,0.0,0.0,10,,results/zenodo/ablation/drugonly/lodo_loo__gene_jepa__molformer__mlp
lodo_loo,gene_jepa,molformer,mlp,drug_only,cell_emb,overall,AUROC,0.4994929446030132,0.0005048316712662,10,,results/zenodo/ablation/drugonly/lodo_loo__gene_jepa__molformer__mlp
lodo_loo,gene_jepa,molformer,xrfm,drug_only,cell_emb,within_drug,MCC,0.0,0.0,3,10.0,results/zenodo/ablation/drugonly/lodo_loo__gene_jepa__molformer__xrfm
lodo_loo,gene_jepa,molformer,xrfm,drug_only,cell_emb,within_drug,AUROC,0.5,0.0,3,10.0,results/zenodo/ablation/drugonly/lodo_loo__gene_jepa__molformer__xrfm
lodo_loo,gene_jepa,molformer,xrfm,drug_only,cell_emb,within_cell_line,MCC,0.0031265036668152338,0.0031265036668152338,3,12.0,results/zenodo/ablation/drugonly/lodo_loo__gene_jepa__molformer__xrfm
lodo_loo,gene_jepa,molformer,xrfm,drug_only,cell_emb,within_cell_line,AUROC,0.49193160819584,0.0018194667888178793,3,12.0,results/zenodo/ablation/drugonly/lodo_loo__gene_jepa__molformer__xrfm
lodo_loo,gene_jepa,molformer,xrfm,drug_only,cell_emb,overall,MCC,0.0,0.0,10,,results/zenodo/ablation/drugonly/lodo_loo__gene_jepa__molformer__xrfm
lodo_loo,gene_jepa,molformer,xrfm,drug_only,cell_emb,overall,AUROC,0.5,0.0,10,,results/zenodo/ablation/drugonly/lodo_loo__gene_jepa__molformer__xrfm
lodo_loo,gene_jepa,morgan,lightgbm,drug_only,cell_emb,within_drug,MCC,0.0,0.0,3,10.0,results/zenodo/ablation/drugonly/lodo_loo__gene_jepa__morgan__lightgbm
lodo_loo,gene_jepa,morgan,lightgbm,drug_only,cell_emb,within_drug,AUROC,0.5,0.0,3,10.0,results/zenodo/ablation/drugonly/lodo_loo__gene_jepa__morgan__lightgbm
lodo_loo,gene_jepa,morgan,lightgbm,drug_only,cell_emb,within_cell_line,MCC,-0.01355403589284681,0.0,3,12.0,results/zenodo/ablation/drugonly/lodo_loo__gene_jepa__morgan__lightgbm
lodo_loo,gene_jepa,morgan,lightgbm,drug_only,cell_emb,within_cell_line,AUROC,0.4953859571128252,0.0,3,12.0,results/zenodo/ablation/drugonly/lodo_loo__gene_jepa__morgan__lightgbm
lodo_loo,gene_jepa,morgan,lightgbm,drug_only,cell_emb,overall,MCC,0.0,0.0,10,,results/zenodo/ablation/drugonly/lodo_loo__gene_jepa__morgan__lightgbm
lodo_loo,gene_jepa,morgan,lightgbm,drug_only,cell_emb,overall,AUROC,0.5,0.0,10,,results/zenodo/ablation/drugonly/lodo_loo__gene_jepa__morgan__lightgbm
lodo_loo,gene_jepa,morgan,mlp,drug_only,cell_emb,within_drug,MCC,0.0,0.0,3,10.0,results/zenodo/ablation/drugonly/lodo_loo__gene_jepa__morgan__mlp
lodo_loo,gene_jepa,morgan,mlp,drug_only,cell_emb,within_drug,AUROC,0.5012307628492181,0.0009177923007699337,3,10.0,results/zenodo/ablation/drugonly/lodo_loo__gene_jepa__morgan__mlp
lodo_loo,gene_jepa,morgan,mlp,drug_only,cell_emb,within_cell_line,MCC,-0.01355403589284681,0.0,3,12.0,results/zenodo/ablation/drugonly/lodo_loo__gene_jepa__morgan__mlp
lodo_loo,gene_jepa,morgan,mlp,drug_only,cell_emb,within_cell_line,AUROC,0.49580934993184694,0.00010398301320844374,3,12.0,results/zenodo/ablation/drugonly/lodo_loo__gene_jepa__morgan__mlp
lodo_loo,gene_jepa,morgan,mlp,drug_only,cell_emb,overall,MCC,0.0,0.0,10,,results/zenodo/ablation/drugonly/lodo_loo__gene_jepa__morgan__mlp
lodo_loo,gene_jepa,morgan,mlp,drug_only,cell_emb,overall,AUROC,0.5012307628492181,0.0010069966175805,10,,results/zenodo/ablation/drugonly/lodo_loo__gene_jepa__morgan__mlp
lodo_loo,gene_jepa,morgan,xrfm,drug_only,cell_emb,within_drug,MCC,0.0,0.0,3,10.0,results/zenodo/ablation/drugonly/lodo_loo__gene_jepa__morgan__xrfm
lodo_loo,gene_jepa,morgan,xrfm,drug_only,cell_emb,within_drug,AUROC,0.5,0.0,3,10.0,results/zenodo/ablation/drugonly/lodo_loo__gene_jepa__morgan__xrfm
lodo_loo,gene_jepa,morgan,xrfm,drug_only,cell_emb,within_cell_line,MCC,-0.011169672723868693,0.010274591862157196,3,12.0,results/zenodo/ablation/drugonly/lodo_loo__gene_jepa__morgan__xrfm
lodo_loo,gene_jepa,morgan,xrfm,drug_only,cell_emb,within_cell_line,AUROC,0.49706512815701664,0.006884508385180738,3,12.0,results/zenodo/ablation/drugonly/lodo_loo__gene_jepa__morgan__xrfm
lodo_loo,gene_jepa,morgan,xrfm,drug_only,cell_emb,overall,MCC,0.0,0.0,10,,results/zenodo/ablation/drugonly/lodo_loo__gene_jepa__morgan__xrfm
lodo_loo,gene_jepa,morgan,xrfm,drug_only,cell_emb,overall,AUROC,0.5,0.0,10,,results/zenodo/ablation/drugonly/lodo_loo__gene_jepa__morgan__xrfm
pairzs_withleak,gene_jepa,biomed,lightgbm,drug_only,cell_emb,within_drug,MCC,-0.07757186177888686,0.00791026910132132,3,10.0,results/zenodo/ablation/drugonly/pairzs_withleak__gene_jepa__biomed__lightgbm
pairzs_withleak,gene_jepa,biomed,lightgbm,drug_only,cell_emb,within_drug,AUROC,0.4637301549459327,3.1243023574748876e-06,3,10.0,results/zenodo/ablation/drugonly/pairzs_withleak__gene_jepa__biomed__lightgbm
pairzs_withleak,gene_jepa,biomed,lightgbm,drug_only,cell_emb,within_cell_line,MCC,0.0,0.0,3,12.0,results/zenodo/ablation/drugonly/pairzs_withleak__gene_jepa__biomed__lightgbm
pairzs_withleak,gene_jepa,biomed,lightgbm,drug_only,cell_emb,within_cell_line,AUROC,0.5005194770740019,0.0051335199611767255,3,12.0,results/zenodo/ablation/drugonly/pairzs_withleak__gene_jepa__biomed__lightgbm
pairzs_withleak,gene_jepa,biomed,lightgbm,drug_only,cell_emb,overall,MCC,-0.0480047400056967,0.0429153443503185,10,,results/zenodo/ablation/drugonly/pairzs_withleak__gene_jepa__biomed__lightgbm
pairzs_withleak,gene_jepa,biomed,lightgbm,drug_only,cell_emb,overall,AUROC,0.4890250748265242,0.0241627761110672,10,,results/zenodo/ablation/drugonly/pairzs_withleak__gene_jepa__biomed__lightgbm
pairzs_withleak,gene_jepa,biomed,mlp,drug_only,cell_emb,within_drug,MCC,-0.07727504303507143,0.009211208526019784,3,10.0,results/zenodo/ablation/drugonly/pairzs_withleak__gene_jepa__biomed__mlp
pairzs_withleak,gene_jepa,biomed,mlp,drug_only,cell_emb,within_drug,AUROC,0.46402216347548514,0.00016616969482064877,3,10.0,results/zenodo/ablation/drugonly/pairzs_withleak__gene_jepa__biomed__mlp
pairzs_withleak,gene_jepa,biomed,mlp,drug_only,cell_emb,within_cell_line,MCC,0.017422680057499158,0.004021584528526729,3,12.0,results/zenodo/ablation/drugonly/pairzs_withleak__gene_jepa__biomed__mlp
pairzs_withleak,gene_jepa,biomed,mlp,drug_only,cell_emb,within_cell_line,AUROC,0.5108048285732082,2.2453843507529643e-05,3,12.0,results/zenodo/ablation/drugonly/pairzs_withleak__gene_jepa__biomed__mlp
pairzs_withleak,gene_jepa,biomed,mlp,drug_only,cell_emb,overall,MCC,-0.0577209167451993,0.0398326134790441,10,,results/zenodo/ablation/drugonly/pairzs_withleak__gene_jepa__biomed__mlp
pairzs_withleak,gene_jepa,biomed,mlp,drug_only,cell_emb,overall,AUROC,0.4890823390801809,0.0241657257775021,10,,results/zenodo/ablation/drugonly/pairzs_withleak__gene_jepa__biomed__mlp
pairzs_withleak,gene_jepa,biomed,xrfm,drug_only,cell_emb,within_drug,MCC,-0.044634619775466476,0.016480159676163696,3,10.0,results/zenodo/ablation/drugonly/pairzs_withleak__gene_jepa__biomed__xrfm
pairzs_withleak,gene_jepa,biomed,xrfm,drug_only,cell_emb,within_drug,AUROC,0.46449721217029927,0.00040746971450642634,3,10.0,results/zenodo/ablation/drugonly/pairzs_withleak__gene_jepa__biomed__xrfm
pairzs_withleak,gene_jepa,biomed,xrfm,drug_only,cell_emb,within_cell_line,MCC,-0.002630076231059693,0.010188363212316526,3,12.0,results/zenodo/ablation/drugonly/pairzs_withleak__gene_jepa__biomed__xrfm
pairzs_withleak,gene_jepa,biomed,xrfm,drug_only,cell_emb,within_cell_line,AUROC,0.49948052292599804,0.005133519961176744,3,12.0,results/zenodo/ablation/drugonly/pairzs_withleak__gene_jepa__biomed__xrfm
pairzs_withleak,gene_jepa,biomed,xrfm,drug_only,cell_emb,overall,MCC,0.0029830554780045,0.0129635195340365,10,,results/zenodo/ablation/drugonly/pairzs_withleak__gene_jepa__biomed__xrfm
pairzs_withleak,gene_jepa,biomed,xrfm,drug_only,cell_emb,overall,AUROC,0.4929316156285978,0.021569686550554,10,,results/zenodo/ablation/drugonly/pairzs_withleak__gene_jepa__biomed__xrfm
pairzs_withleak,gene_jepa,chemberta,lightgbm,drug_only,cell_emb,within_drug,MCC,-0.07757186177888686,0.00791026910132132,3,10.0,results/zenodo/ablation/drugonly/pairzs_withleak__gene_jepa__chemberta__lightgbm
pairzs_withleak,gene_jepa,chemberta,lightgbm,drug_only,cell_emb,within_drug,AUROC,0.4637301549459327,3.1243023574748876e-06,3,10.0,results/zenodo/ablation/drugonly/pairzs_withleak__gene_jepa__chemberta__lightgbm
pairzs_withleak,gene_jepa,chemberta,lightgbm,drug_only,cell_emb,within_cell_line,MCC,0.0,0.0,3,12.0,results/zenodo/ablation/drugonly/pairzs_withleak__gene_jepa__chemberta__lightgbm
pairzs_withleak,gene_jepa,chemberta,lightgbm,drug_only,cell_emb,within_cell_line,AUROC,0.5035955056654517,0.006226401785502132,3,12.0,results/zenodo/ablation/drugonly/pairzs_withleak__gene_jepa__chemberta__lightgbm
pairzs_withleak,gene_jepa,chemberta,lightgbm,drug_only,cell_emb,overall,MCC,-0.0488922867874874,0.0427936430756351,10,,results/zenodo/ablation/drugonly/pairzs_withleak__gene_jepa__chemberta__lightgbm
pairzs_withleak,gene_jepa,chemberta,lightgbm,drug_only,cell_emb,overall,AUROC,0.4889622796893795,0.0241497075945242,10,,results/zenodo/ablation/drugonly/pairzs_withleak__gene_jepa__chemberta__lightgbm
pairzs_withleak,gene_jepa,chemberta,mlp,drug_only,cell_emb,within_drug,MCC,-0.061845516710058945,0.0,3,10.0,results/zenodo/ablation/drugonly/pairzs_withleak__gene_jepa__chemberta__mlp
pairzs_withleak,gene_jepa,chemberta,mlp,drug_only,cell_emb,within_drug,AUROC,0.46373855403705777,7.352869966539914e-06,3,10.0,results/zenodo/ablation/drugonly/pairzs_withleak__gene_jepa__chemberta__mlp
pairzs_withleak,gene_jepa,chemberta,mlp,drug_only,cell_emb,within_cell_line,MCC,-0.0031265036668152338,0.0031265036668152338,3,12.0,results/zenodo/ablation/drugonly/pairzs_withleak__gene_jepa__chemberta__mlp
pairzs_withleak,gene_jepa,chemberta,mlp,drug_only,cell_emb,within_cell_line,AUROC,0.49574386051207964,0.006530377508435086,3,12.0,results/zenodo/ablation/drugonly/pairzs_withleak__gene_jepa__chemberta__mlp
pairzs_withleak,gene_jepa,chemberta,mlp,drug_only,cell_emb,overall,MCC,-0.0366190575750233,0.0341235624319321,10,,results/zenodo/ablation/drugonly/pairzs_withleak__gene_jepa__chemberta__mlp
pairzs_withleak,gene_jepa,chemberta,mlp,drug_only,cell_emb,overall,AUROC,0.4890409207012599,0.022027810010432,10,,results/zenodo/ablation/drugonly/pairzs_withleak__gene_jepa__chemberta__mlp
pairzs_withleak,gene_jepa,chemberta,xrfm,drug_only,cell_emb,within_drug,MCC,-0.08962772432916404,0.0033943600190571676,3,10.0,results/zenodo/ablation/drugonly/pairzs_withleak__gene_jepa__chemberta__xrfm
pairzs_withleak,gene_jepa,chemberta,xrfm,drug_only,cell_emb,within_drug,AUROC,0.4645278562942096,0.0004351463965103509,3,10.0,results/zenodo/ablation/drugonly/pairzs_withleak__gene_jepa__chemberta__xrfm
pairzs_withleak,gene_jepa,chemberta,xrfm,drug_only,cell_emb,within_cell_line,MCC,-0.010274591862157198,0.006206582479395637,3,12.0,results/zenodo/ablation/drugonly/pairzs_withleak__gene_jepa__chemberta__xrfm
pairzs_withleak,gene_jepa,chemberta,xrfm,drug_only,cell_emb,within_cell_line,AUROC,0.5001789516996272,0.005515997461431501,3,12.0,results/zenodo/ablation/drugonly/pairzs_withleak__gene_jepa__chemberta__xrfm
pairzs_withleak,gene_jepa,chemberta,xrfm,drug_only,cell_emb,overall,MCC,-0.0533015012773302,0.044440615329281,10,,results/zenodo/ablation/drugonly/pairzs_withleak__gene_jepa__chemberta__xrfm
pairzs_withleak,gene_jepa,chemberta,xrfm,drug_only,cell_emb,overall,AUROC,0.4821773067726983,0.0236949555529117,10,,results/zenodo/ablation/drugonly/pairzs_withleak__gene_jepa__chemberta__xrfm
pairzs_withleak,gene_jepa,maccs,lightgbm,drug_only,cell_emb,within_drug,MCC,-0.07757186177888686,0.00791026910132132,3,10.0,results/zenodo/ablation/drugonly/pairzs_withleak__gene_jepa__maccs__lightgbm
pairzs_withleak,gene_jepa,maccs,lightgbm,drug_only,cell_emb,within_drug,AUROC,0.4637301549459327,3.1243023574748876e-06,3,10.0,results/zenodo/ablation/drugonly/pairzs_withleak__gene_jepa__maccs__lightgbm
pairzs_withleak,gene_jepa,maccs,lightgbm,drug_only,cell_emb,within_cell_line,MCC,0.0,0.0,3,12.0,results/zenodo/ablation/drugonly/pairzs_withleak__gene_jepa__maccs__lightgbm
pairzs_withleak,gene_jepa,maccs,lightgbm,drug_only,cell_emb,within_cell_line,AUROC,0.5056529970351787,0.005133519961176725,3,12.0,results/zenodo/ablation/drugonly/pairzs_withleak__gene_jepa__maccs__lightgbm
pairzs_withleak,gene_jepa,maccs,lightgbm,drug_only,cell_emb,overall,MCC,-0.0488922867874874,0.0427936430756351,10,,results/zenodo/ablation/drugonly/pairzs_withleak__gene_jepa__maccs__lightgbm
pairzs_withleak,gene_jepa,maccs,lightgbm,drug_only,cell_emb,overall,AUROC,0.4993637618247714,0.0216408571732402,10,,results/zenodo/ablation/drugonly/pairzs_withleak__gene_jepa__maccs__lightgbm
pairzs_withleak,gene_jepa,maccs,mlp,drug_only,cell_emb,within_drug,MCC,-0.08563583488494542,0.0008849835133659471,3,10.0,results/zenodo/ablation/drugonly/pairzs_withleak__gene_jepa__maccs__mlp
pairzs_withleak,gene_jepa,maccs,mlp,drug_only,cell_emb,within_drug,AUROC,0.46394413691921343,0.00020957414335060143,3,10.0,results/zenodo/ablation/drugonly/pairzs_withleak__gene_jepa__maccs__mlp
pairzs_withleak,gene_jepa,maccs,mlp,drug_only,cell_emb,within_cell_line,MCC,-0.01340109552897243,0.004021584528526729,3,12.0,results/zenodo/ablation/drugonly/pairzs_withleak__gene_jepa__maccs__mlp
pairzs_withleak,gene_jepa,maccs,mlp,drug_only,cell_emb,within_cell_line,AUROC,0.4892134830036446,0.0,3,12.0,results/zenodo/ablation/drugonly/pairzs_withleak__gene_jepa__maccs__mlp
pairzs_withleak,gene_jepa,maccs,mlp,drug_only,cell_emb,overall,MCC,-0.0680771750117339,0.0497957745912114,10,,results/zenodo/ablation/drugonly/pairzs_withleak__gene_jepa__maccs__mlp
pairzs_withleak,gene_jepa,maccs,mlp,drug_only,cell_emb,overall,AUROC,0.4821145116355538,0.0236997797295687,10,,results/zenodo/ablation/drugonly/pairzs_withleak__gene_jepa__maccs__mlp
pairzs_withleak,gene_jepa,maccs,xrfm,drug_only,cell_emb,within_drug,MCC,-0.041036121878925164,0.023519410676828938,3,10.0,results/zenodo/ablation/drugonly/pairzs_withleak__gene_jepa__maccs__xrfm
pairzs_withleak,gene_jepa,maccs,xrfm,drug_only,cell_emb,within_drug,AUROC,0.4645341048989245,0.0007441473824784478,3,10.0,results/zenodo/ablation/drugonly/pairzs_withleak__gene_jepa__maccs__xrfm
pairzs_withleak,gene_jepa,maccs,xrfm,drug_only,cell_emb,within_cell_line,MCC,0.00451801196428227,0.00451801196428227,3,12.0,results/zenodo/ablation/drugonly/pairzs_withleak__gene_jepa__maccs__xrfm
pairzs_withleak,gene_jepa,maccs,xrfm,drug_only,cell_emb,within_cell_line,AUROC,0.5094652493514183,0.0006606338224685039,3,12.0,results/zenodo/ablation/drugonly/pairzs_withleak__gene_jepa__maccs__xrfm
pairzs_withleak,gene_jepa,maccs,xrfm,drug_only,cell_emb,overall,MCC,0.0012804506148549,0.0356280981492094,10,,results/zenodo/ablation/drugonly/pairzs_withleak__gene_jepa__maccs__xrfm
pairzs_withleak,gene_jepa,maccs,xrfm,drug_only,cell_emb,overall,AUROC,0.4932606621472354,0.0215255649879307,10,,results/zenodo/ablation/drugonly/pairzs_withleak__gene_jepa__maccs__xrfm
pairzs_withleak,gene_jepa,materials,lightgbm,drug_only,cell_emb,within_drug,MCC,-0.07757186177888686,0.00791026910132132,3,10.0,results/zenodo/ablation/drugonly/pairzs_withleak__gene_jepa__materials__lightgbm
pairzs_withleak,gene_jepa,materials,lightgbm,drug_only,cell_emb,within_drug,AUROC,0.4637301549459327,3.1243023574748876e-06,3,10.0,results/zenodo/ablation/drugonly/pairzs_withleak__gene_jepa__materials__lightgbm
pairzs_withleak,gene_jepa,materials,lightgbm,drug_only,cell_emb,within_cell_line,MCC,0.0,0.0,3,12.0,results/zenodo/ablation/drugonly/pairzs_withleak__gene_jepa__materials__lightgbm
pairzs_withleak,gene_jepa,materials,lightgbm,drug_only,cell_emb,within_cell_line,AUROC,0.49119538447105016,0.0,3,12.0,results/zenodo/ablation/drugonly/pairzs_withleak__gene_jepa__materials__lightgbm
pairzs_withleak,gene_jepa,materials,lightgbm,drug_only,cell_emb,overall,MCC,-0.0488922867874874,0.0427936430756351,10,,results/zenodo/ablation/drugonly/pairzs_withleak__gene_jepa__materials__lightgbm
pairzs_withleak,gene_jepa,materials,lightgbm,drug_only,cell_emb,overall,AUROC,0.4996300132062644,0.0216860538587065,10,,results/zenodo/ablation/drugonly/pairzs_withleak__gene_jepa__materials__lightgbm
pairzs_withleak,gene_jepa,materials,mlp,drug_only,cell_emb,within_drug,MCC,-0.061548697966243515,0.0002968187438154302,3,10.0,results/zenodo/ablation/drugonly/pairzs_withleak__gene_jepa__materials__mlp
pairzs_withleak,gene_jepa,materials,mlp,drug_only,cell_emb,within_drug,AUROC,0.464153817919674,0.0002087071845131757,3,10.0,results/zenodo/ablation/drugonly/pairzs_withleak__gene_jepa__materials__mlp
pairzs_withleak,gene_jepa,materials,mlp,drug_only,cell_emb,within_cell_line,MCC,-0.00451801196428227,0.00451801196428227,3,12.0,results/zenodo/ablation/drugonly/pairzs_withleak__gene_jepa__materials__mlp
pairzs_withleak,gene_jepa,materials,mlp,drug_only,cell_emb,within_cell_line,AUROC,0.49398909956556686,0.001396857547258342,3,12.0,results/zenodo/ablation/drugonly/pairzs_withleak__gene_jepa__materials__mlp
pairzs_withleak,gene_jepa,materials,mlp,drug_only,cell_emb,overall,MCC,-0.0343031776936903,0.0343031776936903,10,,results/zenodo/ablation/drugonly/pairzs_withleak__gene_jepa__materials__mlp
pairzs_withleak,gene_jepa,materials,mlp,drug_only,cell_emb,overall,AUROC,0.4993637618247714,0.0216408571732402,10,,results/zenodo/ablation/drugonly/pairzs_withleak__gene_jepa__materials__mlp
pairzs_withleak,gene_jepa,materials,xrfm,drug_only,cell_emb,within_drug,MCC,-0.057170971994761614,0.027297998944244242,3,10.0,results/zenodo/ablation/drugonly/pairzs_withleak__gene_jepa__materials__xrfm
pairzs_withleak,gene_jepa,materials,xrfm,drug_only,cell_emb,within_drug,AUROC,0.46527596484991607,0.0004603218511230058,3,10.0,results/zenodo/ablation/drugonly/pairzs_withleak__gene_jepa__materials__xrfm
pairzs_withleak,gene_jepa,materials,xrfm,drug_only,cell_emb,within_cell_line,MCC,0.01355403589284681,0.0,3,12.0,results/zenodo/ablation/drugonly/pairzs_withleak__gene_jepa__materials__xrfm
pairzs_withleak,gene_jepa,materials,xrfm,drug_only,cell_emb,within_cell_line,AUROC,0.5074077579816915,0.001396857547258342,3,12.0,results/zenodo/ablation/drugonly/pairzs_withleak__gene_jepa__materials__xrfm
pairzs_withleak,gene_jepa,materials,xrfm,drug_only,cell_emb,overall,MCC,-0.025632226636844,0.0372815211713229,10,,results/zenodo/ablation/drugonly/pairzs_withleak__gene_jepa__materials__xrfm
pairzs_withleak,gene_jepa,materials,xrfm,drug_only,cell_emb,overall,AUROC,0.4760728657706221,0.0283976033206239,10,,results/zenodo/ablation/drugonly/pairzs_withleak__gene_jepa__materials__xrfm
pairzs_withleak,gene_jepa,molformer,lightgbm,drug_only,cell_emb,within_drug,MCC,-0.07757186177888686,0.00791026910132132,3,10.0,results/zenodo/ablation/drugonly/pairzs_withleak__gene_jepa__molformer__lightgbm
pairzs_withleak,gene_jepa,molformer,lightgbm,drug_only,cell_emb,within_drug,AUROC,0.4637301549459327,3.1243023574748876e-06,3,10.0,results/zenodo/ablation/drugonly/pairzs_withleak__gene_jepa__molformer__lightgbm
pairzs_withleak,gene_jepa,molformer,lightgbm,drug_only,cell_emb,within_cell_line,MCC,-0.0017349953693481975,0.007644515631097503,3,12.0,results/zenodo/ablation/drugonly/pairzs_withleak__gene_jepa__molformer__lightgbm
pairzs_withleak,gene_jepa,molformer,lightgbm,drug_only,cell_emb,within_cell_line,AUROC,0.49948052292599804,0.005133519961176744,3,12.0,results/zenodo/ablation/drugonly/pairzs_withleak__gene_jepa__molformer__lightgbm
pairzs_withleak,gene_jepa,molformer,lightgbm,drug_only,cell_emb,overall,MCC,-0.0557402284574151,0.0424710210733756,10,,results/zenodo/ablation/drugonly/pairzs_withleak__gene_jepa__molformer__lightgbm
pairzs_withleak,gene_jepa,molformer,lightgbm,drug_only,cell_emb,overall,AUROC,0.4927822451524385,0.0215636148232084,10,,results/zenodo/ablation/drugonly/pairzs_withleak__gene_jepa__molformer__lightgbm
pairzs_withleak,gene_jepa,molformer,mlp,drug_only,cell_emb,within_drug,MCC,-0.0682158312980928,0.00791026910132132,3,10.0,results/zenodo/ablation/drugonly/pairzs_withleak__gene_jepa__molformer__mlp
pairzs_withleak,gene_jepa,molformer,mlp,drug_only,cell_emb,within_drug,AUROC,0.4627631069347397,0.0009793190453559616,3,10.0,results/zenodo/ablation/drugonly/pairzs_withleak__gene_jepa__molformer__mlp
pairzs_withleak,gene_jepa,molformer,mlp,drug_only,cell_emb,within_cell_line,MCC,0.0,0.0,3,12.0,results/zenodo/ablation/drugonly/pairzs_withleak__gene_jepa__molformer__mlp
pairzs_withleak,gene_jepa,molformer,mlp,drug_only,cell_emb,within_cell_line,AUROC,0.49032765442470444,0.0008652251412484461,3,12.0,results/zenodo/ablation/drugonly/pairzs_withleak__gene_jepa__molformer__mlp
pairzs_withleak,gene_jepa,molformer,mlp,drug_only,cell_emb,overall,MCC,-0.0264705562183279,0.0430200300896401,10,,results/zenodo/ablation/drugonly/pairzs_withleak__gene_jepa__molformer__mlp
pairzs_withleak,gene_jepa,molformer,mlp,drug_only,cell_emb,overall,AUROC,0.4866451909160941,0.0237784799381675,10,,results/zenodo/ablation/drugonly/pairzs_withleak__gene_jepa__molformer__mlp
pairzs_withleak,gene_jepa,molformer,xrfm,drug_only,cell_emb,within_drug,MCC,-0.04816906089062284,0.024541566531802617,3,10.0,results/zenodo/ablation/drugonly/pairzs_withleak__gene_jepa__molformer__xrfm
pairzs_withleak,gene_jepa,molformer,xrfm,drug_only,cell_emb,within_drug,AUROC,0.47484840576742576,0.0074218303724996795,3,10.0,results/zenodo/ablation/drugonly/pairzs_withleak__gene_jepa__molformer__xrfm
pairzs_withleak,gene_jepa,molformer,xrfm,drug_only,cell_emb,within_cell_line,MCC,0.00451801196428227,0.00451801196428227,3,12.0,results/zenodo/ablation/drugonly/pairzs_withleak__gene_jepa__molformer__xrfm
pairzs_withleak,gene_jepa,molformer,xrfm,drug_only,cell_emb,within_cell_line,AUROC,0.5060109004344332,0.001396857547258342,3,12.0,results/zenodo/ablation/drugonly/pairzs_withleak__gene_jepa__molformer__xrfm
pairzs_withleak,gene_jepa,molformer,xrfm,drug_only,cell_emb,overall,MCC,0.0130133973249132,0.0251422025066695,10,,results/zenodo/ablation/drugonly/pairzs_withleak__gene_jepa__molformer__xrfm
pairzs_withleak,gene_jepa,molformer,xrfm,drug_only,cell_emb,overall,AUROC,0.482134032876216,0.0248842891306418,10,,results/zenodo/ablation/drugonly/pairzs_withleak__gene_jepa__molformer__xrfm
pairzs_withleak,gene_jepa,morgan,lightgbm,drug_only,cell_emb,within_drug,MCC,-0.07757186177888686,0.00791026910132132,3,10.0,results/zenodo/ablation/drugonly/pairzs_withleak__gene_jepa__morgan__lightgbm
pairzs_withleak,gene_jepa,morgan,lightgbm,drug_only,cell_emb,within_drug,AUROC,0.4637301549459327,3.1243023574748876e-06,3,10.0,results/zenodo/ablation/drugonly/pairzs_withleak__gene_jepa__morgan__lightgbm
pairzs_withleak,gene_jepa,morgan,lightgbm,drug_only,cell_emb,within_cell_line,MCC,0.0,0.0,3,12.0,results/zenodo/ablation/drugonly/pairzs_withleak__gene_jepa__morgan__lightgbm
pairzs_withleak,gene_jepa,morgan,lightgbm,drug_only,cell_emb,within_cell_line,AUROC,0.5107865169963554,0.0,3,12.0,results/zenodo/ablation/drugonly/pairzs_withleak__gene_jepa__morgan__lightgbm
pairzs_withleak,gene_jepa,morgan,lightgbm,drug_only,cell_emb,overall,MCC,-0.0488922867874874,0.0427936430756351,10,,results/zenodo/ablation/drugonly/pairzs_withleak__gene_jepa__morgan__lightgbm
pairzs_withleak,gene_jepa,morgan,lightgbm,drug_only,cell_emb,overall,AUROC,0.4993637618247714,0.0216408571732402,10,,results/zenodo/ablation/drugonly/pairzs_withleak__gene_jepa__morgan__lightgbm
pairzs_withleak,gene_jepa,morgan,mlp,drug_only,cell_emb,within_drug,MCC,-0.07558138451704673,0.008360791849873992,3,10.0,results/zenodo/ablation/drugonly/pairzs_withleak__gene_jepa__morgan__mlp
pairzs_withleak,gene_jepa,morgan,mlp,drug_only,cell_emb,within_drug,AUROC,0.4641869414207351,0.0001705012826420623,3,10.0,results/zenodo/ablation/drugonly/pairzs_withleak__gene_jepa__morgan__mlp
pairzs_withleak,gene_jepa,morgan,mlp,drug_only,cell_emb,within_cell_line,MCC,0.0,0.0,3,12.0,results/zenodo/ablation/drugonly/pairzs_withleak__gene_jepa__morgan__mlp
pairzs_withleak,gene_jepa,morgan,mlp,drug_only,cell_emb,within_cell_line,AUROC,0.5005280967886834,0.005129210629437038,3,12.0,results/zenodo/ablation/drugonly/pairzs_withleak__gene_jepa__morgan__mlp
pairzs_withleak,gene_jepa,morgan,mlp,drug_only,cell_emb,overall,MCC,-0.0287227187578062,0.053937570511052,10,,results/zenodo/ablation/drugonly/pairzs_withleak__gene_jepa__morgan__mlp
pairzs_withleak,gene_jepa,morgan,mlp,drug_only,cell_emb,overall,AUROC,0.4887063719655044,0.0240965797112234,10,,results/zenodo/ablation/drugonly/pairzs_withleak__gene_jepa__morgan__mlp
pairzs_withleak,gene_jepa,morgan,xrfm,drug_only,cell_emb,within_drug,MCC,-0.08165488036126516,0.0011721803527538332,3,10.0,results/zenodo/ablation/drugonly/pairzs_withleak__gene_jepa__morgan__xrfm
pairzs_withleak,gene_jepa,morgan,xrfm,drug_only,cell_emb,within_drug,AUROC,0.46577400045789624,0.0002352642346924035,3,10.0,results/zenodo/ablation/drugonly/pairzs_withleak__gene_jepa__morgan__xrfm
pairzs_withleak,gene_jepa,morgan,xrfm,drug_only,cell_emb,within_cell_line,MCC,0.00451801196428227,0.00451801196428227,3,12.0,results/zenodo/ablation/drugonly/pairzs_withleak__gene_jepa__morgan__xrfm
pairzs_withleak,gene_jepa,morgan,xrfm,drug_only,cell_emb,within_cell_line,AUROC,0.49948052292599804,0.005133519961176744,3,12.0,results/zenodo/ablation/drugonly/pairzs_withleak__gene_jepa__morgan__xrfm
pairzs_withleak,gene_jepa,morgan,xrfm,drug_only,cell_emb,overall,MCC,-0.0264807598586177,0.0524197340961005,10,,results/zenodo/ablation/drugonly/pairzs_withleak__gene_jepa__morgan__xrfm
pairzs_withleak,gene_jepa,morgan,xrfm,drug_only,cell_emb,overall,AUROC,0.5087444805601795,0.0255126302254596,10,,results/zenodo/ablation/drugonly/pairzs_withleak__gene_jepa__morgan__xrfm
random,gene_jepa,biomed,lightgbm,drug_only,cell_emb,within_drug,MCC,-0.018632315571090467,0.0029731163602487714,3,10.0,results/zenodo/ablation/drugonly/random__gene_jepa__biomed__lightgbm
random,gene_jepa,biomed,lightgbm,drug_only,cell_emb,within_drug,AUROC,0.4811328328416253,0.0021053009573111224,3,10.0,results/zenodo/ablation/drugonly/random__gene_jepa__biomed__lightgbm
random,gene_jepa,biomed,lightgbm,drug_only,cell_emb,within_cell_line,MCC,0.012632272154113472,0.0009247740448583699,3,12.0,results/zenodo/ablation/drugonly/random__gene_jepa__biomed__lightgbm
random,gene_jepa,biomed,lightgbm,drug_only,cell_emb,within_cell_line,AUROC,0.49891226576837266,0.006330954902839252,3,12.0,results/zenodo/ablation/drugonly/random__gene_jepa__biomed__lightgbm
random,gene_jepa,biomed,lightgbm,drug_only,cell_emb,overall,MCC,0.2420218239483974,0.003110454348958,3,,results/zenodo/ablation/drugonly/random__gene_jepa__biomed__lightgbm
random,gene_jepa,biomed,lightgbm,drug_only,cell_emb,overall,AUROC,0.7501966484698643,0.0017629434284982,3,,results/zenodo/ablation/drugonly/random__gene_jepa__biomed__lightgbm
random,gene_jepa,biomed,mlp,drug_only,cell_emb,within_drug,MCC,-0.00010830794180031664,0.0006368316960719522,3,10.0,results/zenodo/ablation/drugonly/random__gene_jepa__biomed__mlp
random,gene_jepa,biomed,mlp,drug_only,cell_emb,within_drug,AUROC,0.4966879873435142,0.002775067643219314,3,10.0,results/zenodo/ablation/drugonly/random__gene_jepa__biomed__mlp
random,gene_jepa,biomed,mlp,drug_only,cell_emb,within_cell_line,MCC,0.01151522605271735,0.0056863211528510055,3,12.0,results/zenodo/ablation/drugonly/random__gene_jepa__biomed__mlp
random,gene_jepa,biomed,mlp,drug_only,cell_emb,within_cell_line,AUROC,0.5056730187820181,0.0064518465901075815,3,12.0,results/zenodo/ablation/drugonly/random__gene_jepa__biomed__mlp
random,gene_jepa,biomed,mlp,drug_only,cell_emb,overall,MCC,0.2443903197995839,0.0079147881182437,3,,results/zenodo/ablation/drugonly/random__gene_jepa__biomed__mlp
random,gene_jepa,biomed,mlp,drug_only,cell_emb,overall,AUROC,0.7400882384120239,0.0027625342817901,3,,results/zenodo/ablation/drugonly/random__gene_jepa__biomed__mlp
random,gene_jepa,biomed,xrfm,drug_only,cell_emb,within_drug,MCC,-0.011533460345358917,0.006508436937275241,3,10.0,results/zenodo/ablation/drugonly/random__gene_jepa__biomed__xrfm
random,gene_jepa,biomed,xrfm,drug_only,cell_emb,within_drug,AUROC,0.4878127473402976,0.0033969456262695303,3,10.0,results/zenodo/ablation/drugonly/random__gene_jepa__biomed__xrfm
random,gene_jepa,biomed,xrfm,drug_only,cell_emb,within_cell_line,MCC,0.009744681590024108,0.006457285984565266,3,12.0,results/zenodo/ablation/drugonly/random__gene_jepa__biomed__xrfm
random,gene_jepa,biomed,xrfm,drug_only,cell_emb,within_cell_line,AUROC,0.5038720218691402,0.0013495238931149514,3,12.0,results/zenodo/ablation/drugonly/random__gene_jepa__biomed__xrfm
random,gene_jepa,biomed,xrfm,drug_only,cell_emb,overall,MCC,0.2621317187065444,0.0106702758915198,3,,results/zenodo/ablation/drugonly/random__gene_jepa__biomed__xrfm
random,gene_jepa,biomed,xrfm,drug_only,cell_emb,overall,AUROC,0.7431310815027098,0.0039456589847881,3,,results/zenodo/ablation/drugonly/random__gene_jepa__biomed__xrfm
random,gene_jepa,chemberta,lightgbm,drug_only,cell_emb,within_drug,MCC,-0.018632315571090467,0.0029731163602487714,3,10.0,results/zenodo/ablation/drugonly/random__gene_jepa__chemberta__lightgbm
random,gene_jepa,chemberta,lightgbm,drug_only,cell_emb,within_drug,AUROC,0.4811328328416253,0.0021053009573111224,3,10.0,results/zenodo/ablation/drugonly/random__gene_jepa__chemberta__lightgbm
random,gene_jepa,chemberta,lightgbm,drug_only,cell_emb,within_cell_line,MCC,0.012632272154113472,0.0009247740448583699,3,12.0,results/zenodo/ablation/drugonly/random__gene_jepa__chemberta__lightgbm
random,gene_jepa,chemberta,lightgbm,drug_only,cell_emb,within_cell_line,AUROC,0.49891226576837266,0.006330954902839252,3,12.0,results/zenodo/ablation/drugonly/random__gene_jepa__chemberta__lightgbm
random,gene_jepa,chemberta,lightgbm,drug_only,cell_emb,overall,MCC,0.2420218239483974,0.003110454348958,3,,results/zenodo/ablation/drugonly/random__gene_jepa__chemberta__lightgbm
random,gene_jepa,chemberta,lightgbm,drug_only,cell_emb,overall,AUROC,0.7501966484698643,0.0017629434284982,3,,results/zenodo/ablation/drugonly/random__gene_jepa__chemberta__lightgbm
random,gene_jepa,chemberta,mlp,drug_only,cell_emb,within_drug,MCC,0.0013519728891067597,0.002137429795264864,3,10.0,results/zenodo/ablation/drugonly/random__gene_jepa__chemberta__mlp
random,gene_jepa,chemberta,mlp,drug_only,cell_emb,within_drug,AUROC,0.49565296226178573,0.008096825611253442,3,10.0,results/zenodo/ablation/drugonly/random__gene_jepa__chemberta__mlp
random,gene_jepa,chemberta,mlp,drug_only,cell_emb,within_cell_line,MCC,0.013669495941765053,0.0039764703156902675,3,12.0,results/zenodo/ablation/drugonly/random__gene_jepa__chemberta__mlp
random,gene_jepa,chemberta,mlp,drug_only,cell_emb,within_cell_line,AUROC,0.51113885269875,0.0008191936247425391,3,12.0,results/zenodo/ablation/drugonly/random__gene_jepa__chemberta__mlp
random,gene_jepa,chemberta,mlp,drug_only,cell_emb,overall,MCC,0.2568442792896757,0.009147396366619,3,,results/zenodo/ablation/drugonly/random__gene_jepa__chemberta__mlp
random,gene_jepa,chemberta,mlp,drug_only,cell_emb,overall,AUROC,0.7492454179031585,0.0016321845427935,3,,results/zenodo/ablation/drugonly/random__gene_jepa__chemberta__mlp
random,gene_jepa,chemberta,xrfm,drug_only,cell_emb,within_drug,MCC,-0.01782350406712373,0.0035980392318961975,3,10.0,results/zenodo/ablation/drugonly/random__gene_jepa__chemberta__xrfm
random,gene_jepa,chemberta,xrfm,drug_only,cell_emb,within_drug,AUROC,0.4890466562346833,0.004211748339996491,3,10.0,results/zenodo/ablation/drugonly/random__gene_jepa__chemberta__xrfm
random,gene_jepa,chemberta,xrfm,drug_only,cell_emb,within_cell_line,MCC,0.0096606962826614,0.0040012283107049035,3,12.0,results/zenodo/ablation/drugonly/random__gene_jepa__chemberta__xrfm
random,gene_jepa,chemberta,xrfm,drug_only,cell_emb,within_cell_line,AUROC,0.5085058959569371,0.0030557660596897524,3,12.0,results/zenodo/ablation/drugonly/random__gene_jepa__chemberta__xrfm
random,gene_jepa,chemberta,xrfm,drug_only,cell_emb,overall,MCC,0.2647092920687371,0.0156303189126052,3,,results/zenodo/ablation/drugonly/random__gene_jepa__chemberta__xrfm
random,gene_jepa,chemberta,xrfm,drug_only,cell_emb,overall,AUROC,0.7433473272153011,0.0016551296550886,3,,results/zenodo/ablation/drugonly/random__gene_jepa__chemberta__xrfm
random,gene_jepa,maccs,lightgbm,drug_only,cell_emb,within_drug,MCC,-0.018632315571090467,0.0029731163602487714,3,10.0,results/zenodo/ablation/drugonly/random__gene_jepa__maccs__lightgbm
random,gene_jepa,maccs,lightgbm,drug_only,cell_emb,within_drug,AUROC,0.4811328328416253,0.0021053009573111224,3,10.0,results/zenodo/ablation/drugonly/random__gene_jepa__maccs__lightgbm
random,gene_jepa,maccs,lightgbm,drug_only,cell_emb,within_cell_line,MCC,0.012632272154113472,0.0009247740448583699,3,12.0,results/zenodo/ablation/drugonly/random__gene_jepa__maccs__lightgbm
random,gene_jepa,maccs,lightgbm,drug_only,cell_emb,within_cell_line,AUROC,0.49891226576837266,0.006330954902839252,3,12.0,results/zenodo/ablation/drugonly/random__gene_jepa__maccs__lightgbm
random,gene_jepa,maccs,lightgbm,drug_only,cell_emb,overall,MCC,0.2420218239483974,0.003110454348958,3,,results/zenodo/ablation/drugonly/random__gene_jepa__maccs__lightgbm
random,gene_jepa,maccs,lightgbm,drug_only,cell_emb,overall,AUROC,0.7501966484698643,0.0017629434284982,3,,results/zenodo/ablation/drugonly/random__gene_jepa__maccs__lightgbm
random,gene_jepa,maccs,mlp,drug_only,cell_emb,within_drug,MCC,-0.017076023823816112,0.005701461041307736,3,10.0,results/zenodo/ablation/drugonly/random__gene_jepa__maccs__mlp
random,gene_jepa,maccs,mlp,drug_only,cell_emb,within_drug,AUROC,0.48882067635314175,0.0031608889884711337,3,10.0,results/zenodo/ablation/drugonly/random__gene_jepa__maccs__mlp
random,gene_jepa,maccs,mlp,drug_only,cell_emb,within_cell_line,MCC,0.013554915528167809,0.0027825415301172152,3,12.0,results/zenodo/ablation/drugonly/random__gene_jepa__maccs__mlp
random,gene_jepa,maccs,mlp,drug_only,cell_emb,within_cell_line,AUROC,0.501468742417722,0.0035878899005278094,3,12.0,results/zenodo/ablation/drugonly/random__gene_jepa__maccs__mlp
random,gene_jepa,maccs,mlp,drug_only,cell_emb,overall,MCC,0.2373717507998484,0.0007544845847689,3,,results/zenodo/ablation/drugonly/random__gene_jepa__maccs__mlp
random,gene_jepa,maccs,mlp,drug_only,cell_emb,overall,AUROC,0.7480076758209627,0.0006916889132449,3,,results/zenodo/ablation/drugonly/random__gene_jepa__maccs__mlp
random,gene_jepa,maccs,xrfm,drug_only,cell_emb,within_drug,MCC,-0.019648395646463913,0.004290342424230701,3,10.0,results/zenodo/ablation/drugonly/random__gene_jepa__maccs__xrfm
random,gene_jepa,maccs,xrfm,drug_only,cell_emb,within_drug,AUROC,0.4903402302282305,0.00278664241558555,3,10.0,results/zenodo/ablation/drugonly/random__gene_jepa__maccs__xrfm
random,gene_jepa,maccs,xrfm,drug_only,cell_emb,within_cell_line,MCC,-0.0011952537779135587,0.004637492489170377,3,12.0,results/zenodo/ablation/drugonly/random__gene_jepa__maccs__xrfm
random,gene_jepa,maccs,xrfm,drug_only,cell_emb,within_cell_line,AUROC,0.5032469160549424,0.001868452047115283,3,12.0,results/zenodo/ablation/drugonly/random__gene_jepa__maccs__xrfm
random,gene_jepa,maccs,xrfm,drug_only,cell_emb,overall,MCC,0.2810958044349909,0.0133504520775313,3,,results/zenodo/ablation/drugonly/random__gene_jepa__maccs__xrfm
random,gene_jepa,maccs,xrfm,drug_only,cell_emb,overall,AUROC,0.7449865553443639,0.001246895310157,3,,results/zenodo/ablation/drugonly/random__gene_jepa__maccs__xrfm
random,gene_jepa,materials,lightgbm,drug_only,cell_emb,within_drug,MCC,-0.018632315571090467,0.0029731163602487714,3,10.0,results/zenodo/ablation/drugonly/random__gene_jepa__materials__lightgbm
random,gene_jepa,materials,lightgbm,drug_only,cell_emb,within_drug,AUROC,0.4811328328416253,0.0021053009573111224,3,10.0,results/zenodo/ablation/drugonly/random__gene_jepa__materials__lightgbm
random,gene_jepa,materials,lightgbm,drug_only,cell_emb,within_cell_line,MCC,0.012632272154113472,0.0009247740448583699,3,12.0,results/zenodo/ablation/drugonly/random__gene_jepa__materials__lightgbm
random,gene_jepa,materials,lightgbm,drug_only,cell_emb,within_cell_line,AUROC,0.49891226576837266,0.006330954902839252,3,12.0,results/zenodo/ablation/drugonly/random__gene_jepa__materials__lightgbm
random,gene_jepa,materials,lightgbm,drug_only,cell_emb,overall,MCC,0.2420218239483974,0.003110454348958,3,,results/zenodo/ablation/drugonly/random__gene_jepa__materials__lightgbm
random,gene_jepa,materials,lightgbm,drug_only,cell_emb,overall,AUROC,0.7501966484698643,0.0017629434284982,3,,results/zenodo/ablation/drugonly/random__gene_jepa__materials__lightgbm
random,gene_jepa,materials,mlp,drug_only,cell_emb,within_drug,MCC,0.005537155267339207,0.005692731123910874,3,10.0,results/zenodo/ablation/drugonly/random__gene_jepa__materials__mlp
random,gene_jepa,materials,mlp,drug_only,cell_emb,within_drug,AUROC,0.4932511828195609,0.0024783764978790405,3,10.0,results/zenodo/ablation/drugonly/random__gene_jepa__materials__mlp
random,gene_jepa,materials,mlp,drug_only,cell_emb,within_cell_line,MCC,0.016905035368982486,0.0026517687743788394,3,12.0,results/zenodo/ablation/drugonly/random__gene_jepa__materials__mlp
random,gene_jepa,materials,mlp,drug_only,cell_emb,within_cell_line,AUROC,0.5113499928123432,0.002356008462469806,3,12.0,results/zenodo/ablation/drugonly/random__gene_jepa__materials__mlp
random,gene_jepa,materials,mlp,drug_only,cell_emb,overall,MCC,0.2495974751369583,0.0133102926777851,3,,results/zenodo/ablation/drugonly/random__gene_jepa__materials__mlp
random,gene_jepa,materials,mlp,drug_only,cell_emb,overall,AUROC,0.7495775965956972,0.0017204103033423,3,,results/zenodo/ablation/drugonly/random__gene_jepa__materials__mlp
random,gene_jepa,materials,xrfm,drug_only,cell_emb,within_drug,MCC,-0.007074148013707986,0.0046300823620778414,3,10.0,results/zenodo/ablation/drugonly/random__gene_jepa__materials__xrfm
random,gene_jepa,materials,xrfm,drug_only,cell_emb,within_drug,AUROC,0.49036845561779224,0.0015340776086143054,3,10.0,results/zenodo/ablation/drugonly/random__gene_jepa__materials__xrfm
random,gene_jepa,materials,xrfm,drug_only,cell_emb,within_cell_line,MCC,0.007489447217995572,0.0033559467067583266,3,12.0,results/zenodo/ablation/drugonly/random__gene_jepa__materials__xrfm
random,gene_jepa,materials,xrfm,drug_only,cell_emb,within_cell_line,AUROC,0.5041095103393801,0.0032120267262929483,3,12.0,results/zenodo/ablation/drugonly/random__gene_jepa__materials__xrfm
random,gene_jepa,materials,xrfm,drug_only,cell_emb,overall,MCC,0.2678611868674455,0.0056920291695792,3,,results/zenodo/ablation/drugonly/random__gene_jepa__materials__xrfm
random,gene_jepa,materials,xrfm,drug_only,cell_emb,overall,AUROC,0.7316829654875657,0.0089935031473404,3,,results/zenodo/ablation/drugonly/random__gene_jepa__materials__xrfm
random,gene_jepa,molformer,lightgbm,drug_only,cell_emb,within_drug,MCC,-0.018632315571090467,0.0029731163602487714,3,10.0,results/zenodo/ablation/drugonly/random__gene_jepa__molformer__lightgbm
random,gene_jepa,molformer,lightgbm,drug_only,cell_emb,within_drug,AUROC,0.4811328328416253,0.0021053009573111224,3,10.0,results/zenodo/ablation/drugonly/random__gene_jepa__molformer__lightgbm
random,gene_jepa,molformer,lightgbm,drug_only,cell_emb,within_cell_line,MCC,0.012632272154113472,0.0009247740448583699,3,12.0,results/zenodo/ablation/drugonly/random__gene_jepa__molformer__lightgbm
random,gene_jepa,molformer,lightgbm,drug_only,cell_emb,within_cell_line,AUROC,0.49891226576837266,0.006330954902839252,3,12.0,results/zenodo/ablation/drugonly/random__gene_jepa__molformer__lightgbm
random,gene_jepa,molformer,lightgbm,drug_only,cell_emb,overall,MCC,0.2420218239483974,0.003110454348958,3,,results/zenodo/ablation/drugonly/random__gene_jepa__molformer__lightgbm
random,gene_jepa,molformer,lightgbm,drug_only,cell_emb,overall,AUROC,0.7501966484698643,0.0017629434284982,3,,results/zenodo/ablation/drugonly/random__gene_jepa__molformer__lightgbm
random,gene_jepa,molformer,mlp,drug_only,cell_emb,within_drug,MCC,-0.002867150114095327,0.0037586671040658343,3,10.0,results/zenodo/ablation/drugonly/random__gene_jepa__molformer__mlp
random,gene_jepa,molformer,mlp,drug_only,cell_emb,within_drug,AUROC,0.49268154407577586,0.0018465451571129249,3,10.0,results/zenodo/ablation/drugonly/random__gene_jepa__molformer__mlp
random,gene_jepa,molformer,mlp,drug_only,cell_emb,within_cell_line,MCC,0.01933931225013347,0.0010660979285389363,3,12.0,results/zenodo/ablation/drugonly/random__gene_jepa__molformer__mlp
random,gene_jepa,molformer,mlp,drug_only,cell_emb,within_cell_line,AUROC,0.5128441900085292,0.002115769363670082,3,12.0,results/zenodo/ablation/drugonly/random__gene_jepa__molformer__mlp
random,gene_jepa,molformer,mlp,drug_only,cell_emb,overall,MCC,0.2465756070137332,0.0022269963277626,3,,results/zenodo/ablation/drugonly/random__gene_jepa__molformer__mlp
random,gene_jepa,molformer,mlp,drug_only,cell_emb,overall,AUROC,0.7495643708046895,0.0018350165229038,3,,results/zenodo/ablation/drugonly/random__gene_jepa__molformer__mlp
random,gene_jepa,molformer,xrfm,drug_only,cell_emb,within_drug,MCC,-0.015118893891440213,0.001035793621126762,3,10.0,results/zenodo/ablation/drugonly/random__gene_jepa__molformer__xrfm
random,gene_jepa,molformer,xrfm,drug_only,cell_emb,within_drug,AUROC,0.4937893703893091,0.0009724264315110372,3,10.0,results/zenodo/ablation/drugonly/random__gene_jepa__molformer__xrfm
random,gene_jepa,molformer,xrfm,drug_only,cell_emb,within_cell_line,MCC,0.011031362819787088,0.00445694501115992,3,12.0,results/zenodo/ablation/drugonly/random__gene_jepa__molformer__xrfm
random,gene_jepa,molformer,xrfm,drug_only,cell_emb,within_cell_line,AUROC,0.5054050695153969,0.0066296789189460885,3,12.0,results/zenodo/ablation/drugonly/random__gene_jepa__molformer__xrfm
random,gene_jepa,molformer,xrfm,drug_only,cell_emb,overall,MCC,0.2685530010169825,0.0013366805777182,3,,results/zenodo/ablation/drugonly/random__gene_jepa__molformer__xrfm
random,gene_jepa,molformer,xrfm,drug_only,cell_emb,overall,AUROC,0.7437216616596887,0.0009118090826676,3,,results/zenodo/ablation/drugonly/random__gene_jepa__molformer__xrfm
random,gene_jepa,morgan,lightgbm,drug_only,cell_emb,within_drug,MCC,-0.018632315571090467,0.0029731163602487714,3,10.0,results/zenodo/ablation/drugonly/random__gene_jepa__morgan__lightgbm
random,gene_jepa,morgan,lightgbm,drug_only,cell_emb,within_drug,AUROC,0.4811328328416253,0.0021053009573111224,3,10.0,results/zenodo/ablation/drugonly/random__gene_jepa__morgan__lightgbm
random,gene_jepa,morgan,lightgbm,drug_only,cell_emb,within_cell_line,MCC,0.012632272154113472,0.0009247740448583699,3,12.0,results/zenodo/ablation/drugonly/random__gene_jepa__morgan__lightgbm
random,gene_jepa,morgan,lightgbm,drug_only,cell_emb,within_cell_line,AUROC,0.49891226576837266,0.006330954902839252,3,12.0,results/zenodo/ablation/drugonly/random__gene_jepa__morgan__lightgbm
random,gene_jepa,morgan,lightgbm,drug_only,cell_emb,overall,MCC,0.2420218239483974,0.003110454348958,3,,results/zenodo/ablation/drugonly/random__gene_jepa__morgan__lightgbm
random,gene_jepa,morgan,lightgbm,drug_only,cell_emb,overall,AUROC,0.7501966484698643,0.0017629434284982,3,,results/zenodo/ablation/drugonly/random__gene_jepa__morgan__lightgbm
random,gene_jepa,morgan,mlp,drug_only,cell_emb,within_drug,MCC,-0.01816017530745725,0.0027514892725992307,3,10.0,results/zenodo/ablation/drugonly/random__gene_jepa__morgan__mlp
random,gene_jepa,morgan,mlp,drug_only,cell_emb,within_drug,AUROC,0.4913638483975305,0.003105492061974296,3,10.0,results/zenodo/ablation/drugonly/random__gene_jepa__morgan__mlp
random,gene_jepa,morgan,mlp,drug_only,cell_emb,within_cell_line,MCC,0.0045143258120105305,0.003418972887760626,3,12.0,results/zenodo/ablation/drugonly/random__gene_jepa__morgan__mlp
random,gene_jepa,morgan,mlp,drug_only,cell_emb,within_cell_line,AUROC,0.503854181762117,0.0013563346214631158,3,12.0,results/zenodo/ablation/drugonly/random__gene_jepa__morgan__mlp
random,gene_jepa,morgan,mlp,drug_only,cell_emb,overall,MCC,0.2542369159746824,0.0048662391023663,3,,results/zenodo/ablation/drugonly/random__gene_jepa__morgan__mlp
random,gene_jepa,morgan,mlp,drug_only,cell_emb,overall,AUROC,0.7496007891861532,0.0020307241333419,3,,results/zenodo/ablation/drugonly/random__gene_jepa__morgan__mlp
random,gene_jepa,morgan,xrfm,drug_only,cell_emb,within_drug,MCC,-0.008510522919451868,0.008387227407161213,3,10.0,results/zenodo/ablation/drugonly/random__gene_jepa__morgan__xrfm
random,gene_jepa,morgan,xrfm,drug_only,cell_emb,within_drug,AUROC,0.49341330814666456,0.0021569130369887626,3,10.0,results/zenodo/ablation/drugonly/random__gene_jepa__morgan__xrfm
random,gene_jepa,morgan,xrfm,drug_only,cell_emb,within_cell_line,MCC,0.007949653029945486,0.004809553751368943,3,12.0,results/zenodo/ablation/drugonly/random__gene_jepa__morgan__xrfm
random,gene_jepa,morgan,xrfm,drug_only,cell_emb,within_cell_line,AUROC,0.5049823694095937,0.005471845138941822,3,12.0,results/zenodo/ablation/drugonly/random__gene_jepa__morgan__xrfm
random,gene_jepa,morgan,xrfm,drug_only,cell_emb,overall,MCC,0.2409160901581391,0.0069184534397813,3,,results/zenodo/ablation/drugonly/random__gene_jepa__morgan__xrfm
random,gene_jepa,morgan,xrfm,drug_only,cell_emb,overall,AUROC,0.7296225195264414,0.0141805559402518,3,,results/zenodo/ablation/drugonly/random__gene_jepa__morgan__xrfm
